arcs,build_source_hash,candidates_examined,capacity_mode,certification_seconds,command,complete_sequence,configuration,degenerate_pivots,direction_seconds,end_to_end_seconds,family,flow_augmentations,flow_solves,full_rebuilds,instance,instance_path,instance_sha256,local_rebuilds,macroitems,message,nodes,objective,oracle_calls,origin,peak_rss_bytes,pivots,preprocessing_seconds,pricing_seconds,ratio_test_seconds,rebuilt_nodes,removed_arcs,repeat_of_replica_0,replica,run_id,runner_seconds,status,total_seconds,update_seconds,verified
19943,493f6f942eca3576ac0253ad50581fbe0469e8e417d3f97011c676f7789871fd,1005079403,"""instance""",0.0,"['taskset', '-c', '2', '<project>/build/release/pclp', 'solve', '--instance', '<project>/data/generated/gen_bilevel_density0.02_n2000_uniform_neg30_r0.json', '--config', '<project>/experiments/runs/ablation/2f48b1724bcf8b5c/resolved_config.json', '--output', '<project>/experiments/runs/ablation/2f48b1724bcf8b5c/result.json']",False,bland-entering,615936,1.019096246,30.012987842,bilevel,0,0,2681,gen_bilevel_density0.02_n2000_uniform_neg30_r0,data/generated/gen_bilevel_density0.02_n2000_uniform_neg30_r0.json,0a8d6597281f8373f5b5d053362b90105efb02e1e71cab55b210d1adfbc87be9,615299,267,residual oracle did not certify optimality,2000,0.0,269,generated,27070464,617711,0.001405106,6.294551027,14.57140341,217263367,0,,0,2f48b1724bcf8b5c,30.02032731300278,time_limit,30.000094563,7.308110591,False
19943,493f6f942eca3576ac0253ad50581fbe0469e8e417d3f97011c676f7789871fd,,"""instance""",,,,bland-entering,,,,bilevel,,,,gen_bilevel_density0.02_n2000_uniform_neg30_r0,data/generated/gen_bilevel_density0.02_n2000_uniform_neg30_r0.json,0a8d6597281f8373f5b5d053362b90105efb02e1e71cab55b210d1adfbc87be9,,,residual oracle did not certify optimality,2000,,,generated,,,,,,,,True,1,ca8266a8633ed4e3,30.02032731300278,time_limit,,,False
19943,493f6f942eca3576ac0253ad50581fbe0469e8e417d3f97011c676f7789871fd,952900328,"""instance""",0.0,"['taskset', '-c', '2', '<project>/build/release/pclp', 'solve', '--instance', '<project>/data/generated/gen_bilevel_density0.02_n2000_uniform_neg30_r0.json', '--config', '<project>/experiments/runs/ablation/d42973c92140bc26/resolved_config.json', '--output', '<project>/experiments/runs/ablation/d42973c92140bc26/result.json']",False,close-degeneracy-trigger,624983,1.1192787309999999,30.011466523,bilevel,0,0,2734,gen_bilevel_density0.02_n2000_uniform_neg30_r0,data/generated/gen_bilevel_density0.02_n2000_uniform_neg30_r0.json,0a8d6597281f8373f5b5d053362b90105efb02e1e71cab55b210d1adfbc87be9,628792,268,residual oracle did not certify optimality,2000,0.0,269,generated,27070464,631257,0.001382937,6.013957276,15.70218451,186063464,0,,0,d42973c92140bc26,30.018901989998994,time_limit,30.000062151,6.366642024,False
19943,493f6f942eca3576ac0253ad50581fbe0469e8e417d3f97011c676f7789871fd,,"""instance""",,,,close-degeneracy-trigger,,,,bilevel,,,,gen_bilevel_density0.02_n2000_uniform_neg30_r0,data/generated/gen_bilevel_density0.02_n2000_uniform_neg30_r0.json,0a8d6597281f8373f5b5d053362b90105efb02e1e71cab55b210d1adfbc87be9,,,residual oracle did not certify optimality,2000,,,generated,,,,,,,,True,1,8f4bd7c84a23e3b7,30.018901989998994,time_limit,,,False
19943,493f6f942eca3576ac0253ad50581fbe0469e8e417d3f97011c676f7789871fd,26950786,"""instance""",0.000784318,"['taskset', '-c', '2', '<project>/build/release/pclp', 'solve', '--instance', '<project>/data/generated/gen_bilevel_density0.02_n2000_uniform_neg30_r0.json', '--config', '<project>/experiments/runs/ablation/164a0267a5ff0e79/resolved_config.json', '--output', '<project>/experiments/runs/ablation/164a0267a5ff0e79/result.json']",False,forest-tuned,375941,0.786523344,7.244237947,bilevel,0,0,1878,gen_bilevel_density0.02_n2000_uniform_neg30_r0,data/generated/gen_bilevel_density0.02_n2000_uniform_neg30_r0.json,0a8d6597281f8373f5b5d053362b90105efb02e1e71cab55b210d1adfbc87be9,381892,380,,2000,34244.80299120795,381,generated,24489984,383389,0.001424214,0.358446814,0.618099777,122362412,0,,0,164a0267a5ff0e79,7.2514241820026655,optimal,7.230757146,4.787352228,True
19943,493f6f942eca3576ac0253ad50581fbe0469e8e417d3f97011c676f7789871fd,26950786,"""instance""",0.000710506,"['taskset', '-c', '2', '<project>/build/release/pclp', 'solve', '--instance', '<project>/data/generated/gen_bilevel_density0.02_n2000_uniform_neg30_r0.json', '--config', '<project>/experiments/runs/ablation/8b8774c6ba33ed92/resolved_config.json', '--output', '<project>/experiments/runs/ablation/8b8774c6ba33ed92/result.json']",False,forest-tuned,375941,0.754636488,6.757545784,bilevel,0,0,1878,gen_bilevel_density0.02_n2000_uniform_neg30_r0,data/generated/gen_bilevel_density0.02_n2000_uniform_neg30_r0.json,0a8d6597281f8373f5b5d053362b90105efb02e1e71cab55b210d1adfbc87be9,381892,380,,2000,34244.80299120795,381,generated,26087424,383389,0.001526811,0.331144036,0.56903744,122362412,0,,1,8b8774c6ba33ed92,6.766137236991199,optimal,6.743612555,4.457485539,True
19943,493f6f942eca3576ac0253ad50581fbe0469e8e417d3f97011c676f7789871fd,801524154,"""instance""",0.0,"['taskset', '-c', '2', '<project>/build/release/pclp', 'solve', '--instance', '<project>/data/generated/gen_bilevel_density0.02_n2000_uniform_neg30_r0.json', '--config', '<project>/experiments/runs/ablation/fa5c8ccf43bc559a/resolved_config.json', '--output', '<project>/experiments/runs/ablation/fa5c8ccf43bc559a/result.json']",False,full-pricing,427200,3.002553755,30.013274763,bilevel,0,0,1836,gen_bilevel_density0.02_n2000_uniform_neg30_r0,data/generated/gen_bilevel_density0.02_n2000_uniform_neg30_r0.json,0a8d6597281f8373f5b5d053362b90105efb02e1e71cab55b210d1adfbc87be9,426710,162,residual oracle did not certify optimality,2000,0.0,163,generated,27070464,428383,0.001496774,7.820595986,3.75271299,440850914,0,,0,fa5c8ccf43bc559a,30.021747025995865,time_limit,30.000062439,14.49819202,False
19943,493f6f942eca3576ac0253ad50581fbe0469e8e417d3f97011c676f7789871fd,,"""instance""",,,,full-pricing,,,,bilevel,,,,gen_bilevel_density0.02_n2000_uniform_neg30_r0,data/generated/gen_bilevel_density0.02_n2000_uniform_neg30_r0.json,0a8d6597281f8373f5b5d053362b90105efb02e1e71cab55b210d1adfbc87be9,,,residual oracle did not certify optimality,2000,,,generated,,,,,,,,True,1,a3b1328a51a897bd,30.021747025995865,time_limit,,,False
19943,493f6f942eca3576ac0253ad50581fbe0469e8e417d3f97011c676f7789871fd,34769037,"""instance""",0.000692069,"['taskset', '-c', '2', '<project>/build/release/pclp', 'solve', '--instance', '<project>/data/generated/gen_bilevel_density0.02_n2000_uniform_neg30_r0.json', '--config', '<project>/experiments/runs/ablation/0835db72db396b6b/resolved_config.json', '--output', '<project>/experiments/runs/ablation/0835db72db396b6b/result.json']",False,no-early-ratio-test,413202,0.894311669,20.019578937,bilevel,0,0,2024,gen_bilevel_density0.02_n2000_uniform_neg30_r0,data/generated/gen_bilevel_density0.02_n2000_uniform_neg30_r0.json,0a8d6597281f8373f5b5d053362b90105efb02e1e71cab55b210d1adfbc87be9,419207,380,,2000,34244.80299120795,381,generated,27070464,420850,0.001438593,0.429846124,11.966261373,155191026,0,,0,0835db72db396b6b,20.029246329999296,optimal,20.006735751,5.949222224,True
19943,493f6f942eca3576ac0253ad50581fbe0469e8e417d3f97011c676f7789871fd,34769037,"""instance""",0.000708083,"['taskset', '-c', '2', '<project>/build/release/pclp', 'solve', '--instance', '<project>/data/generated/gen_bilevel_density0.02_n2000_uniform_neg30_r0.json', '--config', '<project>/experiments/runs/ablation/e1b74984c5df3e95/resolved_config.json', '--output', '<project>/experiments/runs/ablation/e1b74984c5df3e95/result.json']",False,no-early-ratio-test,413202,0.8721228,19.806138873,bilevel,0,0,2024,gen_bilevel_density0.02_n2000_uniform_neg30_r0,data/generated/gen_bilevel_density0.02_n2000_uniform_neg30_r0.json,0a8d6597281f8373f5b5d053362b90105efb02e1e71cab55b210d1adfbc87be9,419207,380,,2000,34244.80299120795,381,generated,27070464,420850,0.001407812,0.420639633,11.917469998,155191026,0,,1,e1b74984c5df3e95,19.814632306995918,optimal,19.793146456,5.87711609,True
19943,493f6f942eca3576ac0253ad50581fbe0469e8e417d3f97011c676f7789871fd,26950786,"""instance""",0.000649494,"['taskset', '-c', '2', '<project>/build/release/pclp', 'solve', '--instance', '<project>/data/generated/gen_bilevel_density0.02_n2000_uniform_neg30_r0.json', '--config', '<project>/experiments/runs/ablation/a9689e6fd086ae5f/resolved_config.json', '--output', '<project>/experiments/runs/ablation/a9689e6fd086ae5f/result.json']",False,no-local-update,375941,0.701509139,18.099571325,bilevel,0,0,383770,gen_bilevel_density0.02_n2000_uniform_neg30_r0,data/generated/gen_bilevel_density0.02_n2000_uniform_neg30_r0.json,0a8d6597281f8373f5b5d053362b90105efb02e1e71cab55b210d1adfbc87be9,0,380,,2000,34244.80299120795,381,generated,27070464,383389,0.001691652,0.297358961,0.516594578,648315227,0,,0,a9689e6fd086ae5f,18.108540539993555,optimal,18.085719544,16.0129138,True
19943,493f6f942eca3576ac0253ad50581fbe0469e8e417d3f97011c676f7789871fd,26950786,"""instance""",0.000615441,"['taskset', '-c', '2', '<project>/build/release/pclp', 'solve', '--instance', '<project>/data/generated/gen_bilevel_density0.02_n2000_uniform_neg30_r0.json', '--config', '<project>/experiments/runs/ablation/c3f06cab3b2d4074/resolved_config.json', '--output', '<project>/experiments/runs/ablation/c3f06cab3b2d4074/result.json']",False,no-local-update,375941,0.660590924,17.675400172,bilevel,0,0,383770,gen_bilevel_density0.02_n2000_uniform_neg30_r0,data/generated/gen_bilevel_density0.02_n2000_uniform_neg30_r0.json,0a8d6597281f8373f5b5d053362b90105efb02e1e71cab55b210d1adfbc87be9,0,380,,2000,34244.80299120795,381,generated,27070464,383389,0.001459373,0.29536397400000003,0.511670677,648315227,0,,1,c3f06cab3b2d4074,17.684219711998594,optimal,17.661822618,15.632888368,True
19943,493f6f942eca3576ac0253ad50581fbe0469e8e417d3f97011c676f7789871fd,34769037,"""instance""",0.000692549,"['taskset', '-c', '2', '<project>/build/release/pclp', 'solve', '--instance', '<project>/data/generated/gen_bilevel_density0.02_n2000_uniform_neg30_r0.json', '--config', '<project>/experiments/runs/ablation/349df38a215c2fac/resolved_config.json', '--output', '<project>/experiments/runs/ablation/349df38a215c2fac/result.json']",False,no-restricted-ratio-test,413202,0.824913165,26.837132937,bilevel,0,0,2024,gen_bilevel_density0.02_n2000_uniform_neg30_r0,data/generated/gen_bilevel_density0.02_n2000_uniform_neg30_r0.json,0a8d6597281f8373f5b5d053362b90105efb02e1e71cab55b210d1adfbc87be9,419207,380,,2000,34244.80299120795,381,generated,27070464,420850,0.001493871,0.416674563,19.144740909,155191026,0,,0,349df38a215c2fac,26.846456749990466,optimal,26.823243272,5.713058935,True
19943,493f6f942eca3576ac0253ad50581fbe0469e8e417d3f97011c676f7789871fd,34769037,"""instance""",0.000593496,"['taskset', '-c', '2', '<project>/build/release/pclp', 'solve', '--instance', '<project>/data/generated/gen_bilevel_density0.02_n2000_uniform_neg30_r0.json', '--config', '<project>/experiments/runs/ablation/5214128c6d3c77e9/resolved_config.json', '--output', '<project>/experiments/runs/ablation/5214128c6d3c77e9/result.json']",False,no-restricted-ratio-test,413202,0.82434479,25.852830603,bilevel,0,0,2024,gen_bilevel_density0.02_n2000_uniform_neg30_r0,data/generated/gen_bilevel_density0.02_n2000_uniform_neg30_r0.json,0a8d6597281f8373f5b5d053362b90105efb02e1e71cab55b210d1adfbc87be9,419207,380,,2000,34244.80299120795,381,generated,27070464,420850,0.00130419,0.395970712,18.545294991,155191026,0,,1,5214128c6d3c77e9,25.871382950994303,optimal,25.840690055,5.399876874,True
19943,493f6f942eca3576ac0253ad50581fbe0469e8e417d3f97011c676f7789871fd,50991147,"""instance""",0.000677606,"['taskset', '-c', '2', '<project>/build/release/pclp', 'solve', '--instance', '<project>/data/generated/gen_bilevel_density0.02_n2000_uniform_neg30_r0.json', '--config', '<project>/experiments/runs/ablation/15442edd49decf42/resolved_config.json', '--output', '<project>/experiments/runs/ablation/15442edd49decf42/result.json']",False,sequential-canonicalization,709552,1.18818801,10.821296481,bilevel,0,0,3546,gen_bilevel_density0.02_n2000_uniform_neg30_r0,data/generated/gen_bilevel_density0.02_n2000_uniform_neg30_r0.json,0a8d6597281f8373f5b5d053362b90105efb02e1e71cab55b210d1adfbc87be9,721319,380,,2000,34244.80299120795,718,generated,27070464,724147,0.001540348,0.5491121800000001,0.941060874,222851157,0,,0,15442edd49decf42,10.830485070007853,optimal,10.807829629,7.1478855,True
19943,493f6f942eca3576ac0253ad50581fbe0469e8e417d3f97011c676f7789871fd,50991147,"""instance""",0.000668719,"['taskset', '-c', '2', '<project>/build/release/pclp', 'solve', '--instance', '<project>/data/generated/gen_bilevel_density0.02_n2000_uniform_neg30_r0.json', '--config', '<project>/experiments/runs/ablation/b5fb6d07e2ef7669/resolved_config.json', '--output', '<project>/experiments/runs/ablation/b5fb6d07e2ef7669/result.json']",False,sequential-canonicalization,709552,1.24943399,10.813696002,bilevel,0,0,3546,gen_bilevel_density0.02_n2000_uniform_neg30_r0,data/generated/gen_bilevel_density0.02_n2000_uniform_neg30_r0.json,0a8d6597281f8373f5b5d053362b90105efb02e1e71cab55b210d1adfbc87be9,721319,380,,2000,34244.80299120795,718,generated,27070464,724147,0.001835266,0.546641661,0.933164083,222851157,0,,1,b5fb6d07e2ef7669,10.822204426003736,optimal,10.79727907,7.087557592,True
19943,493f6f942eca3576ac0253ad50581fbe0469e8e417d3f97011c676f7789871fd,32473249,"""instance""",0.000598949,"['taskset', '-c', '2', '<project>/build/release/pclp', 'solve', '--instance', '<project>/data/generated/gen_bilevel_density0.02_n2000_uniform_neg30_r0.json', '--config', '<project>/experiments/runs/ablation/73e0eee246106f0c/resolved_config.json', '--output', '<project>/experiments/runs/ablation/73e0eee246106f0c/result.json']",False,sink-initial-basis,470882,0.797998981,4.255982593,bilevel,0,0,2224,gen_bilevel_density0.02_n2000_uniform_neg30_r0,data/generated/gen_bilevel_density0.02_n2000_uniform_neg30_r0.json,0a8d6597281f8373f5b5d053362b90105efb02e1e71cab55b210d1adfbc87be9,470032,380,,2000,34244.80299120795,381,generated,27070464,471875,0.001426233,0.365781164,0.650689172,63109389,0,,0,73e0eee246106f0c,4.264940737004508,optimal,4.242872011,2.045372535,True
19943,493f6f942eca3576ac0253ad50581fbe0469e8e417d3f97011c676f7789871fd,32473249,"""instance""",0.000591046,"['taskset', '-c', '2', '<project>/build/release/pclp', 'solve', '--instance', '<project>/data/generated/gen_bilevel_density0.02_n2000_uniform_neg30_r0.json', '--config', '<project>/experiments/runs/ablation/42e62f000460c465/resolved_config.json', '--output', '<project>/experiments/runs/ablation/42e62f000460c465/result.json']",False,sink-initial-basis,470882,0.837213134,4.300453947,bilevel,0,0,2224,gen_bilevel_density0.02_n2000_uniform_neg30_r0,data/generated/gen_bilevel_density0.02_n2000_uniform_neg30_r0.json,0a8d6597281f8373f5b5d053362b90105efb02e1e71cab55b210d1adfbc87be9,470032,380,,2000,34244.80299120795,381,generated,27070464,471875,0.001489049,0.368079988,0.654868901,63109389,0,,1,42e62f000460c465,4.309670054004528,optimal,4.287557053,2.041419784,True
19943,493f6f942eca3576ac0253ad50581fbe0469e8e417d3f97011c676f7789871fd,26950786,"""instance""",0.000639996,"['taskset', '-c', '2', '<project>/build/release/pclp', 'solve', '--instance', '<project>/data/generated/gen_bilevel_density0.02_n2000_uniform_neg30_r0.json', '--config', '<project>/experiments/runs/ablation/f7d12824faed469b/resolved_config.json', '--output', '<project>/experiments/runs/ablation/f7d12824faed469b/result.json']",False,with-transitive-reduction,375941,0.655455825,6.090061777,bilevel,0,0,1878,gen_bilevel_density0.02_n2000_uniform_neg30_r0,data/generated/gen_bilevel_density0.02_n2000_uniform_neg30_r0.json,0a8d6597281f8373f5b5d053362b90105efb02e1e71cab55b210d1adfbc87be9,381892,380,,2000,34244.80299120795,381,generated,27070464,383389,0.002074247,0.303652953,0.508379276,122362412,0,,0,f7d12824faed469b,6.098291362010059,optimal,6.076653921,4.041585249,True
19943,493f6f942eca3576ac0253ad50581fbe0469e8e417d3f97011c676f7789871fd,26950786,"""instance""",0.000591406,"['taskset', '-c', '2', '<project>/build/release/pclp', 'solve', '--instance', '<project>/data/generated/gen_bilevel_density0.02_n2000_uniform_neg30_r0.json', '--config', '<project>/experiments/runs/ablation/2db7e6d97f48344f/resolved_config.json', '--output', '<project>/experiments/runs/ablation/2db7e6d97f48344f/result.json']",False,with-transitive-reduction,375941,0.675927711,6.031308332,bilevel,0,0,1878,gen_bilevel_density0.02_n2000_uniform_neg30_r0,data/generated/gen_bilevel_density0.02_n2000_uniform_neg30_r0.json,0a8d6597281f8373f5b5d053362b90105efb02e1e71cab55b210d1adfbc87be9,381892,380,,2000,34244.80299120795,381,generated,27070464,383389,0.002169838,0.29619869,0.504707546,122362412,0,,1,2db7e6d97f48344f,6.038971008005319,optimal,6.017659101,3.979864693,True
19761,493f6f942eca3576ac0253ad50581fbe0469e8e417d3f97011c676f7789871fd,1116673184,"""instance""",0.0,"['taskset', '-c', '2', '<project>/build/release/pclp', 'solve', '--instance', '<project>/data/generated/gen_bilevel_density0.02_n2000_uniform_neg30_r1.json', '--config', '<project>/experiments/runs/ablation/9e42801951a84858/resolved_config.json', '--output', '<project>/experiments/runs/ablation/9e42801951a84858/result.json']",False,bland-entering,665881,0.917626022,30.013544801,bilevel,0,0,3229,gen_bilevel_density0.02_n2000_uniform_neg30_r1,data/generated/gen_bilevel_density0.02_n2000_uniform_neg30_r1.json,d7108202daa9124d5de7d9377919dbc0f3ca210e7ea8f299d7bbe691d6923a26,667085,608,residual oracle did not certify optimality,2000,0.0,613,generated,27389952,669701,0.001473464,7.079839653,10.348415115,324004613,0,,0,9e42801951a84858,30.020863679994363,time_limit,30.000056512,10.439728244,False
19761,493f6f942eca3576ac0253ad50581fbe0469e8e417d3f97011c676f7789871fd,,"""instance""",,,,bland-entering,,,,bilevel,,,,gen_bilevel_density0.02_n2000_uniform_neg30_r1,data/generated/gen_bilevel_density0.02_n2000_uniform_neg30_r1.json,d7108202daa9124d5de7d9377919dbc0f3ca210e7ea8f299d7bbe691d6923a26,,,residual oracle did not certify optimality,2000,,,generated,,,,,,,,True,1,496424f9f803e6cb,30.020863679994363,time_limit,,,False
19761,493f6f942eca3576ac0253ad50581fbe0469e8e417d3f97011c676f7789871fd,1011195099,"""instance""",0.0,"['taskset', '-c', '2', '<project>/build/release/pclp', 'solve', '--instance', '<project>/data/generated/gen_bilevel_density0.02_n2000_uniform_neg30_r1.json', '--config', '<project>/experiments/runs/ablation/1b9294ba36912e95/resolved_config.json', '--output', '<project>/experiments/runs/ablation/1b9294ba36912e95/result.json']",False,close-degeneracy-trigger,709385,1.165108837,30.013823182,bilevel,0,0,3483,gen_bilevel_density0.02_n2000_uniform_neg30_r1,data/generated/gen_bilevel_density0.02_n2000_uniform_neg30_r1.json,d7108202daa9124d5de7d9377919dbc0f3ca210e7ea8f299d7bbe691d6923a26,723536,641,residual oracle did not certify optimality,2000,0.0,646,generated,27389952,726373,0.00161898,6.4234282,12.435085784,274297605,0,,0,1b9294ba36912e95,30.020778919992154,time_limit,30.000044187,8.813714774,False
19761,493f6f942eca3576ac0253ad50581fbe0469e8e417d3f97011c676f7789871fd,,"""instance""",,,,close-degeneracy-trigger,,,,bilevel,,,,gen_bilevel_density0.02_n2000_uniform_neg30_r1,data/generated/gen_bilevel_density0.02_n2000_uniform_neg30_r1.json,d7108202daa9124d5de7d9377919dbc0f3ca210e7ea8f299d7bbe691d6923a26,,,residual oracle did not certify optimality,2000,,,generated,,,,,,,,True,1,1a8f3abd51caf4c0,30.020778919992154,time_limit,,,False
19761,493f6f942eca3576ac0253ad50581fbe0469e8e417d3f97011c676f7789871fd,49670393,"""instance""",0.000582719,"['taskset', '-c', '2', '<project>/build/release/pclp', 'solve', '--instance', '<project>/data/generated/gen_bilevel_density0.02_n2000_uniform_neg30_r1.json', '--config', '<project>/experiments/runs/ablation/64d890c847ffc641/resolved_config.json', '--output', '<project>/experiments/runs/ablation/64d890c847ffc641/result.json']",False,forest-tuned,700940,1.210656142,11.106187324,bilevel,0,0,3510,gen_bilevel_density0.02_n2000_uniform_neg30_r1,data/generated/gen_bilevel_density0.02_n2000_uniform_neg30_r1.json,d7108202daa9124d5de7d9377919dbc0f3ca210e7ea8f299d7bbe691d6923a26,717846,689,,2000,5000.13871875,695,generated,27070464,720661,0.001494887,0.53487871,0.915888806,232146917,0,,0,64d890c847ffc641,11.11519197000598,optimal,11.092527983,7.352310126,True
19761,493f6f942eca3576ac0253ad50581fbe0469e8e417d3f97011c676f7789871fd,49670393,"""instance""",0.00060651,"['taskset', '-c', '2', '<project>/build/release/pclp', 'solve', '--instance', '<project>/data/generated/gen_bilevel_density0.02_n2000_uniform_neg30_r1.json', '--config', '<project>/experiments/runs/ablation/d107ea1d26afef25/resolved_config.json', '--output', '<project>/experiments/runs/ablation/d107ea1d26afef25/result.json']",False,forest-tuned,700940,1.157700794,10.98685631,bilevel,0,0,3510,gen_bilevel_density0.02_n2000_uniform_neg30_r1,data/generated/gen_bilevel_density0.02_n2000_uniform_neg30_r1.json,d7108202daa9124d5de7d9377919dbc0f3ca210e7ea8f299d7bbe691d6923a26,717846,689,,2000,5000.13871875,695,generated,27389952,720661,0.001438303,0.527364253,0.911817181,232146917,0,,1,d107ea1d26afef25,10.995700927000144,optimal,10.973648057,7.306297179,True
19761,493f6f942eca3576ac0253ad50581fbe0469e8e417d3f97011c676f7789871fd,819232205,"""instance""",0.0,"['taskset', '-c', '2', '<project>/build/release/pclp', 'solve', '--instance', '<project>/data/generated/gen_bilevel_density0.02_n2000_uniform_neg30_r1.json', '--config', '<project>/experiments/runs/ablation/70b9d84d4200d501/resolved_config.json', '--output', '<project>/experiments/runs/ablation/70b9d84d4200d501/result.json']",False,full-pricing,423163,3.143649012,30.013446057,bilevel,0,0,1791,gen_bilevel_density0.02_n2000_uniform_neg30_r1,data/generated/gen_bilevel_density0.02_n2000_uniform_neg30_r1.json,d7108202daa9124d5de7d9377919dbc0f3ca210e7ea8f299d7bbe691d6923a26,422743,133,residual oracle did not certify optimality,2000,0.0,134,generated,27389952,424400,0.001612744,7.869619759,3.530308479,447688451,0,,0,70b9d84d4200d501,30.020732388002216,time_limit,30.000101068,14.546413615,False
19761,493f6f942eca3576ac0253ad50581fbe0469e8e417d3f97011c676f7789871fd,,"""instance""",,,,full-pricing,,,,bilevel,,,,gen_bilevel_density0.02_n2000_uniform_neg30_r1,data/generated/gen_bilevel_density0.02_n2000_uniform_neg30_r1.json,d7108202daa9124d5de7d9377919dbc0f3ca210e7ea8f299d7bbe691d6923a26,,,residual oracle did not certify optimality,2000,,,generated,,,,,,,,True,1,28bfcc3920e3deb6,30.020732388002216,time_limit,,,False
19761,493f6f942eca3576ac0253ad50581fbe0469e8e417d3f97011c676f7789871fd,51787683,"""instance""",0.0006689,"['taskset', '-c', '2', '<project>/build/release/pclp', 'solve', '--instance', '<project>/data/generated/gen_bilevel_density0.02_n2000_uniform_neg30_r1.json', '--config', '<project>/experiments/runs/ablation/394a29fd98619540/resolved_config.json', '--output', '<project>/experiments/runs/ablation/394a29fd98619540/result.json']",False,no-early-ratio-test,704015,1.24447227,25.582650184,bilevel,0,0,3534,gen_bilevel_density0.02_n2000_uniform_neg30_r1,data/generated/gen_bilevel_density0.02_n2000_uniform_neg30_r1.json,d7108202daa9124d5de7d9377919dbc0f3ca210e7ea8f299d7bbe691d6923a26,724084,689,,2000,5000.13871875,695,generated,27389952,726923,0.00148595,0.556811363,15.024589117,229448056,0,,0,394a29fd98619540,25.58963181800209,optimal,25.567770172,7.576076169,True
19761,493f6f942eca3576ac0253ad50581fbe0469e8e417d3f97011c676f7789871fd,51787683,"""instance""",0.000652918,"['taskset', '-c', '2', '<project>/build/release/pclp', 'solve', '--instance', '<project>/data/generated/gen_bilevel_density0.02_n2000_uniform_neg30_r1.json', '--config', '<project>/experiments/runs/ablation/ed356b4f080be610/resolved_config.json', '--output', '<project>/experiments/runs/ablation/ed356b4f080be610/result.json']",False,no-early-ratio-test,704015,1.2165661429999999,26.004004818,bilevel,0,0,3534,gen_bilevel_density0.02_n2000_uniform_neg30_r1,data/generated/gen_bilevel_density0.02_n2000_uniform_neg30_r1.json,d7108202daa9124d5de7d9377919dbc0f3ca210e7ea8f299d7bbe691d6923a26,724084,689,,2000,5000.13871875,695,generated,27389952,726923,0.001293837,0.573572267,15.347720484,229448056,0,,1,ed356b4f080be610,26.01217077099136,optimal,25.991666745,7.702671129,True
19761,493f6f942eca3576ac0253ad50581fbe0469e8e417d3f97011c676f7789871fd,45036841,"""instance""",0.0,"['taskset', '-c', '2', '<project>/build/release/pclp', 'solve', '--instance', '<project>/data/generated/gen_bilevel_density0.02_n2000_uniform_neg30_r1.json', '--config', '<project>/experiments/runs/ablation/d6f279dfa2c84d19/resolved_config.json', '--output', '<project>/experiments/runs/ablation/d6f279dfa2c84d19/result.json']",False,no-local-update,636090,1.02773915,30.013182759,bilevel,0,0,652848,gen_bilevel_density0.02_n2000_uniform_neg30_r1,data/generated/gen_bilevel_density0.02_n2000_uniform_neg30_r1.json,d7108202daa9124d5de7d9377919dbc0f3ca210e7ea8f299d7bbe691d6923a26,0,627,residual oracle did not certify optimality,2000,0.0,633,generated,27389952,652215,0.001539778,0.487283659,0.833344637,1090080084,0,,0,d6f279dfa2c84d19,30.02094533199852,time_limit,30.000048498,26.66025983,False
19761,493f6f942eca3576ac0253ad50581fbe0469e8e417d3f97011c676f7789871fd,,"""instance""",,,,no-local-update,,,,bilevel,,,,gen_bilevel_density0.02_n2000_uniform_neg30_r1,data/generated/gen_bilevel_density0.02_n2000_uniform_neg30_r1.json,d7108202daa9124d5de7d9377919dbc0f3ca210e7ea8f299d7bbe691d6923a26,,,residual oracle did not certify optimality,2000,,,generated,,,,,,,,True,1,ed6ba34b9bd96834,30.02094533199852,time_limit,,,False
19761,493f6f942eca3576ac0253ad50581fbe0469e8e417d3f97011c676f7789871fd,36594212,"""instance""",0.0,"['taskset', '-c', '2', '<project>/build/release/pclp', 'solve', '--instance', '<project>/data/generated/gen_bilevel_density0.02_n2000_uniform_neg30_r1.json', '--config', '<project>/experiments/runs/ablation/62483f5d6d69e073/resolved_config.json', '--output', '<project>/experiments/runs/ablation/62483f5d6d69e073/result.json']",False,no-restricted-ratio-test,507299,0.862340634,30.012552782,bilevel,0,0,2536,gen_bilevel_density0.02_n2000_uniform_neg30_r1,data/generated/gen_bilevel_density0.02_n2000_uniform_neg30_r1.json,d7108202daa9124d5de7d9377919dbc0f3ca210e7ea8f299d7bbe691d6923a26,516508,505,residual oracle did not certify optimality,2000,0.0,511,generated,27389952,518533,0.001385563,0.39790969400000004,22.503098973,168980460,0,,0,62483f5d6d69e073,30.01964435899572,time_limit,30.00005386,5.414290128,False
19761,493f6f942eca3576ac0253ad50581fbe0469e8e417d3f97011c676f7789871fd,,"""instance""",,,,no-restricted-ratio-test,,,,bilevel,,,,gen_bilevel_density0.02_n2000_uniform_neg30_r1,data/generated/gen_bilevel_density0.02_n2000_uniform_neg30_r1.json,d7108202daa9124d5de7d9377919dbc0f3ca210e7ea8f299d7bbe691d6923a26,,,residual oracle did not certify optimality,2000,,,generated,,,,,,,,True,1,e795eacba70387dc,30.01964435899572,time_limit,,,False
19761,493f6f942eca3576ac0253ad50581fbe0469e8e417d3f97011c676f7789871fd,50365891,"""instance""",0.000583364,"['taskset', '-c', '2', '<project>/build/release/pclp', 'solve', '--instance', '<project>/data/generated/gen_bilevel_density0.02_n2000_uniform_neg30_r1.json', '--config', '<project>/experiments/runs/ablation/da49692060387a41/resolved_config.json', '--output', '<project>/experiments/runs/ablation/da49692060387a41/result.json']",False,sequential-canonicalization,710794,1.156640194,11.178971264,bilevel,0,0,3559,gen_bilevel_density0.02_n2000_uniform_neg30_r1,data/generated/gen_bilevel_density0.02_n2000_uniform_neg30_r1.json,d7108202daa9124d5de7d9377919dbc0f3ca210e7ea8f299d7bbe691d6923a26,727941,689,,2000,5000.13871875,705,generated,27389952,730795,0.001564646,0.544323725,0.9309258330000001,235303761,0,,0,da49692060387a41,11.187904505000915,optimal,11.164181448,7.485574374,True
19761,493f6f942eca3576ac0253ad50581fbe0469e8e417d3f97011c676f7789871fd,50365891,"""instance""",0.000579722,"['taskset', '-c', '2', '<project>/build/release/pclp', 'solve', '--instance', '<project>/data/generated/gen_bilevel_density0.02_n2000_uniform_neg30_r1.json', '--config', '<project>/experiments/runs/ablation/a653ee7b2ae45a35/resolved_config.json', '--output', '<project>/experiments/runs/ablation/a653ee7b2ae45a35/result.json']",False,sequential-canonicalization,710794,1.267944553,11.136094168,bilevel,0,0,3559,gen_bilevel_density0.02_n2000_uniform_neg30_r1,data/generated/gen_bilevel_density0.02_n2000_uniform_neg30_r1.json,d7108202daa9124d5de7d9377919dbc0f3ca210e7ea8f299d7bbe691d6923a26,727941,689,,2000,5000.13871875,705,generated,27389952,730795,0.001410477,0.535563188,0.919037419,235303761,0,,1,a653ee7b2ae45a35,11.145361005008454,optimal,11.122559892,7.370440692,True
19761,493f6f942eca3576ac0253ad50581fbe0469e8e417d3f97011c676f7789871fd,52648038,"""instance""",0.000631195,"['taskset', '-c', '2', '<project>/build/release/pclp', 'solve', '--instance', '<project>/data/generated/gen_bilevel_density0.02_n2000_uniform_neg30_r1.json', '--config', '<project>/experiments/runs/ablation/9cbca7d4c3df449c/resolved_config.json', '--output', '<project>/experiments/runs/ablation/9cbca7d4c3df449c/result.json']",False,sink-initial-basis,760975,1.145757882,3.90034264,bilevel,0,0,3672,gen_bilevel_density0.02_n2000_uniform_neg30_r1,data/generated/gen_bilevel_density0.02_n2000_uniform_neg30_r1.json,d7108202daa9124d5de7d9377919dbc0f3ca210e7ea8f299d7bbe691d6923a26,760365,689,,2000,5000.13871875,691,generated,27389952,763346,0.001453034,0.545143882,0.946302546,24223379,0,,0,9cbca7d4c3df449c,3.9101528280007187,optimal,3.8873245,0.7725566779999999,True
19761,493f6f942eca3576ac0253ad50581fbe0469e8e417d3f97011c676f7789871fd,52648038,"""instance""",0.000574917,"['taskset', '-c', '2', '<project>/build/release/pclp', 'solve', '--instance', '<project>/data/generated/gen_bilevel_density0.02_n2000_uniform_neg30_r1.json', '--config', '<project>/experiments/runs/ablation/8c08351ac4ee9aaf/resolved_config.json', '--output', '<project>/experiments/runs/ablation/8c08351ac4ee9aaf/result.json']",False,sink-initial-basis,760975,1.098761071,3.923608999,bilevel,0,0,3672,gen_bilevel_density0.02_n2000_uniform_neg30_r1,data/generated/gen_bilevel_density0.02_n2000_uniform_neg30_r1.json,d7108202daa9124d5de7d9377919dbc0f3ca210e7ea8f299d7bbe691d6923a26,760365,689,,2000,5000.13871875,691,generated,27389952,763346,0.001433607,0.5612028410000001,0.974204423,24223379,0,,1,8c08351ac4ee9aaf,3.9337429409933975,optimal,3.91071287,0.787541192,True
19761,493f6f942eca3576ac0253ad50581fbe0469e8e417d3f97011c676f7789871fd,49670393,"""instance""",0.000581062,"['taskset', '-c', '2', '<project>/build/release/pclp', 'solve', '--instance', '<project>/data/generated/gen_bilevel_density0.02_n2000_uniform_neg30_r1.json', '--config', '<project>/experiments/runs/ablation/30b8135c1505f622/resolved_config.json', '--output', '<project>/experiments/runs/ablation/30b8135c1505f622/result.json']",False,with-transitive-reduction,700940,1.141490563,11.068323726,bilevel,0,0,3510,gen_bilevel_density0.02_n2000_uniform_neg30_r1,data/generated/gen_bilevel_density0.02_n2000_uniform_neg30_r1.json,d7108202daa9124d5de7d9377919dbc0f3ca210e7ea8f299d7bbe691d6923a26,717846,689,,2000,5000.13871875,695,generated,27389952,720661,0.002155762,0.540486876,0.923987785,232146917,0,,0,30b8135c1505f622,11.077187838003738,optimal,11.054970036,7.3612378110000005,True
19761,493f6f942eca3576ac0253ad50581fbe0469e8e417d3f97011c676f7789871fd,49670393,"""instance""",0.000596665,"['taskset', '-c', '2', '<project>/build/release/pclp', 'solve', '--instance', '<project>/data/generated/gen_bilevel_density0.02_n2000_uniform_neg30_r1.json', '--config', '<project>/experiments/runs/ablation/6e3bf414f7c30260/resolved_config.json', '--output', '<project>/experiments/runs/ablation/6e3bf414f7c30260/result.json']",False,with-transitive-reduction,700940,1.185007116,10.926019343,bilevel,0,0,3510,gen_bilevel_density0.02_n2000_uniform_neg30_r1,data/generated/gen_bilevel_density0.02_n2000_uniform_neg30_r1.json,d7108202daa9124d5de7d9377919dbc0f3ca210e7ea8f299d7bbe691d6923a26,717846,689,,2000,5000.13871875,695,generated,27389952,720661,0.001888434,0.533603249,0.914049892,232146917,0,,1,6e3bf414f7c30260,10.940137484009028,optimal,10.913167061,7.208518244,True
19699,493f6f942eca3576ac0253ad50581fbe0469e8e417d3f97011c676f7789871fd,936104111,"""instance""",0.0,"['taskset', '-c', '2', '<project>/build/release/pclp', 'solve', '--instance', '<project>/data/generated/gen_bilevel_density0.02_n2000_uniform_neg30_r2.json', '--config', '<project>/experiments/runs/ablation/7e66547124f23d5f/resolved_config.json', '--output', '<project>/experiments/runs/ablation/7e66547124f23d5f/result.json']",False,bland-entering,531848,1.071020471,30.01369429,bilevel,0,0,2318,gen_bilevel_density0.02_n2000_uniform_neg30_r2,data/generated/gen_bilevel_density0.02_n2000_uniform_neg30_r2.json,62ce1b446117e44841d23975b425d44e269724e1fe25c679f412ee2d0064d816,533368,226,residual oracle did not certify optimality,2000,0.0,227,generated,27389952,535459,0.001521258,5.894307918,14.310070063,236989334,0,,0,7e66547124f23d5f,30.021560499008046,time_limit,30.000131159,7.933701587,False
19699,493f6f942eca3576ac0253ad50581fbe0469e8e417d3f97011c676f7789871fd,,"""instance""",,,,bland-entering,,,,bilevel,,,,gen_bilevel_density0.02_n2000_uniform_neg30_r2,data/generated/gen_bilevel_density0.02_n2000_uniform_neg30_r2.json,62ce1b446117e44841d23975b425d44e269724e1fe25c679f412ee2d0064d816,,,residual oracle did not certify optimality,2000,,,generated,,,,,,,,True,1,0834470352aac464,30.021560499008046,time_limit,,,False
19699,493f6f942eca3576ac0253ad50581fbe0469e8e417d3f97011c676f7789871fd,888362334,"""instance""",0.0,"['taskset', '-c', '2', '<project>/build/release/pclp', 'solve', '--instance', '<project>/data/generated/gen_bilevel_density0.02_n2000_uniform_neg30_r2.json', '--config', '<project>/experiments/runs/ablation/33f3741f1961c2da/resolved_config.json', '--output', '<project>/experiments/runs/ablation/33f3741f1961c2da/result.json']",False,close-degeneracy-trigger,542821,1.099303395,30.012217802,bilevel,0,0,2369,gen_bilevel_density0.02_n2000_uniform_neg30_r2,data/generated/gen_bilevel_density0.02_n2000_uniform_neg30_r2.json,62ce1b446117e44841d23975b425d44e269724e1fe25c679f412ee2d0064d816,546156,227,residual oracle did not certify optimality,2000,0.0,228,generated,27389952,548297,0.0013904,5.565842201,15.120129517,221406566,0,,0,33f3741f1961c2da,30.020148391005932,time_limit,30.0000485,7.447719827999999,False
19699,493f6f942eca3576ac0253ad50581fbe0469e8e417d3f97011c676f7789871fd,,"""instance""",,,,close-degeneracy-trigger,,,,bilevel,,,,gen_bilevel_density0.02_n2000_uniform_neg30_r2,data/generated/gen_bilevel_density0.02_n2000_uniform_neg30_r2.json,62ce1b446117e44841d23975b425d44e269724e1fe25c679f412ee2d0064d816,,,residual oracle did not certify optimality,2000,,,generated,,,,,,,,True,1,d53e1c00b084be2d,30.020148391005932,time_limit,,,False
19699,493f6f942eca3576ac0253ad50581fbe0469e8e417d3f97011c676f7789871fd,23925353,"""instance""",0.000570811,"['taskset', '-c', '2', '<project>/build/release/pclp', 'solve', '--instance', '<project>/data/generated/gen_bilevel_density0.02_n2000_uniform_neg30_r2.json', '--config', '<project>/experiments/runs/ablation/145ede9ee730ab66/resolved_config.json', '--output', '<project>/experiments/runs/ablation/145ede9ee730ab66/result.json']",False,forest-tuned,334764,0.618329633,6.207209955,bilevel,0,0,1624,gen_bilevel_density0.02_n2000_uniform_neg30_r2,data/generated/gen_bilevel_density0.02_n2000_uniform_neg30_r2.json,62ce1b446117e44841d23975b425d44e269724e1fe25c679f412ee2d0064d816,340871,287,,2000,23875.47306953925,288,generated,27389952,342207,0.001502178,0.253182973,0.513093136,134293864,0,,0,145ede9ee730ab66,6.215591772997868,optimal,6.194085402,4.292676836,True
19699,493f6f942eca3576ac0253ad50581fbe0469e8e417d3f97011c676f7789871fd,23925353,"""instance""",0.000578784,"['taskset', '-c', '2', '<project>/build/release/pclp', 'solve', '--instance', '<project>/data/generated/gen_bilevel_density0.02_n2000_uniform_neg30_r2.json', '--config', '<project>/experiments/runs/ablation/fa3cd790edb5d71f/resolved_config.json', '--output', '<project>/experiments/runs/ablation/fa3cd790edb5d71f/result.json']",False,forest-tuned,334764,0.653931042,6.279019139,bilevel,0,0,1624,gen_bilevel_density0.02_n2000_uniform_neg30_r2,data/generated/gen_bilevel_density0.02_n2000_uniform_neg30_r2.json,62ce1b446117e44841d23975b425d44e269724e1fe25c679f412ee2d0064d816,340871,287,,2000,23875.47306953925,288,generated,27389952,342207,0.001523403,0.253074462,0.516526488,134293864,0,,1,fa3cd790edb5d71f,6.28795475300285,optimal,6.26563463,4.318458276,True
19699,493f6f942eca3576ac0253ad50581fbe0469e8e417d3f97011c676f7789871fd,815048828,"""instance""",0.0,"['taskset', '-c', '2', '<project>/build/release/pclp', 'solve', '--instance', '<project>/data/generated/gen_bilevel_density0.02_n2000_uniform_neg30_r2.json', '--config', '<project>/experiments/runs/ablation/cff5785b26daf363/resolved_config.json', '--output', '<project>/experiments/runs/ablation/cff5785b26daf363/result.json']",False,full-pricing,430881,3.1772791529999997,30.013174488,bilevel,0,0,1841,gen_bilevel_density0.02_n2000_uniform_neg30_r2,data/generated/gen_bilevel_density0.02_n2000_uniform_neg30_r2.json,62ce1b446117e44841d23975b425d44e269724e1fe25c679f412ee2d0064d816,430297,153,residual oracle did not certify optimality,2000,0.0,154,generated,27389952,431984,0.001575575,7.590297102,3.566448413,456423162,0,,0,cff5785b26daf363,30.01904113900673,time_limit,30.00004749,14.733651746,False
19699,493f6f942eca3576ac0253ad50581fbe0469e8e417d3f97011c676f7789871fd,,"""instance""",,,,full-pricing,,,,bilevel,,,,gen_bilevel_density0.02_n2000_uniform_neg30_r2,data/generated/gen_bilevel_density0.02_n2000_uniform_neg30_r2.json,62ce1b446117e44841d23975b425d44e269724e1fe25c679f412ee2d0064d816,,,residual oracle did not certify optimality,2000,,,generated,,,,,,,,True,1,abf7f1fccb2bf387,30.01904113900673,time_limit,,,False
19699,493f6f942eca3576ac0253ad50581fbe0469e8e417d3f97011c676f7789871fd,37561143,"""instance""",0.00057583,"['taskset', '-c', '2', '<project>/build/release/pclp', 'solve', '--instance', '<project>/data/generated/gen_bilevel_density0.02_n2000_uniform_neg30_r2.json', '--config', '<project>/experiments/runs/ablation/9ca141de8827e18e/resolved_config.json', '--output', '<project>/experiments/runs/ablation/9ca141de8827e18e/result.json']",False,no-early-ratio-test,413826,0.920482586,19.753890641,bilevel,0,0,1933,gen_bilevel_density0.02_n2000_uniform_neg30_r2,data/generated/gen_bilevel_density0.02_n2000_uniform_neg30_r2.json,62ce1b446117e44841d23975b425d44e269724e1fe25c679f412ee2d0064d816,419596,287,,2000,23875.47306953925,288,generated,27389952,421241,0.001624133,0.397244458,11.576625757,175916729,0,,0,9ca141de8827e18e,19.76298246299848,optimal,19.740046597,6.179043371,True
19699,493f6f942eca3576ac0253ad50581fbe0469e8e417d3f97011c676f7789871fd,37561143,"""instance""",0.00057606,"['taskset', '-c', '2', '<project>/build/release/pclp', 'solve', '--instance', '<project>/data/generated/gen_bilevel_density0.02_n2000_uniform_neg30_r2.json', '--config', '<project>/experiments/runs/ablation/c34d4c3c22d0545c/resolved_config.json', '--output', '<project>/experiments/runs/ablation/c34d4c3c22d0545c/result.json']",False,no-early-ratio-test,413826,0.841985391,19.23872301,bilevel,0,0,1933,gen_bilevel_density0.02_n2000_uniform_neg30_r2,data/generated/gen_bilevel_density0.02_n2000_uniform_neg30_r2.json,62ce1b446117e44841d23975b425d44e269724e1fe25c679f412ee2d0064d816,419596,287,,2000,23875.47306953925,288,generated,27389952,421241,0.001449834,0.39070752,11.355831462,175916729,0,,1,c34d4c3c22d0545c,19.245950611992157,optimal,19.225901376,6.004573591,True
19699,493f6f942eca3576ac0253ad50581fbe0469e8e417d3f97011c676f7789871fd,23925353,"""instance""",0.000573011,"['taskset', '-c', '2', '<project>/build/release/pclp', 'solve', '--instance', '<project>/data/generated/gen_bilevel_density0.02_n2000_uniform_neg30_r2.json', '--config', '<project>/experiments/runs/ablation/3b4358752ade9649/resolved_config.json', '--output', '<project>/experiments/runs/ablation/3b4358752ade9649/result.json']",False,no-local-update,334764,0.615862134,16.666614609,bilevel,0,0,342495,gen_bilevel_density0.02_n2000_uniform_neg30_r2,data/generated/gen_bilevel_density0.02_n2000_uniform_neg30_r2.json,62ce1b446117e44841d23975b425d44e269724e1fe25c679f412ee2d0064d816,0,287,,2000,23875.47306953925,288,generated,27389952,342207,0.001550723,0.253263917,0.51847096,609966542,0,,0,3b4358752ade9649,16.675618066001334,optimal,16.653464817,14.751786279,True
19699,493f6f942eca3576ac0253ad50581fbe0469e8e417d3f97011c676f7789871fd,23925353,"""instance""",0.000588169,"['taskset', '-c', '2', '<project>/build/release/pclp', 'solve', '--instance', '<project>/data/generated/gen_bilevel_density0.02_n2000_uniform_neg30_r2.json', '--config', '<project>/experiments/runs/ablation/85a73cfde5f0029e/resolved_config.json', '--output', '<project>/experiments/runs/ablation/85a73cfde5f0029e/result.json']",False,no-local-update,334764,0.612853141,16.702675993,bilevel,0,0,342495,gen_bilevel_density0.02_n2000_uniform_neg30_r2,data/generated/gen_bilevel_density0.02_n2000_uniform_neg30_r2.json,62ce1b446117e44841d23975b425d44e269724e1fe25c679f412ee2d0064d816,0,287,,2000,23875.47306953925,288,generated,27389952,342207,0.001533532,0.254977554,0.521283936,609966542,0,,1,85a73cfde5f0029e,16.711281677999068,optimal,16.689596628,14.782945797,True
19699,493f6f942eca3576ac0253ad50581fbe0469e8e417d3f97011c676f7789871fd,37561143,"""instance""",0.000571879,"['taskset', '-c', '2', '<project>/build/release/pclp', 'solve', '--instance', '<project>/data/generated/gen_bilevel_density0.02_n2000_uniform_neg30_r2.json', '--config', '<project>/experiments/runs/ablation/a3bcdfa25a862c2a/resolved_config.json', '--output', '<project>/experiments/runs/ablation/a3bcdfa25a862c2a/result.json']",False,no-restricted-ratio-test,413826,0.812327816,26.66364045,bilevel,0,0,1933,gen_bilevel_density0.02_n2000_uniform_neg30_r2,data/generated/gen_bilevel_density0.02_n2000_uniform_neg30_r2.json,62ce1b446117e44841d23975b425d44e269724e1fe25c679f412ee2d0064d816,419596,287,,2000,23875.47306953925,288,generated,27389952,421241,0.001520273,0.38890315200000003,19.04724004,175916729,0,,0,a3bcdfa25a862c2a,26.672558200007188,optimal,26.650105867,5.776580919,True
19699,493f6f942eca3576ac0253ad50581fbe0469e8e417d3f97011c676f7789871fd,37561143,"""instance""",0.000599727,"['taskset', '-c', '2', '<project>/build/release/pclp', 'solve', '--instance', '<project>/data/generated/gen_bilevel_density0.02_n2000_uniform_neg30_r2.json', '--config', '<project>/experiments/runs/ablation/585a20a5244cd52a/resolved_config.json', '--output', '<project>/experiments/runs/ablation/585a20a5244cd52a/result.json']",False,no-restricted-ratio-test,413826,0.844086227,26.862787483,bilevel,0,0,1933,gen_bilevel_density0.02_n2000_uniform_neg30_r2,data/generated/gen_bilevel_density0.02_n2000_uniform_neg30_r2.json,62ce1b446117e44841d23975b425d44e269724e1fe25c679f412ee2d0064d816,419596,287,,2000,23875.47306953925,288,generated,27389952,421241,0.001428746,0.387212749,19.184379265,175916729,0,,1,585a20a5244cd52a,26.871880257996963,optimal,26.850175845,5.79858343,True
19699,493f6f942eca3576ac0253ad50581fbe0469e8e417d3f97011c676f7789871fd,35637536,"""instance""",0.000595131,"['taskset', '-c', '2', '<project>/build/release/pclp', 'solve', '--instance', '<project>/data/generated/gen_bilevel_density0.02_n2000_uniform_neg30_r2.json', '--config', '<project>/experiments/runs/ablation/4cb3b0c3b9287bd4/resolved_config.json', '--output', '<project>/experiments/runs/ablation/4cb3b0c3b9287bd4/result.json']",False,sequential-canonicalization,497886,0.908589409,9.121026739,bilevel,0,0,2689,gen_bilevel_density0.02_n2000_uniform_neg30_r2,data/generated/gen_bilevel_density0.02_n2000_uniform_neg30_r2.json,62ce1b446117e44841d23975b425d44e269724e1fe25c679f412ee2d0064d816,507288,287,,2000,23875.47306953925,700,generated,27389952,509277,0.001580556,0.374609698,0.762473204,199532770,0,,0,4cb3b0c3b9287bd4,9.130199766994338,optimal,9.107881958,6.308899983,True
19699,493f6f942eca3576ac0253ad50581fbe0469e8e417d3f97011c676f7789871fd,35637536,"""instance""",0.000619039,"['taskset', '-c', '2', '<project>/build/release/pclp', 'solve', '--instance', '<project>/data/generated/gen_bilevel_density0.02_n2000_uniform_neg30_r2.json', '--config', '<project>/experiments/runs/ablation/d86f1637d94f4bcd/resolved_config.json', '--output', '<project>/experiments/runs/ablation/d86f1637d94f4bcd/result.json']",False,sequential-canonicalization,497886,0.936969244,9.21893811,bilevel,0,0,2689,gen_bilevel_density0.02_n2000_uniform_neg30_r2,data/generated/gen_bilevel_density0.02_n2000_uniform_neg30_r2.json,62ce1b446117e44841d23975b425d44e269724e1fe25c679f412ee2d0064d816,507288,287,,2000,23875.47306953925,700,generated,27389952,509277,0.001471234,0.37488207900000003,0.769298262,199532770,0,,1,d86f1637d94f4bcd,9.227540595005848,optimal,9.206256972,6.365506337,True
19699,493f6f942eca3576ac0253ad50581fbe0469e8e417d3f97011c676f7789871fd,21631469,"""instance""",0.000585276,"['taskset', '-c', '2', '<project>/build/release/pclp', 'solve', '--instance', '<project>/data/generated/gen_bilevel_density0.02_n2000_uniform_neg30_r2.json', '--config', '<project>/experiments/runs/ablation/6c23210baadf1f4c/resolved_config.json', '--output', '<project>/experiments/runs/ablation/6c23210baadf1f4c/result.json']",False,sink-initial-basis,295896,0.574744951,3.547607113,bilevel,0,0,1447,gen_bilevel_density0.02_n2000_uniform_neg30_r2,data/generated/gen_bilevel_density0.02_n2000_uniform_neg30_r2.json,62ce1b446117e44841d23975b425d44e269724e1fe25c679f412ee2d0064d816,295569,287,,2000,23875.47306953925,288,generated,27389952,296728,0.001493015,0.243432793,0.445859707,58664094,0,,0,6c23210baadf1f4c,3.555986346997088,optimal,3.534306313,1.968789225,True
19699,493f6f942eca3576ac0253ad50581fbe0469e8e417d3f97011c676f7789871fd,21631469,"""instance""",0.000904065,"['taskset', '-c', '2', '<project>/build/release/pclp', 'solve', '--instance', '<project>/data/generated/gen_bilevel_density0.02_n2000_uniform_neg30_r2.json', '--config', '<project>/experiments/runs/ablation/b4e383fc906c697c/resolved_config.json', '--output', '<project>/experiments/runs/ablation/b4e383fc906c697c/result.json']",False,sink-initial-basis,295896,0.649358077,3.873708793,bilevel,0,0,1447,gen_bilevel_density0.02_n2000_uniform_neg30_r2,data/generated/gen_bilevel_density0.02_n2000_uniform_neg30_r2.json,62ce1b446117e44841d23975b425d44e269724e1fe25c679f412ee2d0064d816,295569,287,,2000,23875.47306953925,288,generated,27389952,296728,0.002051458,0.278101318,0.519027431,58664094,0,,1,b4e383fc906c697c,3.883709324989468,optimal,3.852647026,2.073351771,True
19699,493f6f942eca3576ac0253ad50581fbe0469e8e417d3f97011c676f7789871fd,23925353,"""instance""",0.000579848,"['taskset', '-c', '2', '<project>/build/release/pclp', 'solve', '--instance', '<project>/data/generated/gen_bilevel_density0.02_n2000_uniform_neg30_r2.json', '--config', '<project>/experiments/runs/ablation/dc75f261ac1e6801/resolved_config.json', '--output', '<project>/experiments/runs/ablation/dc75f261ac1e6801/result.json']",False,with-transitive-reduction,334764,0.716266918,7.056416455,bilevel,0,0,1624,gen_bilevel_density0.02_n2000_uniform_neg30_r2,data/generated/gen_bilevel_density0.02_n2000_uniform_neg30_r2.json,62ce1b446117e44841d23975b425d44e269724e1fe25c679f412ee2d0064d816,340871,287,,2000,23875.47306953925,288,generated,27389952,342207,0.003091106,0.292850353,0.572779728,134293864,0,,0,dc75f261ac1e6801,7.066004210995743,optimal,7.035114234,4.902666152,True
19699,493f6f942eca3576ac0253ad50581fbe0469e8e417d3f97011c676f7789871fd,23925353,"""instance""",0.000582546,"['taskset', '-c', '2', '<project>/build/release/pclp', 'solve', '--instance', '<project>/data/generated/gen_bilevel_density0.02_n2000_uniform_neg30_r2.json', '--config', '<project>/experiments/runs/ablation/e665e953a8873697/resolved_config.json', '--output', '<project>/experiments/runs/ablation/e665e953a8873697/result.json']",False,with-transitive-reduction,334764,0.65528793,6.542825933,bilevel,0,0,1624,gen_bilevel_density0.02_n2000_uniform_neg30_r2,data/generated/gen_bilevel_density0.02_n2000_uniform_neg30_r2.json,62ce1b446117e44841d23975b425d44e269724e1fe25c679f412ee2d0064d816,340871,287,,2000,23875.47306953925,288,generated,27389952,342207,0.002993116,0.26747755900000003,0.532430188,134293864,0,,1,e665e953a8873697,6.661123170997598,optimal,6.523342862,4.531240748,True
1999,493f6f942eca3576ac0253ad50581fbe0469e8e417d3f97011c676f7789871fd,38263627,"""instance""",0.00022219,"['taskset', '-c', '2', '<project>/build/release/pclp', 'solve', '--instance', '<project>/data/generated/gen_chain_plain_n2000_uniform_neg30_r0.json', '--config', '<project>/experiments/runs/ablation/d61e84e6e5656aa1/resolved_config.json', '--output', '<project>/experiments/runs/ablation/d61e84e6e5656aa1/result.json']",False,bland-entering,21068,0.083758605,0.849304543,chain,0,0,94,gen_chain_plain_n2000_uniform_neg30_r0,data/generated/gen_chain_plain_n2000_uniform_neg30_r0.json,24b519dbe2874823630864dcfee5e11cedf443892d43fd14ba00bd55c2593e27,21058,11,,2000,15844.804659498208,12,generated,27389952,21140,0.000325513,0.302715679,0.163879346,10591797,0,,0,d61e84e6e5656aa1,0.8564220609987387,optimal,0.846812337,0.270825061,True
1999,493f6f942eca3576ac0253ad50581fbe0469e8e417d3f97011c676f7789871fd,38263627,"""instance""",0.00023133,"['taskset', '-c', '2', '<project>/build/release/pclp', 'solve', '--instance', '<project>/data/generated/gen_chain_plain_n2000_uniform_neg30_r0.json', '--config', '<project>/experiments/runs/ablation/fdfd41a9e98e7e3f/resolved_config.json', '--output', '<project>/experiments/runs/ablation/fdfd41a9e98e7e3f/result.json']",False,bland-entering,21068,0.08233292,0.831882535,chain,0,0,94,gen_chain_plain_n2000_uniform_neg30_r0,data/generated/gen_chain_plain_n2000_uniform_neg30_r0.json,24b519dbe2874823630864dcfee5e11cedf443892d43fd14ba00bd55c2593e27,21058,11,,2000,15844.804659498208,12,generated,27389952,21140,0.00032075,0.296598475,0.161914729,10591797,0,,1,fdfd41a9e98e7e3f,0.8378697909938637,optimal,0.829324563,0.263292543,True
1999,493f6f942eca3576ac0253ad50581fbe0469e8e417d3f97011c676f7789871fd,26559324,"""instance""",0.000237006,"['taskset', '-c', '2', '<project>/build/release/pclp', 'solve', '--instance', '<project>/data/generated/gen_chain_plain_n2000_uniform_neg30_r0.json', '--config', '<project>/experiments/runs/ablation/2b47724177c67fb9/resolved_config.json', '--output', '<project>/experiments/runs/ablation/2b47724177c67fb9/result.json']",False,close-degeneracy-trigger,14503,0.043873793,0.452317834,chain,0,0,68,gen_chain_plain_n2000_uniform_neg30_r0,data/generated/gen_chain_plain_n2000_uniform_neg30_r0.json,24b519dbe2874823630864dcfee5e11cedf443892d43fd14ba00bd55c2593e27,14474,11,,2000,15844.804659498208,12,generated,27389952,14530,0.00031778,0.19835981,0.093618421,3991280,0,,0,2b47724177c67fb9,0.4592290069995215,optimal,0.449708502,0.100520905,True
1999,493f6f942eca3576ac0253ad50581fbe0469e8e417d3f97011c676f7789871fd,26559324,"""instance""",0.000232364,"['taskset', '-c', '2', '<project>/build/release/pclp', 'solve', '--instance', '<project>/data/generated/gen_chain_plain_n2000_uniform_neg30_r0.json', '--config', '<project>/experiments/runs/ablation/0f9e0abf37da8ddc/resolved_config.json', '--output', '<project>/experiments/runs/ablation/0f9e0abf37da8ddc/result.json']",False,close-degeneracy-trigger,14503,0.051025717,0.547116675,chain,0,0,68,gen_chain_plain_n2000_uniform_neg30_r0,data/generated/gen_chain_plain_n2000_uniform_neg30_r0.json,24b519dbe2874823630864dcfee5e11cedf443892d43fd14ba00bd55c2593e27,14474,11,,2000,15844.804659498208,12,generated,27389952,14530,0.000368039,0.245819117,0.110567203,3991280,0,,1,0f9e0abf37da8ddc,0.5524869860091712,optimal,0.544388936,0.123239756,True
1999,493f6f942eca3576ac0253ad50581fbe0469e8e417d3f97011c676f7789871fd,558114,"""instance""",0.000221567,"['taskset', '-c', '2', '<project>/build/release/pclp', 'solve', '--instance', '<project>/data/generated/gen_chain_plain_n2000_uniform_neg30_r0.json', '--config', '<project>/experiments/runs/ablation/498494581affb91e/resolved_config.json', '--output', '<project>/experiments/runs/ablation/498494581affb91e/result.json']",False,forest-tuned,3495,0.012275984,0.069133326,chain,0,0,25,gen_chain_plain_n2000_uniform_neg30_r0,data/generated/gen_chain_plain_n2000_uniform_neg30_r0.json,24b519dbe2874823630864dcfee5e11cedf443892d43fd14ba00bd55c2593e27,3509,11,,2000,15844.804659498208,12,generated,27389952,3522,0.000343483,0.004567393,0.005662259,1570993,0,,0,498494581affb91e,0.07521460299903993,optimal,0.066396481,0.038644232,True
1999,493f6f942eca3576ac0253ad50581fbe0469e8e417d3f97011c676f7789871fd,558114,"""instance""",0.000214917,"['taskset', '-c', '2', '<project>/build/release/pclp', 'solve', '--instance', '<project>/data/generated/gen_chain_plain_n2000_uniform_neg30_r0.json', '--config', '<project>/experiments/runs/ablation/930090d7c74240de/resolved_config.json', '--output', '<project>/experiments/runs/ablation/930090d7c74240de/result.json']",False,forest-tuned,3495,0.012606911,0.070918352,chain,0,0,25,gen_chain_plain_n2000_uniform_neg30_r0,data/generated/gen_chain_plain_n2000_uniform_neg30_r0.json,24b519dbe2874823630864dcfee5e11cedf443892d43fd14ba00bd55c2593e27,3509,11,,2000,15844.804659498208,12,generated,27389952,3522,0.000365856,0.004758376,0.00583979,1570993,0,,1,930090d7c74240de,0.07689099101116881,optimal,0.068087045,0.039460057,True
1999,493f6f942eca3576ac0253ad50581fbe0469e8e417d3f97011c676f7789871fd,5439359,"""instance""",0.000226684,"['taskset', '-c', '2', '<project>/build/release/pclp', 'solve', '--instance', '<project>/data/generated/gen_chain_plain_n2000_uniform_neg30_r0.json', '--config', '<project>/experiments/runs/ablation/1a248f2c83b90da5/resolved_config.json', '--output', '<project>/experiments/runs/ablation/1a248f2c83b90da5/result.json']",False,full-pricing,2757,0.008106608,0.077889031,chain,0,0,22,gen_chain_plain_n2000_uniform_neg30_r0,data/generated/gen_chain_plain_n2000_uniform_neg30_r0.json,24b519dbe2874823630864dcfee5e11cedf443892d43fd14ba00bd55c2593e27,2776,11,,2000,15844.804659498208,12,generated,27389952,2786,0.000324052,0.045541596,0.006112847,462457,0,,0,1a248f2c83b90da5,0.08398407099593896,optimal,0.075356627,0.011895393,True
1999,493f6f942eca3576ac0253ad50581fbe0469e8e417d3f97011c676f7789871fd,5439359,"""instance""",0.000225706,"['taskset', '-c', '2', '<project>/build/release/pclp', 'solve', '--instance', '<project>/data/generated/gen_chain_plain_n2000_uniform_neg30_r0.json', '--config', '<project>/experiments/runs/ablation/7539786edd6d6f9f/resolved_config.json', '--output', '<project>/experiments/runs/ablation/7539786edd6d6f9f/result.json']",False,full-pricing,2757,0.008310386,0.077602632,chain,0,0,22,gen_chain_plain_n2000_uniform_neg30_r0,data/generated/gen_chain_plain_n2000_uniform_neg30_r0.json,24b519dbe2874823630864dcfee5e11cedf443892d43fd14ba00bd55c2593e27,2776,11,,2000,15844.804659498208,12,generated,27389952,2786,0.000326744,0.045246028,0.005983376,462457,0,,1,7539786edd6d6f9f,0.08328795300622005,optimal,0.075020223,0.01177472,True
1999,493f6f942eca3576ac0253ad50581fbe0469e8e417d3f97011c676f7789871fd,558114,"""instance""",0.000228805,"['taskset', '-c', '2', '<project>/build/release/pclp', 'solve', '--instance', '<project>/data/generated/gen_chain_plain_n2000_uniform_neg30_r0.json', '--config', '<project>/experiments/runs/ablation/88c628630bbc2fd2/resolved_config.json', '--output', '<project>/experiments/runs/ablation/88c628630bbc2fd2/result.json']",False,no-early-ratio-test,3495,0.012391981,0.092947213,chain,0,0,25,gen_chain_plain_n2000_uniform_neg30_r0,data/generated/gen_chain_plain_n2000_uniform_neg30_r0.json,24b519dbe2874823630864dcfee5e11cedf443892d43fd14ba00bd55c2593e27,3509,11,,2000,15844.804659498208,12,generated,27389952,3522,0.000317666,0.004899831,0.02701699,1570993,0,,0,88c628630bbc2fd2,0.09833181599969976,optimal,0.09031241,0.040518412,True
1999,493f6f942eca3576ac0253ad50581fbe0469e8e417d3f97011c676f7789871fd,558114,"""instance""",0.000229595,"['taskset', '-c', '2', '<project>/build/release/pclp', 'solve', '--instance', '<project>/data/generated/gen_chain_plain_n2000_uniform_neg30_r0.json', '--config', '<project>/experiments/runs/ablation/daeb282cb498ad24/resolved_config.json', '--output', '<project>/experiments/runs/ablation/daeb282cb498ad24/result.json']",False,no-early-ratio-test,3495,0.012309988,0.092034183,chain,0,0,25,gen_chain_plain_n2000_uniform_neg30_r0,data/generated/gen_chain_plain_n2000_uniform_neg30_r0.json,24b519dbe2874823630864dcfee5e11cedf443892d43fd14ba00bd55c2593e27,3509,11,,2000,15844.804659498208,12,generated,27389952,3522,0.000347668,0.004855514,0.026815445,1570993,0,,1,daeb282cb498ad24,0.09826437299489044,optimal,0.089471844,0.039989103,True
1999,493f6f942eca3576ac0253ad50581fbe0469e8e417d3f97011c676f7789871fd,558114,"""instance""",0.000214948,"['taskset', '-c', '2', '<project>/build/release/pclp', 'solve', '--instance', '<project>/data/generated/gen_chain_plain_n2000_uniform_neg30_r0.json', '--config', '<project>/experiments/runs/ablation/0b71ccd79b6b7f7d/resolved_config.json', '--output', '<project>/experiments/runs/ablation/0b71ccd79b6b7f7d/result.json']",False,no-local-update,3495,0.0123952,0.191681511,chain,0,0,3534,gen_chain_plain_n2000_uniform_neg30_r0,data/generated/gen_chain_plain_n2000_uniform_neg30_r0.json,24b519dbe2874823630864dcfee5e11cedf443892d43fd14ba00bd55c2593e27,0,11,,2000,15844.804659498208,12,generated,27389952,3522,0.000340572,0.004789772,0.005877528,6799531,0,,0,0b71ccd79b6b7f7d,0.19830201599688735,optimal,0.189137746,0.160668464,True
1999,493f6f942eca3576ac0253ad50581fbe0469e8e417d3f97011c676f7789871fd,558114,"""instance""",0.000219582,"['taskset', '-c', '2', '<project>/build/release/pclp', 'solve', '--instance', '<project>/data/generated/gen_chain_plain_n2000_uniform_neg30_r0.json', '--config', '<project>/experiments/runs/ablation/77bb3fba7dd74f9a/resolved_config.json', '--output', '<project>/experiments/runs/ablation/77bb3fba7dd74f9a/result.json']",False,no-local-update,3495,0.012551581,0.193064603,chain,0,0,3534,gen_chain_plain_n2000_uniform_neg30_r0,data/generated/gen_chain_plain_n2000_uniform_neg30_r0.json,24b519dbe2874823630864dcfee5e11cedf443892d43fd14ba00bd55c2593e27,0,11,,2000,15844.804659498208,12,generated,27389952,3522,0.000320665,0.004854304,0.005944682,6799531,0,,1,77bb3fba7dd74f9a,0.19986879199859686,optimal,0.190452126,0.161702268,True
1999,493f6f942eca3576ac0253ad50581fbe0469e8e417d3f97011c676f7789871fd,558114,"""instance""",0.000223409,"['taskset', '-c', '2', '<project>/build/release/pclp', 'solve', '--instance', '<project>/data/generated/gen_chain_plain_n2000_uniform_neg30_r0.json', '--config', '<project>/experiments/runs/ablation/bf6413a4dcb19288/resolved_config.json', '--output', '<project>/experiments/runs/ablation/bf6413a4dcb19288/result.json']",False,no-restricted-ratio-test,3495,0.012534554,0.086507586,chain,0,0,25,gen_chain_plain_n2000_uniform_neg30_r0,data/generated/gen_chain_plain_n2000_uniform_neg30_r0.json,24b519dbe2874823630864dcfee5e11cedf443892d43fd14ba00bd55c2593e27,3509,11,,2000,15844.804659498208,12,generated,27389952,3522,0.000351127,0.004851828,0.021349514,1570993,0,,0,bf6413a4dcb19288,0.09257531899493188,optimal,0.083884351,0.039637095,True
1999,493f6f942eca3576ac0253ad50581fbe0469e8e417d3f97011c676f7789871fd,558114,"""instance""",0.00022989,"['taskset', '-c', '2', '<project>/build/release/pclp', 'solve', '--instance', '<project>/data/generated/gen_chain_plain_n2000_uniform_neg30_r0.json', '--config', '<project>/experiments/runs/ablation/c7cabe76bd56dbf0/resolved_config.json', '--output', '<project>/experiments/runs/ablation/c7cabe76bd56dbf0/result.json']",False,no-restricted-ratio-test,3495,0.012158232,0.085702543,chain,0,0,25,gen_chain_plain_n2000_uniform_neg30_r0,data/generated/gen_chain_plain_n2000_uniform_neg30_r0.json,24b519dbe2874823630864dcfee5e11cedf443892d43fd14ba00bd55c2593e27,3509,11,,2000,15844.804659498208,12,generated,27389952,3522,0.000330074,0.004826531,0.02132007,1570993,0,,1,c7cabe76bd56dbf0,0.09225546300876886,optimal,0.083147962,0.039420573,True
1999,493f6f942eca3576ac0253ad50581fbe0469e8e417d3f97011c676f7789871fd,558114,"""instance""",0.000233735,"['taskset', '-c', '2', '<project>/build/release/pclp', 'solve', '--instance', '<project>/data/generated/gen_chain_plain_n2000_uniform_neg30_r0.json', '--config', '<project>/experiments/runs/ablation/46faf2ca1f6e398d/resolved_config.json', '--output', '<project>/experiments/runs/ablation/46faf2ca1f6e398d/result.json']",False,sequential-canonicalization,3495,0.01229551,0.070776896,chain,0,0,25,gen_chain_plain_n2000_uniform_neg30_r0,data/generated/gen_chain_plain_n2000_uniform_neg30_r0.json,24b519dbe2874823630864dcfee5e11cedf443892d43fd14ba00bd55c2593e27,3509,11,,2000,15844.804659498208,12,generated,27389952,3522,0.000373395,0.004872515,0.005992669,1570993,0,,0,46faf2ca1f6e398d,0.07618412800366059,optimal,0.068210016,0.039701717,True
1999,493f6f942eca3576ac0253ad50581fbe0469e8e417d3f97011c676f7789871fd,558114,"""instance""",0.000230489,"['taskset', '-c', '2', '<project>/build/release/pclp', 'solve', '--instance', '<project>/data/generated/gen_chain_plain_n2000_uniform_neg30_r0.json', '--config', '<project>/experiments/runs/ablation/0df4fe0ebab4020f/resolved_config.json', '--output', '<project>/experiments/runs/ablation/0df4fe0ebab4020f/result.json']",False,sequential-canonicalization,3495,0.012501348,0.071605324,chain,0,0,25,gen_chain_plain_n2000_uniform_neg30_r0,data/generated/gen_chain_plain_n2000_uniform_neg30_r0.json,24b519dbe2874823630864dcfee5e11cedf443892d43fd14ba00bd55c2593e27,3509,11,,2000,15844.804659498208,12,generated,27389952,3522,0.000324598,0.004979472,0.006105781,1570993,0,,1,0df4fe0ebab4020f,0.07846507801150437,optimal,0.069039318,0.040076228,True
1999,493f6f942eca3576ac0253ad50581fbe0469e8e417d3f97011c676f7789871fd,798846,"""instance""",0.000235653,"['taskset', '-c', '2', '<project>/build/release/pclp', 'solve', '--instance', '<project>/data/generated/gen_chain_plain_n2000_uniform_neg30_r0.json', '--config', '<project>/experiments/runs/ablation/de2ea9827ab373ee/resolved_config.json', '--output', '<project>/experiments/runs/ablation/de2ea9827ab373ee/result.json']",False,sink-initial-basis,10944,0.022911306,0.067383462,chain,0,0,54,gen_chain_plain_n2000_uniform_neg30_r0,data/generated/gen_chain_plain_n2000_uniform_neg30_r0.json,24b519dbe2874823630864dcfee5e11cedf443892d43fd14ba00bd55c2593e27,10933,11,,2000,15844.804659498208,12,generated,27389952,10975,0.000340825,0.008922373,0.018945081,238636,0,,0,de2ea9827ab373ee,0.07353725099528674,optimal,0.064716902,0.007862507,True
1999,493f6f942eca3576ac0253ad50581fbe0469e8e417d3f97011c676f7789871fd,798846,"""instance""",0.000272022,"['taskset', '-c', '2', '<project>/build/release/pclp', 'solve', '--instance', '<project>/data/generated/gen_chain_plain_n2000_uniform_neg30_r0.json', '--config', '<project>/experiments/runs/ablation/6c12160038683ca6/resolved_config.json', '--output', '<project>/experiments/runs/ablation/6c12160038683ca6/result.json']",False,sink-initial-basis,10944,0.022102195,0.066604162,chain,0,0,54,gen_chain_plain_n2000_uniform_neg30_r0,data/generated/gen_chain_plain_n2000_uniform_neg30_r0.json,24b519dbe2874823630864dcfee5e11cedf443892d43fd14ba00bd55c2593e27,10933,11,,2000,15844.804659498208,12,generated,27389952,10975,0.00033731,0.008938104,0.018967024,238636,0,,1,6c12160038683ca6,0.07092081299924757,optimal,0.0640644,0.007940197,True
1999,493f6f942eca3576ac0253ad50581fbe0469e8e417d3f97011c676f7789871fd,558114,"""instance""",0.000218036,"['taskset', '-c', '2', '<project>/build/release/pclp', 'solve', '--instance', '<project>/data/generated/gen_chain_plain_n2000_uniform_neg30_r0.json', '--config', '<project>/experiments/runs/ablation/bbfbf55e8aeb524e/resolved_config.json', '--output', '<project>/experiments/runs/ablation/bbfbf55e8aeb524e/result.json']",False,with-transitive-reduction,3495,0.012963897,0.072610194,chain,0,0,25,gen_chain_plain_n2000_uniform_neg30_r0,data/generated/gen_chain_plain_n2000_uniform_neg30_r0.json,24b519dbe2874823630864dcfee5e11cedf443892d43fd14ba00bd55c2593e27,3509,11,,2000,15844.804659498208,12,generated,27389952,3522,0.000570119,0.004966695,0.006212726,1570993,0,,0,bbfbf55e8aeb524e,0.07837241199740674,optimal,0.070041316,0.04018606,True
1999,493f6f942eca3576ac0253ad50581fbe0469e8e417d3f97011c676f7789871fd,558114,"""instance""",0.000216093,"['taskset', '-c', '2', '<project>/build/release/pclp', 'solve', '--instance', '<project>/data/generated/gen_chain_plain_n2000_uniform_neg30_r0.json', '--config', '<project>/experiments/runs/ablation/7038b9bd86d99f50/resolved_config.json', '--output', '<project>/experiments/runs/ablation/7038b9bd86d99f50/result.json']",False,with-transitive-reduction,3495,0.012859744,0.071044591,chain,0,0,25,gen_chain_plain_n2000_uniform_neg30_r0,data/generated/gen_chain_plain_n2000_uniform_neg30_r0.json,24b519dbe2874823630864dcfee5e11cedf443892d43fd14ba00bd55c2593e27,3509,11,,2000,15844.804659498208,12,generated,27389952,3522,0.000583999,0.004821864,0.005957216,1570993,0,,1,7038b9bd86d99f50,0.07744665499194525,optimal,0.068546157,0.039306937,True
1999,493f6f942eca3576ac0253ad50581fbe0469e8e417d3f97011c676f7789871fd,41128828,"""instance""",0.00020101,"['taskset', '-c', '2', '<project>/build/release/pclp', 'solve', '--instance', '<project>/data/generated/gen_chain_plain_n2000_uniform_neg30_r1.json', '--config', '<project>/experiments/runs/ablation/cd347d5d00398d70/resolved_config.json', '--output', '<project>/experiments/runs/ablation/cd347d5d00398d70/result.json']",False,bland-entering,21073,0.083896118,0.877338694,chain,0,0,89,gen_chain_plain_n2000_uniform_neg30_r1,data/generated/gen_chain_plain_n2000_uniform_neg30_r1.json,532bc50cccf0a2fadc7721ed0e0ec5e0eb03be1efb4c8907da2f40f920baa1a2,21091,6,,2000,190.4533466070703,7,generated,27389952,21173,0.000323155,0.311430498,0.169333241,11544656,0,,0,cd347d5d00398d70,0.8832268760015722,optimal,0.874706825,0.283875784,True
1999,493f6f942eca3576ac0253ad50581fbe0469e8e417d3f97011c676f7789871fd,41128828,"""instance""",0.000200786,"['taskset', '-c', '2', '<project>/build/release/pclp', 'solve', '--instance', '<project>/data/generated/gen_chain_plain_n2000_uniform_neg30_r1.json', '--config', '<project>/experiments/runs/ablation/5bf1f8942d7eef6c/resolved_config.json', '--output', '<project>/experiments/runs/ablation/5bf1f8942d7eef6c/result.json']",False,bland-entering,21073,0.086187867,0.878553287,chain,0,0,89,gen_chain_plain_n2000_uniform_neg30_r1,data/generated/gen_chain_plain_n2000_uniform_neg30_r1.json,532bc50cccf0a2fadc7721ed0e0ec5e0eb03be1efb4c8907da2f40f920baa1a2,21091,6,,2000,190.4533466070703,7,generated,27389952,21173,0.000319229,0.312570466,0.169113944,11544656,0,,1,5bf1f8942d7eef6c,0.8851139990001684,optimal,0.875855383,0.281740611,True
1999,493f6f942eca3576ac0253ad50581fbe0469e8e417d3f97011c676f7789871fd,28766314,"""instance""",0.000214315,"['taskset', '-c', '2', '<project>/build/release/pclp', 'solve', '--instance', '<project>/data/generated/gen_chain_plain_n2000_uniform_neg30_r1.json', '--config', '<project>/experiments/runs/ablation/3e78334de51144f6/resolved_config.json', '--output', '<project>/experiments/runs/ablation/3e78334de51144f6/result.json']",False,close-degeneracy-trigger,14821,0.048200134,0.545110003,chain,0,0,64,gen_chain_plain_n2000_uniform_neg30_r1,data/generated/gen_chain_plain_n2000_uniform_neg30_r1.json,532bc50cccf0a2fadc7721ed0e0ec5e0eb03be1efb4c8907da2f40f920baa1a2,14786,6,,2000,190.4533466070703,7,generated,27389952,14843,0.00039628,0.220318107,0.11077401,5796112,0,,0,3e78334de51144f6,0.5520271529967431,optimal,0.542033844,0.146460693,True
1999,493f6f942eca3576ac0253ad50581fbe0469e8e417d3f97011c676f7789871fd,28766314,"""instance""",0.000213177,"['taskset', '-c', '2', '<project>/build/release/pclp', 'solve', '--instance', '<project>/data/generated/gen_chain_plain_n2000_uniform_neg30_r1.json', '--config', '<project>/experiments/runs/ablation/f32e13a2354f4d98/resolved_config.json', '--output', '<project>/experiments/runs/ablation/f32e13a2354f4d98/result.json']",False,close-degeneracy-trigger,14821,0.049777854,0.547914315,chain,0,0,64,gen_chain_plain_n2000_uniform_neg30_r1,data/generated/gen_chain_plain_n2000_uniform_neg30_r1.json,532bc50cccf0a2fadc7721ed0e0ec5e0eb03be1efb4c8907da2f40f920baa1a2,14786,6,,2000,190.4533466070703,7,generated,27389952,14843,0.000417919,0.220686435,0.110104024,5796112,0,,1,f32e13a2354f4d98,0.554215625001234,optimal,0.544811135,0.14778367,True
1999,493f6f942eca3576ac0253ad50581fbe0469e8e417d3f97011c676f7789871fd,517117,"""instance""",0.000197414,"['taskset', '-c', '2', '<project>/build/release/pclp', 'solve', '--instance', '<project>/data/generated/gen_chain_plain_n2000_uniform_neg30_r1.json', '--config', '<project>/experiments/runs/ablation/b4a4d5592e766666/resolved_config.json', '--output', '<project>/experiments/runs/ablation/b4a4d5592e766666/result.json']",False,forest-tuned,3399,0.014230898,0.089444355,chain,0,0,20,gen_chain_plain_n2000_uniform_neg30_r1,data/generated/gen_chain_plain_n2000_uniform_neg30_r1.json,532bc50cccf0a2fadc7721ed0e0ec5e0eb03be1efb4c8907da2f40f920baa1a2,3408,6,,2000,190.4533466070703,7,generated,27389952,3421,0.000328524,0.004734888,0.006435327,2128125,0,,0,b4a4d5592e766666,0.09585644000617322,optimal,0.086803783,0.055062211,True
1999,493f6f942eca3576ac0253ad50581fbe0469e8e417d3f97011c676f7789871fd,517117,"""instance""",0.000194707,"['taskset', '-c', '2', '<project>/build/release/pclp', 'solve', '--instance', '<project>/data/generated/gen_chain_plain_n2000_uniform_neg30_r1.json', '--config', '<project>/experiments/runs/ablation/b833ac0539ca59b6/resolved_config.json', '--output', '<project>/experiments/runs/ablation/b833ac0539ca59b6/result.json']",False,forest-tuned,3399,0.014886636,0.089214431,chain,0,0,20,gen_chain_plain_n2000_uniform_neg30_r1,data/generated/gen_chain_plain_n2000_uniform_neg30_r1.json,532bc50cccf0a2fadc7721ed0e0ec5e0eb03be1efb4c8907da2f40f920baa1a2,3408,6,,2000,190.4533466070703,7,generated,27389952,3421,0.000367047,0.004725887,0.006235381,2128125,0,,1,b833ac0539ca59b6,0.09521728400432039,optimal,0.086489255,0.054402379,True
1999,493f6f942eca3576ac0253ad50581fbe0469e8e417d3f97011c676f7789871fd,5790660,"""instance""",0.000209676,"['taskset', '-c', '2', '<project>/build/release/pclp', 'solve', '--instance', '<project>/data/generated/gen_chain_plain_n2000_uniform_neg30_r1.json', '--config', '<project>/experiments/runs/ablation/6f70e52e05883798/resolved_config.json', '--output', '<project>/experiments/runs/ablation/6f70e52e05883798/result.json']",False,full-pricing,2888,0.009272579,0.082661173,chain,0,0,18,gen_chain_plain_n2000_uniform_neg30_r1,data/generated/gen_chain_plain_n2000_uniform_neg30_r1.json,532bc50cccf0a2fadc7721ed0e0ec5e0eb03be1efb4c8907da2f40f920baa1a2,2904,6,,2000,190.4533466070703,7,generated,27389952,2915,0.000359329,0.046210316,0.006513258,547885,0,,0,6f70e52e05883798,0.08727667399216443,optimal,0.079771026,0.013915693,True
1999,493f6f942eca3576ac0253ad50581fbe0469e8e417d3f97011c676f7789871fd,5790660,"""instance""",0.000200845,"['taskset', '-c', '2', '<project>/build/release/pclp', 'solve', '--instance', '<project>/data/generated/gen_chain_plain_n2000_uniform_neg30_r1.json', '--config', '<project>/experiments/runs/ablation/17250ffa47914f52/resolved_config.json', '--output', '<project>/experiments/runs/ablation/17250ffa47914f52/result.json']",False,full-pricing,2888,0.010033356,0.082854999,chain,0,0,18,gen_chain_plain_n2000_uniform_neg30_r1,data/generated/gen_chain_plain_n2000_uniform_neg30_r1.json,532bc50cccf0a2fadc7721ed0e0ec5e0eb03be1efb4c8907da2f40f920baa1a2,2904,6,,2000,190.4533466070703,7,generated,27389952,2915,0.000331667,0.046237589,0.006532254,547885,0,,1,17250ffa47914f52,0.08884842600673437,optimal,0.080335184,0.013696461,True
1999,493f6f942eca3576ac0253ad50581fbe0469e8e417d3f97011c676f7789871fd,517117,"""instance""",0.000197619,"['taskset', '-c', '2', '<project>/build/release/pclp', 'solve', '--instance', '<project>/data/generated/gen_chain_plain_n2000_uniform_neg30_r1.json', '--config', '<project>/experiments/runs/ablation/2ca383a7aaf0c18e/resolved_config.json', '--output', '<project>/experiments/runs/ablation/2ca383a7aaf0c18e/result.json']",False,no-early-ratio-test,3399,0.014798585,0.112769442,chain,0,0,20,gen_chain_plain_n2000_uniform_neg30_r1,data/generated/gen_chain_plain_n2000_uniform_neg30_r1.json,532bc50cccf0a2fadc7721ed0e0ec5e0eb03be1efb4c8907da2f40f920baa1a2,3408,6,,2000,190.4533466070703,7,generated,27389952,3421,0.000332627,0.004676977,0.029896783,2128125,0,,0,2ca383a7aaf0c18e,0.1192352419893723,optimal,0.110068725,0.054489061,True
1999,493f6f942eca3576ac0253ad50581fbe0469e8e417d3f97011c676f7789871fd,517117,"""instance""",0.000206454,"['taskset', '-c', '2', '<project>/build/release/pclp', 'solve', '--instance', '<project>/data/generated/gen_chain_plain_n2000_uniform_neg30_r1.json', '--config', '<project>/experiments/runs/ablation/5820fee49b3c6048/resolved_config.json', '--output', '<project>/experiments/runs/ablation/5820fee49b3c6048/result.json']",False,no-early-ratio-test,3399,0.014338956,0.111406173,chain,0,0,20,gen_chain_plain_n2000_uniform_neg30_r1,data/generated/gen_chain_plain_n2000_uniform_neg30_r1.json,532bc50cccf0a2fadc7721ed0e0ec5e0eb03be1efb4c8907da2f40f920baa1a2,3408,6,,2000,190.4533466070703,7,generated,27389952,3421,0.000356943,0.004658713,0.029512133,2128125,0,,1,5820fee49b3c6048,0.11733128099876922,optimal,0.108687844,0.054036038,True
1999,493f6f942eca3576ac0253ad50581fbe0469e8e417d3f97011c676f7789871fd,517117,"""instance""",0.000196554,"['taskset', '-c', '2', '<project>/build/release/pclp', 'solve', '--instance', '<project>/data/generated/gen_chain_plain_n2000_uniform_neg30_r1.json', '--config', '<project>/experiments/runs/ablation/57536f45a380464a/resolved_config.json', '--output', '<project>/experiments/runs/ablation/57536f45a380464a/result.json']",False,no-local-update,3399,0.013855328,0.2006412,chain,0,0,3428,gen_chain_plain_n2000_uniform_neg30_r1,data/generated/gen_chain_plain_n2000_uniform_neg30_r1.json,532bc50cccf0a2fadc7721ed0e0ec5e0eb03be1efb4c8907da2f40f920baa1a2,0,6,,2000,190.4533466070703,7,generated,27389952,3421,0.000314923,0.004707734,0.006204937,6771346,0,,0,57536f45a380464a,0.20749201299622655,optimal,0.198045277,0.167107684,True
1999,493f6f942eca3576ac0253ad50581fbe0469e8e417d3f97011c676f7789871fd,517117,"""instance""",0.000193937,"['taskset', '-c', '2', '<project>/build/release/pclp', 'solve', '--instance', '<project>/data/generated/gen_chain_plain_n2000_uniform_neg30_r1.json', '--config', '<project>/experiments/runs/ablation/a70d09fc5447eac1/resolved_config.json', '--output', '<project>/experiments/runs/ablation/a70d09fc5447eac1/result.json']",False,no-local-update,3399,0.014360215,0.20652667,chain,0,0,3428,gen_chain_plain_n2000_uniform_neg30_r1,data/generated/gen_chain_plain_n2000_uniform_neg30_r1.json,532bc50cccf0a2fadc7721ed0e0ec5e0eb03be1efb4c8907da2f40f920baa1a2,0,6,,2000,190.4533466070703,7,generated,27389952,3421,0.000334738,0.004811596,0.006434683,6771346,0,,1,a70d09fc5447eac1,0.21328166499733925,optimal,0.203896143,0.172036518,True
1999,493f6f942eca3576ac0253ad50581fbe0469e8e417d3f97011c676f7789871fd,517117,"""instance""",0.000196541,"['taskset', '-c', '2', '<project>/build/release/pclp', 'solve', '--instance', '<project>/data/generated/gen_chain_plain_n2000_uniform_neg30_r1.json', '--config', '<project>/experiments/runs/ablation/9bdf790394158706/resolved_config.json', '--output', '<project>/experiments/runs/ablation/9bdf790394158706/result.json']",False,no-restricted-ratio-test,3399,0.013763415,0.102142928,chain,0,0,20,gen_chain_plain_n2000_uniform_neg30_r1,data/generated/gen_chain_plain_n2000_uniform_neg30_r1.json,532bc50cccf0a2fadc7721ed0e0ec5e0eb03be1efb4c8907da2f40f920baa1a2,3408,6,,2000,190.4533466070703,7,generated,27389952,3421,0.000329287,0.004576686,0.021763121,2128125,0,,0,9bdf790394158706,0.10805171899846755,optimal,0.099455439,0.053289476,True
1999,493f6f942eca3576ac0253ad50581fbe0469e8e417d3f97011c676f7789871fd,517117,"""instance""",0.000196207,"['taskset', '-c', '2', '<project>/build/release/pclp', 'solve', '--instance', '<project>/data/generated/gen_chain_plain_n2000_uniform_neg30_r1.json', '--config', '<project>/experiments/runs/ablation/5ae3eb193e3c15fc/resolved_config.json', '--output', '<project>/experiments/runs/ablation/5ae3eb193e3c15fc/result.json']",False,no-restricted-ratio-test,3399,0.014665324,0.110292829,chain,0,0,20,gen_chain_plain_n2000_uniform_neg30_r1,data/generated/gen_chain_plain_n2000_uniform_neg30_r1.json,532bc50cccf0a2fadc7721ed0e0ec5e0eb03be1efb4c8907da2f40f920baa1a2,3408,6,,2000,190.4533466070703,7,generated,27389952,3421,0.000409198,0.004878699,0.02399218,2128125,0,,1,5ae3eb193e3c15fc,0.11622905399417505,optimal,0.10725254,0.05747187,True
1999,493f6f942eca3576ac0253ad50581fbe0469e8e417d3f97011c676f7789871fd,517117,"""instance""",0.000203902,"['taskset', '-c', '2', '<project>/build/release/pclp', 'solve', '--instance', '<project>/data/generated/gen_chain_plain_n2000_uniform_neg30_r1.json', '--config', '<project>/experiments/runs/ablation/ee5f706b9ff07402/resolved_config.json', '--output', '<project>/experiments/runs/ablation/ee5f706b9ff07402/result.json']",False,sequential-canonicalization,3399,0.01433653,0.090887347,chain,0,0,20,gen_chain_plain_n2000_uniform_neg30_r1,data/generated/gen_chain_plain_n2000_uniform_neg30_r1.json,532bc50cccf0a2fadc7721ed0e0ec5e0eb03be1efb4c8907da2f40f920baa1a2,3408,6,,2000,190.4533466070703,7,generated,27389952,3421,0.000409639,0.004780536,0.00628708,2128125,0,,0,ee5f706b9ff07402,0.09700404299655929,optimal,0.087712463,0.056136917,True
1999,493f6f942eca3576ac0253ad50581fbe0469e8e417d3f97011c676f7789871fd,517117,"""instance""",0.000207383,"['taskset', '-c', '2', '<project>/build/release/pclp', 'solve', '--instance', '<project>/data/generated/gen_chain_plain_n2000_uniform_neg30_r1.json', '--config', '<project>/experiments/runs/ablation/ee1c40e0eeba7239/resolved_config.json', '--output', '<project>/experiments/runs/ablation/ee1c40e0eeba7239/result.json']",False,sequential-canonicalization,3399,0.014660816,0.09268318,chain,0,0,20,gen_chain_plain_n2000_uniform_neg30_r1,data/generated/gen_chain_plain_n2000_uniform_neg30_r1.json,532bc50cccf0a2fadc7721ed0e0ec5e0eb03be1efb4c8907da2f40f920baa1a2,3408,6,,2000,190.4533466070703,7,generated,27389952,3421,0.00042458,0.004856858,0.006445485,2128125,0,,1,ee1c40e0eeba7239,0.09824027500872035,optimal,0.089573632,0.057378146,True
1999,493f6f942eca3576ac0253ad50581fbe0469e8e417d3f97011c676f7789871fd,754608,"""instance""",0.000198571,"['taskset', '-c', '2', '<project>/build/release/pclp', 'solve', '--instance', '<project>/data/generated/gen_chain_plain_n2000_uniform_neg30_r1.json', '--config', '<project>/experiments/runs/ablation/d4b91ae2e36f00ad/resolved_config.json', '--output', '<project>/experiments/runs/ablation/d4b91ae2e36f00ad/result.json']",False,sink-initial-basis,10461,0.020102371,0.061523329,chain,0,0,47,gen_chain_plain_n2000_uniform_neg30_r1,data/generated/gen_chain_plain_n2000_uniform_neg30_r1.json,532bc50cccf0a2fadc7721ed0e0ec5e0eb03be1efb4c8907da2f40f920baa1a2,10435,6,,2000,190.4533466070703,7,generated,27389952,10475,0.000332989,0.00822692,0.017486475,231350,0,,0,d4b91ae2e36f00ad,0.06751346398959868,optimal,0.058836477,0.007261453,True
1999,493f6f942eca3576ac0253ad50581fbe0469e8e417d3f97011c676f7789871fd,754608,"""instance""",0.000200712,"['taskset', '-c', '2', '<project>/build/release/pclp', 'solve', '--instance', '<project>/data/generated/gen_chain_plain_n2000_uniform_neg30_r1.json', '--config', '<project>/experiments/runs/ablation/bbb5b5cacd6ce1cf/resolved_config.json', '--output', '<project>/experiments/runs/ablation/bbb5b5cacd6ce1cf/result.json']",False,sink-initial-basis,10461,0.019847568,0.060902108,chain,0,0,47,gen_chain_plain_n2000_uniform_neg30_r1,data/generated/gen_chain_plain_n2000_uniform_neg30_r1.json,532bc50cccf0a2fadc7721ed0e0ec5e0eb03be1efb4c8907da2f40f920baa1a2,10435,6,,2000,190.4533466070703,7,generated,27389952,10475,0.00032277,0.008136726,0.017296023,231350,0,,1,bbb5b5cacd6ce1cf,0.06793592999747489,optimal,0.05826131,0.007312146,True
1999,493f6f942eca3576ac0253ad50581fbe0469e8e417d3f97011c676f7789871fd,517117,"""instance""",0.000194466,"['taskset', '-c', '2', '<project>/build/release/pclp', 'solve', '--instance', '<project>/data/generated/gen_chain_plain_n2000_uniform_neg30_r1.json', '--config', '<project>/experiments/runs/ablation/59da09c342f37167/resolved_config.json', '--output', '<project>/experiments/runs/ablation/59da09c342f37167/result.json']",False,with-transitive-reduction,3399,0.014158037,0.088457924,chain,0,0,20,gen_chain_plain_n2000_uniform_neg30_r1,data/generated/gen_chain_plain_n2000_uniform_neg30_r1.json,532bc50cccf0a2fadc7721ed0e0ec5e0eb03be1efb4c8907da2f40f920baa1a2,3408,6,,2000,190.4533466070703,7,generated,27389952,3421,0.000548059,0.004681714,0.006181801,2128125,0,,0,59da09c342f37167,0.09449573900201358,optimal,0.085882053,0.054497911,True
1999,493f6f942eca3576ac0253ad50581fbe0469e8e417d3f97011c676f7789871fd,517117,"""instance""",0.000192554,"['taskset', '-c', '2', '<project>/build/release/pclp', 'solve', '--instance', '<project>/data/generated/gen_chain_plain_n2000_uniform_neg30_r1.json', '--config', '<project>/experiments/runs/ablation/84225f7128f9eb5a/resolved_config.json', '--output', '<project>/experiments/runs/ablation/84225f7128f9eb5a/result.json']",False,with-transitive-reduction,3399,0.01390263,0.087088746,chain,0,0,20,gen_chain_plain_n2000_uniform_neg30_r1,data/generated/gen_chain_plain_n2000_uniform_neg30_r1.json,532bc50cccf0a2fadc7721ed0e0ec5e0eb03be1efb4c8907da2f40f920baa1a2,3408,6,,2000,190.4533466070703,7,generated,27389952,3421,0.000596084,0.00463259,0.0061432,2128125,0,,1,84225f7128f9eb5a,0.09358939398953225,optimal,0.084394779,0.05336651,True
1999,493f6f942eca3576ac0253ad50581fbe0469e8e417d3f97011c676f7789871fd,9316164,"""instance""",0.000228276,"['taskset', '-c', '2', '<project>/build/release/pclp', 'solve', '--instance', '<project>/data/generated/gen_chain_plain_n2000_uniform_neg30_r2.json', '--config', '<project>/experiments/runs/ablation/c74e49982cb2ef69/resolved_config.json', '--output', '<project>/experiments/runs/ablation/c74e49982cb2ef69/result.json']",True,bland-entering,4643,0.024030224,0.236259146,chain,0,0,21,gen_chain_plain_n2000_uniform_neg30_r2,data/generated/gen_chain_plain_n2000_uniform_neg30_r2.json,8c156ca393d219f3f0433f24b598ef3ddf6e2745f7e19a805f6b08342b64e703,4642,3,,2000,10231.488992353232,3,generated,27389952,4660,0.000352354,0.069998892,0.042977993,3556747,0,,0,c74e49982cb2ef69,0.24318537100043613,optimal,0.233680468,0.088666502,True
1999,493f6f942eca3576ac0253ad50581fbe0469e8e417d3f97011c676f7789871fd,9316164,"""instance""",0.0002244,"['taskset', '-c', '2', '<project>/build/release/pclp', 'solve', '--instance', '<project>/data/generated/gen_chain_plain_n2000_uniform_neg30_r2.json', '--config', '<project>/experiments/runs/ablation/c61a49338eb0a82d/resolved_config.json', '--output', '<project>/experiments/runs/ablation/c61a49338eb0a82d/result.json']",True,bland-entering,4643,0.02349061,0.237599965,chain,0,0,21,gen_chain_plain_n2000_uniform_neg30_r2,data/generated/gen_chain_plain_n2000_uniform_neg30_r2.json,8c156ca393d219f3f0433f24b598ef3ddf6e2745f7e19a805f6b08342b64e703,4642,3,,2000,10231.488992353232,3,generated,27389952,4660,0.000344798,0.070583808,0.04336349,3556747,0,,1,c61a49338eb0a82d,0.2432463010045467,optimal,0.234958551,0.089445137,True
1999,493f6f942eca3576ac0253ad50581fbe0469e8e417d3f97011c676f7789871fd,8250945,"""instance""",0.0002154,"['taskset', '-c', '2', '<project>/build/release/pclp', 'solve', '--instance', '<project>/data/generated/gen_chain_plain_n2000_uniform_neg30_r2.json', '--config', '<project>/experiments/runs/ablation/70a275cbbd90b1a1/resolved_config.json', '--output', '<project>/experiments/runs/ablation/70a275cbbd90b1a1/result.json']",True,close-degeneracy-trigger,4185,0.01832842,0.183292143,chain,0,0,19,gen_chain_plain_n2000_uniform_neg30_r2,data/generated/gen_chain_plain_n2000_uniform_neg30_r2.json,8c156ca393d219f3f0433f24b598ef3ddf6e2745f7e19a805f6b08342b64e703,4172,3,,2000,10231.488992353232,3,generated,27389952,4188,0.000323013,0.060271472,0.033924152,2548878,0,,0,70a275cbbd90b1a1,0.1912457500002347,optimal,0.180796645,0.062016798,True
1999,493f6f942eca3576ac0253ad50581fbe0469e8e417d3f97011c676f7789871fd,8250945,"""instance""",0.000221342,"['taskset', '-c', '2', '<project>/build/release/pclp', 'solve', '--instance', '<project>/data/generated/gen_chain_plain_n2000_uniform_neg30_r2.json', '--config', '<project>/experiments/runs/ablation/98da333f0e0f2ee5/resolved_config.json', '--output', '<project>/experiments/runs/ablation/98da333f0e0f2ee5/result.json']",True,close-degeneracy-trigger,4185,0.018259914,0.182308688,chain,0,0,19,gen_chain_plain_n2000_uniform_neg30_r2,data/generated/gen_chain_plain_n2000_uniform_neg30_r2.json,8c156ca393d219f3f0433f24b598ef3ddf6e2745f7e19a805f6b08342b64e703,4172,3,,2000,10231.488992353232,3,generated,27389952,4188,0.000329273,0.059853713,0.033700095,2548878,0,,1,98da333f0e0f2ee5,0.18788244799361564,optimal,0.179840575,0.061816852,True
1999,493f6f942eca3576ac0253ad50581fbe0469e8e417d3f97011c676f7789871fd,214101,"""instance""",0.000224731,"['taskset', '-c', '2', '<project>/build/release/pclp', 'solve', '--instance', '<project>/data/generated/gen_chain_plain_n2000_uniform_neg30_r2.json', '--config', '<project>/experiments/runs/ablation/74347c15da7365e5/resolved_config.json', '--output', '<project>/experiments/runs/ablation/74347c15da7365e5/result.json']",True,forest-tuned,2077,0.009516424,0.059972815,chain,0,0,11,gen_chain_plain_n2000_uniform_neg30_r2,data/generated/gen_chain_plain_n2000_uniform_neg30_r2.json,8c156ca393d219f3f0433f24b598ef3ddf6e2745f7e19a805f6b08342b64e703,2072,3,,2000,10231.488992353232,3,generated,27389952,2080,0.000343961,0.001928121,0.002839128,1551993,0,,0,74347c15da7365e5,0.06605599699832965,optimal,0.057388524,0.038980819,True
1999,493f6f942eca3576ac0253ad50581fbe0469e8e417d3f97011c676f7789871fd,214101,"""instance""",0.000225516,"['taskset', '-c', '2', '<project>/build/release/pclp', 'solve', '--instance', '<project>/data/generated/gen_chain_plain_n2000_uniform_neg30_r2.json', '--config', '<project>/experiments/runs/ablation/4c487ae396955758/resolved_config.json', '--output', '<project>/experiments/runs/ablation/4c487ae396955758/result.json']",True,forest-tuned,2077,0.009637407,0.060624195,chain,0,0,11,gen_chain_plain_n2000_uniform_neg30_r2,data/generated/gen_chain_plain_n2000_uniform_neg30_r2.json,8c156ca393d219f3f0433f24b598ef3ddf6e2745f7e19a805f6b08342b64e703,2072,3,,2000,10231.488992353232,3,generated,27389952,2080,0.000323205,0.001956436,0.002747757,1551993,0,,1,4c487ae396955758,0.06691226200200617,optimal,0.058105527,0.039595137,True
1999,493f6f942eca3576ac0253ad50581fbe0469e8e417d3f97011c676f7789871fd,3853351,"""instance""",0.000218318,"['taskset', '-c', '2', '<project>/build/release/pclp', 'solve', '--instance', '<project>/data/generated/gen_chain_plain_n2000_uniform_neg30_r2.json', '--config', '<project>/experiments/runs/ablation/44fa2dd09fc70937/resolved_config.json', '--output', '<project>/experiments/runs/ablation/44fa2dd09fc70937/result.json']",True,full-pricing,1922,0.006124639,0.062919594,chain,0,0,10,gen_chain_plain_n2000_uniform_neg30_r2,data/generated/gen_chain_plain_n2000_uniform_neg30_r2.json,8c156ca393d219f3f0433f24b598ef3ddf6e2745f7e19a805f6b08342b64e703,1918,3,,2000,10231.488992353232,3,generated,27447296,1925,0.000336571,0.031856978,0.003306868,633341,0,,0,44fa2dd09fc70937,0.06941379999625497,optimal,0.06036036,0.016181761,True
1999,493f6f942eca3576ac0253ad50581fbe0469e8e417d3f97011c676f7789871fd,3853351,"""instance""",0.000225583,"['taskset', '-c', '2', '<project>/build/release/pclp', 'solve', '--instance', '<project>/data/generated/gen_chain_plain_n2000_uniform_neg30_r2.json', '--config', '<project>/experiments/runs/ablation/e482cfdb2e489224/resolved_config.json', '--output', '<project>/experiments/runs/ablation/e482cfdb2e489224/result.json']",True,full-pricing,1922,0.00628974,0.064490906,chain,0,0,10,gen_chain_plain_n2000_uniform_neg30_r2,data/generated/gen_chain_plain_n2000_uniform_neg30_r2.json,8c156ca393d219f3f0433f24b598ef3ddf6e2745f7e19a805f6b08342b64e703,1918,3,,2000,10231.488992353232,3,generated,27447296,1925,0.000326869,0.032765284,0.003470663,633341,0,,1,e482cfdb2e489224,0.07000906599569134,optimal,0.061916054,0.016458228,True
1999,493f6f942eca3576ac0253ad50581fbe0469e8e417d3f97011c676f7789871fd,214101,"""instance""",0.000221413,"['taskset', '-c', '2', '<project>/build/release/pclp', 'solve', '--instance', '<project>/data/generated/gen_chain_plain_n2000_uniform_neg30_r2.json', '--config', '<project>/experiments/runs/ablation/48e2caa1898015eb/resolved_config.json', '--output', '<project>/experiments/runs/ablation/48e2caa1898015eb/result.json']",True,no-early-ratio-test,2077,0.00999734,0.076680506,chain,0,0,11,gen_chain_plain_n2000_uniform_neg30_r2,data/generated/gen_chain_plain_n2000_uniform_neg30_r2.json,8c156ca393d219f3f0433f24b598ef3ddf6e2745f7e19a805f6b08342b64e703,2072,3,,2000,10231.488992353232,3,generated,27389952,2080,0.000326584,0.001964395,0.01885634,1551993,0,,0,48e2caa1898015eb,0.0831114729953697,optimal,0.074065205,0.039125869,True
1999,493f6f942eca3576ac0253ad50581fbe0469e8e417d3f97011c676f7789871fd,214101,"""instance""",0.000239066,"['taskset', '-c', '2', '<project>/build/release/pclp', 'solve', '--instance', '<project>/data/generated/gen_chain_plain_n2000_uniform_neg30_r2.json', '--config', '<project>/experiments/runs/ablation/28ca32246e6ae79b/resolved_config.json', '--output', '<project>/experiments/runs/ablation/28ca32246e6ae79b/result.json']",True,no-early-ratio-test,2077,0.010040944,0.078181788,chain,0,0,11,gen_chain_plain_n2000_uniform_neg30_r2,data/generated/gen_chain_plain_n2000_uniform_neg30_r2.json,8c156ca393d219f3f0433f24b598ef3ddf6e2745f7e19a805f6b08342b64e703,2072,3,,2000,10231.488992353232,3,generated,27389952,2080,0.000329871,0.002002448,0.019299669,1551993,0,,1,28ca32246e6ae79b,0.0840374669933226,optimal,0.075575308,0.040018626,True
1999,493f6f942eca3576ac0253ad50581fbe0469e8e417d3f97011c676f7789871fd,214101,"""instance""",0.000225128,"['taskset', '-c', '2', '<project>/build/release/pclp', 'solve', '--instance', '<project>/data/generated/gen_chain_plain_n2000_uniform_neg30_r2.json', '--config', '<project>/experiments/runs/ablation/751b1bf68aeb3554/resolved_config.json', '--output', '<project>/experiments/runs/ablation/751b1bf68aeb3554/result.json']",True,no-local-update,2077,0.009945059,0.114325127,chain,0,0,2083,gen_chain_plain_n2000_uniform_neg30_r2,data/generated/gen_chain_plain_n2000_uniform_neg30_r2.json,8c156ca393d219f3f0433f24b598ef3ddf6e2745f7e19a805f6b08342b64e703,0,3,,2000,10231.488992353232,3,generated,27471872,2080,0.000369954,0.00199649,0.002785202,4164975,0,,0,751b1bf68aeb3554,0.1204463510075584,optimal,0.111739545,0.092783429,True
1999,493f6f942eca3576ac0253ad50581fbe0469e8e417d3f97011c676f7789871fd,214101,"""instance""",0.000227381,"['taskset', '-c', '2', '<project>/build/release/pclp', 'solve', '--instance', '<project>/data/generated/gen_chain_plain_n2000_uniform_neg30_r2.json', '--config', '<project>/experiments/runs/ablation/090bedda47ac4eab/resolved_config.json', '--output', '<project>/experiments/runs/ablation/090bedda47ac4eab/result.json']",True,no-local-update,2077,0.009538322,0.11347501,chain,0,0,2083,gen_chain_plain_n2000_uniform_neg30_r2,data/generated/gen_chain_plain_n2000_uniform_neg30_r2.json,8c156ca393d219f3f0433f24b598ef3ddf6e2745f7e19a805f6b08342b64e703,0,3,,2000,10231.488992353232,3,generated,27471872,2080,0.000364832,0.001981282,0.002766651,4164975,0,,1,090bedda47ac4eab,0.119499698994332,optimal,0.11089799,0.09241064,True
1999,493f6f942eca3576ac0253ad50581fbe0469e8e417d3f97011c676f7789871fd,214101,"""instance""",0.00022340199999999999,"['taskset', '-c', '2', '<project>/build/release/pclp', 'solve', '--instance', '<project>/data/generated/gen_chain_plain_n2000_uniform_neg30_r2.json', '--config', '<project>/experiments/runs/ablation/f9ebbd880c144eab/resolved_config.json', '--output', '<project>/experiments/runs/ablation/f9ebbd880c144eab/result.json']",True,no-restricted-ratio-test,2077,0.010033285,0.073944415,chain,0,0,11,gen_chain_plain_n2000_uniform_neg30_r2,data/generated/gen_chain_plain_n2000_uniform_neg30_r2.json,8c156ca393d219f3f0433f24b598ef3ddf6e2745f7e19a805f6b08342b64e703,2072,3,,2000,10231.488992353232,3,generated,27389952,2080,0.000334244,0.00197164,0.015179296,1551993,0,,0,f9ebbd880c144eab,0.07878054400498513,optimal,0.071358554,0.040001354,True
1999,493f6f942eca3576ac0253ad50581fbe0469e8e417d3f97011c676f7789871fd,214101,"""instance""",0.000226889,"['taskset', '-c', '2', '<project>/build/release/pclp', 'solve', '--instance', '<project>/data/generated/gen_chain_plain_n2000_uniform_neg30_r2.json', '--config', '<project>/experiments/runs/ablation/8535ea908bf5d244/resolved_config.json', '--output', '<project>/experiments/runs/ablation/8535ea908bf5d244/result.json']",True,no-restricted-ratio-test,2077,0.009457795,0.071588312,chain,0,0,11,gen_chain_plain_n2000_uniform_neg30_r2,data/generated/gen_chain_plain_n2000_uniform_neg30_r2.json,8c156ca393d219f3f0433f24b598ef3ddf6e2745f7e19a805f6b08342b64e703,2072,3,,2000,10231.488992353232,3,generated,27389952,2080,0.000327992,0.001939194,0.014767423,1551993,0,,1,8535ea908bf5d244,0.07780320099845994,optimal,0.069050896,0.038754369,True
1999,493f6f942eca3576ac0253ad50581fbe0469e8e417d3f97011c676f7789871fd,214101,"""instance""",0.000228806,"['taskset', '-c', '2', '<project>/build/release/pclp', 'solve', '--instance', '<project>/data/generated/gen_chain_plain_n2000_uniform_neg30_r2.json', '--config', '<project>/experiments/runs/ablation/7aaa57d1d21dd0ac/resolved_config.json', '--output', '<project>/experiments/runs/ablation/7aaa57d1d21dd0ac/result.json']",True,sequential-canonicalization,2077,0.009896436,0.060804717,chain,0,0,11,gen_chain_plain_n2000_uniform_neg30_r2,data/generated/gen_chain_plain_n2000_uniform_neg30_r2.json,8c156ca393d219f3f0433f24b598ef3ddf6e2745f7e19a805f6b08342b64e703,2072,3,,2000,10231.488992353232,3,generated,27471872,2080,0.000340455,0.001956176,0.002912849,1551993,0,,0,7aaa57d1d21dd0ac,0.06685388600453734,optimal,0.058214715,0.039354518,True
1999,493f6f942eca3576ac0253ad50581fbe0469e8e417d3f97011c676f7789871fd,214101,"""instance""",0.000222408,"['taskset', '-c', '2', '<project>/build/release/pclp', 'solve', '--instance', '<project>/data/generated/gen_chain_plain_n2000_uniform_neg30_r2.json', '--config', '<project>/experiments/runs/ablation/3471801a80918fe6/resolved_config.json', '--output', '<project>/experiments/runs/ablation/3471801a80918fe6/result.json']",True,sequential-canonicalization,2077,0.009662027,0.060265305,chain,0,0,11,gen_chain_plain_n2000_uniform_neg30_r2,data/generated/gen_chain_plain_n2000_uniform_neg30_r2.json,8c156ca393d219f3f0433f24b598ef3ddf6e2745f7e19a805f6b08342b64e703,2072,3,,2000,10231.488992353232,3,generated,27471872,2080,0.000342259,0.001964617,0.002752285,1551993,0,,1,3471801a80918fe6,0.06646357099816669,optimal,0.057662966,0.039141723,True
1999,493f6f942eca3576ac0253ad50581fbe0469e8e417d3f97011c676f7789871fd,370578,"""instance""",0.000222229,"['taskset', '-c', '2', '<project>/build/release/pclp', 'solve', '--instance', '<project>/data/generated/gen_chain_plain_n2000_uniform_neg30_r2.json', '--config', '<project>/experiments/runs/ablation/3158719a1e196cf0/resolved_config.json', '--output', '<project>/experiments/runs/ablation/3158719a1e196cf0/result.json']",True,sink-initial-basis,3815,0.008969067,0.029561254,chain,0,0,17,gen_chain_plain_n2000_uniform_neg30_r2,data/generated/gen_chain_plain_n2000_uniform_neg30_r2.json,8c156ca393d219f3f0433f24b598ef3ddf6e2745f7e19a805f6b08342b64e703,3810,3,,2000,10231.488992353232,3,generated,27471872,3824,0.000346704,0.003693936,0.007382202,128748,0,,0,3158719a1e196cf0,0.03529273299500346,optimal,0.0269813,0.004181204,True
1999,493f6f942eca3576ac0253ad50581fbe0469e8e417d3f97011c676f7789871fd,370578,"""instance""",0.000225441,"['taskset', '-c', '2', '<project>/build/release/pclp', 'solve', '--instance', '<project>/data/generated/gen_chain_plain_n2000_uniform_neg30_r2.json', '--config', '<project>/experiments/runs/ablation/c034c8bc9eabbae3/resolved_config.json', '--output', '<project>/experiments/runs/ablation/c034c8bc9eabbae3/result.json']",True,sink-initial-basis,3815,0.008795794,0.029681914,chain,0,0,17,gen_chain_plain_n2000_uniform_neg30_r2,data/generated/gen_chain_plain_n2000_uniform_neg30_r2.json,8c156ca393d219f3f0433f24b598ef3ddf6e2745f7e19a805f6b08342b64e703,3810,3,,2000,10231.488992353232,3,generated,27471872,3824,0.000350414,0.003763834,0.007514173,128748,0,,1,c034c8bc9eabbae3,0.03570018800382968,optimal,0.027102595,0.004235957,True
1999,493f6f942eca3576ac0253ad50581fbe0469e8e417d3f97011c676f7789871fd,214101,"""instance""",0.000224639,"['taskset', '-c', '2', '<project>/build/release/pclp', 'solve', '--instance', '<project>/data/generated/gen_chain_plain_n2000_uniform_neg30_r2.json', '--config', '<project>/experiments/runs/ablation/9ed1cfb38f458bac/resolved_config.json', '--output', '<project>/experiments/runs/ablation/9ed1cfb38f458bac/result.json']",True,with-transitive-reduction,2077,0.010081302,0.063655993,chain,0,0,11,gen_chain_plain_n2000_uniform_neg30_r2,data/generated/gen_chain_plain_n2000_uniform_neg30_r2.json,8c156ca393d219f3f0433f24b598ef3ddf6e2745f7e19a805f6b08342b64e703,2072,3,,2000,10231.488992353232,3,generated,27471872,2080,0.000611386,0.0020892799999999998,0.002964191,1551993,0,,0,9ed1cfb38f458bac,0.06983048899564892,optimal,0.061049219,0.041350209,True
1999,493f6f942eca3576ac0253ad50581fbe0469e8e417d3f97011c676f7789871fd,214101,"""instance""",0.000219143,"['taskset', '-c', '2', '<project>/build/release/pclp', 'solve', '--instance', '<project>/data/generated/gen_chain_plain_n2000_uniform_neg30_r2.json', '--config', '<project>/experiments/runs/ablation/3234ab8a4eb9a2ac/resolved_config.json', '--output', '<project>/experiments/runs/ablation/3234ab8a4eb9a2ac/result.json']",True,with-transitive-reduction,2077,0.010146866,0.062795735,chain,0,0,11,gen_chain_plain_n2000_uniform_neg30_r2,data/generated/gen_chain_plain_n2000_uniform_neg30_r2.json,8c156ca393d219f3f0433f24b598ef3ddf6e2745f7e19a805f6b08342b64e703,2072,3,,2000,10231.488992353232,3,generated,27709440,2080,0.000606654,0.00203468,0.002894837,1551993,0,,1,3234ab8a4eb9a2ac,0.06792764499550685,optimal,0.06020041,0.040618952,True
200024,493f6f942eca3576ac0253ad50581fbe0469e8e417d3f97011c676f7789871fd,200430950,"""instance""",0.0,"['taskset', '-c', '2', '<project>/build/release/pclp', 'solve', '--instance', '<project>/data/generated/gen_dense_density0.1_n2000_uniform_neg30_r0.json', '--config', '<project>/experiments/runs/ablation/8b92f28f1fb046c5/resolved_config.json', '--output', '<project>/experiments/runs/ablation/8b92f28f1fb046c5/result.json']",False,bland-entering,100400,0.256593209,30.105573181,dense,0,0,397,gen_dense_density0.1_n2000_uniform_neg30_r0,data/generated/gen_dense_density0.1_n2000_uniform_neg30_r0.json,9e07e0f41240295cdf5285cf9bbfdb268b23b1507a8753f7cd43b63e0f15cf23,100021,4,residual oracle did not certify optimality,2000,0.0,5,generated,55783424,100413,0.010883819,1.202699642,25.635671349,78079190,0,,0,8b92f28f1fb046c5,30.122449075002805,time_limit,30.001687435,2.651338433,False
200024,493f6f942eca3576ac0253ad50581fbe0469e8e417d3f97011c676f7789871fd,,"""instance""",,,,bland-entering,,,,dense,,,,gen_dense_density0.1_n2000_uniform_neg30_r0,data/generated/gen_dense_density0.1_n2000_uniform_neg30_r0.json,9e07e0f41240295cdf5285cf9bbfdb268b23b1507a8753f7cd43b63e0f15cf23,,,residual oracle did not certify optimality,2000,,,generated,,,,,,,,True,1,034e8ceb925258c1,30.122449075002805,time_limit,,,False
200024,493f6f942eca3576ac0253ad50581fbe0469e8e417d3f97011c676f7789871fd,205536114,"""instance""",0.0,"['taskset', '-c', '2', '<project>/build/release/pclp', 'solve', '--instance', '<project>/data/generated/gen_dense_density0.1_n2000_uniform_neg30_r0.json', '--config', '<project>/experiments/runs/ablation/1e87104cef951590/resolved_config.json', '--output', '<project>/experiments/runs/ablation/1e87104cef951590/result.json']",False,close-degeneracy-trigger,103476,0.268111747,30.106154396,dense,0,0,409,gen_dense_density0.1_n2000_uniform_neg30_r0,data/generated/gen_dense_density0.1_n2000_uniform_neg30_r0.json,9e07e0f41240295cdf5285cf9bbfdb268b23b1507a8753f7cd43b63e0f15cf23,103084,4,residual oracle did not certify optimality,2000,0.0,5,generated,55902208,103488,0.011388115,1.220384421,25.551448161,79666074,0,,0,1e87104cef951590,30.12414828198962,time_limit,30.001679832,2.6998484719999998,False
200024,493f6f942eca3576ac0253ad50581fbe0469e8e417d3f97011c676f7789871fd,,"""instance""",,,,close-degeneracy-trigger,,,,dense,,,,gen_dense_density0.1_n2000_uniform_neg30_r0,data/generated/gen_dense_density0.1_n2000_uniform_neg30_r0.json,9e07e0f41240295cdf5285cf9bbfdb268b23b1507a8753f7cd43b63e0f15cf23,,,residual oracle did not certify optimality,2000,,,generated,,,,,,,,True,1,9241f7642936d37d,30.12414828198962,time_limit,,,False
200024,493f6f942eca3576ac0253ad50581fbe0469e8e417d3f97011c676f7789871fd,30165821,"""instance""",0.00487954,"['taskset', '-c', '2', '<project>/build/release/pclp', 'solve', '--instance', '<project>/data/generated/gen_dense_density0.1_n2000_uniform_neg30_r0.json', '--config', '<project>/experiments/runs/ablation/1bcef731087cd587/resolved_config.json', '--output', '<project>/experiments/runs/ablation/1bcef731087cd587/result.json']",False,forest-tuned,163232,1.582431085,14.732521062,dense,0,0,659,gen_dense_density0.1_n2000_uniform_neg30_r0,data/generated/gen_dense_density0.1_n2000_uniform_neg30_r0.json,9e07e0f41240295cdf5285cf9bbfdb268b23b1507a8753f7cd43b63e0f15cf23,162705,20,,2000,15177.694103194102,21,generated,59461632,163343,0.011560632,0.348354913,2.475734097,245565544,0,,0,1bcef731087cd587,14.762356833001832,optimal,14.612849008,9.656894064,True
200024,493f6f942eca3576ac0253ad50581fbe0469e8e417d3f97011c676f7789871fd,30165821,"""instance""",0.00453216,"['taskset', '-c', '2', '<project>/build/release/pclp', 'solve', '--instance', '<project>/data/generated/gen_dense_density0.1_n2000_uniform_neg30_r0.json', '--config', '<project>/experiments/runs/ablation/16d275821f327450/resolved_config.json', '--output', '<project>/experiments/runs/ablation/16d275821f327450/result.json']",False,forest-tuned,163232,1.596596736,14.759051252,dense,0,0,659,gen_dense_density0.1_n2000_uniform_neg30_r0,data/generated/gen_dense_density0.1_n2000_uniform_neg30_r0.json,9e07e0f41240295cdf5285cf9bbfdb268b23b1507a8753f7cd43b63e0f15cf23,162705,20,,2000,15177.694103194102,21,generated,59572224,163343,0.011128463,0.350419728,2.403752421,245565544,0,,1,16d275821f327450,14.790065941007924,optimal,14.644720485,9.743752043,True
200024,493f6f942eca3576ac0253ad50581fbe0469e8e417d3f97011c676f7789871fd,162225016,"""instance""",0.004292046,"['taskset', '-c', '2', '<project>/build/release/pclp', 'solve', '--instance', '<project>/data/generated/gen_dense_density0.1_n2000_uniform_neg30_r0.json', '--config', '<project>/experiments/runs/ablation/841745508ef5a5fe/resolved_config.json', '--output', '<project>/experiments/runs/ablation/841745508ef5a5fe/result.json']",False,full-pricing,84392,0.739668084,9.114481145,dense,0,0,351,gen_dense_density0.1_n2000_uniform_neg30_r0,data/generated/gen_dense_density0.1_n2000_uniform_neg30_r0.json,9e07e0f41240295cdf5285cf9bbfdb268b23b1507a8753f7cd43b63e0f15cf23,84153,20,,2000,15177.694103194102,21,generated,59502592,84483,0.012086825,1.632048577,3.013422521,97202599,0,,0,841745508ef5a5fe,9.14360302798741,optimal,8.998527519,3.352399788,True
200024,493f6f942eca3576ac0253ad50581fbe0469e8e417d3f97011c676f7789871fd,162225016,"""instance""",0.004173734,"['taskset', '-c', '2', '<project>/build/release/pclp', 'solve', '--instance', '<project>/data/generated/gen_dense_density0.1_n2000_uniform_neg30_r0.json', '--config', '<project>/experiments/runs/ablation/cf65b0319605eebb/resolved_config.json', '--output', '<project>/experiments/runs/ablation/cf65b0319605eebb/result.json']",False,full-pricing,84392,0.734636333,9.060341686,dense,0,0,351,gen_dense_density0.1_n2000_uniform_neg30_r0,data/generated/gen_dense_density0.1_n2000_uniform_neg30_r0.json,9e07e0f41240295cdf5285cf9bbfdb268b23b1507a8753f7cd43b63e0f15cf23,84153,20,,2000,15177.694103194102,21,generated,59568128,84483,0.011221166,1.615785745,2.99035179,97202599,0,,1,cf65b0319605eebb,9.090882078991854,optimal,8.948718188,3.348529991,True
200024,493f6f942eca3576ac0253ad50581fbe0469e8e417d3f97011c676f7789871fd,14563742,"""instance""",0.0,"['taskset', '-c', '2', '<project>/build/release/pclp', 'solve', '--instance', '<project>/data/generated/gen_dense_density0.1_n2000_uniform_neg30_r0.json', '--config', '<project>/experiments/runs/ablation/a10d87ed9ade6708/resolved_config.json', '--output', '<project>/experiments/runs/ablation/a10d87ed9ade6708/result.json']",False,no-early-ratio-test,81189,0.474119583,30.11561289,dense,0,0,325,gen_dense_density0.1_n2000_uniform_neg30_r0,data/generated/gen_dense_density0.1_n2000_uniform_neg30_r0.json,9e07e0f41240295cdf5285cf9bbfdb268b23b1507a8753f7cd43b63e0f15cf23,80900,7,residual oracle did not certify optimality,2000,0.0,8,generated,55955456,81217,0.011931181,0.130501174,25.82051413,85901637,0,,0,a10d87ed9ade6708,30.13355643299292,time_limit,30.001864618,3.327759725,False
200024,493f6f942eca3576ac0253ad50581fbe0469e8e417d3f97011c676f7789871fd,,"""instance""",,,,no-early-ratio-test,,,,dense,,,,gen_dense_density0.1_n2000_uniform_neg30_r0,data/generated/gen_dense_density0.1_n2000_uniform_neg30_r0.json,9e07e0f41240295cdf5285cf9bbfdb268b23b1507a8753f7cd43b63e0f15cf23,,,residual oracle did not certify optimality,2000,,,generated,,,,,,,,True,1,d3b130b220c0075b,30.13355643299292,time_limit,,,False
200024,493f6f942eca3576ac0253ad50581fbe0469e8e417d3f97011c676f7789871fd,30165821,"""instance""",0.00435269,"['taskset', '-c', '2', '<project>/build/release/pclp', 'solve', '--instance', '<project>/data/generated/gen_dense_density0.1_n2000_uniform_neg30_r0.json', '--config', '<project>/experiments/runs/ablation/27f9678e45373d43/resolved_config.json', '--output', '<project>/experiments/runs/ablation/27f9678e45373d43/result.json']",False,no-local-update,163232,1.435222419,14.558799766,dense,0,0,163364,gen_dense_density0.1_n2000_uniform_neg30_r0,data/generated/gen_dense_density0.1_n2000_uniform_neg30_r0.json,9e07e0f41240295cdf5285cf9bbfdb268b23b1507a8753f7cd43b63e0f15cf23,0,20,,2000,15177.694103194102,21,generated,59518976,163343,0.011788753,0.312465273,2.110359757,311717650,0,,0,27f9678e45373d43,14.588308448001044,optimal,14.443674797,10.086932627,True
200024,493f6f942eca3576ac0253ad50581fbe0469e8e417d3f97011c676f7789871fd,30165821,"""instance""",0.004310137,"['taskset', '-c', '2', '<project>/build/release/pclp', 'solve', '--instance', '<project>/data/generated/gen_dense_density0.1_n2000_uniform_neg30_r0.json', '--config', '<project>/experiments/runs/ablation/ad1d84b97c4df68e/resolved_config.json', '--output', '<project>/experiments/runs/ablation/ad1d84b97c4df68e/result.json']",False,no-local-update,163232,1.427897768,14.635125533,dense,0,0,163364,gen_dense_density0.1_n2000_uniform_neg30_r0,data/generated/gen_dense_density0.1_n2000_uniform_neg30_r0.json,9e07e0f41240295cdf5285cf9bbfdb268b23b1507a8753f7cd43b63e0f15cf23,0,20,,2000,15177.694103194102,21,generated,59502592,163343,0.011801717,0.312873798,2.105811776,311717650,0,,1,ad1d84b97c4df68e,14.664404805007507,optimal,14.519403396,10.173855074,True
200024,493f6f942eca3576ac0253ad50581fbe0469e8e417d3f97011c676f7789871fd,5079608,"""instance""",0.0,"['taskset', '-c', '2', '<project>/build/release/pclp', 'solve', '--instance', '<project>/data/generated/gen_dense_density0.1_n2000_uniform_neg30_r0.json', '--config', '<project>/experiments/runs/ablation/31c025accae784da/resolved_config.json', '--output', '<project>/experiments/runs/ablation/31c025accae784da/result.json']",False,no-restricted-ratio-test,44691,0.33689906000000003,30.110741394,dense,0,0,181,gen_dense_density0.1_n2000_uniform_neg30_r0,data/generated/gen_dense_density0.1_n2000_uniform_neg30_r0.json,9e07e0f41240295cdf5285cf9bbfdb268b23b1507a8753f7cd43b63e0f15cf23,44539,6,residual oracle did not certify optimality,2000,0.0,7,generated,55898112,44713,0.011323491,0.057325666,26.83083599,63008770,0,,0,31c025accae784da,30.12779811800283,time_limit,30.001914575,2.595632197,False
200024,493f6f942eca3576ac0253ad50581fbe0469e8e417d3f97011c676f7789871fd,,"""instance""",,,,no-restricted-ratio-test,,,,dense,,,,gen_dense_density0.1_n2000_uniform_neg30_r0,data/generated/gen_dense_density0.1_n2000_uniform_neg30_r0.json,9e07e0f41240295cdf5285cf9bbfdb268b23b1507a8753f7cd43b63e0f15cf23,,,residual oracle did not certify optimality,2000,,,generated,,,,,,,,True,1,0aa3bf68bb4154ae,30.12779811800283,time_limit,,,False
200024,493f6f942eca3576ac0253ad50581fbe0469e8e417d3f97011c676f7789871fd,30165821,"""instance""",0.004282719,"['taskset', '-c', '2', '<project>/build/release/pclp', 'solve', '--instance', '<project>/data/generated/gen_dense_density0.1_n2000_uniform_neg30_r0.json', '--config', '<project>/experiments/runs/ablation/b0af126332cf0cc3/resolved_config.json', '--output', '<project>/experiments/runs/ablation/b0af126332cf0cc3/result.json']",False,sequential-canonicalization,163232,1.46219549,13.536990247,dense,0,0,659,gen_dense_density0.1_n2000_uniform_neg30_r0,data/generated/gen_dense_density0.1_n2000_uniform_neg30_r0.json,9e07e0f41240295cdf5285cf9bbfdb268b23b1507a8753f7cd43b63e0f15cf23,162705,20,,2000,15177.694103194102,21,generated,59412480,163343,0.011804319,0.323202853,2.167648357,245565544,0,,0,b0af126332cf0cc3,13.566204015995027,optimal,13.421381372,8.966266669,True
200024,493f6f942eca3576ac0253ad50581fbe0469e8e417d3f97011c676f7789871fd,30165821,"""instance""",0.004715193,"['taskset', '-c', '2', '<project>/build/release/pclp', 'solve', '--instance', '<project>/data/generated/gen_dense_density0.1_n2000_uniform_neg30_r0.json', '--config', '<project>/experiments/runs/ablation/616d7827df0f7716/resolved_config.json', '--output', '<project>/experiments/runs/ablation/616d7827df0f7716/result.json']",False,sequential-canonicalization,163232,1.436918611,13.293961287,dense,0,0,659,gen_dense_density0.1_n2000_uniform_neg30_r0,data/generated/gen_dense_density0.1_n2000_uniform_neg30_r0.json,9e07e0f41240295cdf5285cf9bbfdb268b23b1507a8753f7cd43b63e0f15cf23,162705,20,,2000,15177.694103194102,21,generated,59498496,163343,0.011709756,0.319257812,2.109209735,245565544,0,,1,616d7827df0f7716,13.326538717999938,optimal,13.17650986,8.818221411,True
200024,493f6f942eca3576ac0253ad50581fbe0469e8e417d3f97011c676f7789871fd,52133481,"""instance""",0.005116378,"['taskset', '-c', '2', '<project>/build/release/pclp', 'solve', '--instance', '<project>/data/generated/gen_dense_density0.1_n2000_uniform_neg30_r0.json', '--config', '<project>/experiments/runs/ablation/1ed1af074cdd6521/resolved_config.json', '--output', '<project>/experiments/runs/ablation/1ed1af074cdd6521/result.json']",False,sink-initial-basis,234212,1.566220332,17.661519735,dense,0,0,936,gen_dense_density0.1_n2000_uniform_neg30_r0,data/generated/gen_dense_density0.1_n2000_uniform_neg30_r0.json,9e07e0f41240295cdf5285cf9bbfdb268b23b1507a8753f7cd43b63e0f15cf23,233377,20,,2000,15177.694103194102,21,generated,59572224,234292,0.011708401,0.526710019,2.711612394,324954827,0,,0,1ed1af074cdd6521,17.69211995699152,optimal,17.545740664,12.093993093,True
200024,493f6f942eca3576ac0253ad50581fbe0469e8e417d3f97011c676f7789871fd,52133481,"""instance""",0.004813877,"['taskset', '-c', '2', '<project>/build/release/pclp', 'solve', '--instance', '<project>/data/generated/gen_dense_density0.1_n2000_uniform_neg30_r0.json', '--config', '<project>/experiments/runs/ablation/e230b752322775b7/resolved_config.json', '--output', '<project>/experiments/runs/ablation/e230b752322775b7/result.json']",False,sink-initial-basis,234212,1.570418484,17.466382749,dense,0,0,936,gen_dense_density0.1_n2000_uniform_neg30_r0,data/generated/gen_dense_density0.1_n2000_uniform_neg30_r0.json,9e07e0f41240295cdf5285cf9bbfdb268b23b1507a8753f7cd43b63e0f15cf23,233377,20,,2000,15177.694103194102,21,generated,59572224,234292,0.012351248,0.5187625299999999,2.663031668,324954827,0,,1,e230b752322775b7,17.50431378200301,optimal,17.35035686,11.950097854000001,True
200024,493f6f942eca3576ac0253ad50581fbe0469e8e417d3f97011c676f7789871fd,6558440,"""instance""",0.003289756,"['taskset', '-c', '2', '<project>/build/release/pclp', 'solve', '--instance', '<project>/data/generated/gen_dense_density0.1_n2000_uniform_neg30_r0.json', '--config', '<project>/experiments/runs/ablation/9efc7291433758e0/resolved_config.json', '--output', '<project>/experiments/runs/ablation/9efc7291433758e0/result.json']",False,with-transitive-reduction,35258,0.155026613,1.523790032,dense,0,0,158,gen_dense_density0.1_n2000_uniform_neg30_r0,data/generated/gen_dense_density0.1_n2000_uniform_neg30_r0.json,9e07e0f41240295cdf5285cf9bbfdb268b23b1507a8753f7cd43b63e0f15cf23,35168,20,,2000,15177.694103194102,21,generated,45527040,35305,0.014991855,0.076819431,0.118558136,25068290,194018,,0,9efc7291433758e0,1.555691993999062,optimal,1.402210585,0.968650424,True
200024,493f6f942eca3576ac0253ad50581fbe0469e8e417d3f97011c676f7789871fd,6558440,"""instance""",0.003223412,"['taskset', '-c', '2', '<project>/build/release/pclp', 'solve', '--instance', '<project>/data/generated/gen_dense_density0.1_n2000_uniform_neg30_r0.json', '--config', '<project>/experiments/runs/ablation/785e285746685349/resolved_config.json', '--output', '<project>/experiments/runs/ablation/785e285746685349/result.json']",False,with-transitive-reduction,35258,0.172893181,1.743931251,dense,0,0,158,gen_dense_density0.1_n2000_uniform_neg30_r0,data/generated/gen_dense_density0.1_n2000_uniform_neg30_r0.json,9e07e0f41240295cdf5285cf9bbfdb268b23b1507a8753f7cd43b63e0f15cf23,35168,20,,2000,15177.694103194102,21,generated,45527040,35305,0.022315025,0.087638727,0.140700581,25068290,194018,,1,785e285746685349,1.7746008579997579,optimal,1.552119991,1.058889332,True
199506,493f6f942eca3576ac0253ad50581fbe0469e8e417d3f97011c676f7789871fd,170172871,"""instance""",0.0,"['taskset', '-c', '2', '<project>/build/release/pclp', 'solve', '--instance', '<project>/data/generated/gen_dense_density0.1_n2000_uniform_neg30_r1.json', '--config', '<project>/experiments/runs/ablation/84b1075fe6457534/resolved_config.json', '--output', '<project>/experiments/runs/ablation/84b1075fe6457534/result.json']",False,bland-entering,85126,0.220588154,30.103880103,dense,0,0,333,gen_dense_density0.1_n2000_uniform_neg30_r1,data/generated/gen_dense_density0.1_n2000_uniform_neg30_r1.json,0e4882319f9b221606966da9687fce265e5c50c8b832eae5de7a4369f5c03241,84797,0,residual oracle did not certify optimality,2000,0.0,1,generated,55734272,85129,0.011170605,1.075753639,25.483004139,74722994,0,,0,84b1075fe6457534,30.12197772700165,time_limit,30.001972769,2.983220215,False
199506,493f6f942eca3576ac0253ad50581fbe0469e8e417d3f97011c676f7789871fd,,"""instance""",,,,bland-entering,,,,dense,,,,gen_dense_density0.1_n2000_uniform_neg30_r1,data/generated/gen_dense_density0.1_n2000_uniform_neg30_r1.json,0e4882319f9b221606966da9687fce265e5c50c8b832eae5de7a4369f5c03241,,,residual oracle did not certify optimality,2000,,,generated,,,,,,,,True,1,f64dfd7dc1dc5a1c,30.12197772700165,time_limit,,,False
199506,493f6f942eca3576ac0253ad50581fbe0469e8e417d3f97011c676f7789871fd,160779649,"""instance""",0.0,"['taskset', '-c', '2', '<project>/build/release/pclp', 'solve', '--instance', '<project>/data/generated/gen_dense_density0.1_n2000_uniform_neg30_r1.json', '--config', '<project>/experiments/runs/ablation/5abe9e167efb1ad5/resolved_config.json', '--output', '<project>/experiments/runs/ablation/5abe9e167efb1ad5/result.json']",False,close-degeneracy-trigger,80548,0.20926512,30.106408104,dense,0,0,315,gen_dense_density0.1_n2000_uniform_neg30_r1,data/generated/gen_dense_density0.1_n2000_uniform_neg30_r1.json,0e4882319f9b221606966da9687fce265e5c50c8b832eae5de7a4369f5c03241,80237,0,residual oracle did not certify optimality,2000,0.0,1,generated,55676928,80551,0.011151895,0.98116652,25.86571934,66806687,0,,0,5abe9e167efb1ad5,30.123989814004744,time_limit,30.002046619,2.719782176,False
199506,493f6f942eca3576ac0253ad50581fbe0469e8e417d3f97011c676f7789871fd,,"""instance""",,,,close-degeneracy-trigger,,,,dense,,,,gen_dense_density0.1_n2000_uniform_neg30_r1,data/generated/gen_dense_density0.1_n2000_uniform_neg30_r1.json,0e4882319f9b221606966da9687fce265e5c50c8b832eae5de7a4369f5c03241,,,residual oracle did not certify optimality,2000,,,generated,,,,,,,,True,1,9b977096ee8291d1,30.123989814004744,time_limit,,,False
199506,493f6f942eca3576ac0253ad50581fbe0469e8e417d3f97011c676f7789871fd,12896088,"""instance""",0.004141385,"['taskset', '-c', '2', '<project>/build/release/pclp', 'solve', '--instance', '<project>/data/generated/gen_dense_density0.1_n2000_uniform_neg30_r1.json', '--config', '<project>/experiments/runs/ablation/99fe308669b1d624/resolved_config.json', '--output', '<project>/experiments/runs/ablation/99fe308669b1d624/result.json']",False,forest-tuned,58303,0.518957168,5.046796933,dense,0,0,234,gen_dense_density0.1_n2000_uniform_neg30_r1,data/generated/gen_dense_density0.1_n2000_uniform_neg30_r1.json,0e4882319f9b221606966da9687fce265e5c50c8b832eae5de7a4369f5c03241,58119,6,,2000,394.5427474419831,7,generated,59449344,58346,0.01178538,0.140795807,0.779620653,87489460,0,,0,99fe308669b1d624,5.08187960399664,optimal,4.931727165,3.280788486,True
199506,493f6f942eca3576ac0253ad50581fbe0469e8e417d3f97011c676f7789871fd,12896088,"""instance""",0.004204359,"['taskset', '-c', '2', '<project>/build/release/pclp', 'solve', '--instance', '<project>/data/generated/gen_dense_density0.1_n2000_uniform_neg30_r1.json', '--config', '<project>/experiments/runs/ablation/738ddca4bf786c4d/resolved_config.json', '--output', '<project>/experiments/runs/ablation/738ddca4bf786c4d/result.json']",False,forest-tuned,58303,0.510019435,4.952877578,dense,0,0,234,gen_dense_density0.1_n2000_uniform_neg30_r1,data/generated/gen_dense_density0.1_n2000_uniform_neg30_r1.json,0e4882319f9b221606966da9687fce265e5c50c8b832eae5de7a4369f5c03241,58119,6,,2000,394.5427474419831,7,generated,59506688,58346,0.011815763,0.14021050300000001,0.76776294,87489460,0,,1,738ddca4bf786c4d,4.99399821399129,optimal,4.840538777,3.219729075,True
199506,493f6f942eca3576ac0253ad50581fbe0469e8e417d3f97011c676f7789871fd,57184054,"""instance""",0.004171982,"['taskset', '-c', '2', '<project>/build/release/pclp', 'solve', '--instance', '<project>/data/generated/gen_dense_density0.1_n2000_uniform_neg30_r1.json', '--config', '<project>/experiments/runs/ablation/2c004debd09ae2a5/resolved_config.json', '--output', '<project>/experiments/runs/ablation/2c004debd09ae2a5/result.json']",False,full-pricing,29637,0.327951704,3.811751838,dense,0,0,122,gen_dense_density0.1_n2000_uniform_neg30_r1,data/generated/gen_dense_density0.1_n2000_uniform_neg30_r1.json,0e4882319f9b221606966da9687fce265e5c50c8b832eae5de7a4369f5c03241,29552,6,,2000,394.5427474419831,7,generated,59449344,29667,0.011707915,0.667350233,0.97075531,40198581,0,,0,2c004debd09ae2a5,3.8446890100021847,optimal,3.662135674,1.575120802,True
199506,493f6f942eca3576ac0253ad50581fbe0469e8e417d3f97011c676f7789871fd,57184054,"""instance""",0.005037283,"['taskset', '-c', '2', '<project>/build/release/pclp', 'solve', '--instance', '<project>/data/generated/gen_dense_density0.1_n2000_uniform_neg30_r1.json', '--config', '<project>/experiments/runs/ablation/d15f3e234a55543c/resolved_config.json', '--output', '<project>/experiments/runs/ablation/d15f3e234a55543c/result.json']",False,full-pricing,29637,0.344488285,3.964157496,dense,0,0,122,gen_dense_density0.1_n2000_uniform_neg30_r1,data/generated/gen_dense_density0.1_n2000_uniform_neg30_r1.json,0e4882319f9b221606966da9687fce265e5c50c8b832eae5de7a4369f5c03241,29552,6,,2000,394.5427474419831,7,generated,59449344,29667,0.010996936,0.698979927,1.038007263,40198581,0,,1,d15f3e234a55543c,4.002408366999589,optimal,3.85066698,1.643801501,True
199506,493f6f942eca3576ac0253ad50581fbe0469e8e417d3f97011c676f7789871fd,9180893,"""instance""",0.0,"['taskset', '-c', '2', '<project>/build/release/pclp', 'solve', '--instance', '<project>/data/generated/gen_dense_density0.1_n2000_uniform_neg30_r1.json', '--config', '<project>/experiments/runs/ablation/7a9ec829272d1227/resolved_config.json', '--output', '<project>/experiments/runs/ablation/7a9ec829272d1227/result.json']",False,no-early-ratio-test,56729,0.424867185,30.106106776,dense,0,0,225,gen_dense_density0.1_n2000_uniform_neg30_r1,data/generated/gen_dense_density0.1_n2000_uniform_neg30_r1.json,0e4882319f9b221606966da9687fce265e5c50c8b832eae5de7a4369f5c03241,56530,3,residual oracle did not certify optimality,2000,0.0,4,generated,55681024,56751,0.010912419,0.090101112,25.949098451,80597342,0,,0,7a9ec829272d1227,30.123024968008394,time_limit,30.002331881,3.334819207,False
199506,493f6f942eca3576ac0253ad50581fbe0469e8e417d3f97011c676f7789871fd,,"""instance""",,,,no-early-ratio-test,,,,dense,,,,gen_dense_density0.1_n2000_uniform_neg30_r1,data/generated/gen_dense_density0.1_n2000_uniform_neg30_r1.json,0e4882319f9b221606966da9687fce265e5c50c8b832eae5de7a4369f5c03241,,,residual oracle did not certify optimality,2000,,,generated,,,,,,,,True,1,97483be8dd34f189,30.123024968008394,time_limit,,,False
199506,493f6f942eca3576ac0253ad50581fbe0469e8e417d3f97011c676f7789871fd,12896088,"""instance""",0.00413146,"['taskset', '-c', '2', '<project>/build/release/pclp', 'solve', '--instance', '<project>/data/generated/gen_dense_density0.1_n2000_uniform_neg30_r1.json', '--config', '<project>/experiments/runs/ablation/8bd3f5b260d18237/resolved_config.json', '--output', '<project>/experiments/runs/ablation/8bd3f5b260d18237/result.json']",False,no-local-update,58303,0.508169788,5.57005427,dense,0,0,58353,gen_dense_density0.1_n2000_uniform_neg30_r1,data/generated/gen_dense_density0.1_n2000_uniform_neg30_r1.json,0e4882319f9b221606966da9687fce265e5c50c8b832eae5de7a4369f5c03241,0,6,,2000,394.5427474419831,7,generated,59445248,58346,0.012524894,0.134930962,0.763714156,113617339,0,,0,8bd3f5b260d18237,5.617259607999586,optimal,5.43571879,3.824254344,True
199506,493f6f942eca3576ac0253ad50581fbe0469e8e417d3f97011c676f7789871fd,12896088,"""instance""",0.004110292,"['taskset', '-c', '2', '<project>/build/release/pclp', 'solve', '--instance', '<project>/data/generated/gen_dense_density0.1_n2000_uniform_neg30_r1.json', '--config', '<project>/experiments/runs/ablation/66111b723f5cc27e/resolved_config.json', '--output', '<project>/experiments/runs/ablation/66111b723f5cc27e/result.json']",False,no-local-update,58303,0.53344543,5.94582073,dense,0,0,58353,gen_dense_density0.1_n2000_uniform_neg30_r1,data/generated/gen_dense_density0.1_n2000_uniform_neg30_r1.json,0e4882319f9b221606966da9687fce265e5c50c8b832eae5de7a4369f5c03241,0,6,,2000,394.5427474419831,7,generated,59449344,58346,0.011366363,0.14344568,0.807361669,113617339,0,,1,66111b723f5cc27e,5.9785704870009795,optimal,5.799849566,4.109265038,True
199506,493f6f942eca3576ac0253ad50581fbe0469e8e417d3f97011c676f7789871fd,5387257,"""instance""",0.0,"['taskset', '-c', '2', '<project>/build/release/pclp', 'solve', '--instance', '<project>/data/generated/gen_dense_density0.1_n2000_uniform_neg30_r1.json', '--config', '<project>/experiments/runs/ablation/f501fbd9084179ca/resolved_config.json', '--output', '<project>/experiments/runs/ablation/f501fbd9084179ca/result.json']",False,no-restricted-ratio-test,43214,0.340939779,30.108538419,dense,0,0,172,gen_dense_density0.1_n2000_uniform_neg30_r1,data/generated/gen_dense_density0.1_n2000_uniform_neg30_r1.json,0e4882319f9b221606966da9687fce265e5c50c8b832eae5de7a4369f5c03241,43068,3,residual oracle did not certify optimality,2000,0.0,4,generated,55750656,43236,0.011403581,0.05739265,26.531890904,67562344,0,,0,f501fbd9084179ca,30.125656246993458,time_limit,30.002287975,2.897858714,False
199506,493f6f942eca3576ac0253ad50581fbe0469e8e417d3f97011c676f7789871fd,,"""instance""",,,,no-restricted-ratio-test,,,,dense,,,,gen_dense_density0.1_n2000_uniform_neg30_r1,data/generated/gen_dense_density0.1_n2000_uniform_neg30_r1.json,0e4882319f9b221606966da9687fce265e5c50c8b832eae5de7a4369f5c03241,,,residual oracle did not certify optimality,2000,,,generated,,,,,,,,True,1,f80df1602ecfed51,30.125656246993458,time_limit,,,False
199506,493f6f942eca3576ac0253ad50581fbe0469e8e417d3f97011c676f7789871fd,12896088,"""instance""",0.004335901,"['taskset', '-c', '2', '<project>/build/release/pclp', 'solve', '--instance', '<project>/data/generated/gen_dense_density0.1_n2000_uniform_neg30_r1.json', '--config', '<project>/experiments/runs/ablation/daeede09a821455c/resolved_config.json', '--output', '<project>/experiments/runs/ablation/daeede09a821455c/result.json']",False,sequential-canonicalization,58303,0.515730749,5.013800897,dense,0,0,234,gen_dense_density0.1_n2000_uniform_neg30_r1,data/generated/gen_dense_density0.1_n2000_uniform_neg30_r1.json,0e4882319f9b221606966da9687fce265e5c50c8b832eae5de7a4369f5c03241,58119,6,,2000,394.5427474419831,7,generated,59355136,58346,0.011751808,0.14159791,0.803762431,87489460,0,,0,daeede09a821455c,5.057171254011337,optimal,4.897944332,3.235394902,True
199506,493f6f942eca3576ac0253ad50581fbe0469e8e417d3f97011c676f7789871fd,12896088,"""instance""",0.004357017,"['taskset', '-c', '2', '<project>/build/release/pclp', 'solve', '--instance', '<project>/data/generated/gen_dense_density0.1_n2000_uniform_neg30_r1.json', '--config', '<project>/experiments/runs/ablation/ba23369ef91c47a6/resolved_config.json', '--output', '<project>/experiments/runs/ablation/ba23369ef91c47a6/result.json']",False,sequential-canonicalization,58303,0.587704896,5.70398828,dense,0,0,234,gen_dense_density0.1_n2000_uniform_neg30_r1,data/generated/gen_dense_density0.1_n2000_uniform_neg30_r1.json,0e4882319f9b221606966da9687fce265e5c50c8b832eae5de7a4369f5c03241,58119,6,,2000,394.5427474419831,7,generated,59449344,58346,0.01174069,0.164676854,0.897719095,87489460,0,,1,ba23369ef91c47a6,5.73624941300659,optimal,5.55147251,3.6916471459999998,True
199506,493f6f942eca3576ac0253ad50581fbe0469e8e417d3f97011c676f7789871fd,18133615,"""instance""",0.004323523,"['taskset', '-c', '2', '<project>/build/release/pclp', 'solve', '--instance', '<project>/data/generated/gen_dense_density0.1_n2000_uniform_neg30_r1.json', '--config', '<project>/experiments/runs/ablation/4f6c77e635ea1750/resolved_config.json', '--output', '<project>/experiments/runs/ablation/4f6c77e635ea1750/result.json']",False,sink-initial-basis,70703,0.439376245,5.086874641,dense,0,0,283,gen_dense_density0.1_n2000_uniform_neg30_r1,data/generated/gen_dense_density0.1_n2000_uniform_neg30_r1.json,0e4882319f9b221606966da9687fce265e5c50c8b832eae5de7a4369f5c03241,70456,6,,2000,394.5427474419831,7,generated,59514880,70732,0.011657616,0.159235776,0.627301199,94649580,0,,0,4f6c77e635ea1750,5.119439200003399,optimal,4.971771451,3.528684382,True
199506,493f6f942eca3576ac0253ad50581fbe0469e8e417d3f97011c676f7789871fd,18133615,"""instance""",0.004271816,"['taskset', '-c', '2', '<project>/build/release/pclp', 'solve', '--instance', '<project>/data/generated/gen_dense_density0.1_n2000_uniform_neg30_r1.json', '--config', '<project>/experiments/runs/ablation/a87e4e6650f0d59c/resolved_config.json', '--output', '<project>/experiments/runs/ablation/a87e4e6650f0d59c/result.json']",False,sink-initial-basis,70703,0.439259961,5.121898795,dense,0,0,283,gen_dense_density0.1_n2000_uniform_neg30_r1,data/generated/gen_dense_density0.1_n2000_uniform_neg30_r1.json,0e4882319f9b221606966da9687fce265e5c50c8b832eae5de7a4369f5c03241,70456,6,,2000,394.5427474419831,7,generated,59445248,70732,0.011640248,0.161197051,0.628394905,94649580,0,,1,a87e4e6650f0d59c,5.153205546012032,optimal,5.00527296,3.555932898,True
199506,493f6f942eca3576ac0253ad50581fbe0469e8e417d3f97011c676f7789871fd,1330803,"""instance""",0.00326549,"['taskset', '-c', '2', '<project>/build/release/pclp', 'solve', '--instance', '<project>/data/generated/gen_dense_density0.1_n2000_uniform_neg30_r1.json', '--config', '<project>/experiments/runs/ablation/c0f8da82c8f04999/resolved_config.json', '--output', '<project>/experiments/runs/ablation/c0f8da82c8f04999/result.json']",False,with-transitive-reduction,9010,0.04269594,0.513174157,dense,0,0,42,gen_dense_density0.1_n2000_uniform_neg30_r1,data/generated/gen_dense_density0.1_n2000_uniform_neg30_r1.json,0e4882319f9b221606966da9687fce265e5c50c8b832eae5de7a4369f5c03241,8997,6,,2000,394.5427474419831,7,generated,45568000,9032,0.014458556,0.017029701,0.030941482,6984944,193414,,0,c0f8da82c8f04999,0.5449777569883736,optimal,0.396267881,0.270010221,True
199506,493f6f942eca3576ac0253ad50581fbe0469e8e417d3f97011c676f7789871fd,1330803,"""instance""",0.003315696,"['taskset', '-c', '2', '<project>/build/release/pclp', 'solve', '--instance', '<project>/data/generated/gen_dense_density0.1_n2000_uniform_neg30_r1.json', '--config', '<project>/experiments/runs/ablation/5f44e3813285dcea/resolved_config.json', '--output', '<project>/experiments/runs/ablation/5f44e3813285dcea/result.json']",False,with-transitive-reduction,9010,0.043505606,0.538693401,dense,0,0,42,gen_dense_density0.1_n2000_uniform_neg30_r1,data/generated/gen_dense_density0.1_n2000_uniform_neg30_r1.json,0e4882319f9b221606966da9687fce265e5c50c8b832eae5de7a4369f5c03241,8997,6,,2000,394.5427474419831,7,generated,45568000,9032,0.015645129,0.017806676,0.032027961,6984944,193414,,1,5f44e3813285dcea,0.5704317780036945,optimal,0.409618147,0.278643843,True
200313,493f6f942eca3576ac0253ad50581fbe0469e8e417d3f97011c676f7789871fd,223482847,"""instance""",0.0,"['taskset', '-c', '2', '<project>/build/release/pclp', 'solve', '--instance', '<project>/data/generated/gen_dense_density0.1_n2000_uniform_neg30_r2.json', '--config', '<project>/experiments/runs/ablation/ff1fb610f3b57f09/resolved_config.json', '--output', '<project>/experiments/runs/ablation/ff1fb610f3b57f09/result.json']",False,bland-entering,111900,0.247735017,30.109935294,dense,0,0,440,gen_dense_density0.1_n2000_uniform_neg30_r2,data/generated/gen_dense_density0.1_n2000_uniform_neg30_r2.json,34c4b308b313882d1f25f7c5af8f5d6bb4d10e84223a41fd02ec47662c9a79b2,111467,2,residual oracle did not certify optimality,2000,0.0,3,generated,55930880,111904,0.011891127,1.360249574,24.698893236,88658667,0,,0,ff1fb610f3b57f09,30.127548274002038,time_limit,30.001830728,3.401416073,False
200313,493f6f942eca3576ac0253ad50581fbe0469e8e417d3f97011c676f7789871fd,,"""instance""",,,,bland-entering,,,,dense,,,,gen_dense_density0.1_n2000_uniform_neg30_r2,data/generated/gen_dense_density0.1_n2000_uniform_neg30_r2.json,34c4b308b313882d1f25f7c5af8f5d6bb4d10e84223a41fd02ec47662c9a79b2,,,residual oracle did not certify optimality,2000,,,generated,,,,,,,,True,1,a4a28ccca1b2055a,30.127548274002038,time_limit,,,False
200313,493f6f942eca3576ac0253ad50581fbe0469e8e417d3f97011c676f7789871fd,225675765,"""instance""",0.0,"['taskset', '-c', '2', '<project>/build/release/pclp', 'solve', '--instance', '<project>/data/generated/gen_dense_density0.1_n2000_uniform_neg30_r2.json', '--config', '<project>/experiments/runs/ablation/601b0e9d12662f8f/resolved_config.json', '--output', '<project>/experiments/runs/ablation/601b0e9d12662f8f/result.json']",False,close-degeneracy-trigger,113210,0.243986352,30.110980646,dense,0,0,445,gen_dense_density0.1_n2000_uniform_neg30_r2,data/generated/gen_dense_density0.1_n2000_uniform_neg30_r2.json,34c4b308b313882d1f25f7c5af8f5d6bb4d10e84223a41fd02ec47662c9a79b2,112772,2,residual oracle did not certify optimality,2000,0.0,3,generated,56000512,113214,0.01095313,1.357534515,24.729500775,89498056,0,,0,601b0e9d12662f8f,30.127444281009957,time_limit,30.001666217,3.37354617,False
200313,493f6f942eca3576ac0253ad50581fbe0469e8e417d3f97011c676f7789871fd,,"""instance""",,,,close-degeneracy-trigger,,,,dense,,,,gen_dense_density0.1_n2000_uniform_neg30_r2,data/generated/gen_dense_density0.1_n2000_uniform_neg30_r2.json,34c4b308b313882d1f25f7c5af8f5d6bb4d10e84223a41fd02ec47662c9a79b2,,,residual oracle did not certify optimality,2000,,,generated,,,,,,,,True,1,a4d8968863f4f232,30.127444281009957,time_limit,,,False
200313,493f6f942eca3576ac0253ad50581fbe0469e8e417d3f97011c676f7789871fd,41415949,"""instance""",0.004263215,"['taskset', '-c', '2', '<project>/build/release/pclp', 'solve', '--instance', '<project>/data/generated/gen_dense_density0.1_n2000_uniform_neg30_r2.json', '--config', '<project>/experiments/runs/ablation/3acc883e16a01277/resolved_config.json', '--output', '<project>/experiments/runs/ablation/3acc883e16a01277/result.json']",False,forest-tuned,177757,1.024330652,10.624429904,dense,0,0,714,gen_dense_density0.1_n2000_uniform_neg30_r2,data/generated/gen_dense_density0.1_n2000_uniform_neg30_r2.json,34c4b308b313882d1f25f7c5af8f5d6bb4d10e84223a41fd02ec47662c9a79b2,177179,19,,2000,10614.323612347878,20,generated,59764736,177873,0.011946297,0.418376979,1.567213458,201688765,0,,0,3acc883e16a01277,10.665187460996094,optimal,10.505255684,7.025275981,True
200313,493f6f942eca3576ac0253ad50581fbe0469e8e417d3f97011c676f7789871fd,41415949,"""instance""",0.00444602,"['taskset', '-c', '2', '<project>/build/release/pclp', 'solve', '--instance', '<project>/data/generated/gen_dense_density0.1_n2000_uniform_neg30_r2.json', '--config', '<project>/experiments/runs/ablation/83fefea700097cad/resolved_config.json', '--output', '<project>/experiments/runs/ablation/83fefea700097cad/result.json']",False,forest-tuned,177757,0.990795877,10.756206719,dense,0,0,714,gen_dense_density0.1_n2000_uniform_neg30_r2,data/generated/gen_dense_density0.1_n2000_uniform_neg30_r2.json,34c4b308b313882d1f25f7c5af8f5d6bb4d10e84223a41fd02ec47662c9a79b2,177179,19,,2000,10614.323612347878,20,generated,59764736,177873,0.012005664,0.431209712,1.567821014,201688765,0,,1,83fefea700097cad,10.799978370996541,optimal,10.604384826,7.145312657,True
200313,493f6f942eca3576ac0253ad50581fbe0469e8e417d3f97011c676f7789871fd,178959328,"""instance""",0.004319856,"['taskset', '-c', '2', '<project>/build/release/pclp', 'solve', '--instance', '<project>/data/generated/gen_dense_density0.1_n2000_uniform_neg30_r2.json', '--config', '<project>/experiments/runs/ablation/b75a5e35e4d16f27/resolved_config.json', '--output', '<project>/experiments/runs/ablation/b75a5e35e4d16f27/result.json']",False,full-pricing,94037,0.703709426,9.072491634,dense,0,0,387,gen_dense_density0.1_n2000_uniform_neg30_r2,data/generated/gen_dense_density0.1_n2000_uniform_neg30_r2.json,34c4b308b313882d1f25f7c5af8f5d6bb4d10e84223a41fd02ec47662c9a79b2,93771,19,,2000,10614.323612347878,20,generated,59703296,94138,0.011678775,1.664308545,3.01808408,95768343,0,,0,b75a5e35e4d16f27,9.104438013004255,optimal,8.959683555,3.308261049,True
200313,493f6f942eca3576ac0253ad50581fbe0469e8e417d3f97011c676f7789871fd,178959328,"""instance""",0.004713541,"['taskset', '-c', '2', '<project>/build/release/pclp', 'solve', '--instance', '<project>/data/generated/gen_dense_density0.1_n2000_uniform_neg30_r2.json', '--config', '<project>/experiments/runs/ablation/4902e46bfae2400e/resolved_config.json', '--output', '<project>/experiments/runs/ablation/4902e46bfae2400e/result.json']",False,full-pricing,94037,0.682901022,8.723215188,dense,0,0,387,gen_dense_density0.1_n2000_uniform_neg30_r2,data/generated/gen_dense_density0.1_n2000_uniform_neg30_r2.json,34c4b308b313882d1f25f7c5af8f5d6bb4d10e84223a41fd02ec47662c9a79b2,93771,19,,2000,10614.323612347878,20,generated,59629568,94138,0.011453967,1.611822823,2.858688009,95768343,0,,1,4902e46bfae2400e,8.756705546999001,optimal,8.607999146,3.1961014580000002,True
200313,493f6f942eca3576ac0253ad50581fbe0469e8e417d3f97011c676f7789871fd,18900298,"""instance""",0.0,"['taskset', '-c', '2', '<project>/build/release/pclp', 'solve', '--instance', '<project>/data/generated/gen_dense_density0.1_n2000_uniform_neg30_r2.json', '--config', '<project>/experiments/runs/ablation/8a8f06b84adb38af/resolved_config.json', '--output', '<project>/experiments/runs/ablation/8a8f06b84adb38af/result.json']",False,no-early-ratio-test,73075,0.32124394,30.110482511,dense,0,0,289,gen_dense_density0.1_n2000_uniform_neg30_r2,data/generated/gen_dense_density0.1_n2000_uniform_neg30_r2.json,34c4b308b313882d1f25f7c5af8f5d6bb4d10e84223a41fd02ec47662c9a79b2,72807,3,residual oracle did not certify optimality,2000,0.0,4,generated,55934976,73092,0.01180882,0.156713,27.313611041,50766972,0,,0,8a8f06b84adb38af,30.13008450900088,time_limit,30.001414547,2.025022011,False
200313,493f6f942eca3576ac0253ad50581fbe0469e8e417d3f97011c676f7789871fd,,"""instance""",,,,no-early-ratio-test,,,,dense,,,,gen_dense_density0.1_n2000_uniform_neg30_r2,data/generated/gen_dense_density0.1_n2000_uniform_neg30_r2.json,34c4b308b313882d1f25f7c5af8f5d6bb4d10e84223a41fd02ec47662c9a79b2,,,residual oracle did not certify optimality,2000,,,generated,,,,,,,,True,1,a3194a363500d870,30.13008450900088,time_limit,,,False
200313,493f6f942eca3576ac0253ad50581fbe0469e8e417d3f97011c676f7789871fd,41415949,"""instance""",0.004494996,"['taskset', '-c', '2', '<project>/build/release/pclp', 'solve', '--instance', '<project>/data/generated/gen_dense_density0.1_n2000_uniform_neg30_r2.json', '--config', '<project>/experiments/runs/ablation/0270e72175f709f9/resolved_config.json', '--output', '<project>/experiments/runs/ablation/0270e72175f709f9/result.json']",False,no-local-update,177757,1.052790775,14.155268811,dense,0,0,177893,gen_dense_density0.1_n2000_uniform_neg30_r2,data/generated/gen_dense_density0.1_n2000_uniform_neg30_r2.json,34c4b308b313882d1f25f7c5af8f5d6bb4d10e84223a41fd02ec47662c9a79b2,0,19,,2000,10614.323612347878,20,generated,59703296,177873,0.012381235,0.43400347,1.667928407,333116822,0,,0,0270e72175f709f9,14.188003345989273,optimal,14.037906987,10.401794258999999,True
200313,493f6f942eca3576ac0253ad50581fbe0469e8e417d3f97011c676f7789871fd,41415949,"""instance""",0.004280638,"['taskset', '-c', '2', '<project>/build/release/pclp', 'solve', '--instance', '<project>/data/generated/gen_dense_density0.1_n2000_uniform_neg30_r2.json', '--config', '<project>/experiments/runs/ablation/878f48b1e129a177/resolved_config.json', '--output', '<project>/experiments/runs/ablation/878f48b1e129a177/result.json']",False,no-local-update,177757,0.969358012,13.353394036,dense,0,0,177893,gen_dense_density0.1_n2000_uniform_neg30_r2,data/generated/gen_dense_density0.1_n2000_uniform_neg30_r2.json,34c4b308b313882d1f25f7c5af8f5d6bb4d10e84223a41fd02ec47662c9a79b2,0,19,,2000,10614.323612347878,20,generated,59768832,177873,0.011760468,0.410512999,1.509321988,333116822,0,,1,878f48b1e129a177,13.384441763002542,optimal,13.23633377,9.88918279,True
200313,493f6f942eca3576ac0253ad50581fbe0469e8e417d3f97011c676f7789871fd,10026681,"""instance""",0.0,"['taskset', '-c', '2', '<project>/build/release/pclp', 'solve', '--instance', '<project>/data/generated/gen_dense_density0.1_n2000_uniform_neg30_r2.json', '--config', '<project>/experiments/runs/ablation/f5c2df7d819ba0e1/resolved_config.json', '--output', '<project>/experiments/runs/ablation/f5c2df7d819ba0e1/result.json']",False,no-restricted-ratio-test,48691,0.21997127,30.116081073,dense,0,0,194,gen_dense_density0.1_n2000_uniform_neg30_r2,data/generated/gen_dense_density0.1_n2000_uniform_neg30_r2.json,34c4b308b313882d1f25f7c5af8f5d6bb4d10e84223a41fd02ec47662c9a79b2,48518,3,residual oracle did not certify optimality,2000,0.0,4,generated,55988224,48708,0.013311082,0.086091343,28.08206153,36011344,0,,0,f5c2df7d819ba0e1,30.134084860997973,time_limit,30.001650825,1.470395538,False
200313,493f6f942eca3576ac0253ad50581fbe0469e8e417d3f97011c676f7789871fd,,"""instance""",,,,no-restricted-ratio-test,,,,dense,,,,gen_dense_density0.1_n2000_uniform_neg30_r2,data/generated/gen_dense_density0.1_n2000_uniform_neg30_r2.json,34c4b308b313882d1f25f7c5af8f5d6bb4d10e84223a41fd02ec47662c9a79b2,,,residual oracle did not certify optimality,2000,,,generated,,,,,,,,True,1,1dcd873d64663377,30.134084860997973,time_limit,,,False
200313,493f6f942eca3576ac0253ad50581fbe0469e8e417d3f97011c676f7789871fd,41415991,"""instance""",0.004349741,"['taskset', '-c', '2', '<project>/build/release/pclp', 'solve', '--instance', '<project>/data/generated/gen_dense_density0.1_n2000_uniform_neg30_r2.json', '--config', '<project>/experiments/runs/ablation/71bed9781b0ec8f3/resolved_config.json', '--output', '<project>/experiments/runs/ablation/71bed9781b0ec8f3/result.json']",False,sequential-canonicalization,177762,0.97815045,10.534348201,dense,0,0,715,gen_dense_density0.1_n2000_uniform_neg30_r2,data/generated/gen_dense_density0.1_n2000_uniform_neg30_r2.json,34c4b308b313882d1f25f7c5af8f5d6bb4d10e84223a41fd02ec47662c9a79b2,177185,19,,2000,10614.323612347878,21,generated,59703296,177879,0.012272869,0.424774124,1.539987943,201688800,0,,0,71bed9781b0ec8f3,10.567349427990848,optimal,10.415523905,7.018435942,True
200313,493f6f942eca3576ac0253ad50581fbe0469e8e417d3f97011c676f7789871fd,41415991,"""instance""",0.004492347,"['taskset', '-c', '2', '<project>/build/release/pclp', 'solve', '--instance', '<project>/data/generated/gen_dense_density0.1_n2000_uniform_neg30_r2.json', '--config', '<project>/experiments/runs/ablation/e61a6099bf3467fc/resolved_config.json', '--output', '<project>/experiments/runs/ablation/e61a6099bf3467fc/result.json']",False,sequential-canonicalization,177762,0.967807652,10.674155294,dense,0,0,715,gen_dense_density0.1_n2000_uniform_neg30_r2,data/generated/gen_dense_density0.1_n2000_uniform_neg30_r2.json,34c4b308b313882d1f25f7c5af8f5d6bb4d10e84223a41fd02ec47662c9a79b2,177185,19,,2000,10614.323612347878,21,generated,59764736,177879,0.011632413,0.424613533,1.593306492,201688800,0,,1,e61a6099bf3467fc,10.704579878991353,optimal,10.559185184,7.10548659,True
200313,493f6f942eca3576ac0253ad50581fbe0469e8e417d3f97011c676f7789871fd,95047220,"""instance""",0.0,"['taskset', '-c', '2', '<project>/build/release/pclp', 'solve', '--instance', '<project>/data/generated/gen_dense_density0.1_n2000_uniform_neg30_r2.json', '--config', '<project>/experiments/runs/ablation/b7d0590e8ed16201/resolved_config.json', '--output', '<project>/experiments/runs/ablation/b7d0590e8ed16201/result.json']",False,sink-initial-basis,222202,1.075454533,30.10790499,dense,0,0,880,gen_dense_density0.1_n2000_uniform_neg30_r2,data/generated/gen_dense_density0.1_n2000_uniform_neg30_r2.json,34c4b308b313882d1f25f7c5af8f5d6bb4d10e84223a41fd02ec47662c9a79b2,221372,11,residual oracle did not certify optimality,2000,0.0,12,generated,55918592,222240,0.011819691,0.933264356,17.614463915,266559056,0,,0,b7d0590e8ed16201,30.125936772994464,time_limit,30.002050037,9.810925867,False
200313,493f6f942eca3576ac0253ad50581fbe0469e8e417d3f97011c676f7789871fd,,"""instance""",,,,sink-initial-basis,,,,dense,,,,gen_dense_density0.1_n2000_uniform_neg30_r2,data/generated/gen_dense_density0.1_n2000_uniform_neg30_r2.json,34c4b308b313882d1f25f7c5af8f5d6bb4d10e84223a41fd02ec47662c9a79b2,,,residual oracle did not certify optimality,2000,,,generated,,,,,,,,True,1,99ef904b6a28f412,30.125936772994464,time_limit,,,False
200313,493f6f942eca3576ac0253ad50581fbe0469e8e417d3f97011c676f7789871fd,10950809,"""instance""",0.003322762,"['taskset', '-c', '2', '<project>/build/release/pclp', 'solve', '--instance', '<project>/data/generated/gen_dense_density0.1_n2000_uniform_neg30_r2.json', '--config', '<project>/experiments/runs/ablation/5a20231fd0f1b04b/resolved_config.json', '--output', '<project>/experiments/runs/ablation/5a20231fd0f1b04b/result.json']",False,with-transitive-reduction,43788,0.185168186,1.907346541,dense,0,0,191,gen_dense_density0.1_n2000_uniform_neg30_r2,data/generated/gen_dense_density0.1_n2000_uniform_neg30_r2.json,34c4b308b313882d1f25f7c5af8f5d6bb4d10e84223a41fd02ec47662c9a79b2,43658,19,,2000,10614.323612347878,20,generated,45568000,43829,0.013756325,0.120007171,0.153262304,32231251,194434,,0,5a20231fd0f1b04b,1.9384838260011747,optimal,1.791315044,1.23290566,True
200313,493f6f942eca3576ac0253ad50581fbe0469e8e417d3f97011c676f7789871fd,10950809,"""instance""",0.00321649,"['taskset', '-c', '2', '<project>/build/release/pclp', 'solve', '--instance', '<project>/data/generated/gen_dense_density0.1_n2000_uniform_neg30_r2.json', '--config', '<project>/experiments/runs/ablation/6a78106cc2f39394/resolved_config.json', '--output', '<project>/experiments/runs/ablation/6a78106cc2f39394/result.json']",False,with-transitive-reduction,43788,0.182077499,1.870770873,dense,0,0,191,gen_dense_density0.1_n2000_uniform_neg30_r2,data/generated/gen_dense_density0.1_n2000_uniform_neg30_r2.json,34c4b308b313882d1f25f7c5af8f5d6bb4d10e84223a41fd02ec47662c9a79b2,43658,19,,2000,10614.323612347878,20,generated,45568000,43829,0.014913754,0.117499521,0.150649533,32231251,194434,,1,6a78106cc2f39394,1.9019289729912998,optimal,1.751481345,1.201204917,True
1993,493f6f942eca3576ac0253ad50581fbe0469e8e417d3f97011c676f7789871fd,393472942,"""instance""",0.000198465,"['taskset', '-c', '2', '<project>/build/release/pclp', 'solve', '--instance', '<project>/data/generated/gen_disconnected_components6_n2000_uniform_neg30_r0.json', '--config', '<project>/experiments/runs/ablation/3698255c009a12da/resolved_config.json', '--output', '<project>/experiments/runs/ablation/3698255c009a12da/result.json']",False,bland-entering,266255,0.388951127,4.135583104,disconnected,0,0,1500,gen_disconnected_components6_n2000_uniform_neg30_r0,data/generated/gen_disconnected_components6_n2000_uniform_neg30_r0.json,66b6c3b18dce9f7bf7f5193769ac2ee6fcccc28023d6b2d06e9064f83c38de96,265651,458,,2000,36857.0,459,generated,45568000,266692,0.000335745,2.677792115,0.804530037,3475431,0,,0,3698255c009a12da,4.151477719002287,optimal,4.132985946,0.12211369999999996,True
1993,493f6f942eca3576ac0253ad50581fbe0469e8e417d3f97011c676f7789871fd,393472942,"""instance""",0.000222627,"['taskset', '-c', '2', '<project>/build/release/pclp', 'solve', '--instance', '<project>/data/generated/gen_disconnected_components6_n2000_uniform_neg30_r0.json', '--config', '<project>/experiments/runs/ablation/9a4ca7a304993dd0/resolved_config.json', '--output', '<project>/experiments/runs/ablation/9a4ca7a304993dd0/result.json']",False,bland-entering,266255,0.371493237,4.156002147,disconnected,0,0,1500,gen_disconnected_components6_n2000_uniform_neg30_r0,data/generated/gen_disconnected_components6_n2000_uniform_neg30_r0.json,66b6c3b18dce9f7bf7f5193769ac2ee6fcccc28023d6b2d06e9064f83c38de96,265651,458,,2000,36857.0,459,generated,45568000,266692,0.000389075,2.701604311,0.818432192,3475431,0,,1,9a4ca7a304993dd0,4.167827551005757,optimal,4.15348382,0.12199971199999997,True
1993,493f6f942eca3576ac0253ad50581fbe0469e8e417d3f97011c676f7789871fd,358509844,"""instance""",0.000196455,"['taskset', '-c', '2', '<project>/build/release/pclp', 'solve', '--instance', '<project>/data/generated/gen_disconnected_components6_n2000_uniform_neg30_r0.json', '--config', '<project>/experiments/runs/ablation/6f9644570681ae10/resolved_config.json', '--output', '<project>/experiments/runs/ablation/6f9644570681ae10/result.json']",False,close-degeneracy-trigger,263678,0.343367619,3.756113828,disconnected,0,0,1490,gen_disconnected_components6_n2000_uniform_neg30_r0,data/generated/gen_disconnected_components6_n2000_uniform_neg30_r0.json,66b6c3b18dce9f7bf7f5193769ac2ee6fcccc28023d6b2d06e9064f83c38de96,263090,458,,2000,36857.0,459,generated,45568000,264121,0.000357282,2.388387065,0.762697036,3448533,0,,0,6f9644570681ae10,3.7629138079937547,optimal,3.753595798,0.12098652199999997,True
1993,493f6f942eca3576ac0253ad50581fbe0469e8e417d3f97011c676f7789871fd,358509844,"""instance""",0.000193419,"['taskset', '-c', '2', '<project>/build/release/pclp', 'solve', '--instance', '<project>/data/generated/gen_disconnected_components6_n2000_uniform_neg30_r0.json', '--config', '<project>/experiments/runs/ablation/a933d5bf637c9a8a/resolved_config.json', '--output', '<project>/experiments/runs/ablation/a933d5bf637c9a8a/result.json']",False,close-degeneracy-trigger,263678,0.37443692900000003,3.8310046,disconnected,0,0,1490,gen_disconnected_components6_n2000_uniform_neg30_r0,data/generated/gen_disconnected_components6_n2000_uniform_neg30_r0.json,66b6c3b18dce9f7bf7f5193769ac2ee6fcccc28023d6b2d06e9064f83c38de96,263090,458,,2000,36857.0,459,generated,45568000,264121,0.000401128,2.42242995,0.772117341,3448533,0,,1,a933d5bf637c9a8a,3.8430542510031955,optimal,3.828714298,0.12186628499999998,True
1993,493f6f942eca3576ac0253ad50581fbe0469e8e417d3f97011c676f7789871fd,15220210,"""instance""",0.000221623,"['taskset', '-c', '2', '<project>/build/release/pclp', 'solve', '--instance', '<project>/data/generated/gen_disconnected_components6_n2000_uniform_neg30_r0.json', '--config', '<project>/experiments/runs/ablation/afd76041ed2059a8/resolved_config.json', '--output', '<project>/experiments/runs/ablation/afd76041ed2059a8/result.json']",False,forest-tuned,249017,0.397912249,1.120725896,disconnected,0,0,1433,gen_disconnected_components6_n2000_uniform_neg30_r0,data/generated/gen_disconnected_components6_n2000_uniform_neg30_r0.json,66b6c3b18dce9f7bf7f5193769ac2ee6fcccc28023d6b2d06e9064f83c38de96,248417,458,,2000,36857.0,459,generated,45568000,249391,0.000406869,0.170279505,0.274187164,3272527,0,,0,afd76041ed2059a8,1.1284485859941924,optimal,1.11802781,0.128686971,True
1993,493f6f942eca3576ac0253ad50581fbe0469e8e417d3f97011c676f7789871fd,15220210,"""instance""",0.000226755,"['taskset', '-c', '2', '<project>/build/release/pclp', 'solve', '--instance', '<project>/data/generated/gen_disconnected_components6_n2000_uniform_neg30_r0.json', '--config', '<project>/experiments/runs/ablation/2beafcf26a4477c3/resolved_config.json', '--output', '<project>/experiments/runs/ablation/2beafcf26a4477c3/result.json']",False,forest-tuned,249017,0.416219348,1.124431451,disconnected,0,0,1433,gen_disconnected_components6_n2000_uniform_neg30_r0,data/generated/gen_disconnected_components6_n2000_uniform_neg30_r0.json,66b6c3b18dce9f7bf7f5193769ac2ee6fcccc28023d6b2d06e9064f83c38de96,248417,458,,2000,36857.0,459,generated,45568000,249391,0.000404244,0.166543205,0.268361651,3272527,0,,1,2beafcf26a4477c3,1.132114760010154,optimal,1.121644465,0.12597829900000002,True
1993,493f6f942eca3576ac0253ad50581fbe0469e8e417d3f97011c676f7789871fd,343506322,"""instance""",0.000196837,"['taskset', '-c', '2', '<project>/build/release/pclp', 'solve', '--instance', '<project>/data/generated/gen_disconnected_components6_n2000_uniform_neg30_r0.json', '--config', '<project>/experiments/runs/ablation/d8b1dae7c70ad32f/resolved_config.json', '--output', '<project>/experiments/runs/ablation/d8b1dae7c70ad32f/result.json']",False,full-pricing,232412,0.327284106,3.869362946,disconnected,0,0,1368,gen_disconnected_components6_n2000_uniform_neg30_r0,data/generated/gen_disconnected_components6_n2000_uniform_neg30_r0.json,66b6c3b18dce9f7bf7f5193769ac2ee6fcccc28023d6b2d06e9064f83c38de96,231831,458,,2000,36857.0,459,generated,45568000,232740,0.000414741,2.903499616,0.378733702,3127706,0,,0,d8b1dae7c70ad32f,3.8773552030033898,optimal,3.866803331,0.11584263999999997,True
1993,493f6f942eca3576ac0253ad50581fbe0469e8e417d3f97011c676f7789871fd,343506322,"""instance""",0.000194068,"['taskset', '-c', '2', '<project>/build/release/pclp', 'solve', '--instance', '<project>/data/generated/gen_disconnected_components6_n2000_uniform_neg30_r0.json', '--config', '<project>/experiments/runs/ablation/f02d64494c1455ce/resolved_config.json', '--output', '<project>/experiments/runs/ablation/f02d64494c1455ce/result.json']",False,full-pricing,232412,0.305040422,3.489518822,disconnected,0,0,1368,gen_disconnected_components6_n2000_uniform_neg30_r0,data/generated/gen_disconnected_components6_n2000_uniform_neg30_r0.json,66b6c3b18dce9f7bf7f5193769ac2ee6fcccc28023d6b2d06e9064f83c38de96,231831,458,,2000,36857.0,459,generated,45568000,232740,0.000344566,2.591285495,0.347066864,3127706,0,,1,f02d64494c1455ce,3.497051550002652,optimal,3.487050247,0.10776707799999997,True
1993,493f6f942eca3576ac0253ad50581fbe0469e8e417d3f97011c676f7789871fd,15220210,"""instance""",0.000222706,"['taskset', '-c', '2', '<project>/build/release/pclp', 'solve', '--instance', '<project>/data/generated/gen_disconnected_components6_n2000_uniform_neg30_r0.json', '--config', '<project>/experiments/runs/ablation/293cec3008e0ee9b/resolved_config.json', '--output', '<project>/experiments/runs/ablation/293cec3008e0ee9b/result.json']",False,no-early-ratio-test,249017,0.42177363,1.915220633,disconnected,0,0,1433,gen_disconnected_components6_n2000_uniform_neg30_r0,data/generated/gen_disconnected_components6_n2000_uniform_neg30_r0.json,66b6c3b18dce9f7bf7f5193769ac2ee6fcccc28023d6b2d06e9064f83c38de96,248417,458,,2000,36857.0,459,generated,45568000,249391,0.000426968,0.186561968,1.018857079,3272527,0,,0,293cec3008e0ee9b,1.9227011040056823,optimal,1.91253741,0.133342392,True
1993,493f6f942eca3576ac0253ad50581fbe0469e8e417d3f97011c676f7789871fd,15220210,"""instance""",0.000222851,"['taskset', '-c', '2', '<project>/build/release/pclp', 'solve', '--instance', '<project>/data/generated/gen_disconnected_components6_n2000_uniform_neg30_r0.json', '--config', '<project>/experiments/runs/ablation/c85a0d3a9e6953ca/resolved_config.json', '--output', '<project>/experiments/runs/ablation/c85a0d3a9e6953ca/result.json']",False,no-early-ratio-test,249017,0.381992722,1.709332813,disconnected,0,0,1433,gen_disconnected_components6_n2000_uniform_neg30_r0,data/generated/gen_disconnected_components6_n2000_uniform_neg30_r0.json,66b6c3b18dce9f7bf7f5193769ac2ee6fcccc28023d6b2d06e9064f83c38de96,248417,458,,2000,36857.0,459,generated,45568000,249391,0.000405469,0.16726455,0.887298595,3272527,0,,1,c85a0d3a9e6953ca,1.7163183340016985,optimal,1.706567974,0.125038904,True
1993,493f6f942eca3576ac0253ad50581fbe0469e8e417d3f97011c676f7789871fd,15220210,"""instance""",0.000194757,"['taskset', '-c', '2', '<project>/build/release/pclp', 'solve', '--instance', '<project>/data/generated/gen_disconnected_components6_n2000_uniform_neg30_r0.json', '--config', '<project>/experiments/runs/ablation/6a73c20b90edca0f/resolved_config.json', '--output', '<project>/experiments/runs/ablation/6a73c20b90edca0f/result.json']",False,no-local-update,249017,0.305802025,8.254025968,disconnected,0,0,249850,gen_disconnected_components6_n2000_uniform_neg30_r0,data/generated/gen_disconnected_components6_n2000_uniform_neg30_r0.json,66b6c3b18dce9f7bf7f5193769ac2ee6fcccc28023d6b2d06e9064f83c38de96,0,458,,2000,36857.0,459,generated,45568000,249391,0.000394477,0.148192014,0.25659156,370322974,0,,0,6a73c20b90edca0f,8.260920161003014,optimal,8.251364519,7.411408291,True
1993,493f6f942eca3576ac0253ad50581fbe0469e8e417d3f97011c676f7789871fd,15220210,"""instance""",0.000215721,"['taskset', '-c', '2', '<project>/build/release/pclp', 'solve', '--instance', '<project>/data/generated/gen_disconnected_components6_n2000_uniform_neg30_r0.json', '--config', '<project>/experiments/runs/ablation/743a8ee31dc50e3d/resolved_config.json', '--output', '<project>/experiments/runs/ablation/743a8ee31dc50e3d/result.json']",False,no-local-update,249017,0.343941261,8.246674511,disconnected,0,0,249850,gen_disconnected_components6_n2000_uniform_neg30_r0,data/generated/gen_disconnected_components6_n2000_uniform_neg30_r0.json,66b6c3b18dce9f7bf7f5193769ac2ee6fcccc28023d6b2d06e9064f83c38de96,0,458,,2000,36857.0,459,generated,45568000,249391,0.000397489,0.147163624,0.254745705,370322974,0,,1,743a8ee31dc50e3d,8.254090834001545,optimal,8.243977875,7.368596588,True
1993,493f6f942eca3576ac0253ad50581fbe0469e8e417d3f97011c676f7789871fd,15220210,"""instance""",0.000224721,"['taskset', '-c', '2', '<project>/build/release/pclp', 'solve', '--instance', '<project>/data/generated/gen_disconnected_components6_n2000_uniform_neg30_r0.json', '--config', '<project>/experiments/runs/ablation/ad810ec8a2800817/resolved_config.json', '--output', '<project>/experiments/runs/ablation/ad810ec8a2800817/result.json']",False,no-restricted-ratio-test,249017,0.360699353,1.680521302,disconnected,0,0,1433,gen_disconnected_components6_n2000_uniform_neg30_r0,data/generated/gen_disconnected_components6_n2000_uniform_neg30_r0.json,66b6c3b18dce9f7bf7f5193769ac2ee6fcccc28023d6b2d06e9064f83c38de96,248417,458,,2000,36857.0,459,generated,45568000,249391,0.000416871,0.165294832,0.884580121,3272527,0,,0,ad810ec8a2800817,1.687419416004559,optimal,1.6777528,0.12312413200000001,True
1993,493f6f942eca3576ac0253ad50581fbe0469e8e417d3f97011c676f7789871fd,15220210,"""instance""",0.000224476,"['taskset', '-c', '2', '<project>/build/release/pclp', 'solve', '--instance', '<project>/data/generated/gen_disconnected_components6_n2000_uniform_neg30_r0.json', '--config', '<project>/experiments/runs/ablation/70d3ff09abd9f5a0/resolved_config.json', '--output', '<project>/experiments/runs/ablation/70d3ff09abd9f5a0/result.json']",False,no-restricted-ratio-test,249017,0.388182053,1.749843689,disconnected,0,0,1433,gen_disconnected_components6_n2000_uniform_neg30_r0,data/generated/gen_disconnected_components6_n2000_uniform_neg30_r0.json,66b6c3b18dce9f7bf7f5193769ac2ee6fcccc28023d6b2d06e9064f83c38de96,248417,458,,2000,36857.0,459,generated,45568000,249391,0.00039064,0.171557734,0.910060719,3272527,0,,1,70d3ff09abd9f5a0,1.7564187480020337,optimal,1.747137136,0.12742439900000002,True
1993,493f6f942eca3576ac0253ad50581fbe0469e8e417d3f97011c676f7789871fd,20824620,"""instance""",0.000232632,"['taskset', '-c', '2', '<project>/build/release/pclp', 'solve', '--instance', '<project>/data/generated/gen_disconnected_components6_n2000_uniform_neg30_r0.json', '--config', '<project>/experiments/runs/ablation/43188bc631a299aa/resolved_config.json', '--output', '<project>/experiments/runs/ablation/43188bc631a299aa/result.json']",False,sequential-canonicalization,344334,0.526442161,1.472222067,disconnected,0,0,2074,gen_disconnected_components6_n2000_uniform_neg30_r0,data/generated/gen_disconnected_components6_n2000_uniform_neg30_r0.json,66b6c3b18dce9f7bf7f5193769ac2ee6fcccc28023d6b2d06e9064f83c38de96,343533,458,,2000,36857.0,727,generated,45568000,344880,0.000395628,0.226677254,0.361049944,4386458,0,,0,43188bc631a299aa,1.4782442750001792,optimal,1.469446773,0.165492931,True
1993,493f6f942eca3576ac0253ad50581fbe0469e8e417d3f97011c676f7789871fd,20824620,"""instance""",0.000229886,"['taskset', '-c', '2', '<project>/build/release/pclp', 'solve', '--instance', '<project>/data/generated/gen_disconnected_components6_n2000_uniform_neg30_r0.json', '--config', '<project>/experiments/runs/ablation/6cfd0cf7d2b20558/resolved_config.json', '--output', '<project>/experiments/runs/ablation/6cfd0cf7d2b20558/result.json']",False,sequential-canonicalization,344334,0.540478318,1.476963933,disconnected,0,0,2074,gen_disconnected_components6_n2000_uniform_neg30_r0,data/generated/gen_disconnected_components6_n2000_uniform_neg30_r0.json,66b6c3b18dce9f7bf7f5193769ac2ee6fcccc28023d6b2d06e9064f83c38de96,343533,458,,2000,36857.0,727,generated,45568000,344880,0.000384873,0.225049431,0.357056847,4386458,0,,1,6cfd0cf7d2b20558,1.4846395929926075,optimal,1.474273936,0.163883296,True
1993,493f6f942eca3576ac0253ad50581fbe0469e8e417d3f97011c676f7789871fd,6253988,"""instance""",0.000225642,"['taskset', '-c', '2', '<project>/build/release/pclp', 'solve', '--instance', '<project>/data/generated/gen_disconnected_components6_n2000_uniform_neg30_r0.json', '--config', '<project>/experiments/runs/ablation/92dd2db82859887d/resolved_config.json', '--output', '<project>/experiments/runs/ablation/92dd2db82859887d/result.json']",False,sink-initial-basis,85497,0.119604507,0.334385189,disconnected,0,0,800,gen_disconnected_components6_n2000_uniform_neg30_r0,data/generated/gen_disconnected_components6_n2000_uniform_neg30_r0.json,66b6c3b18dce9f7bf7f5193769ac2ee6fcccc28023d6b2d06e9064f83c38de96,87149,458,,2000,36857.0,459,generated,45568000,87490,0.000359778,0.06448996,0.067890787,1199655,0,,0,92dd2db82859887d,0.3414541050005937,optimal,0.331609735,0.025263982,True
1993,493f6f942eca3576ac0253ad50581fbe0469e8e417d3f97011c676f7789871fd,6253988,"""instance""",0.000237686,"['taskset', '-c', '2', '<project>/build/release/pclp', 'solve', '--instance', '<project>/data/generated/gen_disconnected_components6_n2000_uniform_neg30_r0.json', '--config', '<project>/experiments/runs/ablation/9c4d80c82b5fdf95/resolved_config.json', '--output', '<project>/experiments/runs/ablation/9c4d80c82b5fdf95/result.json']",False,sink-initial-basis,85497,0.12811746200000002,0.352638783,disconnected,0,0,800,gen_disconnected_components6_n2000_uniform_neg30_r0,data/generated/gen_disconnected_components6_n2000_uniform_neg30_r0.json,66b6c3b18dce9f7bf7f5193769ac2ee6fcccc28023d6b2d06e9064f83c38de96,87149,458,,2000,36857.0,459,generated,45568000,87490,0.000393211,0.067608448,0.070782582,1199655,0,,1,9c4d80c82b5fdf95,0.3604538049985422,optimal,0.349885786,0.0262935,True
1993,493f6f942eca3576ac0253ad50581fbe0469e8e417d3f97011c676f7789871fd,15220210,"""instance""",0.000241866,"['taskset', '-c', '2', '<project>/build/release/pclp', 'solve', '--instance', '<project>/data/generated/gen_disconnected_components6_n2000_uniform_neg30_r0.json', '--config', '<project>/experiments/runs/ablation/a9b1cd8966c2b680/resolved_config.json', '--output', '<project>/experiments/runs/ablation/a9b1cd8966c2b680/result.json']",False,with-transitive-reduction,249017,0.377631856,1.087644354,disconnected,0,0,1433,gen_disconnected_components6_n2000_uniform_neg30_r0,data/generated/gen_disconnected_components6_n2000_uniform_neg30_r0.json,66b6c3b18dce9f7bf7f5193769ac2ee6fcccc28023d6b2d06e9064f83c38de96,248417,458,,2000,36857.0,459,generated,45568000,249391,0.00064756,0.166587452,0.268315794,3272527,0,,0,a9b1cd8966c2b680,1.0946626420045504,optimal,1.084965922,0.126154601,True
1993,493f6f942eca3576ac0253ad50581fbe0469e8e417d3f97011c676f7789871fd,15220210,"""instance""",0.000241799,"['taskset', '-c', '2', '<project>/build/release/pclp', 'solve', '--instance', '<project>/data/generated/gen_disconnected_components6_n2000_uniform_neg30_r0.json', '--config', '<project>/experiments/runs/ablation/1d6972bb308ff79d/resolved_config.json', '--output', '<project>/experiments/runs/ablation/1d6972bb308ff79d/result.json']",False,with-transitive-reduction,249017,0.41049775,1.152703391,disconnected,0,0,1433,gen_disconnected_components6_n2000_uniform_neg30_r0,data/generated/gen_disconnected_components6_n2000_uniform_neg30_r0.json,66b6c3b18dce9f7bf7f5193769ac2ee6fcccc28023d6b2d06e9064f83c38de96,248417,458,,2000,36857.0,459,generated,45568000,249391,0.000670245,0.174540901,0.281182842,3272527,0,,1,1d6972bb308ff79d,1.1596426119940588,optimal,1.149958312,0.131962283,True
1993,493f6f942eca3576ac0253ad50581fbe0469e8e417d3f97011c676f7789871fd,426629718,"""instance""",0.000188547,"['taskset', '-c', '2', '<project>/build/release/pclp', 'solve', '--instance', '<project>/data/generated/gen_disconnected_components6_n2000_uniform_neg30_r1.json', '--config', '<project>/experiments/runs/ablation/50a225280ad74e5d/resolved_config.json', '--output', '<project>/experiments/runs/ablation/50a225280ad74e5d/result.json']",False,bland-entering,288317,0.40971993,4.464293641,disconnected,0,0,1533,gen_disconnected_components6_n2000_uniform_neg30_r1,data/generated/gen_disconnected_components6_n2000_uniform_neg30_r1.json,02c270a898e3bae487e8f812eb7f3ddf5e0a812234614f58ea5caa0713ba742f,287621,405,,2000,4354.104881578947,406,generated,45568000,288748,0.000373758,2.823206381,0.90340622,4255116,0,,0,50a225280ad74e5d,4.471830482012592,optimal,4.461370022,0.162849313,True
1993,493f6f942eca3576ac0253ad50581fbe0469e8e417d3f97011c676f7789871fd,426629718,"""instance""",0.000192448,"['taskset', '-c', '2', '<project>/build/release/pclp', 'solve', '--instance', '<project>/data/generated/gen_disconnected_components6_n2000_uniform_neg30_r1.json', '--config', '<project>/experiments/runs/ablation/7bc3f9a26c4d65b0/resolved_config.json', '--output', '<project>/experiments/runs/ablation/7bc3f9a26c4d65b0/result.json']",False,bland-entering,288317,0.397274599,4.392545865,disconnected,0,0,1533,gen_disconnected_components6_n2000_uniform_neg30_r1,data/generated/gen_disconnected_components6_n2000_uniform_neg30_r1.json,02c270a898e3bae487e8f812eb7f3ddf5e0a812234614f58ea5caa0713ba742f,287621,405,,2000,4354.104881578947,406,generated,45568000,288748,0.000379693,2.783012643,0.888278719,4255116,0,,1,7bc3f9a26c4d65b0,4.399839724006597,optimal,4.389724946,0.16101699,True
1993,493f6f942eca3576ac0253ad50581fbe0469e8e417d3f97011c676f7789871fd,389367392,"""instance""",0.000194318,"['taskset', '-c', '2', '<project>/build/release/pclp', 'solve', '--instance', '<project>/data/generated/gen_disconnected_components6_n2000_uniform_neg30_r1.json', '--config', '<project>/experiments/runs/ablation/95fd32b93a609f7a/resolved_config.json', '--output', '<project>/experiments/runs/ablation/95fd32b93a609f7a/result.json']",False,close-degeneracy-trigger,283031,0.391878044,4.150834829,disconnected,0,0,1513,gen_disconnected_components6_n2000_uniform_neg30_r1,data/generated/gen_disconnected_components6_n2000_uniform_neg30_r1.json,02c270a898e3bae487e8f812eb7f3ddf5e0a812234614f58ea5caa0713ba742f,282346,405,,2000,4354.104881578947,406,generated,45568000,283453,0.000394189,2.56702568,0.869697849,4180509,0,,0,95fd32b93a609f7a,4.158185414999025,optimal,4.148061129,0.161045518,True
1993,493f6f942eca3576ac0253ad50581fbe0469e8e417d3f97011c676f7789871fd,389367392,"""instance""",0.000199765,"['taskset', '-c', '2', '<project>/build/release/pclp', 'solve', '--instance', '<project>/data/generated/gen_disconnected_components6_n2000_uniform_neg30_r1.json', '--config', '<project>/experiments/runs/ablation/e561dfdbb1fa4665/resolved_config.json', '--output', '<project>/experiments/runs/ablation/e561dfdbb1fa4665/result.json']",False,close-degeneracy-trigger,283031,0.376691164,4.039771194,disconnected,0,0,1513,gen_disconnected_components6_n2000_uniform_neg30_r1,data/generated/gen_disconnected_components6_n2000_uniform_neg30_r1.json,02c270a898e3bae487e8f812eb7f3ddf5e0a812234614f58ea5caa0713ba742f,282346,405,,2000,4354.104881578947,406,generated,45568000,283453,0.000338665,2.501135041,0.846587712,4180509,0,,1,e561dfdbb1fa4665,4.0457814340043114,optimal,4.036878672,0.15770764099999998,True
1993,493f6f942eca3576ac0253ad50581fbe0469e8e417d3f97011c676f7789871fd,16005300,"""instance""",0.000225989,"['taskset', '-c', '2', '<project>/build/release/pclp', 'solve', '--instance', '<project>/data/generated/gen_disconnected_components6_n2000_uniform_neg30_r1.json', '--config', '<project>/experiments/runs/ablation/776ca3e9f5699b9b/resolved_config.json', '--output', '<project>/experiments/runs/ablation/776ca3e9f5699b9b/result.json']",False,forest-tuned,253868,0.401266454,1.251917627,disconnected,0,0,1399,gen_disconnected_components6_n2000_uniform_neg30_r1,data/generated/gen_disconnected_components6_n2000_uniform_neg30_r1.json,02c270a898e3bae487e8f812eb7f3ddf5e0a812234614f58ea5caa0713ba742f,253253,405,,2000,4354.104881578947,406,generated,45568000,254246,0.000377422,0.186653486,0.324998232,3807044,0,,0,776ca3e9f5699b9b,1.2585449000034714,optimal,1.249078278,0.167712039,True
1993,493f6f942eca3576ac0253ad50581fbe0469e8e417d3f97011c676f7789871fd,16005300,"""instance""",0.000226949,"['taskset', '-c', '2', '<project>/build/release/pclp', 'solve', '--instance', '<project>/data/generated/gen_disconnected_components6_n2000_uniform_neg30_r1.json', '--config', '<project>/experiments/runs/ablation/726570a859e6361c/resolved_config.json', '--output', '<project>/experiments/runs/ablation/726570a859e6361c/result.json']",False,forest-tuned,253868,0.388519001,1.230769332,disconnected,0,0,1399,gen_disconnected_components6_n2000_uniform_neg30_r1,data/generated/gen_disconnected_components6_n2000_uniform_neg30_r1.json,02c270a898e3bae487e8f812eb7f3ddf5e0a812234614f58ea5caa0713ba742f,253253,405,,2000,4354.104881578947,406,generated,45568000,254246,0.000403649,0.184744488,0.322152438,3807044,0,,1,726570a859e6361c,1.2386732209997717,optimal,1.2279261,0.165768318,True
1993,493f6f942eca3576ac0253ad50581fbe0469e8e417d3f97011c676f7789871fd,342334365,"""instance""",0.000191404,"['taskset', '-c', '2', '<project>/build/release/pclp', 'solve', '--instance', '<project>/data/generated/gen_disconnected_components6_n2000_uniform_neg30_r1.json', '--config', '<project>/experiments/runs/ablation/eebd6391382c8785/resolved_config.json', '--output', '<project>/experiments/runs/ablation/eebd6391382c8785/result.json']",False,full-pricing,227530,0.313866741,3.908449341,disconnected,0,0,1296,gen_disconnected_components6_n2000_uniform_neg30_r1,data/generated/gen_disconnected_components6_n2000_uniform_neg30_r1.json,02c270a898e3bae487e8f812eb7f3ddf5e0a812234614f58ea5caa0713ba742f,226982,405,,2000,4354.104881578947,406,generated,45568000,227872,0.000348553,2.89538865,0.393713537,3632699,0,,0,eebd6391382c8785,3.9154495389957447,optimal,3.905662902,0.14768514400000002,True
1993,493f6f942eca3576ac0253ad50581fbe0469e8e417d3f97011c676f7789871fd,342334365,"""instance""",0.00018993,"['taskset', '-c', '2', '<project>/build/release/pclp', 'solve', '--instance', '<project>/data/generated/gen_disconnected_components6_n2000_uniform_neg30_r1.json', '--config', '<project>/experiments/runs/ablation/a4f7f5e26aaa2135/resolved_config.json', '--output', '<project>/experiments/runs/ablation/a4f7f5e26aaa2135/result.json']",False,full-pricing,227530,0.305826381,3.801838514,disconnected,0,0,1296,gen_disconnected_components6_n2000_uniform_neg30_r1,data/generated/gen_disconnected_components6_n2000_uniform_neg30_r1.json,02c270a898e3bae487e8f812eb7f3ddf5e0a812234614f58ea5caa0713ba742f,226982,405,,2000,4354.104881578947,406,generated,45568000,227872,0.000414003,2.821540788,0.378731035,3632699,0,,1,a4f7f5e26aaa2135,3.808562981997966,optimal,3.798835501,0.14222109,True
1993,493f6f942eca3576ac0253ad50581fbe0469e8e417d3f97011c676f7789871fd,16005300,"""instance""",0.000244187,"['taskset', '-c', '2', '<project>/build/release/pclp', 'solve', '--instance', '<project>/data/generated/gen_disconnected_components6_n2000_uniform_neg30_r1.json', '--config', '<project>/experiments/runs/ablation/cf3611091b48141d/resolved_config.json', '--output', '<project>/experiments/runs/ablation/cf3611091b48141d/result.json']",False,no-early-ratio-test,253868,0.365652058,1.861579402,disconnected,0,0,1399,gen_disconnected_components6_n2000_uniform_neg30_r1,data/generated/gen_disconnected_components6_n2000_uniform_neg30_r1.json,02c270a898e3bae487e8f812eb7f3ddf5e0a812234614f58ea5caa0713ba742f,253253,405,,2000,4354.104881578947,406,generated,45568000,254246,0.000366199,0.185335527,0.978629941,3807044,0,,0,cf3611091b48141d,1.8690046810079366,optimal,1.858801895,0.163019952,True
1993,493f6f942eca3576ac0253ad50581fbe0469e8e417d3f97011c676f7789871fd,16005300,"""instance""",0.000222005,"['taskset', '-c', '2', '<project>/build/release/pclp', 'solve', '--instance', '<project>/data/generated/gen_disconnected_components6_n2000_uniform_neg30_r1.json', '--config', '<project>/experiments/runs/ablation/a3c5b456ab41fe6f/resolved_config.json', '--output', '<project>/experiments/runs/ablation/a3c5b456ab41fe6f/result.json']",False,no-early-ratio-test,253868,0.383980571,1.880679258,disconnected,0,0,1399,gen_disconnected_components6_n2000_uniform_neg30_r1,data/generated/gen_disconnected_components6_n2000_uniform_neg30_r1.json,02c270a898e3bae487e8f812eb7f3ddf5e0a812234614f58ea5caa0713ba742f,253253,405,,2000,4354.104881578947,406,generated,45568000,254246,0.000390818,0.185026891,0.977537528,3807044,0,,1,a3c5b456ab41fe6f,1.8880302310135448,optimal,1.87752806,0.163170076,True
1993,493f6f942eca3576ac0253ad50581fbe0469e8e417d3f97011c676f7789871fd,16005300,"""instance""",0.00019396,"['taskset', '-c', '2', '<project>/build/release/pclp', 'solve', '--instance', '<project>/data/generated/gen_disconnected_components6_n2000_uniform_neg30_r1.json', '--config', '<project>/experiments/runs/ablation/105412ab5b5fc4ad/resolved_config.json', '--output', '<project>/experiments/runs/ablation/105412ab5b5fc4ad/result.json']",False,no-local-update,253868,0.33672734,9.217265471,disconnected,0,0,254652,gen_disconnected_components6_n2000_uniform_neg30_r1,data/generated/gen_disconnected_components6_n2000_uniform_neg30_r1.json,02c270a898e3bae487e8f812eb7f3ddf5e0a812234614f58ea5caa0713ba742f,0,405,,2000,4354.104881578947,406,generated,45568000,254246,0.000373458,0.160490621,0.297303054,382404892,0,,0,105412ab5b5fc4ad,9.226684295994346,optimal,9.21471036,8.274691703,True
1993,493f6f942eca3576ac0253ad50581fbe0469e8e417d3f97011c676f7789871fd,16005300,"""instance""",0.000210478,"['taskset', '-c', '2', '<project>/build/release/pclp', 'solve', '--instance', '<project>/data/generated/gen_disconnected_components6_n2000_uniform_neg30_r1.json', '--config', '<project>/experiments/runs/ablation/f1dabe1c0f1558a2/resolved_config.json', '--output', '<project>/experiments/runs/ablation/f1dabe1c0f1558a2/result.json']",False,no-local-update,253868,0.333467306,9.714152394,disconnected,0,0,254652,gen_disconnected_components6_n2000_uniform_neg30_r1,data/generated/gen_disconnected_components6_n2000_uniform_neg30_r1.json,02c270a898e3bae487e8f812eb7f3ddf5e0a812234614f58ea5caa0713ba742f,0,405,,2000,4354.104881578947,406,generated,45568000,254246,0.000396316,0.173132723,0.316018339,382404892,0,,1,f1dabe1c0f1558a2,9.72179899099865,optimal,9.711203324,8.732627615,True
1993,493f6f942eca3576ac0253ad50581fbe0469e8e417d3f97011c676f7789871fd,16005300,"""instance""",0.000231779,"['taskset', '-c', '2', '<project>/build/release/pclp', 'solve', '--instance', '<project>/data/generated/gen_disconnected_components6_n2000_uniform_neg30_r1.json', '--config', '<project>/experiments/runs/ablation/89b3276a19729ebb/resolved_config.json', '--output', '<project>/experiments/runs/ablation/89b3276a19729ebb/result.json']",False,no-restricted-ratio-test,253868,0.379085983,1.855082433,disconnected,0,0,1399,gen_disconnected_components6_n2000_uniform_neg30_r1,data/generated/gen_disconnected_components6_n2000_uniform_neg30_r1.json,02c270a898e3bae487e8f812eb7f3ddf5e0a812234614f58ea5caa0713ba742f,253253,405,,2000,4354.104881578947,406,generated,45568000,254246,0.000411646,0.1843526,0.960157554,3807044,0,,0,89b3276a19729ebb,1.8620038480003132,optimal,1.852145111,0.161930502,True
1993,493f6f942eca3576ac0253ad50581fbe0469e8e417d3f97011c676f7789871fd,16005300,"""instance""",0.000226747,"['taskset', '-c', '2', '<project>/build/release/pclp', 'solve', '--instance', '<project>/data/generated/gen_disconnected_components6_n2000_uniform_neg30_r1.json', '--config', '<project>/experiments/runs/ablation/cc5abbbdc03a1813/resolved_config.json', '--output', '<project>/experiments/runs/ablation/cc5abbbdc03a1813/result.json']",False,no-restricted-ratio-test,253868,0.374422253,1.859464919,disconnected,0,0,1399,gen_disconnected_components6_n2000_uniform_neg30_r1,data/generated/gen_disconnected_components6_n2000_uniform_neg30_r1.json,02c270a898e3bae487e8f812eb7f3ddf5e0a812234614f58ea5caa0713ba742f,253253,405,,2000,4354.104881578947,406,generated,45568000,254246,0.000406527,0.184807718,0.967077292,3807044,0,,1,cc5abbbdc03a1813,1.8666213370015612,optimal,1.856527534,0.162796663,True
1993,493f6f942eca3576ac0253ad50581fbe0469e8e417d3f97011c676f7789871fd,16116666,"""instance""",0.000229544,"['taskset', '-c', '2', '<project>/build/release/pclp', 'solve', '--instance', '<project>/data/generated/gen_disconnected_components6_n2000_uniform_neg30_r1.json', '--config', '<project>/experiments/runs/ablation/86e5b5be2425e09d/resolved_config.json', '--output', '<project>/experiments/runs/ablation/86e5b5be2425e09d/result.json']",False,sequential-canonicalization,255673,0.449730727,1.406433783,disconnected,0,0,1409,gen_disconnected_components6_n2000_uniform_neg30_r1,data/generated/gen_disconnected_components6_n2000_uniform_neg30_r1.json,02c270a898e3bae487e8f812eb7f3ddf5e0a812234614f58ea5caa0713ba742f,255054,405,,2000,4354.104881578947,409,generated,45568000,256054,0.000545211,0.218027588,0.379770874,3832289,0,,0,86e5b5be2425e09d,1.4139073100086534,optimal,1.40213298,0.185855792,True
1993,493f6f942eca3576ac0253ad50581fbe0469e8e417d3f97011c676f7789871fd,16116666,"""instance""",0.000221197,"['taskset', '-c', '2', '<project>/build/release/pclp', 'solve', '--instance', '<project>/data/generated/gen_disconnected_components6_n2000_uniform_neg30_r1.json', '--config', '<project>/experiments/runs/ablation/3a71c44beb96a852/resolved_config.json', '--output', '<project>/experiments/runs/ablation/3a71c44beb96a852/result.json']",False,sequential-canonicalization,255673,0.41761106,1.241784432,disconnected,0,0,1409,gen_disconnected_components6_n2000_uniform_neg30_r1,data/generated/gen_disconnected_components6_n2000_uniform_neg30_r1.json,02c270a898e3bae487e8f812eb7f3ddf5e0a812234614f58ea5caa0713ba742f,255054,405,,2000,4354.104881578947,409,generated,45568000,256054,0.000401743,0.183748869,0.31954131,3832289,0,,1,3a71c44beb96a852,1.2486213249940192,optimal,1.23900802,0.164660836,True
1993,493f6f942eca3576ac0253ad50581fbe0469e8e417d3f97011c676f7789871fd,11724346,"""instance""",0.000241202,"['taskset', '-c', '2', '<project>/build/release/pclp', 'solve', '--instance', '<project>/data/generated/gen_disconnected_components6_n2000_uniform_neg30_r1.json', '--config', '<project>/experiments/runs/ablation/5bc599484e26c5a2/resolved_config.json', '--output', '<project>/experiments/runs/ablation/5bc599484e26c5a2/result.json']",False,sink-initial-basis,185016,0.279836822,0.767007851,disconnected,0,0,1150,gen_disconnected_components6_n2000_uniform_neg30_r1,data/generated/gen_disconnected_components6_n2000_uniform_neg30_r1.json,02c270a898e3bae487e8f812eb7f3ddf5e0a812234614f58ea5caa0713ba742f,189943,405,,2000,4354.104881578947,406,generated,45568000,190687,0.000389138,0.136088427,0.181874223,2286888,0,,0,5bc599484e26c5a2,0.7737656590034021,optimal,0.764029729,0.063656414,True
1993,493f6f942eca3576ac0253ad50581fbe0469e8e417d3f97011c676f7789871fd,11724346,"""instance""",0.00024438,"['taskset', '-c', '2', '<project>/build/release/pclp', 'solve', '--instance', '<project>/data/generated/gen_disconnected_components6_n2000_uniform_neg30_r1.json', '--config', '<project>/experiments/runs/ablation/3f9f84fcf92cfaaa/resolved_config.json', '--output', '<project>/experiments/runs/ablation/3f9f84fcf92cfaaa/result.json']",False,sink-initial-basis,185016,0.279771124,0.789835445,disconnected,0,0,1150,gen_disconnected_components6_n2000_uniform_neg30_r1,data/generated/gen_disconnected_components6_n2000_uniform_neg30_r1.json,02c270a898e3bae487e8f812eb7f3ddf5e0a812234614f58ea5caa0713ba742f,189943,405,,2000,4354.104881578947,406,generated,45568000,190687,0.000396518,0.142024706,0.191574307,2286888,0,,1,3f9f84fcf92cfaaa,0.7970943649997935,optimal,0.786793649,0.066805151,True
1993,493f6f942eca3576ac0253ad50581fbe0469e8e417d3f97011c676f7789871fd,16005300,"""instance""",0.000231104,"['taskset', '-c', '2', '<project>/build/release/pclp', 'solve', '--instance', '<project>/data/generated/gen_disconnected_components6_n2000_uniform_neg30_r1.json', '--config', '<project>/experiments/runs/ablation/85e6fd21c4552754/resolved_config.json', '--output', '<project>/experiments/runs/ablation/85e6fd21c4552754/result.json']",False,with-transitive-reduction,253868,0.439765586,1.312251951,disconnected,0,0,1399,gen_disconnected_components6_n2000_uniform_neg30_r1,data/generated/gen_disconnected_components6_n2000_uniform_neg30_r1.json,02c270a898e3bae487e8f812eb7f3ddf5e0a812234614f58ea5caa0713ba742f,253253,405,,2000,4354.104881578947,406,generated,45568000,254246,0.000647904,0.19096253700000002,0.333438713,3807044,0,,0,85e6fd21c4552754,1.3174517360021127,optimal,1.309224327,0.172209457,True
1993,493f6f942eca3576ac0253ad50581fbe0469e8e417d3f97011c676f7789871fd,16005300,"""instance""",0.000230508,"['taskset', '-c', '2', '<project>/build/release/pclp', 'solve', '--instance', '<project>/data/generated/gen_disconnected_components6_n2000_uniform_neg30_r1.json', '--config', '<project>/experiments/runs/ablation/e6291a0d9f9731a3/resolved_config.json', '--output', '<project>/experiments/runs/ablation/e6291a0d9f9731a3/result.json']",False,with-transitive-reduction,253868,0.402654006,1.241788462,disconnected,0,0,1399,gen_disconnected_components6_n2000_uniform_neg30_r1,data/generated/gen_disconnected_components6_n2000_uniform_neg30_r1.json,02c270a898e3bae487e8f812eb7f3ddf5e0a812234614f58ea5caa0713ba742f,253253,405,,2000,4354.104881578947,406,generated,45568000,254246,0.000645959,0.18361315,0.320346192,3807044,0,,1,e6291a0d9f9731a3,1.2494698750087991,optimal,1.238953176,0.165020887,True
1993,493f6f942eca3576ac0253ad50581fbe0469e8e417d3f97011c676f7789871fd,373573977,"""instance""",0.000190283,"['taskset', '-c', '2', '<project>/build/release/pclp', 'solve', '--instance', '<project>/data/generated/gen_disconnected_components6_n2000_uniform_neg30_r2.json', '--config', '<project>/experiments/runs/ablation/c80c350abc9adc45/resolved_config.json', '--output', '<project>/experiments/runs/ablation/c80c350abc9adc45/result.json']",False,bland-entering,246251,0.316398358,3.716885453,disconnected,0,0,1288,gen_disconnected_components6_n2000_uniform_neg30_r2,data/generated/gen_disconnected_components6_n2000_uniform_neg30_r2.json,a4c575ebf715abd127fe6fd47a24b1d76bcb5a4cdd591f75f51ec96bc1bdf8e1,245606,324,,2000,25926.125,325,generated,45568000,246569,0.000470265,2.440614974,0.731131482,3139772,0,,0,c80c350abc9adc45,3.7237066550005693,optimal,3.713731707,0.10473415399999998,True
1993,493f6f942eca3576ac0253ad50581fbe0469e8e417d3f97011c676f7789871fd,373573977,"""instance""",0.000208206,"['taskset', '-c', '2', '<project>/build/release/pclp', 'solve', '--instance', '<project>/data/generated/gen_disconnected_components6_n2000_uniform_neg30_r2.json', '--config', '<project>/experiments/runs/ablation/bf62cef777dbd5a4/resolved_config.json', '--output', '<project>/experiments/runs/ablation/bf62cef777dbd5a4/result.json']",False,bland-entering,246251,0.35406684,3.740337991,disconnected,0,0,1288,gen_disconnected_components6_n2000_uniform_neg30_r2,data/generated/gen_disconnected_components6_n2000_uniform_neg30_r2.json,a4c575ebf715abd127fe6fd47a24b1d76bcb5a4cdd591f75f51ec96bc1bdf8e1,245606,324,,2000,25926.125,325,generated,45568000,246569,0.000395738,2.431879863,0.726477368,3139772,0,,1,bf62cef777dbd5a4,3.7480537470109994,optimal,3.737536306,0.10417885799999997,True
1993,493f6f942eca3576ac0253ad50581fbe0469e8e417d3f97011c676f7789871fd,346820666,"""instance""",0.00025188,"['taskset', '-c', '2', '<project>/build/release/pclp', 'solve', '--instance', '<project>/data/generated/gen_disconnected_components6_n2000_uniform_neg30_r2.json', '--config', '<project>/experiments/runs/ablation/92f06c835af656db/resolved_config.json', '--output', '<project>/experiments/runs/ablation/92f06c835af656db/result.json']",False,close-degeneracy-trigger,245036,0.347765167,3.595443805,disconnected,0,0,1283,gen_disconnected_components6_n2000_uniform_neg30_r2,data/generated/gen_disconnected_components6_n2000_uniform_neg30_r2.json,a4c575ebf715abd127fe6fd47a24b1d76bcb5a4cdd591f75f51ec96bc1bdf8e1,244396,324,,2000,25926.125,325,generated,45568000,245354,0.000390452,2.291232719,0.724840737,3119099,0,,0,92f06c835af656db,3.60141993999423,optimal,3.592908555,0.10645758399999998,True
1993,493f6f942eca3576ac0253ad50581fbe0469e8e417d3f97011c676f7789871fd,346820666,"""instance""",0.000190102,"['taskset', '-c', '2', '<project>/build/release/pclp', 'solve', '--instance', '<project>/data/generated/gen_disconnected_components6_n2000_uniform_neg30_r2.json', '--config', '<project>/experiments/runs/ablation/83db0da6a0e4362c/resolved_config.json', '--output', '<project>/experiments/runs/ablation/83db0da6a0e4362c/result.json']",False,close-degeneracy-trigger,245036,0.333878894,3.632864139,disconnected,0,0,1283,gen_disconnected_components6_n2000_uniform_neg30_r2,data/generated/gen_disconnected_components6_n2000_uniform_neg30_r2.json,a4c575ebf715abd127fe6fd47a24b1d76bcb5a4cdd591f75f51ec96bc1bdf8e1,244396,324,,2000,25926.125,325,generated,45568000,245354,0.00037194,2.32499914,0.741855003,3119099,0,,1,83db0da6a0e4362c,3.637485173996538,optimal,3.630426379,0.10873596199999998,True
1993,493f6f942eca3576ac0253ad50581fbe0469e8e417d3f97011c676f7789871fd,14465641,"""instance""",0.000237476,"['taskset', '-c', '2', '<project>/build/release/pclp', 'solve', '--instance', '<project>/data/generated/gen_disconnected_components6_n2000_uniform_neg30_r2.json', '--config', '<project>/experiments/runs/ablation/e4aa6c82d29e5291/resolved_config.json', '--output', '<project>/experiments/runs/ablation/e4aa6c82d29e5291/result.json']",False,forest-tuned,237686,0.377246067,1.034206008,disconnected,0,0,1254,gen_disconnected_components6_n2000_uniform_neg30_r2,data/generated/gen_disconnected_components6_n2000_uniform_neg30_r2.json,a4c575ebf715abd127fe6fd47a24b1d76bcb5a4cdd591f75f51ec96bc1bdf8e1,237048,324,,2000,25926.125,325,generated,45568000,237977,0.000359643,0.158783613,0.247392014,3016420,0,,0,e4aa6c82d29e5291,1.0406168019981124,optimal,1.031569103,0.11590879200000001,True
1993,493f6f942eca3576ac0253ad50581fbe0469e8e417d3f97011c676f7789871fd,14465641,"""instance""",0.000221685,"['taskset', '-c', '2', '<project>/build/release/pclp', 'solve', '--instance', '<project>/data/generated/gen_disconnected_components6_n2000_uniform_neg30_r2.json', '--config', '<project>/experiments/runs/ablation/905fc3f8e01733e9/resolved_config.json', '--output', '<project>/experiments/runs/ablation/905fc3f8e01733e9/result.json']",False,forest-tuned,237686,0.366397583,1.019718168,disconnected,0,0,1254,gen_disconnected_components6_n2000_uniform_neg30_r2,data/generated/gen_disconnected_components6_n2000_uniform_neg30_r2.json,a4c575ebf715abd127fe6fd47a24b1d76bcb5a4cdd591f75f51ec96bc1bdf8e1,237048,324,,2000,25926.125,325,generated,45568000,237977,0.000385355,0.157702519,0.245642375,3016420,0,,1,905fc3f8e01733e9,1.0263922339945566,optimal,1.017086693,0.115666341,True
1993,493f6f942eca3576ac0253ad50581fbe0469e8e417d3f97011c676f7789871fd,345419063,"""instance""",0.000188882,"['taskset', '-c', '2', '<project>/build/release/pclp', 'solve', '--instance', '<project>/data/generated/gen_disconnected_components6_n2000_uniform_neg30_r2.json', '--config', '<project>/experiments/runs/ablation/57e3dae4a162e3c2/resolved_config.json', '--output', '<project>/experiments/runs/ablation/57e3dae4a162e3c2/result.json']",False,full-pricing,227437,0.297288555,3.330708607,disconnected,0,0,1214,gen_disconnected_components6_n2000_uniform_neg30_r2,data/generated/gen_disconnected_components6_n2000_uniform_neg30_r2.json,a4c575ebf715abd127fe6fd47a24b1d76bcb5a4cdd591f75f51ec96bc1bdf8e1,226830,324,,2000,25926.125,325,generated,45568000,227719,0.000408058,2.4953095960000002,0.316265637,2926270,0,,0,57e3dae4a162e3c2,3.337036730008549,optimal,3.32815919,0.09716525599999999,True
1993,493f6f942eca3576ac0253ad50581fbe0469e8e417d3f97011c676f7789871fd,345419063,"""instance""",0.000188495,"['taskset', '-c', '2', '<project>/build/release/pclp', 'solve', '--instance', '<project>/data/generated/gen_disconnected_components6_n2000_uniform_neg30_r2.json', '--config', '<project>/experiments/runs/ablation/5d48848aecf4a2de/resolved_config.json', '--output', '<project>/experiments/runs/ablation/5d48848aecf4a2de/result.json']",False,full-pricing,227437,0.344211083,3.514448568,disconnected,0,0,1214,gen_disconnected_components6_n2000_uniform_neg30_r2,data/generated/gen_disconnected_components6_n2000_uniform_neg30_r2.json,a4c575ebf715abd127fe6fd47a24b1d76bcb5a4cdd591f75f51ec96bc1bdf8e1,226830,324,,2000,25926.125,325,generated,45568000,227719,0.000399041,2.60783923,0.329943128,2926270,0,,1,5d48848aecf4a2de,3.521151081993594,optimal,3.511824903,0.10166571599999999,True
1993,493f6f942eca3576ac0253ad50581fbe0469e8e417d3f97011c676f7789871fd,14465641,"""instance""",0.000228103,"['taskset', '-c', '2', '<project>/build/release/pclp', 'solve', '--instance', '<project>/data/generated/gen_disconnected_components6_n2000_uniform_neg30_r2.json', '--config', '<project>/experiments/runs/ablation/b9cde2b614fae45e/resolved_config.json', '--output', '<project>/experiments/runs/ablation/b9cde2b614fae45e/result.json']",False,no-early-ratio-test,237686,0.346771724,1.611991078,disconnected,0,0,1254,gen_disconnected_components6_n2000_uniform_neg30_r2,data/generated/gen_disconnected_components6_n2000_uniform_neg30_r2.json,a4c575ebf715abd127fe6fd47a24b1d76bcb5a4cdd591f75f51ec96bc1bdf8e1,237048,324,,2000,25926.125,325,generated,45568000,237977,0.000371509,0.158119101,0.859128451,3016420,0,,0,b9cde2b614fae45e,1.6176153649867047,optimal,1.609235594,0.114096415,True
1993,493f6f942eca3576ac0253ad50581fbe0469e8e417d3f97011c676f7789871fd,14465641,"""instance""",0.000221281,"['taskset', '-c', '2', '<project>/build/release/pclp', 'solve', '--instance', '<project>/data/generated/gen_disconnected_components6_n2000_uniform_neg30_r2.json', '--config', '<project>/experiments/runs/ablation/baaa7323f8a74160/resolved_config.json', '--output', '<project>/experiments/runs/ablation/baaa7323f8a74160/result.json']",False,no-early-ratio-test,237686,0.347405722,1.594965778,disconnected,0,0,1254,gen_disconnected_components6_n2000_uniform_neg30_r2,data/generated/gen_disconnected_components6_n2000_uniform_neg30_r2.json,a4c575ebf715abd127fe6fd47a24b1d76bcb5a4cdd591f75f51ec96bc1bdf8e1,237048,324,,2000,25926.125,325,generated,45568000,237977,0.000383676,0.156138978,0.8467321290000001,3016420,0,,1,baaa7323f8a74160,1.6030192579928553,optimal,1.592259578,0.112311851,True
1993,493f6f942eca3576ac0253ad50581fbe0469e8e417d3f97011c676f7789871fd,14465641,"""instance""",0.000192945,"['taskset', '-c', '2', '<project>/build/release/pclp', 'solve', '--instance', '<project>/data/generated/gen_disconnected_components6_n2000_uniform_neg30_r2.json', '--config', '<project>/experiments/runs/ablation/6de1a99232de8a4c/resolved_config.json', '--output', '<project>/experiments/runs/ablation/6de1a99232de8a4c/result.json']",False,no-local-update,237686,0.30175672,7.837095979,disconnected,0,0,238302,gen_disconnected_components6_n2000_uniform_neg30_r2,data/generated/gen_disconnected_components6_n2000_uniform_neg30_r2.json,a4c575ebf715abd127fe6fd47a24b1d76bcb5a4cdd591f75f51ec96bc1bdf8e1,0,324,,2000,25926.125,325,generated,45568000,237977,0.000396993,0.136902219,0.229722227,362153327,0,,0,6de1a99232de8a4c,7.844828745000996,optimal,7.834381088,7.051217321,True
1993,493f6f942eca3576ac0253ad50581fbe0469e8e417d3f97011c676f7789871fd,14465641,"""instance""",0.000192253,"['taskset', '-c', '2', '<project>/build/release/pclp', 'solve', '--instance', '<project>/data/generated/gen_disconnected_components6_n2000_uniform_neg30_r2.json', '--config', '<project>/experiments/runs/ablation/62d5d057cc558a11/resolved_config.json', '--output', '<project>/experiments/runs/ablation/62d5d057cc558a11/result.json']",False,no-local-update,237686,0.30271868,7.990316658,disconnected,0,0,238302,gen_disconnected_components6_n2000_uniform_neg30_r2,data/generated/gen_disconnected_components6_n2000_uniform_neg30_r2.json,a4c575ebf715abd127fe6fd47a24b1d76bcb5a4cdd591f75f51ec96bc1bdf8e1,0,324,,2000,25926.125,325,generated,45568000,237977,0.00036714,0.140310315,0.235281249,362153327,0,,1,62d5d057cc558a11,7.997694887002581,optimal,7.987645258,7.191202217,True
1993,493f6f942eca3576ac0253ad50581fbe0469e8e417d3f97011c676f7789871fd,14465641,"""instance""",0.000226552,"['taskset', '-c', '2', '<project>/build/release/pclp', 'solve', '--instance', '<project>/data/generated/gen_disconnected_components6_n2000_uniform_neg30_r2.json', '--config', '<project>/experiments/runs/ablation/08508c4526ab3203/resolved_config.json', '--output', '<project>/experiments/runs/ablation/08508c4526ab3203/result.json']",False,no-restricted-ratio-test,237686,0.345791063,1.61330206,disconnected,0,0,1254,gen_disconnected_components6_n2000_uniform_neg30_r2,data/generated/gen_disconnected_components6_n2000_uniform_neg30_r2.json,a4c575ebf715abd127fe6fd47a24b1d76bcb5a4cdd591f75f51ec96bc1bdf8e1,237048,324,,2000,25926.125,325,generated,45568000,237977,0.000394449,0.15520799400000002,0.863351223,3016420,0,,0,08508c4526ab3203,1.62063457100885,optimal,1.607692836,0.11176477400000001,True
1993,493f6f942eca3576ac0253ad50581fbe0469e8e417d3f97011c676f7789871fd,14465641,"""instance""",0.00021953,"['taskset', '-c', '2', '<project>/build/release/pclp', 'solve', '--instance', '<project>/data/generated/gen_disconnected_components6_n2000_uniform_neg30_r2.json', '--config', '<project>/experiments/runs/ablation/3ea1c7abebe44b01/resolved_config.json', '--output', '<project>/experiments/runs/ablation/3ea1c7abebe44b01/result.json']",False,no-restricted-ratio-test,237686,0.39221967,1.679539245,disconnected,0,0,1254,gen_disconnected_components6_n2000_uniform_neg30_r2,data/generated/gen_disconnected_components6_n2000_uniform_neg30_r2.json,a4c575ebf715abd127fe6fd47a24b1d76bcb5a4cdd591f75f51ec96bc1bdf8e1,237048,324,,2000,25926.125,325,generated,45568000,237977,0.000391132,0.157519822,0.882313113,3016420,0,,1,3ea1c7abebe44b01,1.685384049997083,optimal,1.676854093,0.11364917100000001,True
1993,493f6f942eca3576ac0253ad50581fbe0469e8e417d3f97011c676f7789871fd,21701675,"""instance""",0.000223408,"['taskset', '-c', '2', '<project>/build/release/pclp', 'solve', '--instance', '<project>/data/generated/gen_disconnected_components6_n2000_uniform_neg30_r2.json', '--config', '<project>/experiments/runs/ablation/eca968cf86897053/resolved_config.json', '--output', '<project>/experiments/runs/ablation/eca968cf86897053/result.json']",False,sequential-canonicalization,366281,0.562374216,1.523710559,disconnected,0,0,2127,gen_disconnected_components6_n2000_uniform_neg30_r2,data/generated/gen_disconnected_components6_n2000_uniform_neg30_r2.json,a4c575ebf715abd127fe6fd47a24b1d76bcb5a4cdd591f75f51ec96bc1bdf8e1,365318,324,,2000,25926.125,695,generated,45568000,366750,0.000388568,0.23510984199999999,0.360223872,4473667,0,,0,eca968cf86897053,1.5307038039900362,optimal,1.521061188,0.165327481,True
1993,493f6f942eca3576ac0253ad50581fbe0469e8e417d3f97011c676f7789871fd,21701675,"""instance""",0.00022782,"['taskset', '-c', '2', '<project>/build/release/pclp', 'solve', '--instance', '<project>/data/generated/gen_disconnected_components6_n2000_uniform_neg30_r2.json', '--config', '<project>/experiments/runs/ablation/55e0a420319bb7eb/resolved_config.json', '--output', '<project>/experiments/runs/ablation/55e0a420319bb7eb/result.json']",False,sequential-canonicalization,366281,0.533738434,1.492022904,disconnected,0,0,2127,gen_disconnected_components6_n2000_uniform_neg30_r2,data/generated/gen_disconnected_components6_n2000_uniform_neg30_r2.json,a4c575ebf715abd127fe6fd47a24b1d76bcb5a4cdd591f75f51ec96bc1bdf8e1,365318,324,,2000,25926.125,695,generated,45568000,366750,0.000386712,0.234037999,0.359406537,4473667,0,,1,55e0a420319bb7eb,1.4994414069951745,optimal,1.489324902,0.165641003,True
1993,493f6f942eca3576ac0253ad50581fbe0469e8e417d3f97011c676f7789871fd,4520252,"""instance""",0.000218989,"['taskset', '-c', '2', '<project>/build/release/pclp', 'solve', '--instance', '<project>/data/generated/gen_disconnected_components6_n2000_uniform_neg30_r2.json', '--config', '<project>/experiments/runs/ablation/839c535e0a6a4c76/resolved_config.json', '--output', '<project>/experiments/runs/ablation/839c535e0a6a4c76/result.json']",False,sink-initial-basis,54922,0.084809638,0.232443436,disconnected,0,0,545,gen_disconnected_components6_n2000_uniform_neg30_r2,data/generated/gen_disconnected_components6_n2000_uniform_neg30_r2.json,a4c575ebf715abd127fe6fd47a24b1d76bcb5a4cdd591f75f51ec96bc1bdf8e1,56130,324,,2000,25926.125,325,generated,45568000,56350,0.000378453,0.045169978,0.044497908,866459,0,,0,839c535e0a6a4c76,0.23919809100334533,optimal,0.229762343,0.016537805,True
1993,493f6f942eca3576ac0253ad50581fbe0469e8e417d3f97011c676f7789871fd,4520252,"""instance""",0.000232213,"['taskset', '-c', '2', '<project>/build/release/pclp', 'solve', '--instance', '<project>/data/generated/gen_disconnected_components6_n2000_uniform_neg30_r2.json', '--config', '<project>/experiments/runs/ablation/b54e4c625eda7409/resolved_config.json', '--output', '<project>/experiments/runs/ablation/b54e4c625eda7409/result.json']",False,sink-initial-basis,54922,0.079964268,0.227164455,disconnected,0,0,545,gen_disconnected_components6_n2000_uniform_neg30_r2,data/generated/gen_disconnected_components6_n2000_uniform_neg30_r2.json,a4c575ebf715abd127fe6fd47a24b1d76bcb5a4cdd591f75f51ec96bc1bdf8e1,56130,324,,2000,25926.125,325,generated,45568000,56350,0.000359519,0.045029037,0.044381104,866459,0,,1,b54e4c625eda7409,0.23407221400702838,optimal,0.224623781,0.016649221000000002,True
1993,493f6f942eca3576ac0253ad50581fbe0469e8e417d3f97011c676f7789871fd,14465641,"""instance""",0.000225672,"['taskset', '-c', '2', '<project>/build/release/pclp', 'solve', '--instance', '<project>/data/generated/gen_disconnected_components6_n2000_uniform_neg30_r2.json', '--config', '<project>/experiments/runs/ablation/847f256d13cac0e6/resolved_config.json', '--output', '<project>/experiments/runs/ablation/847f256d13cac0e6/result.json']",False,with-transitive-reduction,237686,0.362648026,1.00189191,disconnected,0,0,1254,gen_disconnected_components6_n2000_uniform_neg30_r2,data/generated/gen_disconnected_components6_n2000_uniform_neg30_r2.json,a4c575ebf715abd127fe6fd47a24b1d76bcb5a4cdd591f75f51ec96bc1bdf8e1,237048,324,,2000,25926.125,325,generated,45568000,237977,0.000645339,0.153879701,0.239584952,3016420,0,,0,847f256d13cac0e6,1.0082382980035618,optimal,0.999305388,0.111863009,True
1993,493f6f942eca3576ac0253ad50581fbe0469e8e417d3f97011c676f7789871fd,14465641,"""instance""",0.000239817,"['taskset', '-c', '2', '<project>/build/release/pclp', 'solve', '--instance', '<project>/data/generated/gen_disconnected_components6_n2000_uniform_neg30_r2.json', '--config', '<project>/experiments/runs/ablation/74e9de1dde00177d/resolved_config.json', '--output', '<project>/experiments/runs/ablation/74e9de1dde00177d/result.json']",False,with-transitive-reduction,237686,0.447584621,1.14072363,disconnected,0,0,1254,gen_disconnected_components6_n2000_uniform_neg30_r2,data/generated/gen_disconnected_components6_n2000_uniform_neg30_r2.json,a4c575ebf715abd127fe6fd47a24b1d76bcb5a4cdd591f75f51ec96bc1bdf8e1,237048,324,,2000,25926.125,325,generated,45568000,237977,0.00065793,0.167511548,0.260767502,3016420,0,,1,74e9de1dde00177d,1.1478303839976434,optimal,1.138077704,0.122346566,True
0,493f6f942eca3576ac0253ad50581fbe0469e8e417d3f97011c676f7789871fd,16611,"""instance""",1.9971e-05,"['taskset', '-c', '2', '<project>/build/release/pclp', 'solve', '--instance', '<project>/data/generated/gen_empty_plain_n200_uniform_neg0_r0.json', '--config', '<project>/experiments/runs/ablation/c435c6404fd8eb7b/resolved_config.json', '--output', '<project>/experiments/runs/ablation/c435c6404fd8eb7b/result.json']",True,bland-entering,0,0.0,0.001407747,empty,0,0,163,gen_empty_plain_n200_uniform_neg0_r0,data/generated/gen_empty_plain_n200_uniform_neg0_r0.json,bda4803b53ea9f9c95701b0f78d3827aa2092f1968e43c8c6b1bdf334a4c6b87,0,163,,200,5864.625,163,generated,23048192,0,3.162e-05,9.2824e-05,0.0,16774,0,,0,c435c6404fd8eb7b,0.004530163001618348,optimal,0.001176886,0.000210845,True
0,493f6f942eca3576ac0253ad50581fbe0469e8e417d3f97011c676f7789871fd,16611,"""instance""",2.4518e-05,"['taskset', '-c', '2', '<project>/build/release/pclp', 'solve', '--instance', '<project>/data/generated/gen_empty_plain_n200_uniform_neg0_r0.json', '--config', '<project>/experiments/runs/ablation/98e4c0201e4d2992/resolved_config.json', '--output', '<project>/experiments/runs/ablation/98e4c0201e4d2992/result.json']",True,bland-entering,0,0.0,0.001473475,empty,0,0,163,gen_empty_plain_n200_uniform_neg0_r0,data/generated/gen_empty_plain_n200_uniform_neg0_r0.json,bda4803b53ea9f9c95701b0f78d3827aa2092f1968e43c8c6b1bdf334a4c6b87,0,163,,200,5864.625,163,generated,23048192,0,4.4116e-05,9.6207e-05,0.0,16774,0,,1,98e4c0201e4d2992,0.004487721991608851,optimal,0.001229297,0.000213079,True
0,493f6f942eca3576ac0253ad50581fbe0469e8e417d3f97011c676f7789871fd,16611,"""instance""",2.3524e-05,"['taskset', '-c', '2', '<project>/build/release/pclp', 'solve', '--instance', '<project>/data/generated/gen_empty_plain_n200_uniform_neg0_r0.json', '--config', '<project>/experiments/runs/ablation/504065706bbdef42/resolved_config.json', '--output', '<project>/experiments/runs/ablation/504065706bbdef42/result.json']",True,close-degeneracy-trigger,0,0.0,0.001718858,empty,0,0,163,gen_empty_plain_n200_uniform_neg0_r0,data/generated/gen_empty_plain_n200_uniform_neg0_r0.json,bda4803b53ea9f9c95701b0f78d3827aa2092f1968e43c8c6b1bdf334a4c6b87,0,163,,200,5864.625,163,generated,23048192,0,4.3144e-05,0.000121666,0.0,16774,0,,0,504065706bbdef42,0.004821899987291545,optimal,0.001355469,0.000237175,True
0,493f6f942eca3576ac0253ad50581fbe0469e8e417d3f97011c676f7789871fd,16611,"""instance""",2.5091e-05,"['taskset', '-c', '2', '<project>/build/release/pclp', 'solve', '--instance', '<project>/data/generated/gen_empty_plain_n200_uniform_neg0_r0.json', '--config', '<project>/experiments/runs/ablation/ed667d9f3ecc383f/resolved_config.json', '--output', '<project>/experiments/runs/ablation/ed667d9f3ecc383f/result.json']",True,close-degeneracy-trigger,0,0.0,0.001509575,empty,0,0,163,gen_empty_plain_n200_uniform_neg0_r0,data/generated/gen_empty_plain_n200_uniform_neg0_r0.json,bda4803b53ea9f9c95701b0f78d3827aa2092f1968e43c8c6b1bdf334a4c6b87,0,163,,200,5864.625,163,generated,23048192,0,6.0785e-05,0.000101698,0.0,16774,0,,1,ed667d9f3ecc383f,0.004573511992930435,optimal,0.00125122,0.000220258,True
0,493f6f942eca3576ac0253ad50581fbe0469e8e417d3f97011c676f7789871fd,16611,"""instance""",2.2418e-05,"['taskset', '-c', '2', '<project>/build/release/pclp', 'solve', '--instance', '<project>/data/generated/gen_empty_plain_n200_uniform_neg0_r0.json', '--config', '<project>/experiments/runs/ablation/d8909dea703320b9/resolved_config.json', '--output', '<project>/experiments/runs/ablation/d8909dea703320b9/result.json']",True,forest-tuned,0,0.0,0.001428176,empty,0,0,163,gen_empty_plain_n200_uniform_neg0_r0,data/generated/gen_empty_plain_n200_uniform_neg0_r0.json,bda4803b53ea9f9c95701b0f78d3827aa2092f1968e43c8c6b1bdf334a4c6b87,0,163,,200,5864.625,163,generated,22884352,0,3.076e-05,0.000104349,0.0,16774,0,,0,d8909dea703320b9,0.007833001989638433,optimal,0.001157717,0.000205489,True
0,493f6f942eca3576ac0253ad50581fbe0469e8e417d3f97011c676f7789871fd,16611,"""instance""",2.0255e-05,"['taskset', '-c', '2', '<project>/build/release/pclp', 'solve', '--instance', '<project>/data/generated/gen_empty_plain_n200_uniform_neg0_r0.json', '--config', '<project>/experiments/runs/ablation/4e7f3de5555992c3/resolved_config.json', '--output', '<project>/experiments/runs/ablation/4e7f3de5555992c3/result.json']",True,forest-tuned,0,0.0,0.001430749,empty,0,0,163,gen_empty_plain_n200_uniform_neg0_r0,data/generated/gen_empty_plain_n200_uniform_neg0_r0.json,bda4803b53ea9f9c95701b0f78d3827aa2092f1968e43c8c6b1bdf334a4c6b87,0,163,,200,5864.625,163,generated,23048192,0,3.6787e-05,0.000105568,0.0,16774,0,,1,4e7f3de5555992c3,0.00512745400192216,optimal,0.001186456,0.000206229,True
0,493f6f942eca3576ac0253ad50581fbe0469e8e417d3f97011c676f7789871fd,16611,"""instance""",1.9842e-05,"['taskset', '-c', '2', '<project>/build/release/pclp', 'solve', '--instance', '<project>/data/generated/gen_empty_plain_n200_uniform_neg0_r0.json', '--config', '<project>/experiments/runs/ablation/9fda8289817c12e3/resolved_config.json', '--output', '<project>/experiments/runs/ablation/9fda8289817c12e3/result.json']",True,full-pricing,0,0.0,0.001451736,empty,0,0,163,gen_empty_plain_n200_uniform_neg0_r0,data/generated/gen_empty_plain_n200_uniform_neg0_r0.json,bda4803b53ea9f9c95701b0f78d3827aa2092f1968e43c8c6b1bdf334a4c6b87,0,163,,200,5864.625,163,generated,23048192,0,3.9028e-05,9.7147e-05,0.0,16774,0,,0,9fda8289817c12e3,0.004710961002274416,optimal,0.00120771,0.000207199,True
0,493f6f942eca3576ac0253ad50581fbe0469e8e417d3f97011c676f7789871fd,16611,"""instance""",1.978e-05,"['taskset', '-c', '2', '<project>/build/release/pclp', 'solve', '--instance', '<project>/data/generated/gen_empty_plain_n200_uniform_neg0_r0.json', '--config', '<project>/experiments/runs/ablation/26ac69efee028781/resolved_config.json', '--output', '<project>/experiments/runs/ablation/26ac69efee028781/result.json']",True,full-pricing,0,0.0,0.001460554,empty,0,0,163,gen_empty_plain_n200_uniform_neg0_r0,data/generated/gen_empty_plain_n200_uniform_neg0_r0.json,bda4803b53ea9f9c95701b0f78d3827aa2092f1968e43c8c6b1bdf334a4c6b87,0,163,,200,5864.625,163,generated,23048192,0,3.5602e-05,9.9086e-05,0.0,16774,0,,1,26ac69efee028781,0.004617487997165881,optimal,0.001206612,0.000209919,True
0,493f6f942eca3576ac0253ad50581fbe0469e8e417d3f97011c676f7789871fd,16611,"""instance""",2.1682e-05,"['taskset', '-c', '2', '<project>/build/release/pclp', 'solve', '--instance', '<project>/data/generated/gen_empty_plain_n200_uniform_neg0_r0.json', '--config', '<project>/experiments/runs/ablation/32921dd177f3e57c/resolved_config.json', '--output', '<project>/experiments/runs/ablation/32921dd177f3e57c/result.json']",True,no-early-ratio-test,0,0.0,0.001451218,empty,0,0,163,gen_empty_plain_n200_uniform_neg0_r0,data/generated/gen_empty_plain_n200_uniform_neg0_r0.json,bda4803b53ea9f9c95701b0f78d3827aa2092f1968e43c8c6b1bdf334a4c6b87,0,163,,200,5864.625,163,generated,23048192,0,3.4321e-05,0.000116153,0.0,16774,0,,0,32921dd177f3e57c,0.004499105998547748,optimal,0.001215695,0.000206568,True
0,493f6f942eca3576ac0253ad50581fbe0469e8e417d3f97011c676f7789871fd,16611,"""instance""",2.5371e-05,"['taskset', '-c', '2', '<project>/build/release/pclp', 'solve', '--instance', '<project>/data/generated/gen_empty_plain_n200_uniform_neg0_r0.json', '--config', '<project>/experiments/runs/ablation/295a9698297ee558/resolved_config.json', '--output', '<project>/experiments/runs/ablation/295a9698297ee558/result.json']",True,no-early-ratio-test,0,0.0,0.001697884,empty,0,0,163,gen_empty_plain_n200_uniform_neg0_r0,data/generated/gen_empty_plain_n200_uniform_neg0_r0.json,bda4803b53ea9f9c95701b0f78d3827aa2092f1968e43c8c6b1bdf334a4c6b87,0,163,,200,5864.625,163,generated,23048192,0,3.9901e-05,0.000133222,0.0,16774,0,,1,295a9698297ee558,0.006500324991066009,optimal,0.001416938,0.000245788,True
0,493f6f942eca3576ac0253ad50581fbe0469e8e417d3f97011c676f7789871fd,16611,"""instance""",2.5342e-05,"['taskset', '-c', '2', '<project>/build/release/pclp', 'solve', '--instance', '<project>/data/generated/gen_empty_plain_n200_uniform_neg0_r0.json', '--config', '<project>/experiments/runs/ablation/2516429ee181bbca/resolved_config.json', '--output', '<project>/experiments/runs/ablation/2516429ee181bbca/result.json']",True,no-local-update,0,0.0,0.001443507,empty,0,0,163,gen_empty_plain_n200_uniform_neg0_r0,data/generated/gen_empty_plain_n200_uniform_neg0_r0.json,bda4803b53ea9f9c95701b0f78d3827aa2092f1968e43c8c6b1bdf334a4c6b87,0,163,,200,5864.625,163,generated,23048192,0,3.198e-05,0.00010591,0.0,16774,0,,0,2516429ee181bbca,0.004713277987320907,optimal,0.001209259,0.000205236,True
0,493f6f942eca3576ac0253ad50581fbe0469e8e417d3f97011c676f7789871fd,16611,"""instance""",2.0101e-05,"['taskset', '-c', '2', '<project>/build/release/pclp', 'solve', '--instance', '<project>/data/generated/gen_empty_plain_n200_uniform_neg0_r0.json', '--config', '<project>/experiments/runs/ablation/12d7bb217113aa4a/resolved_config.json', '--output', '<project>/experiments/runs/ablation/12d7bb217113aa4a/result.json']",True,no-local-update,0,0.0,0.00144264,empty,0,0,163,gen_empty_plain_n200_uniform_neg0_r0,data/generated/gen_empty_plain_n200_uniform_neg0_r0.json,bda4803b53ea9f9c95701b0f78d3827aa2092f1968e43c8c6b1bdf334a4c6b87,0,163,,200,5864.625,163,generated,23048192,0,3.7391e-05,0.000104457,0.0,16774,0,,1,12d7bb217113aa4a,0.0046911760000512,optimal,0.00120304,0.00020801,True
0,493f6f942eca3576ac0253ad50581fbe0469e8e417d3f97011c676f7789871fd,16611,"""instance""",2.6053e-05,"['taskset', '-c', '2', '<project>/build/release/pclp', 'solve', '--instance', '<project>/data/generated/gen_empty_plain_n200_uniform_neg0_r0.json', '--config', '<project>/experiments/runs/ablation/e71f5f9fb3389b95/resolved_config.json', '--output', '<project>/experiments/runs/ablation/e71f5f9fb3389b95/result.json']",True,no-restricted-ratio-test,0,0.0,0.001617488,empty,0,0,163,gen_empty_plain_n200_uniform_neg0_r0,data/generated/gen_empty_plain_n200_uniform_neg0_r0.json,bda4803b53ea9f9c95701b0f78d3827aa2092f1968e43c8c6b1bdf334a4c6b87,0,163,,200,5864.625,163,generated,23048192,0,3.7404e-05,0.000122827,0.0,16774,0,,0,e71f5f9fb3389b95,0.005900910007767379,optimal,0.001343684,0.000236517,True
0,493f6f942eca3576ac0253ad50581fbe0469e8e417d3f97011c676f7789871fd,16611,"""instance""",2.4034e-05,"['taskset', '-c', '2', '<project>/build/release/pclp', 'solve', '--instance', '<project>/data/generated/gen_empty_plain_n200_uniform_neg0_r0.json', '--config', '<project>/experiments/runs/ablation/ae2c86851aa42437/resolved_config.json', '--output', '<project>/experiments/runs/ablation/ae2c86851aa42437/result.json']",True,no-restricted-ratio-test,0,0.0,0.001600581,empty,0,0,163,gen_empty_plain_n200_uniform_neg0_r0,data/generated/gen_empty_plain_n200_uniform_neg0_r0.json,bda4803b53ea9f9c95701b0f78d3827aa2092f1968e43c8c6b1bdf334a4c6b87,0,163,,200,5864.625,163,generated,23048192,0,3.3743e-05,0.000122345,0.0,16774,0,,1,ae2c86851aa42437,0.004771690000779927,optimal,0.001348781,0.000229102,True
0,493f6f942eca3576ac0253ad50581fbe0469e8e417d3f97011c676f7789871fd,19900,"""instance""",1.9239e-05,"['taskset', '-c', '2', '<project>/build/release/pclp', 'solve', '--instance', '<project>/data/generated/gen_empty_plain_n200_uniform_neg0_r0.json', '--config', '<project>/experiments/runs/ablation/1202d03e8fd1dfb7/resolved_config.json', '--output', '<project>/experiments/runs/ablation/1202d03e8fd1dfb7/result.json']",True,sequential-canonicalization,0,0.0,0.001425888,empty,0,0,200,gen_empty_plain_n200_uniform_neg0_r0,data/generated/gen_empty_plain_n200_uniform_neg0_r0.json,bda4803b53ea9f9c95701b0f78d3827aa2092f1968e43c8c6b1bdf334a4c6b87,0,163,,200,5864.625,200,generated,23048192,0,3.2804e-05,0.000122981,0.0,20100,0,,0,1202d03e8fd1dfb7,0.004559110995614901,optimal,0.001209187,0.000246055,True
0,493f6f942eca3576ac0253ad50581fbe0469e8e417d3f97011c676f7789871fd,19900,"""instance""",2.4189e-05,"['taskset', '-c', '2', '<project>/build/release/pclp', 'solve', '--instance', '<project>/data/generated/gen_empty_plain_n200_uniform_neg0_r0.json', '--config', '<project>/experiments/runs/ablation/eed5be204f4e3b6e/resolved_config.json', '--output', '<project>/experiments/runs/ablation/eed5be204f4e3b6e/result.json']",True,sequential-canonicalization,0,0.0,0.001519521,empty,0,0,200,gen_empty_plain_n200_uniform_neg0_r0,data/generated/gen_empty_plain_n200_uniform_neg0_r0.json,bda4803b53ea9f9c95701b0f78d3827aa2092f1968e43c8c6b1bdf334a4c6b87,0,163,,200,5864.625,200,generated,23048192,0,4.1651e-05,0.000127639,0.0,20100,0,,1,eed5be204f4e3b6e,0.0044669759954558685,optimal,0.001283977,0.000256119,True
0,493f6f942eca3576ac0253ad50581fbe0469e8e417d3f97011c676f7789871fd,48076,"""instance""",2.3906e-05,"['taskset', '-c', '2', '<project>/build/release/pclp', 'solve', '--instance', '<project>/data/generated/gen_empty_plain_n200_uniform_neg0_r0.json', '--config', '<project>/experiments/runs/ablation/869775795a6a39b5/resolved_config.json', '--output', '<project>/experiments/runs/ablation/869775795a6a39b5/result.json']",True,sink-initial-basis,0,3.8907e-05,0.00154281,empty,0,0,164,gen_empty_plain_n200_uniform_neg0_r0,data/generated/gen_empty_plain_n200_uniform_neg0_r0.json,bda4803b53ea9f9c95701b0f78d3827aa2092f1968e43c8c6b1bdf334a4c6b87,298,163,,200,5864.625,163,generated,23048192,299,3.2554e-05,0.000367194,5.4261e-05,17399,0,,0,869775795a6a39b5,0.004592388999299146,optimal,0.001295256,0.000218894,True
0,493f6f942eca3576ac0253ad50581fbe0469e8e417d3f97011c676f7789871fd,48076,"""instance""",2.0049e-05,"['taskset', '-c', '2', '<project>/build/release/pclp', 'solve', '--instance', '<project>/data/generated/gen_empty_plain_n200_uniform_neg0_r0.json', '--config', '<project>/experiments/runs/ablation/b2d24d4e737ef45d/resolved_config.json', '--output', '<project>/experiments/runs/ablation/b2d24d4e737ef45d/result.json']",True,sink-initial-basis,0,3.8222e-05,0.001517311,empty,0,0,164,gen_empty_plain_n200_uniform_neg0_r0,data/generated/gen_empty_plain_n200_uniform_neg0_r0.json,bda4803b53ea9f9c95701b0f78d3827aa2092f1968e43c8c6b1bdf334a4c6b87,298,163,,200,5864.625,163,generated,23048192,299,3.3907e-05,0.000364949,5.4075e-05,17399,0,,1,b2d24d4e737ef45d,0.004558214001008309,optimal,0.001285129,0.000219049,True
0,493f6f942eca3576ac0253ad50581fbe0469e8e417d3f97011c676f7789871fd,16611,"""instance""",2.5899e-05,"['taskset', '-c', '2', '<project>/build/release/pclp', 'solve', '--instance', '<project>/data/generated/gen_empty_plain_n200_uniform_neg0_r0.json', '--config', '<project>/experiments/runs/ablation/a9c8a4218055ebb3/resolved_config.json', '--output', '<project>/experiments/runs/ablation/a9c8a4218055ebb3/result.json']",True,with-transitive-reduction,0,0.0,0.001489547,empty,0,0,163,gen_empty_plain_n200_uniform_neg0_r0,data/generated/gen_empty_plain_n200_uniform_neg0_r0.json,bda4803b53ea9f9c95701b0f78d3827aa2092f1968e43c8c6b1bdf334a4c6b87,0,163,,200,5864.625,163,generated,23048192,0,4.6675e-05,0.000110517,0.0,16774,0,,0,a9c8a4218055ebb3,0.004409007000504062,optimal,0.001257308,0.000211962,True
0,493f6f942eca3576ac0253ad50581fbe0469e8e417d3f97011c676f7789871fd,16611,"""instance""",2.3693e-05,"['taskset', '-c', '2', '<project>/build/release/pclp', 'solve', '--instance', '<project>/data/generated/gen_empty_plain_n200_uniform_neg0_r0.json', '--config', '<project>/experiments/runs/ablation/c9cd23a67306d878/resolved_config.json', '--output', '<project>/experiments/runs/ablation/c9cd23a67306d878/result.json']",True,with-transitive-reduction,0,0.0,0.001471362,empty,0,0,163,gen_empty_plain_n200_uniform_neg0_r0,data/generated/gen_empty_plain_n200_uniform_neg0_r0.json,bda4803b53ea9f9c95701b0f78d3827aa2092f1968e43c8c6b1bdf334a4c6b87,0,163,,200,5864.625,163,generated,23048192,0,3.4908e-05,0.000103888,0.0,16774,0,,1,c9cd23a67306d878,0.004434463000507094,optimal,0.001229484,0.000220499,True
0,493f6f942eca3576ac0253ad50581fbe0469e8e417d3f97011c676f7789871fd,19811,"""instance""",2.0543e-05,"['taskset', '-c', '2', '<project>/build/release/pclp', 'solve', '--instance', '<project>/data/generated/gen_empty_plain_n200_uniform_neg0_r1.json', '--config', '<project>/experiments/runs/ablation/c17ba2cba64dc02f/resolved_config.json', '--output', '<project>/experiments/runs/ablation/c17ba2cba64dc02f/result.json']",True,bland-entering,0,0.0,0.001637655,empty,0,0,199,gen_empty_plain_n200_uniform_neg0_r1,data/generated/gen_empty_plain_n200_uniform_neg0_r1.json,71fcb322001696db442290c0b7dfe079a8f41615799f3aadeb64c0ff491f9ec1,0,199,,200,631.2907916666667,199,generated,23048192,0,3.3031e-05,0.00010982,0.0,20010,0,,0,c17ba2cba64dc02f,0.004748958992422558,optimal,0.001372369,0.000252657,True
0,493f6f942eca3576ac0253ad50581fbe0469e8e417d3f97011c676f7789871fd,19811,"""instance""",2.1657e-05,"['taskset', '-c', '2', '<project>/build/release/pclp', 'solve', '--instance', '<project>/data/generated/gen_empty_plain_n200_uniform_neg0_r1.json', '--config', '<project>/experiments/runs/ablation/9a92585cf54cc575/resolved_config.json', '--output', '<project>/experiments/runs/ablation/9a92585cf54cc575/result.json']",True,bland-entering,0,0.0,0.001682691,empty,0,0,199,gen_empty_plain_n200_uniform_neg0_r1,data/generated/gen_empty_plain_n200_uniform_neg0_r1.json,71fcb322001696db442290c0b7dfe079a8f41615799f3aadeb64c0ff491f9ec1,0,199,,200,631.2907916666667,199,generated,23048192,0,3.5166e-05,0.000108411,0.0,20010,0,,1,9a92585cf54cc575,0.004772858010255732,optimal,0.001375028,0.000242961,True
0,493f6f942eca3576ac0253ad50581fbe0469e8e417d3f97011c676f7789871fd,19811,"""instance""",2.3465e-05,"['taskset', '-c', '2', '<project>/build/release/pclp', 'solve', '--instance', '<project>/data/generated/gen_empty_plain_n200_uniform_neg0_r1.json', '--config', '<project>/experiments/runs/ablation/45c48f36a5eeb6ce/resolved_config.json', '--output', '<project>/experiments/runs/ablation/45c48f36a5eeb6ce/result.json']",True,close-degeneracy-trigger,0,0.0,0.001898804,empty,0,0,199,gen_empty_plain_n200_uniform_neg0_r1,data/generated/gen_empty_plain_n200_uniform_neg0_r1.json,71fcb322001696db442290c0b7dfe079a8f41615799f3aadeb64c0ff491f9ec1,0,199,,200,631.2907916666667,199,generated,23048192,0,4.1605e-05,0.000144197,0.0,20010,0,,0,45c48f36a5eeb6ce,0.007332024004426785,optimal,0.001581939,0.000281829,True
0,493f6f942eca3576ac0253ad50581fbe0469e8e417d3f97011c676f7789871fd,19811,"""instance""",2.0369e-05,"['taskset', '-c', '2', '<project>/build/release/pclp', 'solve', '--instance', '<project>/data/generated/gen_empty_plain_n200_uniform_neg0_r1.json', '--config', '<project>/experiments/runs/ablation/1f0b27859f5125aa/resolved_config.json', '--output', '<project>/experiments/runs/ablation/1f0b27859f5125aa/result.json']",True,close-degeneracy-trigger,0,0.0,0.001889901,empty,0,0,199,gen_empty_plain_n200_uniform_neg0_r1,data/generated/gen_empty_plain_n200_uniform_neg0_r1.json,71fcb322001696db442290c0b7dfe079a8f41615799f3aadeb64c0ff491f9ec1,0,199,,200,631.2907916666667,199,generated,23048192,0,4.0958e-05,0.000146483,0.0,20010,0,,1,1f0b27859f5125aa,0.004839020999497734,optimal,0.001591894,0.000292796,True
0,493f6f942eca3576ac0253ad50581fbe0469e8e417d3f97011c676f7789871fd,19811,"""instance""",2.6466e-05,"['taskset', '-c', '2', '<project>/build/release/pclp', 'solve', '--instance', '<project>/data/generated/gen_empty_plain_n200_uniform_neg0_r1.json', '--config', '<project>/experiments/runs/ablation/eeea60aa95fd4cd0/resolved_config.json', '--output', '<project>/experiments/runs/ablation/eeea60aa95fd4cd0/result.json']",True,forest-tuned,0,0.0,0.001736158,empty,0,0,199,gen_empty_plain_n200_uniform_neg0_r1,data/generated/gen_empty_plain_n200_uniform_neg0_r1.json,71fcb322001696db442290c0b7dfe079a8f41615799f3aadeb64c0ff491f9ec1,0,199,,200,631.2907916666667,199,generated,23048192,0,3.4094e-05,0.000133057,0.0,20010,0,,0,eeea60aa95fd4cd0,0.004802272000233643,optimal,0.001435946,0.000253661,True
0,493f6f942eca3576ac0253ad50581fbe0469e8e417d3f97011c676f7789871fd,19811,"""instance""",2.0694e-05,"['taskset', '-c', '2', '<project>/build/release/pclp', 'solve', '--instance', '<project>/data/generated/gen_empty_plain_n200_uniform_neg0_r1.json', '--config', '<project>/experiments/runs/ablation/dc3067d441d6bcaa/resolved_config.json', '--output', '<project>/experiments/runs/ablation/dc3067d441d6bcaa/result.json']",True,forest-tuned,0,0.0,0.001783479,empty,0,0,199,gen_empty_plain_n200_uniform_neg0_r1,data/generated/gen_empty_plain_n200_uniform_neg0_r1.json,71fcb322001696db442290c0b7dfe079a8f41615799f3aadeb64c0ff491f9ec1,0,199,,200,631.2907916666667,199,generated,23048192,0,3.244e-05,0.000133252,0.0,20010,0,,1,dc3067d441d6bcaa,0.0048489589971723035,optimal,0.001529662,0.000257053,True
0,493f6f942eca3576ac0253ad50581fbe0469e8e417d3f97011c676f7789871fd,19811,"""instance""",2.4218e-05,"['taskset', '-c', '2', '<project>/build/release/pclp', 'solve', '--instance', '<project>/data/generated/gen_empty_plain_n200_uniform_neg0_r1.json', '--config', '<project>/experiments/runs/ablation/ed682ce111ecf820/resolved_config.json', '--output', '<project>/experiments/runs/ablation/ed682ce111ecf820/result.json']",True,full-pricing,0,0.0,0.001676652,empty,0,0,199,gen_empty_plain_n200_uniform_neg0_r1,data/generated/gen_empty_plain_n200_uniform_neg0_r1.json,71fcb322001696db442290c0b7dfe079a8f41615799f3aadeb64c0ff491f9ec1,0,199,,200,631.2907916666667,199,generated,23048192,0,3.216e-05,0.000109311,0.0,20010,0,,0,ed682ce111ecf820,0.004717374991741963,optimal,0.001399572,0.000255486,True
0,493f6f942eca3576ac0253ad50581fbe0469e8e417d3f97011c676f7789871fd,19811,"""instance""",2.0385e-05,"['taskset', '-c', '2', '<project>/build/release/pclp', 'solve', '--instance', '<project>/data/generated/gen_empty_plain_n200_uniform_neg0_r1.json', '--config', '<project>/experiments/runs/ablation/4361060d788d98f4/resolved_config.json', '--output', '<project>/experiments/runs/ablation/4361060d788d98f4/result.json']",True,full-pricing,0,0.0,0.001699151,empty,0,0,199,gen_empty_plain_n200_uniform_neg0_r1,data/generated/gen_empty_plain_n200_uniform_neg0_r1.json,71fcb322001696db442290c0b7dfe079a8f41615799f3aadeb64c0ff491f9ec1,0,199,,200,631.2907916666667,199,generated,23048192,0,3.8022e-05,0.000113999,0.0,20010,0,,1,4361060d788d98f4,0.004649060996598564,optimal,0.001411198,0.000247071,True
0,493f6f942eca3576ac0253ad50581fbe0469e8e417d3f97011c676f7789871fd,19811,"""instance""",2.0679e-05,"['taskset', '-c', '2', '<project>/build/release/pclp', 'solve', '--instance', '<project>/data/generated/gen_empty_plain_n200_uniform_neg0_r1.json', '--config', '<project>/experiments/runs/ablation/65ea78d9bf92da84/resolved_config.json', '--output', '<project>/experiments/runs/ablation/65ea78d9bf92da84/result.json']",True,no-early-ratio-test,0,0.0,0.001641272,empty,0,0,199,gen_empty_plain_n200_uniform_neg0_r1,data/generated/gen_empty_plain_n200_uniform_neg0_r1.json,71fcb322001696db442290c0b7dfe079a8f41615799f3aadeb64c0ff491f9ec1,0,199,,200,631.2907916666667,199,generated,23048192,0,3.3117e-05,0.000121626,0.0,20010,0,,0,65ea78d9bf92da84,0.004753179993713275,optimal,0.001383299,0.000243394,True
0,493f6f942eca3576ac0253ad50581fbe0469e8e417d3f97011c676f7789871fd,19811,"""instance""",2.3773e-05,"['taskset', '-c', '2', '<project>/build/release/pclp', 'solve', '--instance', '<project>/data/generated/gen_empty_plain_n200_uniform_neg0_r1.json', '--config', '<project>/experiments/runs/ablation/c63959d9ac1a3a0a/resolved_config.json', '--output', '<project>/experiments/runs/ablation/c63959d9ac1a3a0a/result.json']",True,no-early-ratio-test,0,0.0,0.001698033,empty,0,0,199,gen_empty_plain_n200_uniform_neg0_r1,data/generated/gen_empty_plain_n200_uniform_neg0_r1.json,71fcb322001696db442290c0b7dfe079a8f41615799f3aadeb64c0ff491f9ec1,0,199,,200,631.2907916666667,199,generated,23048192,0,3.3393e-05,0.000136352,0.0,20010,0,,1,c63959d9ac1a3a0a,0.005024020007112995,optimal,0.001424628,0.000247399,True
0,493f6f942eca3576ac0253ad50581fbe0469e8e417d3f97011c676f7789871fd,19811,"""instance""",2.044e-05,"['taskset', '-c', '2', '<project>/build/release/pclp', 'solve', '--instance', '<project>/data/generated/gen_empty_plain_n200_uniform_neg0_r1.json', '--config', '<project>/experiments/runs/ablation/f2720c4397b77f3c/resolved_config.json', '--output', '<project>/experiments/runs/ablation/f2720c4397b77f3c/result.json']",True,no-local-update,0,0.0,0.001646972,empty,0,0,199,gen_empty_plain_n200_uniform_neg0_r1,data/generated/gen_empty_plain_n200_uniform_neg0_r1.json,71fcb322001696db442290c0b7dfe079a8f41615799f3aadeb64c0ff491f9ec1,0,199,,200,631.2907916666667,199,generated,23048192,0,3.2202e-05,0.000126498,0.0,20010,0,,0,f2720c4397b77f3c,0.004678423996665515,optimal,0.001378252,0.000248122,True
0,493f6f942eca3576ac0253ad50581fbe0469e8e417d3f97011c676f7789871fd,19811,"""instance""",2.01e-05,"['taskset', '-c', '2', '<project>/build/release/pclp', 'solve', '--instance', '<project>/data/generated/gen_empty_plain_n200_uniform_neg0_r1.json', '--config', '<project>/experiments/runs/ablation/3433cafdc9a78758/resolved_config.json', '--output', '<project>/experiments/runs/ablation/3433cafdc9a78758/result.json']",True,no-local-update,0,0.0,0.001689512,empty,0,0,199,gen_empty_plain_n200_uniform_neg0_r1,data/generated/gen_empty_plain_n200_uniform_neg0_r1.json,71fcb322001696db442290c0b7dfe079a8f41615799f3aadeb64c0ff491f9ec1,0,199,,200,631.2907916666667,199,generated,23048192,0,3.7587e-05,0.000130544,0.0,20010,0,,1,3433cafdc9a78758,0.005132010002853349,optimal,0.001408048,0.000262253,True
0,493f6f942eca3576ac0253ad50581fbe0469e8e417d3f97011c676f7789871fd,19811,"""instance""",2.5668e-05,"['taskset', '-c', '2', '<project>/build/release/pclp', 'solve', '--instance', '<project>/data/generated/gen_empty_plain_n200_uniform_neg0_r1.json', '--config', '<project>/experiments/runs/ablation/ed3a9db6095a8de7/resolved_config.json', '--output', '<project>/experiments/runs/ablation/ed3a9db6095a8de7/result.json']",True,no-restricted-ratio-test,0,0.0,0.001743608,empty,0,0,199,gen_empty_plain_n200_uniform_neg0_r1,data/generated/gen_empty_plain_n200_uniform_neg0_r1.json,71fcb322001696db442290c0b7dfe079a8f41615799f3aadeb64c0ff491f9ec1,0,199,,200,631.2907916666667,199,generated,23048192,0,3.3946e-05,0.000131078,0.0,20010,0,,0,ed3a9db6095a8de7,0.005015167989768088,optimal,0.001462631,0.000266406,True
0,493f6f942eca3576ac0253ad50581fbe0469e8e417d3f97011c676f7789871fd,19811,"""instance""",2.3555e-05,"['taskset', '-c', '2', '<project>/build/release/pclp', 'solve', '--instance', '<project>/data/generated/gen_empty_plain_n200_uniform_neg0_r1.json', '--config', '<project>/experiments/runs/ablation/eb7a45bb1f27070e/resolved_config.json', '--output', '<project>/experiments/runs/ablation/eb7a45bb1f27070e/result.json']",True,no-restricted-ratio-test,0,0.0,0.001844264,empty,0,0,199,gen_empty_plain_n200_uniform_neg0_r1,data/generated/gen_empty_plain_n200_uniform_neg0_r1.json,71fcb322001696db442290c0b7dfe079a8f41615799f3aadeb64c0ff491f9ec1,0,199,,200,631.2907916666667,199,generated,23048192,0,3.8951e-05,0.000146282,0.0,20010,0,,1,eb7a45bb1f27070e,0.005638835995341651,optimal,0.001541754,0.000264533,True
0,493f6f942eca3576ac0253ad50581fbe0469e8e417d3f97011c676f7789871fd,19900,"""instance""",2.0786e-05,"['taskset', '-c', '2', '<project>/build/release/pclp', 'solve', '--instance', '<project>/data/generated/gen_empty_plain_n200_uniform_neg0_r1.json', '--config', '<project>/experiments/runs/ablation/806630aaeb01cade/resolved_config.json', '--output', '<project>/experiments/runs/ablation/806630aaeb01cade/result.json']",True,sequential-canonicalization,0,0.0,0.001523272,empty,0,0,200,gen_empty_plain_n200_uniform_neg0_r1,data/generated/gen_empty_plain_n200_uniform_neg0_r1.json,71fcb322001696db442290c0b7dfe079a8f41615799f3aadeb64c0ff491f9ec1,0,199,,200,631.2907916666667,200,generated,23048192,0,3.358e-05,0.000122792,0.0,20100,0,,0,806630aaeb01cade,0.004474157991353422,optimal,0.001214649,0.000242575,True
0,493f6f942eca3576ac0253ad50581fbe0469e8e417d3f97011c676f7789871fd,19900,"""instance""",2.5346e-05,"['taskset', '-c', '2', '<project>/build/release/pclp', 'solve', '--instance', '<project>/data/generated/gen_empty_plain_n200_uniform_neg0_r1.json', '--config', '<project>/experiments/runs/ablation/3ef3e6fccfd5e4e2/resolved_config.json', '--output', '<project>/experiments/runs/ablation/3ef3e6fccfd5e4e2/result.json']",True,sequential-canonicalization,0,0.0,0.001721084,empty,0,0,200,gen_empty_plain_n200_uniform_neg0_r1,data/generated/gen_empty_plain_n200_uniform_neg0_r1.json,71fcb322001696db442290c0b7dfe079a8f41615799f3aadeb64c0ff491f9ec1,0,199,,200,631.2907916666667,200,generated,23048192,0,3.3503e-05,0.000120641,0.0,20100,0,,1,3ef3e6fccfd5e4e2,0.004888391005806625,optimal,0.001441163,0.000248868,True
0,493f6f942eca3576ac0253ad50581fbe0469e8e417d3f97011c676f7789871fd,55970,"""instance""",2.0875e-05,"['taskset', '-c', '2', '<project>/build/release/pclp', 'solve', '--instance', '<project>/data/generated/gen_empty_plain_n200_uniform_neg0_r1.json', '--config', '<project>/experiments/runs/ablation/16020d58d903ee9c/resolved_config.json', '--output', '<project>/experiments/runs/ablation/16020d58d903ee9c/result.json']",True,sink-initial-basis,0,5.7407e-05,0.001837262,empty,0,0,200,gen_empty_plain_n200_uniform_neg0_r1,data/generated/gen_empty_plain_n200_uniform_neg0_r1.json,71fcb322001696db442290c0b7dfe079a8f41615799f3aadeb64c0ff491f9ec1,387,199,,200,631.2907916666667,199,generated,23048192,388,4.1952e-05,0.000441345,7.2914e-05,20865,0,,0,16020d58d903ee9c,0.004861861991230398,optimal,0.001582796,0.000271665,True
0,493f6f942eca3576ac0253ad50581fbe0469e8e417d3f97011c676f7789871fd,55970,"""instance""",2.0898e-05,"['taskset', '-c', '2', '<project>/build/release/pclp', 'solve', '--instance', '<project>/data/generated/gen_empty_plain_n200_uniform_neg0_r1.json', '--config', '<project>/experiments/runs/ablation/185586c791825428/resolved_config.json', '--output', '<project>/experiments/runs/ablation/185586c791825428/result.json']",True,sink-initial-basis,0,4.9161e-05,0.001778505,empty,0,0,200,gen_empty_plain_n200_uniform_neg0_r1,data/generated/gen_empty_plain_n200_uniform_neg0_r1.json,71fcb322001696db442290c0b7dfe079a8f41615799f3aadeb64c0ff491f9ec1,387,199,,200,631.2907916666667,199,generated,23048192,388,3.2056e-05,0.000423006,6.9509e-05,20865,0,,1,185586c791825428,0.004805553995538503,optimal,0.001501601,0.000257355,True
0,493f6f942eca3576ac0253ad50581fbe0469e8e417d3f97011c676f7789871fd,19811,"""instance""",2.5566e-05,"['taskset', '-c', '2', '<project>/build/release/pclp', 'solve', '--instance', '<project>/data/generated/gen_empty_plain_n200_uniform_neg0_r1.json', '--config', '<project>/experiments/runs/ablation/eb1dae35e8549887/resolved_config.json', '--output', '<project>/experiments/runs/ablation/eb1dae35e8549887/result.json']",True,with-transitive-reduction,0,0.0,0.001740461,empty,0,0,199,gen_empty_plain_n200_uniform_neg0_r1,data/generated/gen_empty_plain_n200_uniform_neg0_r1.json,71fcb322001696db442290c0b7dfe079a8f41615799f3aadeb64c0ff491f9ec1,0,199,,200,631.2907916666667,199,generated,23048192,0,3.4997e-05,0.000134833,0.0,20010,0,,0,eb1dae35e8549887,0.004530275997240096,optimal,0.001470849,0.000249194,True
0,493f6f942eca3576ac0253ad50581fbe0469e8e417d3f97011c676f7789871fd,19811,"""instance""",2.0366e-05,"['taskset', '-c', '2', '<project>/build/release/pclp', 'solve', '--instance', '<project>/data/generated/gen_empty_plain_n200_uniform_neg0_r1.json', '--config', '<project>/experiments/runs/ablation/6f395245d0abd2b4/resolved_config.json', '--output', '<project>/experiments/runs/ablation/6f395245d0abd2b4/result.json']",True,with-transitive-reduction,0,0.0,0.001710387,empty,0,0,199,gen_empty_plain_n200_uniform_neg0_r1,data/generated/gen_empty_plain_n200_uniform_neg0_r1.json,71fcb322001696db442290c0b7dfe079a8f41615799f3aadeb64c0ff491f9ec1,0,199,,200,631.2907916666667,199,generated,23048192,0,4.5674e-05,0.000129092,0.0,20010,0,,1,6f395245d0abd2b4,0.004747277998831123,optimal,0.001452933,0.000253717,True
0,493f6f942eca3576ac0253ad50581fbe0469e8e417d3f97011c676f7789871fd,13666,"""instance""",2.1046e-05,"['taskset', '-c', '2', '<project>/build/release/pclp', 'solve', '--instance', '<project>/data/generated/gen_empty_plain_n200_uniform_neg0_r2.json', '--config', '<project>/experiments/runs/ablation/b9aae2aae4c247ae/resolved_config.json', '--output', '<project>/experiments/runs/ablation/b9aae2aae4c247ae/result.json']",True,bland-entering,0,0.0,0.0012465,empty,0,0,103,gen_empty_plain_n200_uniform_neg0_r2,data/generated/gen_empty_plain_n200_uniform_neg0_r2.json,3231fedda9c9d411c3cdc8584b286294bc069ee17e588b0d48a808abac7d5f89,0,103,,200,4188.85,103,generated,23212032,0,3.533e-05,8.0848e-05,0.0,13769,0,,0,b9aae2aae4c247ae,0.004775066001457162,optimal,0.00102643,0.000178321,True
0,493f6f942eca3576ac0253ad50581fbe0469e8e417d3f97011c676f7789871fd,13666,"""instance""",2.1247e-05,"['taskset', '-c', '2', '<project>/build/release/pclp', 'solve', '--instance', '<project>/data/generated/gen_empty_plain_n200_uniform_neg0_r2.json', '--config', '<project>/experiments/runs/ablation/bfc5d6e858b29181/resolved_config.json', '--output', '<project>/experiments/runs/ablation/bfc5d6e858b29181/result.json']",True,bland-entering,0,0.0,0.001167372,empty,0,0,103,gen_empty_plain_n200_uniform_neg0_r2,data/generated/gen_empty_plain_n200_uniform_neg0_r2.json,3231fedda9c9d411c3cdc8584b286294bc069ee17e588b0d48a808abac7d5f89,0,103,,200,4188.85,103,generated,23375872,0,3.2445e-05,7.6763e-05,0.0,13769,0,,1,bfc5d6e858b29181,0.004114026000024751,optimal,0.000961298,0.000164883,True
0,493f6f942eca3576ac0253ad50581fbe0469e8e417d3f97011c676f7789871fd,13666,"""instance""",2.1724e-05,"['taskset', '-c', '2', '<project>/build/release/pclp', 'solve', '--instance', '<project>/data/generated/gen_empty_plain_n200_uniform_neg0_r2.json', '--config', '<project>/experiments/runs/ablation/3ec4bfc262b3eb05/resolved_config.json', '--output', '<project>/experiments/runs/ablation/3ec4bfc262b3eb05/result.json']",True,close-degeneracy-trigger,0,0.0,0.001345835,empty,0,0,103,gen_empty_plain_n200_uniform_neg0_r2,data/generated/gen_empty_plain_n200_uniform_neg0_r2.json,3231fedda9c9d411c3cdc8584b286294bc069ee17e588b0d48a808abac7d5f89,0,103,,200,4188.85,103,generated,23212032,0,4.1064e-05,9.7812e-05,0.0,13769,0,,0,3ec4bfc262b3eb05,0.005618950992356986,optimal,0.001095003,0.000192091,True
0,493f6f942eca3576ac0253ad50581fbe0469e8e417d3f97011c676f7789871fd,13666,"""instance""",2.2814e-05,"['taskset', '-c', '2', '<project>/build/release/pclp', 'solve', '--instance', '<project>/data/generated/gen_empty_plain_n200_uniform_neg0_r2.json', '--config', '<project>/experiments/runs/ablation/6880b91538e6d194/resolved_config.json', '--output', '<project>/experiments/runs/ablation/6880b91538e6d194/result.json']",True,close-degeneracy-trigger,0,0.0,0.001263205,empty,0,0,103,gen_empty_plain_n200_uniform_neg0_r2,data/generated/gen_empty_plain_n200_uniform_neg0_r2.json,3231fedda9c9d411c3cdc8584b286294bc069ee17e588b0d48a808abac7d5f89,0,103,,200,4188.85,103,generated,23212032,0,3.6369e-05,9.0346e-05,0.0,13769,0,,1,6880b91538e6d194,0.004349677998106927,optimal,0.001034438,0.000182291,True
0,493f6f942eca3576ac0253ad50581fbe0469e8e417d3f97011c676f7789871fd,13666,"""instance""",2.3443e-05,"['taskset', '-c', '2', '<project>/build/release/pclp', 'solve', '--instance', '<project>/data/generated/gen_empty_plain_n200_uniform_neg0_r2.json', '--config', '<project>/experiments/runs/ablation/c40c0ce6ddbe5038/resolved_config.json', '--output', '<project>/experiments/runs/ablation/c40c0ce6ddbe5038/result.json']",True,forest-tuned,0,0.0,0.001264483,empty,0,0,103,gen_empty_plain_n200_uniform_neg0_r2,data/generated/gen_empty_plain_n200_uniform_neg0_r2.json,3231fedda9c9d411c3cdc8584b286294bc069ee17e588b0d48a808abac7d5f89,0,103,,200,4188.85,103,generated,23048192,0,4.1513e-05,9.1754e-05,0.0,13769,0,,0,c40c0ce6ddbe5038,0.004156308001256548,optimal,0.001013308,0.000180307,True
0,493f6f942eca3576ac0253ad50581fbe0469e8e417d3f97011c676f7789871fd,13666,"""instance""",2.3681e-05,"['taskset', '-c', '2', '<project>/build/release/pclp', 'solve', '--instance', '<project>/data/generated/gen_empty_plain_n200_uniform_neg0_r2.json', '--config', '<project>/experiments/runs/ablation/6cd9a546e147a58b/resolved_config.json', '--output', '<project>/experiments/runs/ablation/6cd9a546e147a58b/result.json']",True,forest-tuned,0,0.0,0.001196344,empty,0,0,103,gen_empty_plain_n200_uniform_neg0_r2,data/generated/gen_empty_plain_n200_uniform_neg0_r2.json,3231fedda9c9d411c3cdc8584b286294bc069ee17e588b0d48a808abac7d5f89,0,103,,200,4188.85,103,generated,23048192,0,3.96e-05,8.2501e-05,0.0,13769,0,,1,6cd9a546e147a58b,0.004034237004816532,optimal,0.000950548,0.000159131,True
0,493f6f942eca3576ac0253ad50581fbe0469e8e417d3f97011c676f7789871fd,13666,"""instance""",2.5526e-05,"['taskset', '-c', '2', '<project>/build/release/pclp', 'solve', '--instance', '<project>/data/generated/gen_empty_plain_n200_uniform_neg0_r2.json', '--config', '<project>/experiments/runs/ablation/e16ff1e835933d1f/resolved_config.json', '--output', '<project>/experiments/runs/ablation/e16ff1e835933d1f/result.json']",True,full-pricing,0,0.0,0.001207223,empty,0,0,103,gen_empty_plain_n200_uniform_neg0_r2,data/generated/gen_empty_plain_n200_uniform_neg0_r2.json,3231fedda9c9d411c3cdc8584b286294bc069ee17e588b0d48a808abac7d5f89,0,103,,200,4188.85,103,generated,23539712,0,3.9559e-05,7.4479e-05,0.0,13769,0,,0,e16ff1e835933d1f,0.004042964996187948,optimal,0.000949915,0.000166407,True
0,493f6f942eca3576ac0253ad50581fbe0469e8e417d3f97011c676f7789871fd,13666,"""instance""",2.0971e-05,"['taskset', '-c', '2', '<project>/build/release/pclp', 'solve', '--instance', '<project>/data/generated/gen_empty_plain_n200_uniform_neg0_r2.json', '--config', '<project>/experiments/runs/ablation/e4069c8c4c4a48ec/resolved_config.json', '--output', '<project>/experiments/runs/ablation/e4069c8c4c4a48ec/result.json']",True,full-pricing,0,0.0,0.00116293,empty,0,0,103,gen_empty_plain_n200_uniform_neg0_r2,data/generated/gen_empty_plain_n200_uniform_neg0_r2.json,3231fedda9c9d411c3cdc8584b286294bc069ee17e588b0d48a808abac7d5f89,0,103,,200,4188.85,103,generated,23539712,0,3.1733e-05,7.836e-05,0.0,13769,0,,1,e4069c8c4c4a48ec,0.003907316000550054,optimal,0.000958994,0.000171173,True
0,493f6f942eca3576ac0253ad50581fbe0469e8e417d3f97011c676f7789871fd,13666,"""instance""",2.4714e-05,"['taskset', '-c', '2', '<project>/build/release/pclp', 'solve', '--instance', '<project>/data/generated/gen_empty_plain_n200_uniform_neg0_r2.json', '--config', '<project>/experiments/runs/ablation/3ef69ff5118bdaca/resolved_config.json', '--output', '<project>/experiments/runs/ablation/3ef69ff5118bdaca/result.json']",True,no-early-ratio-test,0,0.0,0.001194975,empty,0,0,103,gen_empty_plain_n200_uniform_neg0_r2,data/generated/gen_empty_plain_n200_uniform_neg0_r2.json,3231fedda9c9d411c3cdc8584b286294bc069ee17e588b0d48a808abac7d5f89,0,103,,200,4188.85,103,generated,23048192,0,3.9956e-05,8.7248e-05,0.0,13769,0,,0,3ef69ff5118bdaca,0.00400795899622608,optimal,0.00096284,0.000164792,True
0,493f6f942eca3576ac0253ad50581fbe0469e8e417d3f97011c676f7789871fd,13666,"""instance""",2.0606e-05,"['taskset', '-c', '2', '<project>/build/release/pclp', 'solve', '--instance', '<project>/data/generated/gen_empty_plain_n200_uniform_neg0_r2.json', '--config', '<project>/experiments/runs/ablation/cdfaafec6affeb22/resolved_config.json', '--output', '<project>/experiments/runs/ablation/cdfaafec6affeb22/result.json']",True,no-early-ratio-test,0,0.0,0.001166854,empty,0,0,103,gen_empty_plain_n200_uniform_neg0_r2,data/generated/gen_empty_plain_n200_uniform_neg0_r2.json,3231fedda9c9d411c3cdc8584b286294bc069ee17e588b0d48a808abac7d5f89,0,103,,200,4188.85,103,generated,23212032,0,3.2197e-05,9.0283e-05,0.0,13769,0,,1,cdfaafec6affeb22,0.009017989999847487,optimal,0.000966511,0.000167121,True
0,493f6f942eca3576ac0253ad50581fbe0469e8e417d3f97011c676f7789871fd,13666,"""instance""",2.0942e-05,"['taskset', '-c', '2', '<project>/build/release/pclp', 'solve', '--instance', '<project>/data/generated/gen_empty_plain_n200_uniform_neg0_r2.json', '--config', '<project>/experiments/runs/ablation/9c341c3e7c024e5d/resolved_config.json', '--output', '<project>/experiments/runs/ablation/9c341c3e7c024e5d/result.json']",True,no-local-update,0,0.0,0.001169112,empty,0,0,103,gen_empty_plain_n200_uniform_neg0_r2,data/generated/gen_empty_plain_n200_uniform_neg0_r2.json,3231fedda9c9d411c3cdc8584b286294bc069ee17e588b0d48a808abac7d5f89,0,103,,200,4188.85,103,generated,23539712,0,3.1614e-05,8.2893e-05,0.0,13769,0,,0,9c341c3e7c024e5d,0.003999710999778472,optimal,0.0009658,0.000171595,True
0,493f6f942eca3576ac0253ad50581fbe0469e8e417d3f97011c676f7789871fd,13666,"""instance""",2.2533e-05,"['taskset', '-c', '2', '<project>/build/release/pclp', 'solve', '--instance', '<project>/data/generated/gen_empty_plain_n200_uniform_neg0_r2.json', '--config', '<project>/experiments/runs/ablation/847682c7e564983f/resolved_config.json', '--output', '<project>/experiments/runs/ablation/847682c7e564983f/result.json']",True,no-local-update,0,0.0,0.001171074,empty,0,0,103,gen_empty_plain_n200_uniform_neg0_r2,data/generated/gen_empty_plain_n200_uniform_neg0_r2.json,3231fedda9c9d411c3cdc8584b286294bc069ee17e588b0d48a808abac7d5f89,0,103,,200,4188.85,103,generated,23539712,0,3.2623e-05,8.3675e-05,0.0,13769,0,,1,847682c7e564983f,0.004048528004204854,optimal,0.000949903,0.000164462,True
0,493f6f942eca3576ac0253ad50581fbe0469e8e417d3f97011c676f7789871fd,13666,"""instance""",2.0914e-05,"['taskset', '-c', '2', '<project>/build/release/pclp', 'solve', '--instance', '<project>/data/generated/gen_empty_plain_n200_uniform_neg0_r2.json', '--config', '<project>/experiments/runs/ablation/b438c51e08a77577/resolved_config.json', '--output', '<project>/experiments/runs/ablation/b438c51e08a77577/result.json']",True,no-restricted-ratio-test,0,0.0,0.001192823,empty,0,0,103,gen_empty_plain_n200_uniform_neg0_r2,data/generated/gen_empty_plain_n200_uniform_neg0_r2.json,3231fedda9c9d411c3cdc8584b286294bc069ee17e588b0d48a808abac7d5f89,0,103,,200,4188.85,103,generated,23212032,0,3.855e-05,8.2626e-05,0.0,13769,0,,0,b438c51e08a77577,0.004079200007254258,optimal,0.000970227,0.000179345,True
0,493f6f942eca3576ac0253ad50581fbe0469e8e417d3f97011c676f7789871fd,13666,"""instance""",2.5775e-05,"['taskset', '-c', '2', '<project>/build/release/pclp', 'solve', '--instance', '<project>/data/generated/gen_empty_plain_n200_uniform_neg0_r2.json', '--config', '<project>/experiments/runs/ablation/f7806ac8633b11cf/resolved_config.json', '--output', '<project>/experiments/runs/ablation/f7806ac8633b11cf/result.json']",True,no-restricted-ratio-test,0,0.0,0.00120222,empty,0,0,103,gen_empty_plain_n200_uniform_neg0_r2,data/generated/gen_empty_plain_n200_uniform_neg0_r2.json,3231fedda9c9d411c3cdc8584b286294bc069ee17e588b0d48a808abac7d5f89,0,103,,200,4188.85,103,generated,23212032,0,3.1915e-05,8.8597e-05,0.0,13769,0,,1,f7806ac8633b11cf,0.003967134005506523,optimal,0.000961371,0.000163262,True
0,493f6f942eca3576ac0253ad50581fbe0469e8e417d3f97011c676f7789871fd,19900,"""instance""",2.237e-05,"['taskset', '-c', '2', '<project>/build/release/pclp', 'solve', '--instance', '<project>/data/generated/gen_empty_plain_n200_uniform_neg0_r2.json', '--config', '<project>/experiments/runs/ablation/4effd7b42309f7da/resolved_config.json', '--output', '<project>/experiments/runs/ablation/4effd7b42309f7da/result.json']",True,sequential-canonicalization,0,0.0,0.001423326,empty,0,0,200,gen_empty_plain_n200_uniform_neg0_r2,data/generated/gen_empty_plain_n200_uniform_neg0_r2.json,3231fedda9c9d411c3cdc8584b286294bc069ee17e588b0d48a808abac7d5f89,0,103,,200,4188.85,200,generated,23703552,0,3.2186e-05,0.000124822,0.0,20100,0,,0,4effd7b42309f7da,0.004303081004763953,optimal,0.001218985,0.000250508,True
0,493f6f942eca3576ac0253ad50581fbe0469e8e417d3f97011c676f7789871fd,19900,"""instance""",2.0817e-05,"['taskset', '-c', '2', '<project>/build/release/pclp', 'solve', '--instance', '<project>/data/generated/gen_empty_plain_n200_uniform_neg0_r2.json', '--config', '<project>/experiments/runs/ablation/523d610b3e0b7c57/resolved_config.json', '--output', '<project>/experiments/runs/ablation/523d610b3e0b7c57/result.json']",True,sequential-canonicalization,0,0.0,0.001404989,empty,0,0,200,gen_empty_plain_n200_uniform_neg0_r2,data/generated/gen_empty_plain_n200_uniform_neg0_r2.json,3231fedda9c9d411c3cdc8584b286294bc069ee17e588b0d48a808abac7d5f89,0,103,,200,4188.85,200,generated,23867392,0,3.2058e-05,0.000124976,0.0,20100,0,,1,523d610b3e0b7c57,0.0042592039972078055,optimal,0.001199507,0.000246609,True
0,493f6f942eca3576ac0253ad50581fbe0469e8e417d3f97011c676f7789871fd,35284,"""instance""",2.1015e-05,"['taskset', '-c', '2', '<project>/build/release/pclp', 'solve', '--instance', '<project>/data/generated/gen_empty_plain_n200_uniform_neg0_r2.json', '--config', '<project>/experiments/runs/ablation/d9ab81dac11cf04a/resolved_config.json', '--output', '<project>/experiments/runs/ablation/d9ab81dac11cf04a/result.json']",True,sink-initial-basis,0,2.9687e-05,0.001236197,empty,0,0,103,gen_empty_plain_n200_uniform_neg0_r2,data/generated/gen_empty_plain_n200_uniform_neg0_r2.json,3231fedda9c9d411c3cdc8584b286294bc069ee17e588b0d48a808abac7d5f89,183,103,,200,4188.85,103,generated,23867392,183,3.4276e-05,0.00027396,4.1951e-05,14135,0,,0,d9ab81dac11cf04a,0.004148143998463638,optimal,0.001021154,0.000177699,True
0,493f6f942eca3576ac0253ad50581fbe0469e8e417d3f97011c676f7789871fd,35284,"""instance""",2.5826e-05,"['taskset', '-c', '2', '<project>/build/release/pclp', 'solve', '--instance', '<project>/data/generated/gen_empty_plain_n200_uniform_neg0_r2.json', '--config', '<project>/experiments/runs/ablation/74b098ec65261b9e/resolved_config.json', '--output', '<project>/experiments/runs/ablation/74b098ec65261b9e/result.json']",True,sink-initial-basis,0,2.7943e-05,0.001264766,empty,0,0,103,gen_empty_plain_n200_uniform_neg0_r2,data/generated/gen_empty_plain_n200_uniform_neg0_r2.json,3231fedda9c9d411c3cdc8584b286294bc069ee17e588b0d48a808abac7d5f89,183,103,,200,4188.85,103,generated,23867392,183,4.1706e-05,0.000263399,3.9621e-05,14135,0,,1,74b098ec65261b9e,0.004237116998410784,optimal,0.00101526,0.000175099,True
0,493f6f942eca3576ac0253ad50581fbe0469e8e417d3f97011c676f7789871fd,13666,"""instance""",2.0296e-05,"['taskset', '-c', '2', '<project>/build/release/pclp', 'solve', '--instance', '<project>/data/generated/gen_empty_plain_n200_uniform_neg0_r2.json', '--config', '<project>/experiments/runs/ablation/f63c68c9519f2046/resolved_config.json', '--output', '<project>/experiments/runs/ablation/f63c68c9519f2046/result.json']",True,with-transitive-reduction,0,0.0,0.001181812,empty,0,0,103,gen_empty_plain_n200_uniform_neg0_r2,data/generated/gen_empty_plain_n200_uniform_neg0_r2.json,3231fedda9c9d411c3cdc8584b286294bc069ee17e588b0d48a808abac7d5f89,0,103,,200,4188.85,103,generated,23867392,0,3.8888e-05,8.449e-05,0.0,13769,0,,0,f63c68c9519f2046,0.004059270999277942,optimal,0.000954013,0.000159643,True
0,493f6f942eca3576ac0253ad50581fbe0469e8e417d3f97011c676f7789871fd,13666,"""instance""",2.0567e-05,"['taskset', '-c', '2', '<project>/build/release/pclp', 'solve', '--instance', '<project>/data/generated/gen_empty_plain_n200_uniform_neg0_r2.json', '--config', '<project>/experiments/runs/ablation/c530bdbb4c433245/resolved_config.json', '--output', '<project>/experiments/runs/ablation/c530bdbb4c433245/result.json']",True,with-transitive-reduction,0,0.0,0.001253495,empty,0,0,103,gen_empty_plain_n200_uniform_neg0_r2,data/generated/gen_empty_plain_n200_uniform_neg0_r2.json,3231fedda9c9d411c3cdc8584b286294bc069ee17e588b0d48a808abac7d5f89,0,103,,200,4188.85,103,generated,23867392,0,4.1717e-05,9.3109e-05,0.0,13769,0,,1,c530bdbb4c433245,0.0047297439887188375,optimal,0.001027246,0.000180045,True
191,493f6f942eca3576ac0253ad50581fbe0469e8e417d3f97011c676f7789871fd,529878,"""instance""",2.7981e-05,"['taskset', '-c', '2', '<project>/build/release/pclp', 'solve', '--instance', '<project>/data/generated/gen_forest_components8_n200_heterogeneous_neg30_r0.json', '--config', '<project>/experiments/runs/ablation/7ccfd6bff4158462/resolved_config.json', '--output', '<project>/experiments/runs/ablation/7ccfd6bff4158462/result.json']",False,bland-entering,3374,0.000610623,0.010284416,forest,0,0,76,gen_forest_components8_n200_heterogeneous_neg30_r0,data/generated/gen_forest_components8_n200_heterogeneous_neg30_r0.json,561d2779837f4a3c57f359d2124b96c194294a8829552bad258679f1b60b5650,3420,62,,200,6254.294300979519,63,generated,23969792,3433,4.362e-05,0.004255233,0.00222972,30221,0,,0,7ccfd6bff4158462,0.013593123003374785,optimal,0.00990732,0.001124222,True
191,493f6f942eca3576ac0253ad50581fbe0469e8e417d3f97011c676f7789871fd,529878,"""instance""",2.9219e-05,"['taskset', '-c', '2', '<project>/build/release/pclp', 'solve', '--instance', '<project>/data/generated/gen_forest_components8_n200_heterogeneous_neg30_r0.json', '--config', '<project>/experiments/runs/ablation/eb44acf42488156e/resolved_config.json', '--output', '<project>/experiments/runs/ablation/eb44acf42488156e/result.json']",False,bland-entering,3374,0.000601966,0.010178177,forest,0,0,76,gen_forest_components8_n200_heterogeneous_neg30_r0,data/generated/gen_forest_components8_n200_heterogeneous_neg30_r0.json,561d2779837f4a3c57f359d2124b96c194294a8829552bad258679f1b60b5650,3420,62,,200,6254.294300979519,63,generated,23969792,3433,5.3067e-05,0.004173544,0.002209787,30221,0,,1,eb44acf42488156e,0.014945034999982454,optimal,0.009813825,0.001120809,True
191,493f6f942eca3576ac0253ad50581fbe0469e8e417d3f97011c676f7789871fd,248072,"""instance""",3.412e-05,"['taskset', '-c', '2', '<project>/build/release/pclp', 'solve', '--instance', '<project>/data/generated/gen_forest_components8_n200_heterogeneous_neg30_r0.json', '--config', '<project>/experiments/runs/ablation/1fa93ca8a5199593/resolved_config.json', '--output', '<project>/experiments/runs/ablation/1fa93ca8a5199593/result.json']",False,close-degeneracy-trigger,3107,0.000543844,0.006910401,forest,0,0,75,gen_forest_components8_n200_heterogeneous_neg30_r0,data/generated/gen_forest_components8_n200_heterogeneous_neg30_r0.json,561d2779837f4a3c57f359d2124b96c194294a8829552bad258679f1b60b5650,3158,62,,200,6254.294300979519,63,generated,23867392,3170,5.3981e-05,0.002132813,0.00129994,29201,0,,0,1fa93ca8a5199593,0.01017972599947825,optimal,0.006573401,0.001039047,True
191,493f6f942eca3576ac0253ad50581fbe0469e8e417d3f97011c676f7789871fd,248072,"""instance""",2.3619e-05,"['taskset', '-c', '2', '<project>/build/release/pclp', 'solve', '--instance', '<project>/data/generated/gen_forest_components8_n200_heterogeneous_neg30_r0.json', '--config', '<project>/experiments/runs/ablation/0dd84351133d5984/resolved_config.json', '--output', '<project>/experiments/runs/ablation/0dd84351133d5984/result.json']",False,close-degeneracy-trigger,3107,0.0005272090000000001,0.006713711,forest,0,0,75,gen_forest_components8_n200_heterogeneous_neg30_r0,data/generated/gen_forest_components8_n200_heterogeneous_neg30_r0.json,561d2779837f4a3c57f359d2124b96c194294a8829552bad258679f1b60b5650,3158,62,,200,6254.294300979519,63,generated,23867392,3170,5.6146e-05,0.002057862,0.001257311,29201,0,,1,0dd84351133d5984,0.010170141002163291,optimal,0.006346138,0.00100238,True
191,493f6f942eca3576ac0253ad50581fbe0469e8e417d3f97011c676f7789871fd,103247,"""instance""",3.4189e-05,"['taskset', '-c', '2', '<project>/build/release/pclp', 'solve', '--instance', '<project>/data/generated/gen_forest_components8_n200_heterogeneous_neg30_r0.json', '--config', '<project>/experiments/runs/ablation/3398b4356a69442a/resolved_config.json', '--output', '<project>/experiments/runs/ablation/3398b4356a69442a/result.json']",False,forest-tuned,3042,0.000538445,0.005632724,forest,0,0,75,gen_forest_components8_n200_heterogeneous_neg30_r0,data/generated/gen_forest_components8_n200_heterogeneous_neg30_r0.json,561d2779837f4a3c57f359d2124b96c194294a8829552bad258679f1b60b5650,3074,62,,200,6254.294300979519,63,generated,23867392,3086,4.2104e-05,0.001220536,0.000973825,28718,0,,0,3398b4356a69442a,0.008618469000793993,optimal,0.005301753,0.001041708,True
191,493f6f942eca3576ac0253ad50581fbe0469e8e417d3f97011c676f7789871fd,103247,"""instance""",2.7262e-05,"['taskset', '-c', '2', '<project>/build/release/pclp', 'solve', '--instance', '<project>/data/generated/gen_forest_components8_n200_heterogeneous_neg30_r0.json', '--config', '<project>/experiments/runs/ablation/303fc9770081edb0/resolved_config.json', '--output', '<project>/experiments/runs/ablation/303fc9770081edb0/result.json']",False,forest-tuned,3042,0.000819455,0.007800856,forest,0,0,75,gen_forest_components8_n200_heterogeneous_neg30_r0,data/generated/gen_forest_components8_n200_heterogeneous_neg30_r0.json,561d2779837f4a3c57f359d2124b96c194294a8829552bad258679f1b60b5650,3074,62,,200,6254.294300979519,63,generated,23867392,3086,5.4104e-05,0.001842153,0.001261958,28718,0,,1,303fc9770081edb0,0.014126246998785064,optimal,0.007405134,0.001461727,True
191,493f6f942eca3576ac0253ad50581fbe0469e8e417d3f97011c676f7789871fd,467855,"""instance""",2.9214e-05,"['taskset', '-c', '2', '<project>/build/release/pclp', 'solve', '--instance', '<project>/data/generated/gen_forest_components8_n200_heterogeneous_neg30_r0.json', '--config', '<project>/experiments/runs/ablation/913fe70919b2a162/resolved_config.json', '--output', '<project>/experiments/runs/ablation/913fe70919b2a162/result.json']",False,full-pricing,2975,0.000552958,0.008310406,forest,0,0,74,gen_forest_components8_n200_heterogeneous_neg30_r0,data/generated/gen_forest_components8_n200_heterogeneous_neg30_r0.json,561d2779837f4a3c57f359d2124b96c194294a8829552bad258679f1b60b5650,3020,62,,200,6254.294300979519,63,generated,23969792,3031,5.261e-05,0.003917495,0.000954255,28671,0,,0,913fe70919b2a162,0.012873048995970748,optimal,0.007915948,0.001008343,True
191,493f6f942eca3576ac0253ad50581fbe0469e8e417d3f97011c676f7789871fd,467855,"""instance""",2.6631e-05,"['taskset', '-c', '2', '<project>/build/release/pclp', 'solve', '--instance', '<project>/data/generated/gen_forest_components8_n200_heterogeneous_neg30_r0.json', '--config', '<project>/experiments/runs/ablation/c88410164ae71ae7/resolved_config.json', '--output', '<project>/experiments/runs/ablation/c88410164ae71ae7/result.json']",False,full-pricing,2975,0.000535495,0.008363384,forest,0,0,74,gen_forest_components8_n200_heterogeneous_neg30_r0,data/generated/gen_forest_components8_n200_heterogeneous_neg30_r0.json,561d2779837f4a3c57f359d2124b96c194294a8829552bad258679f1b60b5650,3020,62,,200,6254.294300979519,63,generated,23969792,3031,4.7742e-05,0.003958289,0.000977792,28671,0,,1,c88410164ae71ae7,0.011619266006164253,optimal,0.008001845,0.001016212,True
191,493f6f942eca3576ac0253ad50581fbe0469e8e417d3f97011c676f7789871fd,103247,"""instance""",2.2913e-05,"['taskset', '-c', '2', '<project>/build/release/pclp', 'solve', '--instance', '<project>/data/generated/gen_forest_components8_n200_heterogeneous_neg30_r0.json', '--config', '<project>/experiments/runs/ablation/0832d3d00bcd7afb/resolved_config.json', '--output', '<project>/experiments/runs/ablation/0832d3d00bcd7afb/result.json']",False,no-early-ratio-test,3042,0.000527905,0.006577938,forest,0,0,75,gen_forest_components8_n200_heterogeneous_neg30_r0,data/generated/gen_forest_components8_n200_heterogeneous_neg30_r0.json,561d2779837f4a3c57f359d2124b96c194294a8829552bad258679f1b60b5650,3074,62,,200,6254.294300979519,63,generated,23867392,3086,4.3334e-05,0.001198041,0.00198096,28718,0,,0,0832d3d00bcd7afb,0.010466402003658004,optimal,0.006217799,0.00100291,True
191,493f6f942eca3576ac0253ad50581fbe0469e8e417d3f97011c676f7789871fd,103247,"""instance""",2.3468e-05,"['taskset', '-c', '2', '<project>/build/release/pclp', 'solve', '--instance', '<project>/data/generated/gen_forest_components8_n200_heterogeneous_neg30_r0.json', '--config', '<project>/experiments/runs/ablation/0715c0c697798449/resolved_config.json', '--output', '<project>/experiments/runs/ablation/0715c0c697798449/result.json']",False,no-early-ratio-test,3042,0.000526806,0.006527777,forest,0,0,75,gen_forest_components8_n200_heterogeneous_neg30_r0,data/generated/gen_forest_components8_n200_heterogeneous_neg30_r0.json,561d2779837f4a3c57f359d2124b96c194294a8829552bad258679f1b60b5650,3074,62,,200,6254.294300979519,63,generated,23867392,3086,4.4223e-05,0.001201135,0.001978097,28718,0,,1,0715c0c697798449,0.010093648001202382,optimal,0.006189032,0.00100474,True
191,493f6f942eca3576ac0253ad50581fbe0469e8e417d3f97011c676f7789871fd,103247,"""instance""",2.6244e-05,"['taskset', '-c', '2', '<project>/build/release/pclp', 'solve', '--instance', '<project>/data/generated/gen_forest_components8_n200_heterogeneous_neg30_r0.json', '--config', '<project>/experiments/runs/ablation/48c9e92eb231fb53/resolved_config.json', '--output', '<project>/experiments/runs/ablation/48c9e92eb231fb53/result.json']",False,no-local-update,3042,0.000590299,0.015477803,forest,0,0,3149,gen_forest_components8_n200_heterogeneous_neg30_r0,data/generated/gen_forest_components8_n200_heterogeneous_neg30_r0.json,561d2779837f4a3c57f359d2124b96c194294a8829552bad258679f1b60b5650,0,62,,200,6254.294300979519,63,generated,23969792,3086,4.8683e-05,0.0012569600000000001,0.000966677,481389,0,,0,48c9e92eb231fb53,0.02046273200539872,optimal,0.015120013,0.010708692,True
191,493f6f942eca3576ac0253ad50581fbe0469e8e417d3f97011c676f7789871fd,103247,"""instance""",2.4493e-05,"['taskset', '-c', '2', '<project>/build/release/pclp', 'solve', '--instance', '<project>/data/generated/gen_forest_components8_n200_heterogeneous_neg30_r0.json', '--config', '<project>/experiments/runs/ablation/cb7116b777ab493a/resolved_config.json', '--output', '<project>/experiments/runs/ablation/cb7116b777ab493a/result.json']",False,no-local-update,3042,0.000566427,0.014949425,forest,0,0,3149,gen_forest_components8_n200_heterogeneous_neg30_r0,data/generated/gen_forest_components8_n200_heterogeneous_neg30_r0.json,561d2779837f4a3c57f359d2124b96c194294a8829552bad258679f1b60b5650,0,62,,200,6254.294300979519,63,generated,24129536,3086,5.0514e-05,0.001234384,0.000925966,481389,0,,1,cb7116b777ab493a,0.019757139991270378,optimal,0.014596356,0.010309451,True
191,493f6f942eca3576ac0253ad50581fbe0469e8e417d3f97011c676f7789871fd,103247,"""instance""",2.7967e-05,"['taskset', '-c', '2', '<project>/build/release/pclp', 'solve', '--instance', '<project>/data/generated/gen_forest_components8_n200_heterogeneous_neg30_r0.json', '--config', '<project>/experiments/runs/ablation/31f97a15a9bc03d2/resolved_config.json', '--output', '<project>/experiments/runs/ablation/31f97a15a9bc03d2/result.json']",False,no-restricted-ratio-test,3042,0.000581089,0.007154813,forest,0,0,75,gen_forest_components8_n200_heterogeneous_neg30_r0,data/generated/gen_forest_components8_n200_heterogeneous_neg30_r0.json,561d2779837f4a3c57f359d2124b96c194294a8829552bad258679f1b60b5650,3074,62,,200,6254.294300979519,63,generated,23867392,3086,5.5777e-05,0.001334262,0.00204062,28718,0,,0,31f97a15a9bc03d2,0.010642220004228875,optimal,0.006774283,0.001139509,True
191,493f6f942eca3576ac0253ad50581fbe0469e8e417d3f97011c676f7789871fd,103247,"""instance""",2.3407e-05,"['taskset', '-c', '2', '<project>/build/release/pclp', 'solve', '--instance', '<project>/data/generated/gen_forest_components8_n200_heterogeneous_neg30_r0.json', '--config', '<project>/experiments/runs/ablation/88bc065dbce8a3a4/resolved_config.json', '--output', '<project>/experiments/runs/ablation/88bc065dbce8a3a4/result.json']",False,no-restricted-ratio-test,3042,0.000526647,0.006440456,forest,0,0,75,gen_forest_components8_n200_heterogeneous_neg30_r0,data/generated/gen_forest_components8_n200_heterogeneous_neg30_r0.json,561d2779837f4a3c57f359d2124b96c194294a8829552bad258679f1b60b5650,3074,62,,200,6254.294300979519,63,generated,23867392,3086,4.8839e-05,0.001203092,0.001835757,28718,0,,1,88bc065dbce8a3a4,0.01002752099884674,optimal,0.00608008,0.001017704,True
191,493f6f942eca3576ac0253ad50581fbe0469e8e417d3f97011c676f7789871fd,108440,"""instance""",3.2531e-05,"['taskset', '-c', '2', '<project>/build/release/pclp', 'solve', '--instance', '<project>/data/generated/gen_forest_components8_n200_heterogeneous_neg30_r0.json', '--config', '<project>/experiments/runs/ablation/4e7233961f0515ae/resolved_config.json', '--output', '<project>/experiments/runs/ablation/4e7233961f0515ae/result.json']",False,sequential-canonicalization,3203,0.000612835,0.006259325,forest,0,0,78,gen_forest_components8_n200_heterogeneous_neg30_r0,data/generated/gen_forest_components8_n200_heterogeneous_neg30_r0.json,561d2779837f4a3c57f359d2124b96c194294a8829552bad258679f1b60b5650,3238,62,,200,6254.294300979519,66,generated,24129536,3250,5.1313e-05,0.001390743,0.001073859,30321,0,,0,4e7233961f0515ae,0.00978777400450781,optimal,0.005881418,0.001191472,True
191,493f6f942eca3576ac0253ad50581fbe0469e8e417d3f97011c676f7789871fd,108440,"""instance""",2.9503e-05,"['taskset', '-c', '2', '<project>/build/release/pclp', 'solve', '--instance', '<project>/data/generated/gen_forest_components8_n200_heterogeneous_neg30_r0.json', '--config', '<project>/experiments/runs/ablation/1128c3043a95880a/resolved_config.json', '--output', '<project>/experiments/runs/ablation/1128c3043a95880a/result.json']",False,sequential-canonicalization,3203,0.000628888,0.006404566,forest,0,0,78,gen_forest_components8_n200_heterogeneous_neg30_r0,data/generated/gen_forest_components8_n200_heterogeneous_neg30_r0.json,561d2779837f4a3c57f359d2124b96c194294a8829552bad258679f1b60b5650,3238,62,,200,6254.294300979519,66,generated,24129536,3250,5.5329e-05,0.001437161,0.001085965,30321,0,,1,1128c3043a95880a,0.010734926006989554,optimal,0.006008196,0.00122479,True
191,493f6f942eca3576ac0253ad50581fbe0469e8e417d3f97011c676f7789871fd,93877,"""instance""",2.889e-05,"['taskset', '-c', '2', '<project>/build/release/pclp', 'solve', '--instance', '<project>/data/generated/gen_forest_components8_n200_heterogeneous_neg30_r0.json', '--config', '<project>/experiments/runs/ablation/a2250a5c9821d523/resolved_config.json', '--output', '<project>/experiments/runs/ablation/a2250a5c9821d523/result.json']",False,sink-initial-basis,1734,0.0003429,0.00378319,forest,0,0,70,gen_forest_components8_n200_heterogeneous_neg30_r0,data/generated/gen_forest_components8_n200_heterogeneous_neg30_r0.json,561d2779837f4a3c57f359d2124b96c194294a8829552bad258679f1b60b5650,1999,62,,200,6254.294300979519,63,generated,24129536,2006,5.2638e-05,0.001096184,0.000503575,14635,0,,0,a2250a5c9821d523,0.008503760007442906,optimal,0.003393725,0.000407553,True
191,493f6f942eca3576ac0253ad50581fbe0469e8e417d3f97011c676f7789871fd,93877,"""instance""",2.6709e-05,"['taskset', '-c', '2', '<project>/build/release/pclp', 'solve', '--instance', '<project>/data/generated/gen_forest_components8_n200_heterogeneous_neg30_r0.json', '--config', '<project>/experiments/runs/ablation/407a38b4cb9fe9e4/resolved_config.json', '--output', '<project>/experiments/runs/ablation/407a38b4cb9fe9e4/result.json']",False,sink-initial-basis,1734,0.000326569,0.003439929,forest,0,0,70,gen_forest_components8_n200_heterogeneous_neg30_r0,data/generated/gen_forest_components8_n200_heterogeneous_neg30_r0.json,561d2779837f4a3c57f359d2124b96c194294a8829552bad258679f1b60b5650,1999,62,,200,6254.294300979519,63,generated,24129536,2006,4.8713e-05,0.001002741,0.000465223,14635,0,,1,407a38b4cb9fe9e4,0.0067848360049538314,optimal,0.003105992,0.00037972,True
191,493f6f942eca3576ac0253ad50581fbe0469e8e417d3f97011c676f7789871fd,103247,"""instance""",2.5933e-05,"['taskset', '-c', '2', '<project>/build/release/pclp', 'solve', '--instance', '<project>/data/generated/gen_forest_components8_n200_heterogeneous_neg30_r0.json', '--config', '<project>/experiments/runs/ablation/cc1ca00a205cf8ef/resolved_config.json', '--output', '<project>/experiments/runs/ablation/cc1ca00a205cf8ef/result.json']",False,with-transitive-reduction,3042,0.000559788,0.00585898,forest,0,0,75,gen_forest_components8_n200_heterogeneous_neg30_r0,data/generated/gen_forest_components8_n200_heterogeneous_neg30_r0.json,561d2779837f4a3c57f359d2124b96c194294a8829552bad258679f1b60b5650,3074,62,,200,6254.294300979519,63,generated,24293376,3086,5.442e-05,0.001297909,0.000982851,28718,0,,0,cc1ca00a205cf8ef,0.00926282099680975,optimal,0.005518964,0.00108744,True
191,493f6f942eca3576ac0253ad50581fbe0469e8e417d3f97011c676f7789871fd,103247,"""instance""",2.3945e-05,"['taskset', '-c', '2', '<project>/build/release/pclp', 'solve', '--instance', '<project>/data/generated/gen_forest_components8_n200_heterogeneous_neg30_r0.json', '--config', '<project>/experiments/runs/ablation/1ce534c1a0b6d362/resolved_config.json', '--output', '<project>/experiments/runs/ablation/1ce534c1a0b6d362/result.json']",False,with-transitive-reduction,3042,0.000523356,0.005476769,forest,0,0,75,gen_forest_components8_n200_heterogeneous_neg30_r0,data/generated/gen_forest_components8_n200_heterogeneous_neg30_r0.json,561d2779837f4a3c57f359d2124b96c194294a8829552bad258679f1b60b5650,3074,62,,200,6254.294300979519,63,generated,24293376,3086,4.9714e-05,0.001205823,0.000915654,28718,0,,1,1ce534c1a0b6d362,0.00889248598832637,optimal,0.005166963,0.001018852,True
191,493f6f942eca3576ac0253ad50581fbe0469e8e417d3f97011c676f7789871fd,245197,"""instance""",2.4991e-05,"['taskset', '-c', '2', '<project>/build/release/pclp', 'solve', '--instance', '<project>/data/generated/gen_forest_components8_n200_heterogeneous_neg30_r1.json', '--config', '<project>/experiments/runs/ablation/06a3100ff7bf69ae/resolved_config.json', '--output', '<project>/experiments/runs/ablation/06a3100ff7bf69ae/result.json']",False,bland-entering,1694,0.000311384,0.004863528,forest,0,0,41,gen_forest_components8_n200_heterogeneous_neg30_r1,data/generated/gen_forest_components8_n200_heterogeneous_neg30_r1.json,4b0a18028ac5447ed2c124ab1387b39a5406f4b4f15c74e71273bfa253fe709c,1754,34,,200,26984.2176743055,35,generated,24293376,1760,4.2284e-05,0.001833259,0.000944662,18627,0,,0,06a3100ff7bf69ae,0.00801376299932599,optimal,0.004535166,0.000618147,True
191,493f6f942eca3576ac0253ad50581fbe0469e8e417d3f97011c676f7789871fd,245197,"""instance""",2.1733e-05,"['taskset', '-c', '2', '<project>/build/release/pclp', 'solve', '--instance', '<project>/data/generated/gen_forest_components8_n200_heterogeneous_neg30_r1.json', '--config', '<project>/experiments/runs/ablation/c6c847a37ddff8bd/resolved_config.json', '--output', '<project>/experiments/runs/ablation/c6c847a37ddff8bd/result.json']",False,bland-entering,1694,0.000319101,0.004924454,forest,0,0,41,gen_forest_components8_n200_heterogeneous_neg30_r1,data/generated/gen_forest_components8_n200_heterogeneous_neg30_r1.json,4b0a18028ac5447ed2c124ab1387b39a5406f4b4f15c74e71273bfa253fe709c,1754,34,,200,26984.2176743055,35,generated,24293376,1760,4.0444e-05,0.001858033,0.000956213,18627,0,,1,c6c847a37ddff8bd,0.0077815019903937355,optimal,0.004607445,0.000624785,True
191,493f6f942eca3576ac0253ad50581fbe0469e8e417d3f97011c676f7789871fd,105964,"""instance""",2.5598e-05,"['taskset', '-c', '2', '<project>/build/release/pclp', 'solve', '--instance', '<project>/data/generated/gen_forest_components8_n200_heterogeneous_neg30_r1.json', '--config', '<project>/experiments/runs/ablation/b646a6c14d7c95ec/resolved_config.json', '--output', '<project>/experiments/runs/ablation/b646a6c14d7c95ec/result.json']",False,close-degeneracy-trigger,1443,0.000268208,0.003464119,forest,0,0,40,gen_forest_components8_n200_heterogeneous_neg30_r1,data/generated/gen_forest_components8_n200_heterogeneous_neg30_r1.json,4b0a18028ac5447ed2c124ab1387b39a5406f4b4f15c74e71273bfa253fe709c,1497,34,,200,26984.2176743055,35,generated,24293376,1502,5.1788e-05,0.000915172,0.000574599,16002,0,,0,b646a6c14d7c95ec,0.0065085579990409315,optimal,0.003110168,0.000545649,True
191,493f6f942eca3576ac0253ad50581fbe0469e8e417d3f97011c676f7789871fd,105964,"""instance""",2.698e-05,"['taskset', '-c', '2', '<project>/build/release/pclp', 'solve', '--instance', '<project>/data/generated/gen_forest_components8_n200_heterogeneous_neg30_r1.json', '--config', '<project>/experiments/runs/ablation/f21bb71cb96132f2/resolved_config.json', '--output', '<project>/experiments/runs/ablation/f21bb71cb96132f2/result.json']",False,close-degeneracy-trigger,1443,0.000270317,0.003517389,forest,0,0,40,gen_forest_components8_n200_heterogeneous_neg30_r1,data/generated/gen_forest_components8_n200_heterogeneous_neg30_r1.json,4b0a18028ac5447ed2c124ab1387b39a5406f4b4f15c74e71273bfa253fe709c,1497,34,,200,26984.2176743055,35,generated,24293376,1502,5.2433e-05,0.000926824,0.000584616,16002,0,,1,f21bb71cb96132f2,0.0064744620030978695,optimal,0.003142024,0.000542776,True
191,493f6f942eca3576ac0253ad50581fbe0469e8e417d3f97011c676f7789871fd,47329,"""instance""",2.1402e-05,"['taskset', '-c', '2', '<project>/build/release/pclp', 'solve', '--instance', '<project>/data/generated/gen_forest_components8_n200_heterogeneous_neg30_r1.json', '--config', '<project>/experiments/runs/ablation/be092bda2eb54065/resolved_config.json', '--output', '<project>/experiments/runs/ablation/be092bda2eb54065/result.json']",False,forest-tuned,1432,0.000261138,0.002815254,forest,0,0,40,gen_forest_components8_n200_heterogeneous_neg30_r1,data/generated/gen_forest_components8_n200_heterogeneous_neg30_r1.json,4b0a18028ac5447ed2c124ab1387b39a5406f4b4f15c74e71273bfa253fe709c,1484,34,,200,26984.2176743055,35,generated,24293376,1489,4.7176e-05,0.000528866,0.000406273,15635,0,,0,be092bda2eb54065,0.0061633639998035505,optimal,0.00250083,0.000529066,True
191,493f6f942eca3576ac0253ad50581fbe0469e8e417d3f97011c676f7789871fd,47329,"""instance""",3.234e-05,"['taskset', '-c', '2', '<project>/build/release/pclp', 'solve', '--instance', '<project>/data/generated/gen_forest_components8_n200_heterogeneous_neg30_r1.json', '--config', '<project>/experiments/runs/ablation/7606df8a227173fe/resolved_config.json', '--output', '<project>/experiments/runs/ablation/7606df8a227173fe/result.json']",False,forest-tuned,1432,0.000269091,0.002971385,forest,0,0,40,gen_forest_components8_n200_heterogeneous_neg30_r1,data/generated/gen_forest_components8_n200_heterogeneous_neg30_r1.json,4b0a18028ac5447ed2c124ab1387b39a5406f4b4f15c74e71273bfa253fe709c,1484,34,,200,26984.2176743055,35,generated,24293376,1489,5.0454e-05,0.000547062,0.000417244,15635,0,,1,7606df8a227173fe,0.006349696006509475,optimal,0.002577419,0.000548559,True
191,493f6f942eca3576ac0253ad50581fbe0469e8e417d3f97011c676f7789871fd,210244,"""instance""",2.6351e-05,"['taskset', '-c', '2', '<project>/build/release/pclp', 'solve', '--instance', '<project>/data/generated/gen_forest_components8_n200_heterogeneous_neg30_r1.json', '--config', '<project>/experiments/runs/ablation/e2346318882d16f6/resolved_config.json', '--output', '<project>/experiments/runs/ablation/e2346318882d16f6/result.json']",False,full-pricing,1414,0.000271949,0.004237335,forest,0,0,40,gen_forest_components8_n200_heterogeneous_neg30_r1,data/generated/gen_forest_components8_n200_heterogeneous_neg30_r1.json,4b0a18028ac5447ed2c124ab1387b39a5406f4b4f15c74e71273bfa253fe709c,1468,34,,200,26984.2176743055,35,generated,24293376,1473,5.2827e-05,0.001723397,0.000455643,16590,0,,0,e2346318882d16f6,0.007221636988106184,optimal,0.003836901,0.000583016,True
191,493f6f942eca3576ac0253ad50581fbe0469e8e417d3f97011c676f7789871fd,210244,"""instance""",2.4487e-05,"['taskset', '-c', '2', '<project>/build/release/pclp', 'solve', '--instance', '<project>/data/generated/gen_forest_components8_n200_heterogeneous_neg30_r1.json', '--config', '<project>/experiments/runs/ablation/2ee5c1b42178a108/resolved_config.json', '--output', '<project>/experiments/runs/ablation/2ee5c1b42178a108/result.json']",False,full-pricing,1414,0.000298765,0.004505254,forest,0,0,40,gen_forest_components8_n200_heterogeneous_neg30_r1,data/generated/gen_forest_components8_n200_heterogeneous_neg30_r1.json,4b0a18028ac5447ed2c124ab1387b39a5406f4b4f15c74e71273bfa253fe709c,1468,34,,200,26984.2176743055,35,generated,24293376,1473,4.7346e-05,0.001873807,0.00048605,16590,0,,1,2ee5c1b42178a108,0.0073471179930493236,optimal,0.004117083,0.000614294,True
191,493f6f942eca3576ac0253ad50581fbe0469e8e417d3f97011c676f7789871fd,47329,"""instance""",2.1871e-05,"['taskset', '-c', '2', '<project>/build/release/pclp', 'solve', '--instance', '<project>/data/generated/gen_forest_components8_n200_heterogeneous_neg30_r1.json', '--config', '<project>/experiments/runs/ablation/073f935ff165ea61/resolved_config.json', '--output', '<project>/experiments/runs/ablation/073f935ff165ea61/result.json']",False,no-early-ratio-test,1432,0.000272845,0.003393011,forest,0,0,40,gen_forest_components8_n200_heterogeneous_neg30_r1,data/generated/gen_forest_components8_n200_heterogeneous_neg30_r1.json,4b0a18028ac5447ed2c124ab1387b39a5406f4b4f15c74e71273bfa253fe709c,1484,34,,200,26984.2176743055,35,generated,24293376,1489,4.1735e-05,0.000541523,0.000886797,15635,0,,0,073f935ff165ea61,0.006630927004152909,optimal,0.003034834,0.000550086,True
191,493f6f942eca3576ac0253ad50581fbe0469e8e417d3f97011c676f7789871fd,47329,"""instance""",2.1458e-05,"['taskset', '-c', '2', '<project>/build/release/pclp', 'solve', '--instance', '<project>/data/generated/gen_forest_components8_n200_heterogeneous_neg30_r1.json', '--config', '<project>/experiments/runs/ablation/f849381ee4eb3ba7/resolved_config.json', '--output', '<project>/experiments/runs/ablation/f849381ee4eb3ba7/result.json']",False,no-early-ratio-test,1432,0.000274988,0.003423617,forest,0,0,40,gen_forest_components8_n200_heterogeneous_neg30_r1,data/generated/gen_forest_components8_n200_heterogeneous_neg30_r1.json,4b0a18028ac5447ed2c124ab1387b39a5406f4b4f15c74e71273bfa253fe709c,1484,34,,200,26984.2176743055,35,generated,24293376,1489,4.2465e-05,0.000564534,0.000893182,15635,0,,1,f849381ee4eb3ba7,0.006526999000925571,optimal,0.003095667,0.000556227,True
191,493f6f942eca3576ac0253ad50581fbe0469e8e417d3f97011c676f7789871fd,47329,"""instance""",2.6834e-05,"['taskset', '-c', '2', '<project>/build/release/pclp', 'solve', '--instance', '<project>/data/generated/gen_forest_components8_n200_heterogeneous_neg30_r1.json', '--config', '<project>/experiments/runs/ablation/3f2e90fbbc493d06/resolved_config.json', '--output', '<project>/experiments/runs/ablation/3f2e90fbbc493d06/result.json']",False,no-local-update,1432,0.000322409,0.007960772,forest,0,0,1524,gen_forest_components8_n200_heterogeneous_neg30_r1,data/generated/gen_forest_components8_n200_heterogeneous_neg30_r1.json,4b0a18028ac5447ed2c124ab1387b39a5406f4b4f15c74e71273bfa253fe709c,0,34,,200,26984.2176743055,35,generated,24293376,1489,4.7686e-05,0.000625946,0.000494026,214926,0,,0,3f2e90fbbc493d06,0.011657010996714234,optimal,0.007580049,0.005222886,True
191,493f6f942eca3576ac0253ad50581fbe0469e8e417d3f97011c676f7789871fd,47329,"""instance""",2.1967e-05,"['taskset', '-c', '2', '<project>/build/release/pclp', 'solve', '--instance', '<project>/data/generated/gen_forest_components8_n200_heterogeneous_neg30_r1.json', '--config', '<project>/experiments/runs/ablation/a82c9a4d78555f2f/resolved_config.json', '--output', '<project>/experiments/runs/ablation/a82c9a4d78555f2f/result.json']",False,no-local-update,1432,0.00027418,0.006847148,forest,0,0,1524,gen_forest_components8_n200_heterogeneous_neg30_r1,data/generated/gen_forest_components8_n200_heterogeneous_neg30_r1.json,4b0a18028ac5447ed2c124ab1387b39a5406f4b4f15c74e71273bfa253fe709c,0,34,,200,26984.2176743055,35,generated,24293376,1489,4.8254e-05,0.000536481,0.000421357,214926,0,,1,a82c9a4d78555f2f,0.00996805499016773,optimal,0.006469286,0.004451409,True
191,493f6f942eca3576ac0253ad50581fbe0469e8e417d3f97011c676f7789871fd,47329,"""instance""",2.1955e-05,"['taskset', '-c', '2', '<project>/build/release/pclp', 'solve', '--instance', '<project>/data/generated/gen_forest_components8_n200_heterogeneous_neg30_r1.json', '--config', '<project>/experiments/runs/ablation/822bf212d14028ca/resolved_config.json', '--output', '<project>/experiments/runs/ablation/822bf212d14028ca/result.json']",False,no-restricted-ratio-test,1432,0.000268944,0.003286152,forest,0,0,40,gen_forest_components8_n200_heterogeneous_neg30_r1,data/generated/gen_forest_components8_n200_heterogeneous_neg30_r1.json,4b0a18028ac5447ed2c124ab1387b39a5406f4b4f15c74e71273bfa253fe709c,1484,34,,200,26984.2176743055,35,generated,24293376,1489,4.4291e-05,0.000546112,0.000793571,15635,0,,0,822bf212d14028ca,0.0062497109902324155,optimal,0.00294836,0.000543559,True
191,493f6f942eca3576ac0253ad50581fbe0469e8e417d3f97011c676f7789871fd,47329,"""instance""",2.1233e-05,"['taskset', '-c', '2', '<project>/build/release/pclp', 'solve', '--instance', '<project>/data/generated/gen_forest_components8_n200_heterogeneous_neg30_r1.json', '--config', '<project>/experiments/runs/ablation/85dd664899357fc5/resolved_config.json', '--output', '<project>/experiments/runs/ablation/85dd664899357fc5/result.json']",False,no-restricted-ratio-test,1432,0.000273935,0.00331535,forest,0,0,40,gen_forest_components8_n200_heterogeneous_neg30_r1,data/generated/gen_forest_components8_n200_heterogeneous_neg30_r1.json,4b0a18028ac5447ed2c124ab1387b39a5406f4b4f15c74e71273bfa253fe709c,1484,34,,200,26984.2176743055,35,generated,24293376,1489,4.3735e-05,0.000537537,0.000786277,15635,0,,1,85dd664899357fc5,0.0061582419875776395,optimal,0.002953031,0.000573318,True
191,493f6f942eca3576ac0253ad50581fbe0469e8e417d3f97011c676f7789871fd,47329,"""instance""",2.6811e-05,"['taskset', '-c', '2', '<project>/build/release/pclp', 'solve', '--instance', '<project>/data/generated/gen_forest_components8_n200_heterogeneous_neg30_r1.json', '--config', '<project>/experiments/runs/ablation/3a47f9da9682c5a7/resolved_config.json', '--output', '<project>/experiments/runs/ablation/3a47f9da9682c5a7/result.json']",False,sequential-canonicalization,1432,0.000300843,0.003205908,forest,0,0,40,gen_forest_components8_n200_heterogeneous_neg30_r1,data/generated/gen_forest_components8_n200_heterogeneous_neg30_r1.json,4b0a18028ac5447ed2c124ab1387b39a5406f4b4f15c74e71273bfa253fe709c,1484,34,,200,26984.2176743055,35,generated,24293376,1489,5.0678e-05,0.000606253,0.000481223,15635,0,,0,3a47f9da9682c5a7,0.007046868006000295,optimal,0.002802839,0.000605275,True
191,493f6f942eca3576ac0253ad50581fbe0469e8e417d3f97011c676f7789871fd,47329,"""instance""",2.8233e-05,"['taskset', '-c', '2', '<project>/build/release/pclp', 'solve', '--instance', '<project>/data/generated/gen_forest_components8_n200_heterogeneous_neg30_r1.json', '--config', '<project>/experiments/runs/ablation/c3a62b52f1612d41/resolved_config.json', '--output', '<project>/experiments/runs/ablation/c3a62b52f1612d41/result.json']",False,sequential-canonicalization,1432,0.000276105,0.002935099,forest,0,0,40,gen_forest_components8_n200_heterogeneous_neg30_r1,data/generated/gen_forest_components8_n200_heterogeneous_neg30_r1.json,4b0a18028ac5447ed2c124ab1387b39a5406f4b4f15c74e71273bfa253fe709c,1484,34,,200,26984.2176743055,35,generated,24293376,1489,4.3239e-05,0.000562992,0.000436957,15635,0,,1,c3a62b52f1612d41,0.006264017996727489,optimal,0.002575603,0.000559158,True
191,493f6f942eca3576ac0253ad50581fbe0469e8e417d3f97011c676f7789871fd,48296,"""instance""",2.1424e-05,"['taskset', '-c', '2', '<project>/build/release/pclp', 'solve', '--instance', '<project>/data/generated/gen_forest_components8_n200_heterogeneous_neg30_r1.json', '--config', '<project>/experiments/runs/ablation/b1cd9d3469337409/resolved_config.json', '--output', '<project>/experiments/runs/ablation/b1cd9d3469337409/result.json']",False,sink-initial-basis,1041,0.000167606,0.002032508,forest,0,0,39,gen_forest_components8_n200_heterogeneous_neg30_r1,data/generated/gen_forest_components8_n200_heterogeneous_neg30_r1.json,4b0a18028ac5447ed2c124ab1387b39a5406f4b4f15c74e71273bfa253fe709c,1150,34,,200,26984.2176743055,35,generated,24293376,1154,5.2693e-05,0.000471731,0.000257054,8737,0,,0,b1cd9d3469337409,0.004978085999027826,optimal,0.00166194,0.000227558,True
191,493f6f942eca3576ac0253ad50581fbe0469e8e417d3f97011c676f7789871fd,48296,"""instance""",2.6515e-05,"['taskset', '-c', '2', '<project>/build/release/pclp', 'solve', '--instance', '<project>/data/generated/gen_forest_components8_n200_heterogeneous_neg30_r1.json', '--config', '<project>/experiments/runs/ablation/66bea4afac0196a1/resolved_config.json', '--output', '<project>/experiments/runs/ablation/66bea4afac0196a1/result.json']",False,sink-initial-basis,1041,0.00016802,0.002048229,forest,0,0,39,gen_forest_components8_n200_heterogeneous_neg30_r1,data/generated/gen_forest_components8_n200_heterogeneous_neg30_r1.json,4b0a18028ac5447ed2c124ab1387b39a5406f4b4f15c74e71273bfa253fe709c,1150,34,,200,26984.2176743055,35,generated,24293376,1154,4.3096e-05,0.000480595,0.000262963,8737,0,,1,66bea4afac0196a1,0.0052098340092925355,optimal,0.001681998,0.000232944,True
191,493f6f942eca3576ac0253ad50581fbe0469e8e417d3f97011c676f7789871fd,47329,"""instance""",2.586e-05,"['taskset', '-c', '2', '<project>/build/release/pclp', 'solve', '--instance', '<project>/data/generated/gen_forest_components8_n200_heterogeneous_neg30_r1.json', '--config', '<project>/experiments/runs/ablation/3fb2bbacdac91ec3/resolved_config.json', '--output', '<project>/experiments/runs/ablation/3fb2bbacdac91ec3/result.json']",False,with-transitive-reduction,1432,0.000270744,0.002989503,forest,0,0,40,gen_forest_components8_n200_heterogeneous_neg30_r1,data/generated/gen_forest_components8_n200_heterogeneous_neg30_r1.json,4b0a18028ac5447ed2c124ab1387b39a5406f4b4f15c74e71273bfa253fe709c,1484,34,,200,26984.2176743055,35,generated,24293376,1489,5.2576e-05,0.000553158,0.000463445,15635,0,,0,3fb2bbacdac91ec3,0.0059288529882906005,optimal,0.002646171,0.000553431,True
191,493f6f942eca3576ac0253ad50581fbe0469e8e417d3f97011c676f7789871fd,47329,"""instance""",2.2067e-05,"['taskset', '-c', '2', '<project>/build/release/pclp', 'solve', '--instance', '<project>/data/generated/gen_forest_components8_n200_heterogeneous_neg30_r1.json', '--config', '<project>/experiments/runs/ablation/f4c3216bdf6d22d8/resolved_config.json', '--output', '<project>/experiments/runs/ablation/f4c3216bdf6d22d8/result.json']",False,with-transitive-reduction,1432,0.000282475,0.003053598,forest,0,0,40,gen_forest_components8_n200_heterogeneous_neg30_r1,data/generated/gen_forest_components8_n200_heterogeneous_neg30_r1.json,4b0a18028ac5447ed2c124ab1387b39a5406f4b4f15c74e71273bfa253fe709c,1484,34,,200,26984.2176743055,35,generated,24293376,1489,5.7253e-05,0.000557759,0.00043964,15635,0,,1,f4c3216bdf6d22d8,0.0061809939943486825,optimal,0.002653511,0.000560833,True
191,493f6f942eca3576ac0253ad50581fbe0469e8e417d3f97011c676f7789871fd,502780,"""instance""",2.2699e-05,"['taskset', '-c', '2', '<project>/build/release/pclp', 'solve', '--instance', '<project>/data/generated/gen_forest_components8_n200_heterogeneous_neg30_r2.json', '--config', '<project>/experiments/runs/ablation/4a1f5fe6cbf3a424/resolved_config.json', '--output', '<project>/experiments/runs/ablation/4a1f5fe6cbf3a424/result.json']",False,bland-entering,3005,0.000567636,0.010255574,forest,0,0,59,gen_forest_components8_n200_heterogeneous_neg30_r2,data/generated/gen_forest_components8_n200_heterogeneous_neg30_r2.json,afcefceebd80406f73eaa5a36d4da6bcb0c8fae45872f776453916c603048187,3069,46,,200,4477.9726,47,generated,24293376,3081,5.6033e-05,0.00378962,0.002176939,28457,0,,0,4a1f5fe6cbf3a424,0.015066166000906378,optimal,0.008926056,0.001049158,True
191,493f6f942eca3576ac0253ad50581fbe0469e8e417d3f97011c676f7789871fd,502780,"""instance""",2.3253e-05,"['taskset', '-c', '2', '<project>/build/release/pclp', 'solve', '--instance', '<project>/data/generated/gen_forest_components8_n200_heterogeneous_neg30_r2.json', '--config', '<project>/experiments/runs/ablation/9a1f800c3eae8479/resolved_config.json', '--output', '<project>/experiments/runs/ablation/9a1f800c3eae8479/result.json']",False,bland-entering,3005,0.000590229,0.009464625,forest,0,0,59,gen_forest_components8_n200_heterogeneous_neg30_r2,data/generated/gen_forest_components8_n200_heterogeneous_neg30_r2.json,afcefceebd80406f73eaa5a36d4da6bcb0c8fae45872f776453916c603048187,3069,46,,200,4477.9726,47,generated,24293376,3081,5.6096e-05,0.003876814,0.002212635,28457,0,,1,9a1f800c3eae8479,0.01367096698959358,optimal,0.009092783,0.001066448,True
191,493f6f942eca3576ac0253ad50581fbe0469e8e417d3f97011c676f7789871fd,194444,"""instance""",2.7716e-05,"['taskset', '-c', '2', '<project>/build/release/pclp', 'solve', '--instance', '<project>/data/generated/gen_forest_components8_n200_heterogeneous_neg30_r2.json', '--config', '<project>/experiments/runs/ablation/4e260966e0d65842/resolved_config.json', '--output', '<project>/experiments/runs/ablation/4e260966e0d65842/result.json']",False,close-degeneracy-trigger,2452,0.000494537,0.006019654,forest,0,0,56,gen_forest_components8_n200_heterogeneous_neg30_r2,data/generated/gen_forest_components8_n200_heterogeneous_neg30_r2.json,afcefceebd80406f73eaa5a36d4da6bcb0c8fae45872f776453916c603048187,2511,46,,200,4477.9726,47,generated,24293376,2520,4.3715e-05,0.001840851,0.001143561,23420,0,,0,4e260966e0d65842,0.00907255600031931,optimal,0.005709075,0.000923117,True
191,493f6f942eca3576ac0253ad50581fbe0469e8e417d3f97011c676f7789871fd,194444,"""instance""",2.8632e-05,"['taskset', '-c', '2', '<project>/build/release/pclp', 'solve', '--instance', '<project>/data/generated/gen_forest_components8_n200_heterogeneous_neg30_r2.json', '--config', '<project>/experiments/runs/ablation/1ac363a01c77d978/resolved_config.json', '--output', '<project>/experiments/runs/ablation/1ac363a01c77d978/result.json']",False,close-degeneracy-trigger,2452,0.000553144,0.006513865,forest,0,0,56,gen_forest_components8_n200_heterogeneous_neg30_r2,data/generated/gen_forest_components8_n200_heterogeneous_neg30_r2.json,afcefceebd80406f73eaa5a36d4da6bcb0c8fae45872f776453916c603048187,2511,46,,200,4477.9726,47,generated,24293376,2520,4.9976e-05,0.002005131,0.001231686,23420,0,,1,1ac363a01c77d978,0.0104605679953238,optimal,0.006149414,0.000986344,True
191,493f6f942eca3576ac0253ad50581fbe0469e8e417d3f97011c676f7789871fd,85794,"""instance""",2.2263e-05,"['taskset', '-c', '2', '<project>/build/release/pclp', 'solve', '--instance', '<project>/data/generated/gen_forest_components8_n200_heterogeneous_neg30_r2.json', '--config', '<project>/experiments/runs/ablation/94b2297bf68c4d17/resolved_config.json', '--output', '<project>/experiments/runs/ablation/94b2297bf68c4d17/result.json']",False,forest-tuned,2363,0.00045832,0.004723853,forest,0,0,56,gen_forest_components8_n200_heterogeneous_neg30_r2,data/generated/gen_forest_components8_n200_heterogeneous_neg30_r2.json,afcefceebd80406f73eaa5a36d4da6bcb0c8fae45872f776453916c603048187,2402,46,,200,4477.9726,47,generated,24293376,2411,5.4421e-05,0.00104954,0.000752559,22710,0,,0,94b2297bf68c4d17,0.0076479569979710504,optimal,0.004382689,0.000882934,True
191,493f6f942eca3576ac0253ad50581fbe0469e8e417d3f97011c676f7789871fd,85794,"""instance""",2.256e-05,"['taskset', '-c', '2', '<project>/build/release/pclp', 'solve', '--instance', '<project>/data/generated/gen_forest_components8_n200_heterogeneous_neg30_r2.json', '--config', '<project>/experiments/runs/ablation/d02ff1225db57415/resolved_config.json', '--output', '<project>/experiments/runs/ablation/d02ff1225db57415/result.json']",False,forest-tuned,2363,0.000441182,0.004609321,forest,0,0,56,gen_forest_components8_n200_heterogeneous_neg30_r2,data/generated/gen_forest_components8_n200_heterogeneous_neg30_r2.json,afcefceebd80406f73eaa5a36d4da6bcb0c8fae45872f776453916c603048187,2402,46,,200,4477.9726,47,generated,24293376,2411,6.0224e-05,0.001017062,0.00073821,22710,0,,1,d02ff1225db57415,0.007601958001032472,optimal,0.004242999,0.000846457,True
191,493f6f942eca3576ac0253ad50581fbe0469e8e417d3f97011c676f7789871fd,391523,"""instance""",2.2943e-05,"['taskset', '-c', '2', '<project>/build/release/pclp', 'solve', '--instance', '<project>/data/generated/gen_forest_components8_n200_heterogeneous_neg30_r2.json', '--config', '<project>/experiments/runs/ablation/c1b3d9e2474cb9d6/resolved_config.json', '--output', '<project>/experiments/runs/ablation/c1b3d9e2474cb9d6/result.json']",False,full-pricing,2343,0.00044997500000000003,0.006884275,forest,0,0,56,gen_forest_components8_n200_heterogeneous_neg30_r2,data/generated/gen_forest_components8_n200_heterogeneous_neg30_r2.json,afcefceebd80406f73eaa5a36d4da6bcb0c8fae45872f776453916c603048187,2394,46,,200,4477.9726,47,generated,24293376,2403,4.417e-05,0.003293207,0.000804036,23168,0,,0,c1b3d9e2474cb9d6,0.010155288997339085,optimal,0.006576627,0.000853798,True
191,493f6f942eca3576ac0253ad50581fbe0469e8e417d3f97011c676f7789871fd,391523,"""instance""",2.3573e-05,"['taskset', '-c', '2', '<project>/build/release/pclp', 'solve', '--instance', '<project>/data/generated/gen_forest_components8_n200_heterogeneous_neg30_r2.json', '--config', '<project>/experiments/runs/ablation/b86d69072f933eed/resolved_config.json', '--output', '<project>/experiments/runs/ablation/b86d69072f933eed/result.json']",False,full-pricing,2343,0.000444084,0.006818415,forest,0,0,56,gen_forest_components8_n200_heterogeneous_neg30_r2,data/generated/gen_forest_components8_n200_heterogeneous_neg30_r2.json,afcefceebd80406f73eaa5a36d4da6bcb0c8fae45872f776453916c603048187,2394,46,,200,4477.9726,47,generated,24293376,2403,4.4641e-05,0.003235508,0.00081183,23168,0,,1,b86d69072f933eed,0.010063901005196385,optimal,0.006488506,0.000834837,True
191,493f6f942eca3576ac0253ad50581fbe0469e8e417d3f97011c676f7789871fd,85794,"""instance""",2.7535e-05,"['taskset', '-c', '2', '<project>/build/release/pclp', 'solve', '--instance', '<project>/data/generated/gen_forest_components8_n200_heterogeneous_neg30_r2.json', '--config', '<project>/experiments/runs/ablation/308ed1176ece471d/resolved_config.json', '--output', '<project>/experiments/runs/ablation/308ed1176ece471d/result.json']",False,no-early-ratio-test,2363,0.000448789,0.005606272,forest,0,0,56,gen_forest_components8_n200_heterogeneous_neg30_r2,data/generated/gen_forest_components8_n200_heterogeneous_neg30_r2.json,afcefceebd80406f73eaa5a36d4da6bcb0c8fae45872f776453916c603048187,2402,46,,200,4477.9726,47,generated,24293376,2411,4.8978e-05,0.001020229,0.00172674,22710,0,,0,308ed1176ece471d,0.008601400011684746,optimal,0.005263264,0.000853358,True
191,493f6f942eca3576ac0253ad50581fbe0469e8e417d3f97011c676f7789871fd,85794,"""instance""",2.7522e-05,"['taskset', '-c', '2', '<project>/build/release/pclp', 'solve', '--instance', '<project>/data/generated/gen_forest_components8_n200_heterogeneous_neg30_r2.json', '--config', '<project>/experiments/runs/ablation/24d86df5dfda3f29/resolved_config.json', '--output', '<project>/experiments/runs/ablation/24d86df5dfda3f29/result.json']",False,no-early-ratio-test,2363,0.000451095,0.005678467,forest,0,0,56,gen_forest_components8_n200_heterogeneous_neg30_r2,data/generated/gen_forest_components8_n200_heterogeneous_neg30_r2.json,afcefceebd80406f73eaa5a36d4da6bcb0c8fae45872f776453916c603048187,2402,46,,200,4477.9726,47,generated,24293376,2411,5.7531e-05,0.001019731,0.001743544,22710,0,,1,24d86df5dfda3f29,0.00874416199803818,optimal,0.005327625,0.000882248,True
191,493f6f942eca3576ac0253ad50581fbe0469e8e417d3f97011c676f7789871fd,85794,"""instance""",2.2992e-05,"['taskset', '-c', '2', '<project>/build/release/pclp', 'solve', '--instance', '<project>/data/generated/gen_forest_components8_n200_heterogeneous_neg30_r2.json', '--config', '<project>/experiments/runs/ablation/bd78b278fb3d735d/resolved_config.json', '--output', '<project>/experiments/runs/ablation/bd78b278fb3d735d/result.json']",False,no-local-update,2363,0.000484218,0.012553163,forest,0,0,2458,gen_forest_components8_n200_heterogeneous_neg30_r2,data/generated/gen_forest_components8_n200_heterogeneous_neg30_r2.json,afcefceebd80406f73eaa5a36d4da6bcb0c8fae45872f776453916c603048187,0,46,,200,4477.9726,47,generated,24293376,2411,4.6344e-05,0.001027043,0.00076156,395829,0,,0,bd78b278fb3d735d,0.01625703899480868,optimal,0.012225506,0.00873942,True
191,493f6f942eca3576ac0253ad50581fbe0469e8e417d3f97011c676f7789871fd,85794,"""instance""",2.3071e-05,"['taskset', '-c', '2', '<project>/build/release/pclp', 'solve', '--instance', '<project>/data/generated/gen_forest_components8_n200_heterogeneous_neg30_r2.json', '--config', '<project>/experiments/runs/ablation/e58c204eb482cc58/resolved_config.json', '--output', '<project>/experiments/runs/ablation/e58c204eb482cc58/result.json']",False,no-local-update,2363,0.000460026,0.012161388,forest,0,0,2458,gen_forest_components8_n200_heterogeneous_neg30_r2,data/generated/gen_forest_components8_n200_heterogeneous_neg30_r2.json,afcefceebd80406f73eaa5a36d4da6bcb0c8fae45872f776453916c603048187,0,46,,200,4477.9726,47,generated,24293376,2411,4.525e-05,0.000987276,0.00071865,395829,0,,1,e58c204eb482cc58,0.016809670007205568,optimal,0.011852024,0.008449357,True
191,493f6f942eca3576ac0253ad50581fbe0469e8e417d3f97011c676f7789871fd,85794,"""instance""",2.5605e-05,"['taskset', '-c', '2', '<project>/build/release/pclp', 'solve', '--instance', '<project>/data/generated/gen_forest_components8_n200_heterogeneous_neg30_r2.json', '--config', '<project>/experiments/runs/ablation/e435af0c5a8c1a1f/resolved_config.json', '--output', '<project>/experiments/runs/ablation/e435af0c5a8c1a1f/result.json']",False,no-restricted-ratio-test,2363,0.000424876,0.005237702,forest,0,0,56,gen_forest_components8_n200_heterogeneous_neg30_r2,data/generated/gen_forest_components8_n200_heterogeneous_neg30_r2.json,afcefceebd80406f73eaa5a36d4da6bcb0c8fae45872f776453916c603048187,2402,46,,200,4477.9726,47,generated,24293376,2411,4.3438e-05,0.000978223,0.001507068,22710,0,,0,e435af0c5a8c1a1f,0.00815005500044208,optimal,0.004880946,0.000812278,True
191,493f6f942eca3576ac0253ad50581fbe0469e8e417d3f97011c676f7789871fd,85794,"""instance""",2.2292e-05,"['taskset', '-c', '2', '<project>/build/release/pclp', 'solve', '--instance', '<project>/data/generated/gen_forest_components8_n200_heterogeneous_neg30_r2.json', '--config', '<project>/experiments/runs/ablation/d7b1984cf9332ea2/resolved_config.json', '--output', '<project>/experiments/runs/ablation/d7b1984cf9332ea2/result.json']",False,no-restricted-ratio-test,2363,0.000426996,0.005190115,forest,0,0,56,gen_forest_components8_n200_heterogeneous_neg30_r2,data/generated/gen_forest_components8_n200_heterogeneous_neg30_r2.json,afcefceebd80406f73eaa5a36d4da6bcb0c8fae45872f776453916c603048187,2402,46,,200,4477.9726,47,generated,24293376,2411,4.6211e-05,0.000978335,0.001507492,22710,0,,1,d7b1984cf9332ea2,0.008325440008775331,optimal,0.004882333,0.000816578,True
191,493f6f942eca3576ac0253ad50581fbe0469e8e417d3f97011c676f7789871fd,92499,"""instance""",2.8692e-05,"['taskset', '-c', '2', '<project>/build/release/pclp', 'solve', '--instance', '<project>/data/generated/gen_forest_components8_n200_heterogeneous_neg30_r2.json', '--config', '<project>/experiments/runs/ablation/3d84144403b3fcd5/resolved_config.json', '--output', '<project>/experiments/runs/ablation/3d84144403b3fcd5/result.json']",False,sequential-canonicalization,2675,0.000465825,0.004773597,forest,0,0,79,gen_forest_components8_n200_heterogeneous_neg30_r2,data/generated/gen_forest_components8_n200_heterogeneous_neg30_r2.json,afcefceebd80406f73eaa5a36d4da6bcb0c8fae45872f776453916c603048187,2728,46,,200,4477.9726,69,generated,24293376,2738,4.4597e-05,0.0010635,0.000772391,25564,0,,0,3d84144403b3fcd5,0.008482461009407416,optimal,0.004457615,0.000905899,True
191,493f6f942eca3576ac0253ad50581fbe0469e8e417d3f97011c676f7789871fd,92499,"""instance""",2.3326e-05,"['taskset', '-c', '2', '<project>/build/release/pclp', 'solve', '--instance', '<project>/data/generated/gen_forest_components8_n200_heterogeneous_neg30_r2.json', '--config', '<project>/experiments/runs/ablation/a66757219f1e8a89/resolved_config.json', '--output', '<project>/experiments/runs/ablation/a66757219f1e8a89/result.json']",False,sequential-canonicalization,2675,0.000470716,0.004822841,forest,0,0,79,gen_forest_components8_n200_heterogeneous_neg30_r2,data/generated/gen_forest_components8_n200_heterogeneous_neg30_r2.json,afcefceebd80406f73eaa5a36d4da6bcb0c8fae45872f776453916c603048187,2728,46,,200,4477.9726,69,generated,24293376,2738,4.9165e-05,0.001073655,0.000776912,25564,0,,1,a66757219f1e8a89,0.008093106996966526,optimal,0.004489346,0.000906841,True
191,493f6f942eca3576ac0253ad50581fbe0469e8e417d3f97011c676f7789871fd,66406,"""instance""",2.8291e-05,"['taskset', '-c', '2', '<project>/build/release/pclp', 'solve', '--instance', '<project>/data/generated/gen_forest_components8_n200_heterogeneous_neg30_r2.json', '--config', '<project>/experiments/runs/ablation/98e7c8a81ac6a258/resolved_config.json', '--output', '<project>/experiments/runs/ablation/98e7c8a81ac6a258/result.json']",False,sink-initial-basis,1238,0.00024258,0.002758297,forest,0,0,52,gen_forest_components8_n200_heterogeneous_neg30_r2,data/generated/gen_forest_components8_n200_heterogeneous_neg30_r2.json,afcefceebd80406f73eaa5a36d4da6bcb0c8fae45872f776453916c603048187,1421,46,,200,4477.9726,47,generated,24293376,1426,5.5756e-05,0.000720282,0.00039038,12367,0,,0,98e7c8a81ac6a258,0.005972134007606655,optimal,0.002402953,0.000338222,True
191,493f6f942eca3576ac0253ad50581fbe0469e8e417d3f97011c676f7789871fd,66406,"""instance""",2.2597e-05,"['taskset', '-c', '2', '<project>/build/release/pclp', 'solve', '--instance', '<project>/data/generated/gen_forest_components8_n200_heterogeneous_neg30_r2.json', '--config', '<project>/experiments/runs/ablation/d89b735cecc6194d/resolved_config.json', '--output', '<project>/experiments/runs/ablation/d89b735cecc6194d/result.json']",False,sink-initial-basis,1238,0.000236468,0.002635856,forest,0,0,52,gen_forest_components8_n200_heterogeneous_neg30_r2,data/generated/gen_forest_components8_n200_heterogeneous_neg30_r2.json,afcefceebd80406f73eaa5a36d4da6bcb0c8fae45872f776453916c603048187,1421,46,,200,4477.9726,47,generated,24293376,1426,4.7965e-05,0.000707056,0.000377878,12367,0,,1,d89b735cecc6194d,0.005839046003529802,optimal,0.002315554,0.000323643,True
191,493f6f942eca3576ac0253ad50581fbe0469e8e417d3f97011c676f7789871fd,85794,"""instance""",2.5555e-05,"['taskset', '-c', '2', '<project>/build/release/pclp', 'solve', '--instance', '<project>/data/generated/gen_forest_components8_n200_heterogeneous_neg30_r2.json', '--config', '<project>/experiments/runs/ablation/03f53e05b2328a1f/resolved_config.json', '--output', '<project>/experiments/runs/ablation/03f53e05b2328a1f/result.json']",False,with-transitive-reduction,2363,0.000474614,0.004915392,forest,0,0,56,gen_forest_components8_n200_heterogeneous_neg30_r2,data/generated/gen_forest_components8_n200_heterogeneous_neg30_r2.json,afcefceebd80406f73eaa5a36d4da6bcb0c8fae45872f776453916c603048187,2402,46,,200,4477.9726,47,generated,24293376,2411,6.1442e-05,0.001084188,0.000803376,22710,0,,0,03f53e05b2328a1f,0.00816085199767258,optimal,0.004569054,0.000920973,True
191,493f6f942eca3576ac0253ad50581fbe0469e8e417d3f97011c676f7789871fd,85794,"""instance""",2.74e-05,"['taskset', '-c', '2', '<project>/build/release/pclp', 'solve', '--instance', '<project>/data/generated/gen_forest_components8_n200_heterogeneous_neg30_r2.json', '--config', '<project>/experiments/runs/ablation/bc90d5ae700c1a86/resolved_config.json', '--output', '<project>/experiments/runs/ablation/bc90d5ae700c1a86/result.json']",False,with-transitive-reduction,2363,0.000481762,0.004965037,forest,0,0,56,gen_forest_components8_n200_heterogeneous_neg30_r2,data/generated/gen_forest_components8_n200_heterogeneous_neg30_r2.json,afcefceebd80406f73eaa5a36d4da6bcb0c8fae45872f776453916c603048187,2402,46,,200,4477.9726,47,generated,24293376,2411,6.1139e-05,0.001089606,0.000818129,22710,0,,1,bc90d5ae700c1a86,0.008840481998049654,optimal,0.004595038,0.000919589,True
4997,493f6f942eca3576ac0253ad50581fbe0469e8e417d3f97011c676f7789871fd,1025551780,"""instance""",0.0,"['taskset', '-c', '2', '<project>/build/release/pclp', 'solve', '--instance', '<project>/data/generated/gen_layered_levels20-density0.02-skip0.005_n2000_dispersed_neg30_r0.json', '--config', '<project>/experiments/runs/ablation/3398e577e19a660b/resolved_config.json', '--output', '<project>/experiments/runs/ablation/3398e577e19a660b/result.json']",False,bland-entering,567668,1.6440606739999999,30.004408254,layered,0,0,2343,gen_layered_levels20-density0.02-skip0.005_n2000_dispersed_neg30_r0,data/generated/gen_layered_levels20-density0.02-skip0.005_n2000_dispersed_neg30_r0.json,be895cfea9ee5376c7328764fdd826e8ff66f3d2fe59fb7cbefce1bc0378b8b5,565778,124,residual oracle did not certify optimality,2000,0.0,125,generated,45568000,567996,0.000641217,7.378629819,11.544287395,224801715,0,,0,3398e577e19a660b,30.011602142010815,time_limit,30.000113649,8.759042467,False
4997,493f6f942eca3576ac0253ad50581fbe0469e8e417d3f97011c676f7789871fd,,"""instance""",,,,bland-entering,,,,layered,,,,gen_layered_levels20-density0.02-skip0.005_n2000_dispersed_neg30_r0,data/generated/gen_layered_levels20-density0.02-skip0.005_n2000_dispersed_neg30_r0.json,be895cfea9ee5376c7328764fdd826e8ff66f3d2fe59fb7cbefce1bc0378b8b5,,,residual oracle did not certify optimality,2000,,,generated,,,,,,,,True,1,8e2118a0d654fd31,30.011602142010815,time_limit,,,False
4997,493f6f942eca3576ac0253ad50581fbe0469e8e417d3f97011c676f7789871fd,1017866585,"""instance""",0.0,"['taskset', '-c', '2', '<project>/build/release/pclp', 'solve', '--instance', '<project>/data/generated/gen_layered_levels20-density0.02-skip0.005_n2000_dispersed_neg30_r0.json', '--config', '<project>/experiments/runs/ablation/9fb3737d45942b8f/resolved_config.json', '--output', '<project>/experiments/runs/ablation/9fb3737d45942b8f/result.json']",False,close-degeneracy-trigger,578947,1.622264693,30.00690731,layered,0,0,2388,gen_layered_levels20-density0.02-skip0.005_n2000_dispersed_neg30_r0,data/generated/gen_layered_levels20-density0.02-skip0.005_n2000_dispersed_neg30_r0.json,be895cfea9ee5376c7328764fdd826e8ff66f3d2fe59fb7cbefce1bc0378b8b5,576991,125,residual oracle did not certify optimality,2000,0.0,126,generated,45568000,579253,0.000626003,7.23429188,11.541601484,233402478,0,,0,9fb3737d45942b8f,30.014305980992503,time_limit,30.000075064,8.917020003,False
4997,493f6f942eca3576ac0253ad50581fbe0469e8e417d3f97011c676f7789871fd,,"""instance""",,,,close-degeneracy-trigger,,,,layered,,,,gen_layered_levels20-density0.02-skip0.005_n2000_dispersed_neg30_r0,data/generated/gen_layered_levels20-density0.02-skip0.005_n2000_dispersed_neg30_r0.json,be895cfea9ee5376c7328764fdd826e8ff66f3d2fe59fb7cbefce1bc0378b8b5,,,residual oracle did not certify optimality,2000,,,generated,,,,,,,,True,1,0354b2886852d178,30.014305980992503,time_limit,,,False
4997,493f6f942eca3576ac0253ad50581fbe0469e8e417d3f97011c676f7789871fd,38770897,"""instance""",0.000266752,"['taskset', '-c', '2', '<project>/build/release/pclp', 'solve', '--instance', '<project>/data/generated/gen_layered_levels20-density0.02-skip0.005_n2000_dispersed_neg30_r0.json', '--config', '<project>/experiments/runs/ablation/3820dffb60863bd4/resolved_config.json', '--output', '<project>/experiments/runs/ablation/3820dffb60863bd4/result.json']",False,forest-tuned,347870,0.735659992,5.551582393,layered,0,0,1593,gen_layered_levels20-density0.02-skip0.005_n2000_dispersed_neg30_r0,data/generated/gen_layered_levels20-density0.02-skip0.005_n2000_dispersed_neg30_r0.json,be895cfea9ee5376c7328764fdd826e8ff66f3d2fe59fb7cbefce1bc0378b8b5,346845,232,,2000,23259.085117102593,233,generated,45568000,348205,0.000665821,0.424816527,0.61319033,102408576,0,,0,3820dffb60863bd4,5.558815828990191,optimal,5.54681756,3.398594777,True
4997,493f6f942eca3576ac0253ad50581fbe0469e8e417d3f97011c676f7789871fd,38770897,"""instance""",0.000254767,"['taskset', '-c', '2', '<project>/build/release/pclp', 'solve', '--instance', '<project>/data/generated/gen_layered_levels20-density0.02-skip0.005_n2000_dispersed_neg30_r0.json', '--config', '<project>/experiments/runs/ablation/a0fdd7312e9621a1/resolved_config.json', '--output', '<project>/experiments/runs/ablation/a0fdd7312e9621a1/result.json']",False,forest-tuned,347870,0.731095084,5.572591843,layered,0,0,1593,gen_layered_levels20-density0.02-skip0.005_n2000_dispersed_neg30_r0,data/generated/gen_layered_levels20-density0.02-skip0.005_n2000_dispersed_neg30_r0.json,be895cfea9ee5376c7328764fdd826e8ff66f3d2fe59fb7cbefce1bc0378b8b5,346845,232,,2000,23259.085117102593,233,generated,45568000,348205,0.000639787,0.424181086,0.610727957,102408576,0,,1,a0fdd7312e9621a1,5.58027684300032,optimal,5.568141542,3.428363724,True
4997,493f6f942eca3576ac0253ad50581fbe0469e8e417d3f97011c676f7789871fd,578490563,"""instance""",0.000275302,"['taskset', '-c', '2', '<project>/build/release/pclp', 'solve', '--instance', '<project>/data/generated/gen_layered_levels20-density0.02-skip0.005_n2000_dispersed_neg30_r0.json', '--config', '<project>/experiments/runs/ablation/70c94964987cd5d0/resolved_config.json', '--output', '<project>/experiments/runs/ablation/70c94964987cd5d0/result.json']",False,full-pricing,327275,0.83662301,9.500806915,layered,0,0,1514,gen_layered_levels20-density0.02-skip0.005_n2000_dispersed_neg30_r0,data/generated/gen_layered_levels20-density0.02-skip0.005_n2000_dispersed_neg30_r0.json,be895cfea9ee5376c7328764fdd826e8ff66f3d2fe59fb7cbefce1bc0378b8b5,326769,232,,2000,23259.085117102593,233,generated,45568000,328050,0.000660036,4.585465179,0.647804266,93751951,0,,0,70c94964987cd5d0,9.508747177998885,optimal,9.496158502,3.074805846,True
4997,493f6f942eca3576ac0253ad50581fbe0469e8e417d3f97011c676f7789871fd,578490563,"""instance""",0.000276826,"['taskset', '-c', '2', '<project>/build/release/pclp', 'solve', '--instance', '<project>/data/generated/gen_layered_levels20-density0.02-skip0.005_n2000_dispersed_neg30_r0.json', '--config', '<project>/experiments/runs/ablation/271538b6da85b1d6/resolved_config.json', '--output', '<project>/experiments/runs/ablation/271538b6da85b1d6/result.json']",False,full-pricing,327275,0.804835782,9.547767902,layered,0,0,1514,gen_layered_levels20-density0.02-skip0.005_n2000_dispersed_neg30_r0,data/generated/gen_layered_levels20-density0.02-skip0.005_n2000_dispersed_neg30_r0.json,be895cfea9ee5376c7328764fdd826e8ff66f3d2fe59fb7cbefce1bc0378b8b5,326769,232,,2000,23259.085117102593,233,generated,45568000,328050,0.000681274,4.577589929,0.6580899020000001,93751951,0,,1,271538b6da85b1d6,9.555412008994608,optimal,9.543119665,3.1567508429999998,True
4997,493f6f942eca3576ac0253ad50581fbe0469e8e417d3f97011c676f7789871fd,65118851,"""instance""",0.000270971,"['taskset', '-c', '2', '<project>/build/release/pclp', 'solve', '--instance', '<project>/data/generated/gen_layered_levels20-density0.02-skip0.005_n2000_dispersed_neg30_r0.json', '--config', '<project>/experiments/runs/ablation/adb2956b913b7b21/resolved_config.json', '--output', '<project>/experiments/runs/ablation/adb2956b913b7b21/result.json']",False,no-early-ratio-test,419139,1.15056478,16.092223531,layered,0,0,1871,gen_layered_levels20-density0.02-skip0.005_n2000_dispersed_neg30_r0,data/generated/gen_layered_levels20-density0.02-skip0.005_n2000_dispersed_neg30_r0.json,be895cfea9ee5376c7328764fdd826e8ff66f3d2fe59fb7cbefce1bc0378b8b5,417837,232,,2000,23259.085117102593,233,generated,45568000,419475,0.000612984,0.630067797,7.528023854,164677697,0,,0,adb2956b913b7b21,16.09983592700155,optimal,16.088056422,6.281732011,True
4997,493f6f942eca3576ac0253ad50581fbe0469e8e417d3f97011c676f7789871fd,65118851,"""instance""",0.000267362,"['taskset', '-c', '2', '<project>/build/release/pclp', 'solve', '--instance', '<project>/data/generated/gen_layered_levels20-density0.02-skip0.005_n2000_dispersed_neg30_r0.json', '--config', '<project>/experiments/runs/ablation/f4f16cd1a40163a9/resolved_config.json', '--output', '<project>/experiments/runs/ablation/f4f16cd1a40163a9/result.json']",False,no-early-ratio-test,419139,1.129152446,16.095697231,layered,0,0,1871,gen_layered_levels20-density0.02-skip0.005_n2000_dispersed_neg30_r0,data/generated/gen_layered_levels20-density0.02-skip0.005_n2000_dispersed_neg30_r0.json,be895cfea9ee5376c7328764fdd826e8ff66f3d2fe59fb7cbefce1bc0378b8b5,417837,232,,2000,23259.085117102593,233,generated,45568000,419475,0.000614585,0.629834457,7.5258691,164677697,0,,1,f4f16cd1a40163a9,16.10362781000731,optimal,16.091302117,6.309722288,True
4997,493f6f942eca3576ac0253ad50581fbe0469e8e417d3f97011c676f7789871fd,38770897,"""instance""",0.000264083,"['taskset', '-c', '2', '<project>/build/release/pclp', 'solve', '--instance', '<project>/data/generated/gen_layered_levels20-density0.02-skip0.005_n2000_dispersed_neg30_r0.json', '--config', '<project>/experiments/runs/ablation/7a51a7cfd144993e/resolved_config.json', '--output', '<project>/experiments/runs/ablation/7a51a7cfd144993e/result.json']",False,no-local-update,347870,0.701749947,16.847159537,layered,0,0,348438,gen_layered_levels20-density0.02-skip0.005_n2000_dispersed_neg30_r0,data/generated/gen_layered_levels20-density0.02-skip0.005_n2000_dispersed_neg30_r0.json,be895cfea9ee5376c7328764fdd826e8ff66f3d2fe59fb7cbefce1bc0378b8b5,0,232,,2000,23259.085117102593,233,generated,45568000,348205,0.00061015,0.400309867,0.590846012,600870435,0,,0,7a51a7cfd144993e,16.854052024005796,optimal,16.842699032,14.796636292,True
4997,493f6f942eca3576ac0253ad50581fbe0469e8e417d3f97011c676f7789871fd,38770897,"""instance""",0.000275855,"['taskset', '-c', '2', '<project>/build/release/pclp', 'solve', '--instance', '<project>/data/generated/gen_layered_levels20-density0.02-skip0.005_n2000_dispersed_neg30_r0.json', '--config', '<project>/experiments/runs/ablation/50486afd7d43fb28/resolved_config.json', '--output', '<project>/experiments/runs/ablation/50486afd7d43fb28/result.json']",False,no-local-update,347870,0.705155846,16.847969197,layered,0,0,348438,gen_layered_levels20-density0.02-skip0.005_n2000_dispersed_neg30_r0,data/generated/gen_layered_levels20-density0.02-skip0.005_n2000_dispersed_neg30_r0.json,be895cfea9ee5376c7328764fdd826e8ff66f3d2fe59fb7cbefce1bc0378b8b5,0,232,,2000,23259.085117102593,233,generated,45568000,348205,0.000638798,0.403201844,0.594237655,600870435,0,,1,50486afd7d43fb28,16.855648710989044,optimal,16.843503197,14.785256881,True
4997,493f6f942eca3576ac0253ad50581fbe0469e8e417d3f97011c676f7789871fd,65118851,"""instance""",0.00026581,"['taskset', '-c', '2', '<project>/build/release/pclp', 'solve', '--instance', '<project>/data/generated/gen_layered_levels20-density0.02-skip0.005_n2000_dispersed_neg30_r0.json', '--config', '<project>/experiments/runs/ablation/0d3eab523dbc8dcd/resolved_config.json', '--output', '<project>/experiments/runs/ablation/0d3eab523dbc8dcd/result.json']",False,no-restricted-ratio-test,419139,0.993582183,14.921747875,layered,0,0,1871,gen_layered_levels20-density0.02-skip0.005_n2000_dispersed_neg30_r0,data/generated/gen_layered_levels20-density0.02-skip0.005_n2000_dispersed_neg30_r0.json,be895cfea9ee5376c7328764fdd826e8ff66f3d2fe59fb7cbefce1bc0378b8b5,417837,232,,2000,23259.085117102593,233,generated,45568000,419475,0.000849199,0.623136487,7.095526005,164677697,0,,0,0d3eab523dbc8dcd,14.982351248007035,optimal,14.917171806,5.711631771,True
4997,493f6f942eca3576ac0253ad50581fbe0469e8e417d3f97011c676f7789871fd,65118851,"""instance""",0.000268065,"['taskset', '-c', '2', '<project>/build/release/pclp', 'solve', '--instance', '<project>/data/generated/gen_layered_levels20-density0.02-skip0.005_n2000_dispersed_neg30_r0.json', '--config', '<project>/experiments/runs/ablation/179624f98140fa59/resolved_config.json', '--output', '<project>/experiments/runs/ablation/179624f98140fa59/result.json']",False,no-restricted-ratio-test,419139,0.975037358,14.712293984,layered,0,0,1871,gen_layered_levels20-density0.02-skip0.005_n2000_dispersed_neg30_r0,data/generated/gen_layered_levels20-density0.02-skip0.005_n2000_dispersed_neg30_r0.json,be895cfea9ee5376c7328764fdd826e8ff66f3d2fe59fb7cbefce1bc0378b8b5,417837,232,,2000,23259.085117102593,233,generated,45568000,419475,0.000804729,0.615213539,6.966695844,164677697,0,,1,179624f98140fa59,14.719892145003541,optimal,14.707656997,5.663282886,True
4997,493f6f942eca3576ac0253ad50581fbe0469e8e417d3f97011c676f7789871fd,38770897,"""instance""",0.000288649,"['taskset', '-c', '2', '<project>/build/release/pclp', 'solve', '--instance', '<project>/data/generated/gen_layered_levels20-density0.02-skip0.005_n2000_dispersed_neg30_r0.json', '--config', '<project>/experiments/runs/ablation/40088c630cf8b2d8/resolved_config.json', '--output', '<project>/experiments/runs/ablation/40088c630cf8b2d8/result.json']",False,sequential-canonicalization,347870,0.727297973,5.510187716,layered,0,0,1593,gen_layered_levels20-density0.02-skip0.005_n2000_dispersed_neg30_r0,data/generated/gen_layered_levels20-density0.02-skip0.005_n2000_dispersed_neg30_r0.json,be895cfea9ee5376c7328764fdd826e8ff66f3d2fe59fb7cbefce1bc0378b8b5,346845,232,,2000,23259.085117102593,233,generated,45568000,348205,0.000627071,0.416781777,0.611607317,102408576,0,,0,40088c630cf8b2d8,5.517821622008341,optimal,5.505926125,3.391938258,True
4997,493f6f942eca3576ac0253ad50581fbe0469e8e417d3f97011c676f7789871fd,38770897,"""instance""",0.00028329,"['taskset', '-c', '2', '<project>/build/release/pclp', 'solve', '--instance', '<project>/data/generated/gen_layered_levels20-density0.02-skip0.005_n2000_dispersed_neg30_r0.json', '--config', '<project>/experiments/runs/ablation/727af0fb1e99cfbd/resolved_config.json', '--output', '<project>/experiments/runs/ablation/727af0fb1e99cfbd/result.json']",False,sequential-canonicalization,347870,0.737593364,5.54039045,layered,0,0,1593,gen_layered_levels20-density0.02-skip0.005_n2000_dispersed_neg30_r0,data/generated/gen_layered_levels20-density0.02-skip0.005_n2000_dispersed_neg30_r0.json,be895cfea9ee5376c7328764fdd826e8ff66f3d2fe59fb7cbefce1bc0378b8b5,346845,232,,2000,23259.085117102593,233,generated,45568000,348205,0.000633041,0.422522097,0.601626161,102408576,0,,1,727af0fb1e99cfbd,5.548033361992566,optimal,5.53620573,3.401520073,True
4997,493f6f942eca3576ac0253ad50581fbe0469e8e417d3f97011c676f7789871fd,33968781,"""instance""",0.000256622,"['taskset', '-c', '2', '<project>/build/release/pclp', 'solve', '--instance', '<project>/data/generated/gen_layered_levels20-density0.02-skip0.005_n2000_dispersed_neg30_r0.json', '--config', '<project>/experiments/runs/ablation/da2bb39c3563d7d9/resolved_config.json', '--output', '<project>/experiments/runs/ablation/da2bb39c3563d7d9/result.json']",False,sink-initial-basis,244686,0.571595648,5.115437184,layered,0,0,1192,gen_layered_levels20-density0.02-skip0.005_n2000_dispersed_neg30_r0,data/generated/gen_layered_levels20-density0.02-skip0.005_n2000_dispersed_neg30_r0.json,be895cfea9ee5376c7328764fdd826e8ff66f3d2fe59fb7cbefce1bc0378b8b5,244570,232,,2000,23259.085117102593,233,generated,45568000,245529,0.000664804,0.328731624,0.438042288,103637943,0,,0,da2bb39c3563d7d9,5.123321366001619,optimal,5.111080447,3.466612962,True
4997,493f6f942eca3576ac0253ad50581fbe0469e8e417d3f97011c676f7789871fd,33968781,"""instance""",0.000255941,"['taskset', '-c', '2', '<project>/build/release/pclp', 'solve', '--instance', '<project>/data/generated/gen_layered_levels20-density0.02-skip0.005_n2000_dispersed_neg30_r0.json', '--config', '<project>/experiments/runs/ablation/05d47f562c87017b/resolved_config.json', '--output', '<project>/experiments/runs/ablation/05d47f562c87017b/result.json']",False,sink-initial-basis,244686,0.595885423,5.314947502,layered,0,0,1192,gen_layered_levels20-density0.02-skip0.005_n2000_dispersed_neg30_r0,data/generated/gen_layered_levels20-density0.02-skip0.005_n2000_dispersed_neg30_r0.json,be895cfea9ee5376c7328764fdd826e8ff66f3d2fe59fb7cbefce1bc0378b8b5,244570,232,,2000,23259.085117102593,233,generated,45568000,245529,0.000606712,0.34263661,0.457469813,103637943,0,,1,05d47f562c87017b,5.322990663989913,optimal,5.310640288,3.59487913,True
4997,493f6f942eca3576ac0253ad50581fbe0469e8e417d3f97011c676f7789871fd,38634506,"""instance""",0.000256533,"['taskset', '-c', '2', '<project>/build/release/pclp', 'solve', '--instance', '<project>/data/generated/gen_layered_levels20-density0.02-skip0.005_n2000_dispersed_neg30_r0.json', '--config', '<project>/experiments/runs/ablation/c6d239d364214967/resolved_config.json', '--output', '<project>/experiments/runs/ablation/c6d239d364214967/result.json']",False,with-transitive-reduction,345113,0.7468889360000001,5.48306978,layered,0,0,1582,gen_layered_levels20-density0.02-skip0.005_n2000_dispersed_neg30_r0,data/generated/gen_layered_levels20-density0.02-skip0.005_n2000_dispersed_neg30_r0.json,be895cfea9ee5376c7328764fdd826e8ff66f3d2fe59fb7cbefce1bc0378b8b5,344094,232,,2000,23259.085117102593,233,generated,45568000,345443,0.001056429,0.418288513,0.59878421,99942435,46,,0,c6d239d364214967,5.490249448994291,optimal,5.478782244,3.341713485,True
4997,493f6f942eca3576ac0253ad50581fbe0469e8e417d3f97011c676f7789871fd,38634506,"""instance""",0.000255581,"['taskset', '-c', '2', '<project>/build/release/pclp', 'solve', '--instance', '<project>/data/generated/gen_layered_levels20-density0.02-skip0.005_n2000_dispersed_neg30_r0.json', '--config', '<project>/experiments/runs/ablation/087120e9a8b38060/resolved_config.json', '--output', '<project>/experiments/runs/ablation/087120e9a8b38060/result.json']",False,with-transitive-reduction,345113,0.727199149,5.50097867,layered,0,0,1582,gen_layered_levels20-density0.02-skip0.005_n2000_dispersed_neg30_r0,data/generated/gen_layered_levels20-density0.02-skip0.005_n2000_dispersed_neg30_r0.json,be895cfea9ee5376c7328764fdd826e8ff66f3d2fe59fb7cbefce1bc0378b8b5,344094,232,,2000,23259.085117102593,233,generated,45568000,345443,0.000934268,0.420762474,0.602455821,99942435,46,,1,087120e9a8b38060,5.508459951000987,optimal,5.496716005,3.3774254360000002,True
4892,493f6f942eca3576ac0253ad50581fbe0469e8e417d3f97011c676f7789871fd,1089559158,"""instance""",0.0,"['taskset', '-c', '2', '<project>/build/release/pclp', 'solve', '--instance', '<project>/data/generated/gen_layered_levels20-density0.02-skip0.005_n2000_dispersed_neg30_r1.json', '--config', '<project>/experiments/runs/ablation/268e64d92592b237/resolved_config.json', '--output', '<project>/experiments/runs/ablation/268e64d92592b237/result.json']",False,bland-entering,589069,1.689660788,30.004533297,layered,0,0,2448,gen_layered_levels20-density0.02-skip0.005_n2000_dispersed_neg30_r1,data/generated/gen_layered_levels20-density0.02-skip0.005_n2000_dispersed_neg30_r1.json,db8a288d794db5ce050e308adcd57bdf87fd684ac97f8e72304f32de0dc23656,587099,145,residual oracle did not certify optimality,2000,0.0,146,generated,45568000,589401,0.00065377,7.842751793,11.573512423,210755541,0,,0,268e64d92592b237,30.010009820995037,time_limit,30.000045251,8.221784427,False
4892,493f6f942eca3576ac0253ad50581fbe0469e8e417d3f97011c676f7789871fd,,"""instance""",,,,bland-entering,,,,layered,,,,gen_layered_levels20-density0.02-skip0.005_n2000_dispersed_neg30_r1,data/generated/gen_layered_levels20-density0.02-skip0.005_n2000_dispersed_neg30_r1.json,db8a288d794db5ce050e308adcd57bdf87fd684ac97f8e72304f32de0dc23656,,,residual oracle did not certify optimality,2000,,,generated,,,,,,,,True,1,349c3834207a0294,30.010009820995037,time_limit,,,False
4892,493f6f942eca3576ac0253ad50581fbe0469e8e417d3f97011c676f7789871fd,1075039102,"""instance""",0.0,"['taskset', '-c', '2', '<project>/build/release/pclp', 'solve', '--instance', '<project>/data/generated/gen_layered_levels20-density0.02-skip0.005_n2000_dispersed_neg30_r1.json', '--config', '<project>/experiments/runs/ablation/a735b7dd0a077410/resolved_config.json', '--output', '<project>/experiments/runs/ablation/a735b7dd0a077410/result.json']",False,close-degeneracy-trigger,596172,1.675923542,30.004222293,layered,0,0,2476,gen_layered_levels20-density0.02-skip0.005_n2000_dispersed_neg30_r1,data/generated/gen_layered_levels20-density0.02-skip0.005_n2000_dispersed_neg30_r1.json,db8a288d794db5ce050e308adcd57bdf87fd684ac97f8e72304f32de0dc23656,594160,145,residual oracle did not certify optimality,2000,0.0,146,generated,45568000,596490,0.0006515,7.683578483,11.532071713,218067984,0,,0,a735b7dd0a077410,30.010589735000394,time_limit,30.000063136,8.431113376999999,False
4892,493f6f942eca3576ac0253ad50581fbe0469e8e417d3f97011c676f7789871fd,,"""instance""",,,,close-degeneracy-trigger,,,,layered,,,,gen_layered_levels20-density0.02-skip0.005_n2000_dispersed_neg30_r1,data/generated/gen_layered_levels20-density0.02-skip0.005_n2000_dispersed_neg30_r1.json,db8a288d794db5ce050e308adcd57bdf87fd684ac97f8e72304f32de0dc23656,,,residual oracle did not certify optimality,2000,,,generated,,,,,,,,True,1,c0298d6891041a19,30.010589735000394,time_limit,,,False
4892,493f6f942eca3576ac0253ad50581fbe0469e8e417d3f97011c676f7789871fd,44464785,"""instance""",0.000248807,"['taskset', '-c', '2', '<project>/build/release/pclp', 'solve', '--instance', '<project>/data/generated/gen_layered_levels20-density0.02-skip0.005_n2000_dispersed_neg30_r1.json', '--config', '<project>/experiments/runs/ablation/ae648e4516cb7f7c/resolved_config.json', '--output', '<project>/experiments/runs/ablation/ae648e4516cb7f7c/result.json']",False,forest-tuned,389149,0.854160078,6.641976052,layered,0,0,1766,gen_layered_levels20-density0.02-skip0.005_n2000_dispersed_neg30_r1,data/generated/gen_layered_levels20-density0.02-skip0.005_n2000_dispersed_neg30_r1.json,db8a288d794db5ce050e308adcd57bdf87fd684ac97f8e72304f32de0dc23656,388041,244,,2000,324415.9961589882,245,generated,45568000,389562,0.000662135,0.473278714,0.681741465,125355651,0,,0,ae648e4516cb7f7c,6.650235540000722,optimal,6.636936103,4.201868211,True
4892,493f6f942eca3576ac0253ad50581fbe0469e8e417d3f97011c676f7789871fd,44464785,"""instance""",0.000257499,"['taskset', '-c', '2', '<project>/build/release/pclp', 'solve', '--instance', '<project>/data/generated/gen_layered_levels20-density0.02-skip0.005_n2000_dispersed_neg30_r1.json', '--config', '<project>/experiments/runs/ablation/b0aa75906e946b0a/resolved_config.json', '--output', '<project>/experiments/runs/ablation/b0aa75906e946b0a/result.json']",False,forest-tuned,389149,0.893263356,6.795254649,layered,0,0,1766,gen_layered_levels20-density0.02-skip0.005_n2000_dispersed_neg30_r1,data/generated/gen_layered_levels20-density0.02-skip0.005_n2000_dispersed_neg30_r1.json,db8a288d794db5ce050e308adcd57bdf87fd684ac97f8e72304f32de0dc23656,388041,244,,2000,324415.9961589882,245,generated,45568000,389562,0.000624863,0.480679545,0.692313218,125355651,0,,1,b0aa75906e946b0a,6.802694661004352,optimal,6.790645876,4.26793841,True
4892,493f6f942eca3576ac0253ad50581fbe0469e8e417d3f97011c676f7789871fd,667156129,"""instance""",0.000254381,"['taskset', '-c', '2', '<project>/build/release/pclp', 'solve', '--instance', '<project>/data/generated/gen_layered_levels20-density0.02-skip0.005_n2000_dispersed_neg30_r1.json', '--config', '<project>/experiments/runs/ablation/93b140d1c0934c04/resolved_config.json', '--output', '<project>/experiments/runs/ablation/93b140d1c0934c04/result.json']",False,full-pricing,365779,1.091528114,11.874286234,layered,0,0,1677,gen_layered_levels20-density0.02-skip0.005_n2000_dispersed_neg30_r1,data/generated/gen_layered_levels20-density0.02-skip0.005_n2000_dispersed_neg30_r1.json,db8a288d794db5ce050e308adcd57bdf87fd684ac97f8e72304f32de0dc23656,365160,244,,2000,324415.9961589882,245,generated,45568000,366592,0.000584208,5.367432046,0.828132209,122958946,0,,0,93b140d1c0934c04,11.881892081000842,optimal,11.869731334,4.180843815,True
4892,493f6f942eca3576ac0253ad50581fbe0469e8e417d3f97011c676f7789871fd,667156129,"""instance""",0.000260279,"['taskset', '-c', '2', '<project>/build/release/pclp', 'solve', '--instance', '<project>/data/generated/gen_layered_levels20-density0.02-skip0.005_n2000_dispersed_neg30_r1.json', '--config', '<project>/experiments/runs/ablation/7d7f35d5a55bca41/resolved_config.json', '--output', '<project>/experiments/runs/ablation/7d7f35d5a55bca41/result.json']",False,full-pricing,365779,1.10869038,11.895226692,layered,0,0,1677,gen_layered_levels20-density0.02-skip0.005_n2000_dispersed_neg30_r1,data/generated/gen_layered_levels20-density0.02-skip0.005_n2000_dispersed_neg30_r1.json,db8a288d794db5ce050e308adcd57bdf87fd684ac97f8e72304f32de0dc23656,365160,244,,2000,324415.9961589882,245,generated,45568000,366592,0.000611191,5.353944369,0.8283285930000001,122958946,0,,1,7d7f35d5a55bca41,11.902614239996183,optimal,11.890843656,4.200954277,True
4892,493f6f942eca3576ac0253ad50581fbe0469e8e417d3f97011c676f7789871fd,78109815,"""instance""",0.00026098,"['taskset', '-c', '2', '<project>/build/release/pclp', 'solve', '--instance', '<project>/data/generated/gen_layered_levels20-density0.02-skip0.005_n2000_dispersed_neg30_r1.json', '--config', '<project>/experiments/runs/ablation/99f22fe124df3058/resolved_config.json', '--output', '<project>/experiments/runs/ablation/99f22fe124df3058/result.json']",False,no-early-ratio-test,479805,1.354845748,20.029618774,layered,0,0,2120,gen_layered_levels20-density0.02-skip0.005_n2000_dispersed_neg30_r1,data/generated/gen_layered_levels20-density0.02-skip0.005_n2000_dispersed_neg30_r1.json,db8a288d794db5ce050e308adcd57bdf87fd684ac97f8e72304f32de0dc23656,478340,244,,2000,324415.9961589882,245,generated,45568000,480215,0.000677551,0.74664328,9.247636059,205409860,0,,0,99f22fe124df3058,20.037417905012262,optimal,20.024922811,8.076019248,True
4892,493f6f942eca3576ac0253ad50581fbe0469e8e417d3f97011c676f7789871fd,78109815,"""instance""",0.000257247,"['taskset', '-c', '2', '<project>/build/release/pclp', 'solve', '--instance', '<project>/data/generated/gen_layered_levels20-density0.02-skip0.005_n2000_dispersed_neg30_r1.json', '--config', '<project>/experiments/runs/ablation/36a83f9bc7e91cd4/resolved_config.json', '--output', '<project>/experiments/runs/ablation/36a83f9bc7e91cd4/result.json']",False,no-early-ratio-test,479805,1.33975887,19.927037671,layered,0,0,2120,gen_layered_levels20-density0.02-skip0.005_n2000_dispersed_neg30_r1,data/generated/gen_layered_levels20-density0.02-skip0.005_n2000_dispersed_neg30_r1.json,db8a288d794db5ce050e308adcd57bdf87fd684ac97f8e72304f32de0dc23656,478340,244,,2000,324415.9961589882,245,generated,45568000,480215,0.00063046,0.744408294,9.195936666,205409860,0,,1,36a83f9bc7e91cd4,19.93480610799452,optimal,19.922405399,8.049832502,True
4892,493f6f942eca3576ac0253ad50581fbe0469e8e417d3f97011c676f7789871fd,44464785,"""instance""",0.000274469,"['taskset', '-c', '2', '<project>/build/release/pclp', 'solve', '--instance', '<project>/data/generated/gen_layered_levels20-density0.02-skip0.005_n2000_dispersed_neg30_r1.json', '--config', '<project>/experiments/runs/ablation/ff3b40bd31adfe88/resolved_config.json', '--output', '<project>/experiments/runs/ablation/ff3b40bd31adfe88/result.json']",False,no-local-update,389149,0.842619226,20.369025883,layered,0,0,389807,gen_layered_levels20-density0.02-skip0.005_n2000_dispersed_neg30_r1,data/generated/gen_layered_levels20-density0.02-skip0.005_n2000_dispersed_neg30_r1.json,db8a288d794db5ce050e308adcd57bdf87fd684ac97f8e72304f32de0dc23656,0,244,,2000,324415.9961589882,245,generated,45568000,389562,0.000645762,0.466543088,0.691297052,702256515,0,,0,ff3b40bd31adfe88,20.375372120994143,optimal,20.364365909,17.942834191,True
4892,493f6f942eca3576ac0253ad50581fbe0469e8e417d3f97011c676f7789871fd,44464785,"""instance""",0.000261218,"['taskset', '-c', '2', '<project>/build/release/pclp', 'solve', '--instance', '<project>/data/generated/gen_layered_levels20-density0.02-skip0.005_n2000_dispersed_neg30_r1.json', '--config', '<project>/experiments/runs/ablation/ba5a04ecb137d13f/resolved_config.json', '--output', '<project>/experiments/runs/ablation/ba5a04ecb137d13f/result.json']",False,no-local-update,389149,0.835391592,20.047041788,layered,0,0,389807,gen_layered_levels20-density0.02-skip0.005_n2000_dispersed_neg30_r1,data/generated/gen_layered_levels20-density0.02-skip0.005_n2000_dispersed_neg30_r1.json,db8a288d794db5ce050e308adcd57bdf87fd684ac97f8e72304f32de0dc23656,0,244,,2000,324415.9961589882,245,generated,45568000,389562,0.000667477,0.461887442,0.684568516,702256515,0,,1,ba5a04ecb137d13f,20.054425982001703,optimal,20.042396243,17.643733142,True
4892,493f6f942eca3576ac0253ad50581fbe0469e8e417d3f97011c676f7789871fd,78109815,"""instance""",0.000261918,"['taskset', '-c', '2', '<project>/build/release/pclp', 'solve', '--instance', '<project>/data/generated/gen_layered_levels20-density0.02-skip0.005_n2000_dispersed_neg30_r1.json', '--config', '<project>/experiments/runs/ablation/9895372a507d6a87/resolved_config.json', '--output', '<project>/experiments/runs/ablation/9895372a507d6a87/result.json']",False,no-restricted-ratio-test,479805,1.207980427,18.362511163,layered,0,0,2120,gen_layered_levels20-density0.02-skip0.005_n2000_dispersed_neg30_r1,data/generated/gen_layered_levels20-density0.02-skip0.005_n2000_dispersed_neg30_r1.json,db8a288d794db5ce050e308adcd57bdf87fd684ac97f8e72304f32de0dc23656,478340,244,,2000,324415.9961589882,245,generated,45568000,480215,0.000575522,0.733483543,8.528535552,205409860,0,,0,9895372a507d6a87,18.369970833999105,optimal,18.358290685,7.297474641,True
4892,493f6f942eca3576ac0253ad50581fbe0469e8e417d3f97011c676f7789871fd,78109815,"""instance""",0.000260311,"['taskset', '-c', '2', '<project>/build/release/pclp', 'solve', '--instance', '<project>/data/generated/gen_layered_levels20-density0.02-skip0.005_n2000_dispersed_neg30_r1.json', '--config', '<project>/experiments/runs/ablation/c2b70663836fbd3f/resolved_config.json', '--output', '<project>/experiments/runs/ablation/c2b70663836fbd3f/result.json']",False,no-restricted-ratio-test,479805,1.289852789,18.610179697,layered,0,0,2120,gen_layered_levels20-density0.02-skip0.005_n2000_dispersed_neg30_r1,data/generated/gen_layered_levels20-density0.02-skip0.005_n2000_dispersed_neg30_r1.json,db8a288d794db5ce050e308adcd57bdf87fd684ac97f8e72304f32de0dc23656,478340,244,,2000,324415.9961589882,245,generated,45568000,480215,0.000650045,0.742581686,8.600991452,205409860,0,,1,c2b70663836fbd3f,18.61682574400038,optimal,18.605443176,7.373017268,True
4892,493f6f942eca3576ac0253ad50581fbe0469e8e417d3f97011c676f7789871fd,44464785,"""instance""",0.000318829,"['taskset', '-c', '2', '<project>/build/release/pclp', 'solve', '--instance', '<project>/data/generated/gen_layered_levels20-density0.02-skip0.005_n2000_dispersed_neg30_r1.json', '--config', '<project>/experiments/runs/ablation/ea71ba73bb656995/resolved_config.json', '--output', '<project>/experiments/runs/ablation/ea71ba73bb656995/result.json']",False,sequential-canonicalization,389149,0.835305622,6.567745305,layered,0,0,1766,gen_layered_levels20-density0.02-skip0.005_n2000_dispersed_neg30_r1,data/generated/gen_layered_levels20-density0.02-skip0.005_n2000_dispersed_neg30_r1.json,db8a288d794db5ce050e308adcd57bdf87fd684ac97f8e72304f32de0dc23656,388041,244,,2000,324415.9961589882,245,generated,45568000,389562,0.000632435,0.466880503,0.672288205,125355651,0,,0,ea71ba73bb656995,6.575282631994924,optimal,6.563241459,4.178611232,True
4892,493f6f942eca3576ac0253ad50581fbe0469e8e417d3f97011c676f7789871fd,44464785,"""instance""",0.000306479,"['taskset', '-c', '2', '<project>/build/release/pclp', 'solve', '--instance', '<project>/data/generated/gen_layered_levels20-density0.02-skip0.005_n2000_dispersed_neg30_r1.json', '--config', '<project>/experiments/runs/ablation/749da4f98ead9939/resolved_config.json', '--output', '<project>/experiments/runs/ablation/749da4f98ead9939/result.json']",False,sequential-canonicalization,389149,0.881007111,6.748799698,layered,0,0,1766,gen_layered_levels20-density0.02-skip0.005_n2000_dispersed_neg30_r1,data/generated/gen_layered_levels20-density0.02-skip0.005_n2000_dispersed_neg30_r1.json,db8a288d794db5ce050e308adcd57bdf87fd684ac97f8e72304f32de0dc23656,388041,244,,2000,324415.9961589882,245,generated,45568000,389562,0.000672469,0.48317102300000003,0.696600719,125355651,0,,1,749da4f98ead9939,6.7549164239899255,optimal,6.744045567,4.259127777,True
4892,493f6f942eca3576ac0253ad50581fbe0469e8e417d3f97011c676f7789871fd,36807812,"""instance""",0.000257417,"['taskset', '-c', '2', '<project>/build/release/pclp', 'solve', '--instance', '<project>/data/generated/gen_layered_levels20-density0.02-skip0.005_n2000_dispersed_neg30_r1.json', '--config', '<project>/experiments/runs/ablation/1171bb1b647cd075/resolved_config.json', '--output', '<project>/experiments/runs/ablation/1171bb1b647cd075/result.json']",False,sink-initial-basis,252042,0.648566692,6.141901511,layered,0,0,1232,gen_layered_levels20-density0.02-skip0.005_n2000_dispersed_neg30_r1,data/generated/gen_layered_levels20-density0.02-skip0.005_n2000_dispersed_neg30_r1.json,db8a288d794db5ce050e308adcd57bdf87fd684ac97f8e72304f32de0dc23656,251883,244,,2000,324415.9961589882,245,generated,45568000,252870,0.000615139,0.357251088,0.49523005800000003,125911741,0,,0,1171bb1b647cd075,6.149529503003578,optimal,6.137521057,4.287165034,True
4892,493f6f942eca3576ac0253ad50581fbe0469e8e417d3f97011c676f7789871fd,36807812,"""instance""",0.000258679,"['taskset', '-c', '2', '<project>/build/release/pclp', 'solve', '--instance', '<project>/data/generated/gen_layered_levels20-density0.02-skip0.005_n2000_dispersed_neg30_r1.json', '--config', '<project>/experiments/runs/ablation/61a7c984a2cdeee0/resolved_config.json', '--output', '<project>/experiments/runs/ablation/61a7c984a2cdeee0/result.json']",False,sink-initial-basis,252042,0.671228388,6.133703116,layered,0,0,1232,gen_layered_levels20-density0.02-skip0.005_n2000_dispersed_neg30_r1,data/generated/gen_layered_levels20-density0.02-skip0.005_n2000_dispersed_neg30_r1.json,db8a288d794db5ce050e308adcd57bdf87fd684ac97f8e72304f32de0dc23656,251883,244,,2000,324415.9961589882,245,generated,45568000,252870,0.000682814,0.35537725,0.492440495,125911741,0,,1,61a7c984a2cdeee0,6.143675201004953,optimal,6.129137271,4.26303682,True
4892,493f6f942eca3576ac0253ad50581fbe0469e8e417d3f97011c676f7789871fd,44492131,"""instance""",0.000259415,"['taskset', '-c', '2', '<project>/build/release/pclp', 'solve', '--instance', '<project>/data/generated/gen_layered_levels20-density0.02-skip0.005_n2000_dispersed_neg30_r1.json', '--config', '<project>/experiments/runs/ablation/b65688cb708ed0d0/resolved_config.json', '--output', '<project>/experiments/runs/ablation/b65688cb708ed0d0/result.json']",False,with-transitive-reduction,394424,0.864529359,6.794674034,layered,0,0,1787,gen_layered_levels20-density0.02-skip0.005_n2000_dispersed_neg30_r1,data/generated/gen_layered_levels20-density0.02-skip0.005_n2000_dispersed_neg30_r1.json,db8a288d794db5ce050e308adcd57bdf87fd684ac97f8e72304f32de0dc23656,393308,244,,2000,324415.9961589882,245,generated,45568000,394850,0.000915638,0.47609218600000003,0.69403744,128699739,43,,0,b65688cb708ed0d0,6.803622831997927,optimal,6.789963677,4.316629116,True
4892,493f6f942eca3576ac0253ad50581fbe0469e8e417d3f97011c676f7789871fd,44492131,"""instance""",0.000255442,"['taskset', '-c', '2', '<project>/build/release/pclp', 'solve', '--instance', '<project>/data/generated/gen_layered_levels20-density0.02-skip0.005_n2000_dispersed_neg30_r1.json', '--config', '<project>/experiments/runs/ablation/43c37330e5c3e004/resolved_config.json', '--output', '<project>/experiments/runs/ablation/43c37330e5c3e004/result.json']",False,with-transitive-reduction,394424,0.866082772,6.831820536,layered,0,0,1787,gen_layered_levels20-density0.02-skip0.005_n2000_dispersed_neg30_r1,data/generated/gen_layered_levels20-density0.02-skip0.005_n2000_dispersed_neg30_r1.json,db8a288d794db5ce050e308adcd57bdf87fd684ac97f8e72304f32de0dc23656,393308,244,,2000,324415.9961589882,245,generated,45568000,394850,0.000944386,0.477345465,0.713203528,128699739,43,,1,43c37330e5c3e004,6.838737305995892,optimal,6.826663148,4.329789795,True
4804,493f6f942eca3576ac0253ad50581fbe0469e8e417d3f97011c676f7789871fd,881614114,"""instance""",0.0,"['taskset', '-c', '2', '<project>/build/release/pclp', 'solve', '--instance', '<project>/data/generated/gen_layered_levels20-density0.02-skip0.005_n2000_dispersed_neg30_r2.json', '--config', '<project>/experiments/runs/ablation/3e5ef864028ddea8/resolved_config.json', '--output', '<project>/experiments/runs/ablation/3e5ef864028ddea8/result.json']",False,bland-entering,499018,1.598225944,30.004091074,layered,0,0,2062,gen_layered_levels20-density0.02-skip0.005_n2000_dispersed_neg30_r2,data/generated/gen_layered_levels20-density0.02-skip0.005_n2000_dispersed_neg30_r2.json,cbd40cb9e4261cabaeb23c52f4da2adfae89d28e5b0f7b8fc9bf71fe90fb3b00,497375,111,residual oracle did not certify optimality,2000,0.0,112,generated,45568000,499325,0.000700138,6.577015258,11.379341718,243836293,0,,0,3e5ef864028ddea8,30.01032777200453,time_limit,30.00006207,9.777355623,False
4804,493f6f942eca3576ac0253ad50581fbe0469e8e417d3f97011c676f7789871fd,,"""instance""",,,,bland-entering,,,,layered,,,,gen_layered_levels20-density0.02-skip0.005_n2000_dispersed_neg30_r2,data/generated/gen_layered_levels20-density0.02-skip0.005_n2000_dispersed_neg30_r2.json,cbd40cb9e4261cabaeb23c52f4da2adfae89d28e5b0f7b8fc9bf71fe90fb3b00,,,residual oracle did not certify optimality,2000,,,generated,,,,,,,,True,1,0111109e06b903e3,30.01032777200453,time_limit,,,False
4804,493f6f942eca3576ac0253ad50581fbe0469e8e417d3f97011c676f7789871fd,858756555,"""instance""",0.0,"['taskset', '-c', '2', '<project>/build/release/pclp', 'solve', '--instance', '<project>/data/generated/gen_layered_levels20-density0.02-skip0.005_n2000_dispersed_neg30_r2.json', '--config', '<project>/experiments/runs/ablation/5e24773dbc0675b1/resolved_config.json', '--output', '<project>/experiments/runs/ablation/5e24773dbc0675b1/result.json']",False,close-degeneracy-trigger,497873,1.6121696859999999,30.004021829,layered,0,0,2058,gen_layered_levels20-density0.02-skip0.005_n2000_dispersed_neg30_r2,data/generated/gen_layered_levels20-density0.02-skip0.005_n2000_dispersed_neg30_r2.json,cbd40cb9e4261cabaeb23c52f4da2adfae89d28e5b0f7b8fc9bf71fe90fb3b00,496258,111,residual oracle did not certify optimality,2000,0.0,112,generated,45568000,498204,0.000645397,6.442563895,11.411628166,242728632,0,,0,5e24773dbc0675b1,30.010844807999092,time_limit,30.00009855,9.8594143,False
4804,493f6f942eca3576ac0253ad50581fbe0469e8e417d3f97011c676f7789871fd,,"""instance""",,,,close-degeneracy-trigger,,,,layered,,,,gen_layered_levels20-density0.02-skip0.005_n2000_dispersed_neg30_r2,data/generated/gen_layered_levels20-density0.02-skip0.005_n2000_dispersed_neg30_r2.json,cbd40cb9e4261cabaeb23c52f4da2adfae89d28e5b0f7b8fc9bf71fe90fb3b00,,,residual oracle did not certify optimality,2000,,,generated,,,,,,,,True,1,29a056eedf6c4694,30.010844807999092,time_limit,,,False
4804,493f6f942eca3576ac0253ad50581fbe0469e8e417d3f97011c676f7789871fd,33724350,"""instance""",0.000252948,"['taskset', '-c', '2', '<project>/build/release/pclp', 'solve', '--instance', '<project>/data/generated/gen_layered_levels20-density0.02-skip0.005_n2000_dispersed_neg30_r2.json', '--config', '<project>/experiments/runs/ablation/e9fdd5667ef5db24/resolved_config.json', '--output', '<project>/experiments/runs/ablation/e9fdd5667ef5db24/result.json']",False,forest-tuned,289903,0.713851657,5.983986671,layered,0,0,1304,gen_layered_levels20-density0.02-skip0.005_n2000_dispersed_neg30_r2,data/generated/gen_layered_levels20-density0.02-skip0.005_n2000_dispersed_neg30_r2.json,cbd40cb9e4261cabaeb23c52f4da2adfae89d28e5b0f7b8fc9bf71fe90fb3b00,289130,170,,2000,14175.711982856385,171,generated,45568000,290263,0.000681445,0.37706570300000003,0.573409923,114162678,0,,0,e9fdd5667ef5db24,5.990570007998031,optimal,5.979186188,3.950007314,True
4804,493f6f942eca3576ac0253ad50581fbe0469e8e417d3f97011c676f7789871fd,33724350,"""instance""",0.000254222,"['taskset', '-c', '2', '<project>/build/release/pclp', 'solve', '--instance', '<project>/data/generated/gen_layered_levels20-density0.02-skip0.005_n2000_dispersed_neg30_r2.json', '--config', '<project>/experiments/runs/ablation/d857dad3f6e7e8fe/resolved_config.json', '--output', '<project>/experiments/runs/ablation/d857dad3f6e7e8fe/result.json']",False,forest-tuned,289903,0.711473353,5.953304059,layered,0,0,1304,gen_layered_levels20-density0.02-skip0.005_n2000_dispersed_neg30_r2,data/generated/gen_layered_levels20-density0.02-skip0.005_n2000_dispersed_neg30_r2.json,cbd40cb9e4261cabaeb23c52f4da2adfae89d28e5b0f7b8fc9bf71fe90fb3b00,289130,170,,2000,14175.711982856385,171,generated,45568000,290263,0.000687145,0.376579951,0.573756096,114162678,0,,1,d857dad3f6e7e8fe,5.961562573007541,optimal,5.94888592,3.922138844,True
4804,493f6f942eca3576ac0253ad50581fbe0469e8e417d3f97011c676f7789871fd,527253871,"""instance""",0.000251124,"['taskset', '-c', '2', '<project>/build/release/pclp', 'solve', '--instance', '<project>/data/generated/gen_layered_levels20-density0.02-skip0.005_n2000_dispersed_neg30_r2.json', '--config', '<project>/experiments/runs/ablation/3439ca719a67f73e/resolved_config.json', '--output', '<project>/experiments/runs/ablation/3439ca719a67f73e/result.json']",False,full-pricing,295698,1.425543582,14.772160996,layered,0,0,1332,gen_layered_levels20-density0.02-skip0.005_n2000_dispersed_neg30_r2,data/generated/gen_layered_levels20-density0.02-skip0.005_n2000_dispersed_neg30_r2.json,cbd40cb9e4261cabaeb23c52f4da2adfae89d28e5b0f7b8fc9bf71fe90fb3b00,296122,170,,2000,14175.711982856385,171,generated,45568000,297283,0.000646911,5.320423523,1.103466315,182765046,0,,0,3439ca719a67f73e,14.7811893360049,optimal,14.767771373,6.463895781,True
4804,493f6f942eca3576ac0253ad50581fbe0469e8e417d3f97011c676f7789871fd,527253871,"""instance""",0.000253711,"['taskset', '-c', '2', '<project>/build/release/pclp', 'solve', '--instance', '<project>/data/generated/gen_layered_levels20-density0.02-skip0.005_n2000_dispersed_neg30_r2.json', '--config', '<project>/experiments/runs/ablation/c4b0414fcc6357a7/resolved_config.json', '--output', '<project>/experiments/runs/ablation/c4b0414fcc6357a7/result.json']",False,full-pricing,295698,1.377636314,14.219965357,layered,0,0,1332,gen_layered_levels20-density0.02-skip0.005_n2000_dispersed_neg30_r2,data/generated/gen_layered_levels20-density0.02-skip0.005_n2000_dispersed_neg30_r2.json,cbd40cb9e4261cabaeb23c52f4da2adfae89d28e5b0f7b8fc9bf71fe90fb3b00,296122,170,,2000,14175.711982856385,171,generated,45568000,297283,0.000575705,4.9825657770000005,1.05991677,182765046,0,,1,c4b0414fcc6357a7,14.228026053999201,optimal,14.215826909,6.352963401,True
4804,493f6f942eca3576ac0253ad50581fbe0469e8e417d3f97011c676f7789871fd,48896382,"""instance""",0.000271025,"['taskset', '-c', '2', '<project>/build/release/pclp', 'solve', '--instance', '<project>/data/generated/gen_layered_levels20-density0.02-skip0.005_n2000_dispersed_neg30_r2.json', '--config', '<project>/experiments/runs/ablation/de67010cbef392b2/resolved_config.json', '--output', '<project>/experiments/runs/ablation/de67010cbef392b2/result.json']",False,no-early-ratio-test,319149,0.96815973,14.066447278,layered,0,0,1419,gen_layered_levels20-density0.02-skip0.005_n2000_dispersed_neg30_r2,data/generated/gen_layered_levels20-density0.02-skip0.005_n2000_dispersed_neg30_r2.json,cbd40cb9e4261cabaeb23c52f4da2adfae89d28e5b0f7b8fc9bf71fe90fb3b00,318266,170,,2000,14175.711982856385,171,generated,45568000,319514,0.000582358,0.48832953,6.337534212,147438919,0,,0,de67010cbef392b2,14.074023067994858,optimal,14.062264182,5.846834859,True
4804,493f6f942eca3576ac0253ad50581fbe0469e8e417d3f97011c676f7789871fd,48896382,"""instance""",0.00026196,"['taskset', '-c', '2', '<project>/build/release/pclp', 'solve', '--instance', '<project>/data/generated/gen_layered_levels20-density0.02-skip0.005_n2000_dispersed_neg30_r2.json', '--config', '<project>/experiments/runs/ablation/275a3c4fe32c39cf/resolved_config.json', '--output', '<project>/experiments/runs/ablation/275a3c4fe32c39cf/result.json']",False,no-early-ratio-test,319149,0.939129403,14.045661325,layered,0,0,1419,gen_layered_levels20-density0.02-skip0.005_n2000_dispersed_neg30_r2,data/generated/gen_layered_levels20-density0.02-skip0.005_n2000_dispersed_neg30_r2.json,cbd40cb9e4261cabaeb23c52f4da2adfae89d28e5b0f7b8fc9bf71fe90fb3b00,318266,170,,2000,14175.711982856385,171,generated,45568000,319514,0.000596987,0.489510932,6.334020829,147438919,0,,1,275a3c4fe32c39cf,14.051836124999681,optimal,14.041470042,5.856449658,True
4804,493f6f942eca3576ac0253ad50581fbe0469e8e417d3f97011c676f7789871fd,33724350,"""instance""",0.000279923,"['taskset', '-c', '2', '<project>/build/release/pclp', 'solve', '--instance', '<project>/data/generated/gen_layered_levels20-density0.02-skip0.005_n2000_dispersed_neg30_r2.json', '--config', '<project>/experiments/runs/ablation/98af7ca12ab7fca0/resolved_config.json', '--output', '<project>/experiments/runs/ablation/98af7ca12ab7fca0/result.json']",False,no-local-update,289903,0.716230919,15.947679587,layered,0,0,290434,gen_layered_levels20-density0.02-skip0.005_n2000_dispersed_neg30_r2,data/generated/gen_layered_levels20-density0.02-skip0.005_n2000_dispersed_neg30_r2.json,cbd40cb9e4261cabaeb23c52f4da2adfae89d28e5b0f7b8fc9bf71fe90fb3b00,0,170,,2000,14175.711982856385,171,generated,45568000,290263,0.000629092,0.365327566,0.573595289,511911274,0,,0,98af7ca12ab7fca0,15.955839268004638,optimal,15.940071621,13.933384935,True
4804,493f6f942eca3576ac0253ad50581fbe0469e8e417d3f97011c676f7789871fd,33724350,"""instance""",0.00028524,"['taskset', '-c', '2', '<project>/build/release/pclp', 'solve', '--instance', '<project>/data/generated/gen_layered_levels20-density0.02-skip0.005_n2000_dispersed_neg30_r2.json', '--config', '<project>/experiments/runs/ablation/8c3cf12c4606e58f/resolved_config.json', '--output', '<project>/experiments/runs/ablation/8c3cf12c4606e58f/result.json']",False,no-local-update,289903,0.697479299,15.957786858,layered,0,0,290434,gen_layered_levels20-density0.02-skip0.005_n2000_dispersed_neg30_r2,data/generated/gen_layered_levels20-density0.02-skip0.005_n2000_dispersed_neg30_r2.json,cbd40cb9e4261cabaeb23c52f4da2adfae89d28e5b0f7b8fc9bf71fe90fb3b00,0,170,,2000,14175.711982856385,171,generated,45568000,290263,0.000642111,0.365597515,0.565133199,511911274,0,,1,8c3cf12c4606e58f,15.96501690299192,optimal,15.953405044,13.971101024,True
4804,493f6f942eca3576ac0253ad50581fbe0469e8e417d3f97011c676f7789871fd,48896382,"""instance""",0.000250004,"['taskset', '-c', '2', '<project>/build/release/pclp', 'solve', '--instance', '<project>/data/generated/gen_layered_levels20-density0.02-skip0.005_n2000_dispersed_neg30_r2.json', '--config', '<project>/experiments/runs/ablation/dd72bc5e510b5a84/resolved_config.json', '--output', '<project>/experiments/runs/ablation/dd72bc5e510b5a84/result.json']",False,no-restricted-ratio-test,319149,0.876708079,12.985754915,layered,0,0,1419,gen_layered_levels20-density0.02-skip0.005_n2000_dispersed_neg30_r2,data/generated/gen_layered_levels20-density0.02-skip0.005_n2000_dispersed_neg30_r2.json,cbd40cb9e4261cabaeb23c52f4da2adfae89d28e5b0f7b8fc9bf71fe90fb3b00,318266,170,,2000,14175.711982856385,171,generated,45568000,319514,0.000608187,0.488694653,5.785488679,147438919,0,,0,dd72bc5e510b5a84,12.993150173002505,optimal,12.981432553,5.410288187,True
4804,493f6f942eca3576ac0253ad50581fbe0469e8e417d3f97011c676f7789871fd,48896382,"""instance""",0.000255034,"['taskset', '-c', '2', '<project>/build/release/pclp', 'solve', '--instance', '<project>/data/generated/gen_layered_levels20-density0.02-skip0.005_n2000_dispersed_neg30_r2.json', '--config', '<project>/experiments/runs/ablation/53efe8743aa696e0/resolved_config.json', '--output', '<project>/experiments/runs/ablation/53efe8743aa696e0/result.json']",False,no-restricted-ratio-test,319149,0.850031111,12.782599039,layered,0,0,1419,gen_layered_levels20-density0.02-skip0.005_n2000_dispersed_neg30_r2,data/generated/gen_layered_levels20-density0.02-skip0.005_n2000_dispersed_neg30_r2.json,cbd40cb9e4261cabaeb23c52f4da2adfae89d28e5b0f7b8fc9bf71fe90fb3b00,318266,170,,2000,14175.711982856385,171,generated,45568000,319514,0.000649964,0.478699542,5.694292869,147438919,0,,1,53efe8743aa696e0,12.790475902991602,optimal,12.778058777,5.339034471,True
4804,493f6f942eca3576ac0253ad50581fbe0469e8e417d3f97011c676f7789871fd,45733421,"""instance""",0.000282096,"['taskset', '-c', '2', '<project>/build/release/pclp', 'solve', '--instance', '<project>/data/generated/gen_layered_levels20-density0.02-skip0.005_n2000_dispersed_neg30_r2.json', '--config', '<project>/experiments/runs/ablation/7f9469dc00e63370/resolved_config.json', '--output', '<project>/experiments/runs/ablation/7f9469dc00e63370/result.json']",False,sequential-canonicalization,427809,0.9693536890000001,7.147614711,layered,0,0,1923,gen_layered_levels20-density0.02-skip0.005_n2000_dispersed_neg30_r2,data/generated/gen_layered_levels20-density0.02-skip0.005_n2000_dispersed_neg30_r2.json,cbd40cb9e4261cabaeb23c52f4da2adfae89d28e5b0f7b8fc9bf71fe90fb3b00,426614,170,,2000,14175.711982856385,251,generated,45568000,428286,0.000653719,0.500263732,0.748958447,131337457,0,,0,7f9469dc00e63370,7.15580962599779,optimal,7.143147732,4.4703892,True
4804,493f6f942eca3576ac0253ad50581fbe0469e8e417d3f97011c676f7789871fd,45733421,"""instance""",0.000303649,"['taskset', '-c', '2', '<project>/build/release/pclp', 'solve', '--instance', '<project>/data/generated/gen_layered_levels20-density0.02-skip0.005_n2000_dispersed_neg30_r2.json', '--config', '<project>/experiments/runs/ablation/11fd9719b2fde1b2/resolved_config.json', '--output', '<project>/experiments/runs/ablation/11fd9719b2fde1b2/result.json']",False,sequential-canonicalization,427809,1.017551671,7.591774305,layered,0,0,1923,gen_layered_levels20-density0.02-skip0.005_n2000_dispersed_neg30_r2,data/generated/gen_layered_levels20-density0.02-skip0.005_n2000_dispersed_neg30_r2.json,cbd40cb9e4261cabaeb23c52f4da2adfae89d28e5b0f7b8fc9bf71fe90fb3b00,426614,170,,2000,14175.711982856385,251,generated,45568000,428286,0.000623136,0.525051703,0.805773047,131337457,0,,1,11fd9719b2fde1b2,7.599250925006345,optimal,7.584452221,4.769060899,True
4804,493f6f942eca3576ac0253ad50581fbe0469e8e417d3f97011c676f7789871fd,34280904,"""instance""",0.000250104,"['taskset', '-c', '2', '<project>/build/release/pclp', 'solve', '--instance', '<project>/data/generated/gen_layered_levels20-density0.02-skip0.005_n2000_dispersed_neg30_r2.json', '--config', '<project>/experiments/runs/ablation/94688bab96d81786/resolved_config.json', '--output', '<project>/experiments/runs/ablation/94688bab96d81786/result.json']",False,sink-initial-basis,238241,0.73607155,6.402161106,layered,0,0,1104,gen_layered_levels20-density0.02-skip0.005_n2000_dispersed_neg30_r2,data/generated/gen_layered_levels20-density0.02-skip0.005_n2000_dispersed_neg30_r2.json,cbd40cb9e4261cabaeb23c52f4da2adfae89d28e5b0f7b8fc9bf71fe90fb3b00,237918,170,,2000,14175.711982856385,171,generated,45568000,238851,0.000853152,0.38806741100000003,0.57011478,122813906,0,,0,94688bab96d81786,6.4099577509914525,optimal,6.395167014,4.358858431,True
4804,493f6f942eca3576ac0253ad50581fbe0469e8e417d3f97011c676f7789871fd,34280904,"""instance""",0.00024686,"['taskset', '-c', '2', '<project>/build/release/pclp', 'solve', '--instance', '<project>/data/generated/gen_layered_levels20-density0.02-skip0.005_n2000_dispersed_neg30_r2.json', '--config', '<project>/experiments/runs/ablation/8405fecadeeaf25b/resolved_config.json', '--output', '<project>/experiments/runs/ablation/8405fecadeeaf25b/result.json']",False,sink-initial-basis,238241,0.656431259,6.271228175,layered,0,0,1104,gen_layered_levels20-density0.02-skip0.005_n2000_dispersed_neg30_r2,data/generated/gen_layered_levels20-density0.02-skip0.005_n2000_dispersed_neg30_r2.json,cbd40cb9e4261cabaeb23c52f4da2adfae89d28e5b0f7b8fc9bf71fe90fb3b00,237918,170,,2000,14175.711982856385,171,generated,45568000,238851,0.000660182,0.347485917,0.492445667,122813906,0,,1,8405fecadeeaf25b,6.27843864299939,optimal,6.266800848,4.437647574,True
4804,493f6f942eca3576ac0253ad50581fbe0469e8e417d3f97011c676f7789871fd,33883317,"""instance""",0.000248671,"['taskset', '-c', '2', '<project>/build/release/pclp', 'solve', '--instance', '<project>/data/generated/gen_layered_levels20-density0.02-skip0.005_n2000_dispersed_neg30_r2.json', '--config', '<project>/experiments/runs/ablation/92ebd5203f632030/resolved_config.json', '--output', '<project>/experiments/runs/ablation/92ebd5203f632030/result.json']",False,with-transitive-reduction,289285,0.744272133,6.136325607,layered,0,0,1302,gen_layered_levels20-density0.02-skip0.005_n2000_dispersed_neg30_r2,data/generated/gen_layered_levels20-density0.02-skip0.005_n2000_dispersed_neg30_r2.json,cbd40cb9e4261cabaeb23c52f4da2adfae89d28e5b0f7b8fc9bf71fe90fb3b00,288541,170,,2000,14175.711982856385,171,generated,45568000,289672,0.000888739,0.38350978,0.596173944,115049409,40,,0,92ebd5203f632030,6.143740781000815,optimal,6.131930695,4.03685628,True
4804,493f6f942eca3576ac0253ad50581fbe0469e8e417d3f97011c676f7789871fd,33883317,"""instance""",0.000250607,"['taskset', '-c', '2', '<project>/build/release/pclp', 'solve', '--instance', '<project>/data/generated/gen_layered_levels20-density0.02-skip0.005_n2000_dispersed_neg30_r2.json', '--config', '<project>/experiments/runs/ablation/664fb8be3a525acf/resolved_config.json', '--output', '<project>/experiments/runs/ablation/664fb8be3a525acf/result.json']",False,with-transitive-reduction,289285,0.798208915,6.718338348,layered,0,0,1302,gen_layered_levels20-density0.02-skip0.005_n2000_dispersed_neg30_r2,data/generated/gen_layered_levels20-density0.02-skip0.005_n2000_dispersed_neg30_r2.json,cbd40cb9e4261cabaeb23c52f4da2adfae89d28e5b0f7b8fc9bf71fe90fb3b00,288541,170,,2000,14175.711982856385,171,generated,45568000,289672,0.00103944,0.440846647,0.723559885,115049409,40,,1,664fb8be3a525acf,6.725733343992033,optimal,6.714149799,4.361708198,True
5977,493f6f942eca3576ac0253ad50581fbe0469e8e417d3f97011c676f7789871fd,402958328,"""instance""",0.000281091,"['taskset', '-c', '2', '<project>/build/release/pclp', 'solve', '--instance', '<project>/data/generated/gen_sparse_degree3_n2000_dispersed_neg30_r0.json', '--config', '<project>/experiments/runs/ablation/824e4f75a025f74e/resolved_config.json', '--output', '<project>/experiments/runs/ablation/824e4f75a025f74e/result.json']",False,bland-entering,271356,0.540835826,10.805500335,sparse,0,0,1344,gen_sparse_degree3_n2000_dispersed_neg30_r0,data/generated/gen_sparse_degree3_n2000_dispersed_neg30_r0.json,07f04a9ab9d9cbc13e8ce55612c8b4558230e60d2774c6af4e662347e9445212,270799,282,,2000,24405.823160331383,283,generated,45568000,271860,0.000591224,2.746132826,3.631131754,98482433,0,,0,824e4f75a025f74e,10.81252992300142,optimal,10.80061557,3.565328382,True
5977,493f6f942eca3576ac0253ad50581fbe0469e8e417d3f97011c676f7789871fd,402958328,"""instance""",0.000282538,"['taskset', '-c', '2', '<project>/build/release/pclp', 'solve', '--instance', '<project>/data/generated/gen_sparse_degree3_n2000_dispersed_neg30_r0.json', '--config', '<project>/experiments/runs/ablation/c744da47be84a6b8/resolved_config.json', '--output', '<project>/experiments/runs/ablation/c744da47be84a6b8/result.json']",False,bland-entering,271356,0.55218836,11.41368484,sparse,0,0,1344,gen_sparse_degree3_n2000_dispersed_neg30_r0,data/generated/gen_sparse_degree3_n2000_dispersed_neg30_r0.json,07f04a9ab9d9cbc13e8ce55612c8b4558230e60d2774c6af4e662347e9445212,270799,282,,2000,24405.823160331383,283,generated,45568000,271860,0.000614224,2.899989606,3.82793305,98482433,0,,1,c744da47be84a6b8,11.421913523998228,optimal,11.408761027,3.799896217,True
5977,493f6f942eca3576ac0253ad50581fbe0469e8e417d3f97011c676f7789871fd,410024115,"""instance""",0.000280319,"['taskset', '-c', '2', '<project>/build/release/pclp', 'solve', '--instance', '<project>/data/generated/gen_sparse_degree3_n2000_dispersed_neg30_r0.json', '--config', '<project>/experiments/runs/ablation/1250bd9564203f1e/resolved_config.json', '--output', '<project>/experiments/runs/ablation/1250bd9564203f1e/result.json']",False,close-degeneracy-trigger,284370,0.55891526,11.520473831,sparse,0,0,1395,gen_sparse_degree3_n2000_dispersed_neg30_r0,data/generated/gen_sparse_degree3_n2000_dispersed_neg30_r0.json,07f04a9ab9d9cbc13e8ce55612c8b4558230e60d2774c6af4e662347e9445212,283787,282,,2000,24405.823160331383,283,generated,45568000,284899,0.000648513,2.811268537,3.691487947,117289120,0,,0,1250bd9564203f1e,11.530801058994257,optimal,11.515374244,4.105717482,True
5977,493f6f942eca3576ac0253ad50581fbe0469e8e417d3f97011c676f7789871fd,410024115,"""instance""",0.00028602,"['taskset', '-c', '2', '<project>/build/release/pclp', 'solve', '--instance', '<project>/data/generated/gen_sparse_degree3_n2000_dispersed_neg30_r0.json', '--config', '<project>/experiments/runs/ablation/13005e9a97010de2/resolved_config.json', '--output', '<project>/experiments/runs/ablation/13005e9a97010de2/result.json']",False,close-degeneracy-trigger,284370,0.585190366,11.774506313,sparse,0,0,1395,gen_sparse_degree3_n2000_dispersed_neg30_r0,data/generated/gen_sparse_degree3_n2000_dispersed_neg30_r0.json,07f04a9ab9d9cbc13e8ce55612c8b4558230e60d2774c6af4e662347e9445212,283787,282,,2000,24405.823160331383,283,generated,45568000,284899,0.000591642,2.849630146,3.75683983,117289120,0,,1,13005e9a97010de2,11.780982873999164,optimal,11.769498815,4.222642664,True
5977,493f6f942eca3576ac0253ad50581fbe0469e8e417d3f97011c676f7789871fd,10300430,"""instance""",0.000329275,"['taskset', '-c', '2', '<project>/build/release/pclp', 'solve', '--instance', '<project>/data/generated/gen_sparse_degree3_n2000_dispersed_neg30_r0.json', '--config', '<project>/experiments/runs/ablation/34e0492d1a9d93cb/resolved_config.json', '--output', '<project>/experiments/runs/ablation/34e0492d1a9d93cb/result.json']",False,forest-tuned,133984,0.213643968,1.321721359,sparse,0,0,809,gen_sparse_degree3_n2000_dispersed_neg30_r0,data/generated/gen_sparse_degree3_n2000_dispersed_neg30_r0.json,07f04a9ab9d9cbc13e8ce55612c8b4558230e60d2774c6af4e662347e9445212,134304,282,,2000,24405.823160331383,283,generated,45568000,134830,0.000591991,0.126671924,0.211063197,15203115,0,,0,34e0492d1a9d93cb,1.3292079300008481,optimal,1.316043349,0.638372328,True
5977,493f6f942eca3576ac0253ad50581fbe0469e8e417d3f97011c676f7789871fd,10300430,"""instance""",0.000315229,"['taskset', '-c', '2', '<project>/build/release/pclp', 'solve', '--instance', '<project>/data/generated/gen_sparse_degree3_n2000_dispersed_neg30_r0.json', '--config', '<project>/experiments/runs/ablation/8af106e65fc6549f/resolved_config.json', '--output', '<project>/experiments/runs/ablation/8af106e65fc6549f/result.json']",False,forest-tuned,133984,0.212251394,1.296148529,sparse,0,0,809,gen_sparse_degree3_n2000_dispersed_neg30_r0,data/generated/gen_sparse_degree3_n2000_dispersed_neg30_r0.json,07f04a9ab9d9cbc13e8ce55612c8b4558230e60d2774c6af4e662347e9445212,134304,282,,2000,24405.823160331383,283,generated,45568000,134830,0.000540019,0.122178311,0.204378744,15203115,0,,1,8af106e65fc6549f,1.303213646999211,optimal,1.291260811,0.629602955,True
5977,493f6f942eca3576ac0253ad50581fbe0469e8e417d3f97011c676f7789871fd,156671997,"""instance""",0.000290541,"['taskset', '-c', '2', '<project>/build/release/pclp', 'solve', '--instance', '<project>/data/generated/gen_sparse_degree3_n2000_dispersed_neg30_r0.json', '--config', '<project>/experiments/runs/ablation/5ce3842d477ad9aa/resolved_config.json', '--output', '<project>/experiments/runs/ablation/5ce3842d477ad9aa/result.json']",False,full-pricing,135580,0.221484888,2.470748332,sparse,0,0,816,gen_sparse_degree3_n2000_dispersed_neg30_r0,data/generated/gen_sparse_degree3_n2000_dispersed_neg30_r0.json,07f04a9ab9d9cbc13e8ce55612c8b4558230e60d2774c6af4e662347e9445212,136155,282,,2000,24405.823160331383,283,generated,45568000,136688,0.000619359,1.266436601,0.219695542,15958791,0,,0,5ce3842d477ad9aa,2.481003110995516,optimal,2.46576305,0.6434118440000001,True
5977,493f6f942eca3576ac0253ad50581fbe0469e8e417d3f97011c676f7789871fd,156671997,"""instance""",0.000280352,"['taskset', '-c', '2', '<project>/build/release/pclp', 'solve', '--instance', '<project>/data/generated/gen_sparse_degree3_n2000_dispersed_neg30_r0.json', '--config', '<project>/experiments/runs/ablation/c7cb8a64c20964c0/resolved_config.json', '--output', '<project>/experiments/runs/ablation/c7cb8a64c20964c0/result.json']",False,full-pricing,135580,0.23153978,2.58032268,sparse,0,0,816,gen_sparse_degree3_n2000_dispersed_neg30_r0,data/generated/gen_sparse_degree3_n2000_dispersed_neg30_r0.json,07f04a9ab9d9cbc13e8ce55612c8b4558230e60d2774c6af4e662347e9445212,136155,282,,2000,24405.823160331383,283,generated,45568000,136688,0.000510169,1.331859588,0.229391493,15958791,0,,1,c7cb8a64c20964c0,2.5876198220066726,optimal,2.575569676,0.66187291,True
5977,493f6f942eca3576ac0253ad50581fbe0469e8e417d3f97011c676f7789871fd,11916015,"""instance""",0.000454688,"['taskset', '-c', '2', '<project>/build/release/pclp', 'solve', '--instance', '<project>/data/generated/gen_sparse_degree3_n2000_dispersed_neg30_r0.json', '--config', '<project>/experiments/runs/ablation/8df603116b837f0d/resolved_config.json', '--output', '<project>/experiments/runs/ablation/8df603116b837f0d/result.json']",False,no-early-ratio-test,138458,0.298517129,3.127509026,sparse,0,0,827,gen_sparse_degree3_n2000_dispersed_neg30_r0,data/generated/gen_sparse_degree3_n2000_dispersed_neg30_r0.json,07f04a9ab9d9cbc13e8ce55612c8b4558230e60d2774c6af4e662347e9445212,138748,282,,2000,24405.823160331383,283,generated,45568000,139292,0.000605636,0.200354394,1.505207961,18511549,0,,0,8df603116b837f0d,3.135279131005518,optimal,3.122088844,0.95863996,True
5977,493f6f942eca3576ac0253ad50581fbe0469e8e417d3f97011c676f7789871fd,11916015,"""instance""",0.000311798,"['taskset', '-c', '2', '<project>/build/release/pclp', 'solve', '--instance', '<project>/data/generated/gen_sparse_degree3_n2000_dispersed_neg30_r0.json', '--config', '<project>/experiments/runs/ablation/63637ea67a9fe301/resolved_config.json', '--output', '<project>/experiments/runs/ablation/63637ea67a9fe301/result.json']",False,no-early-ratio-test,138458,0.25266059,2.640979606,sparse,0,0,827,gen_sparse_degree3_n2000_dispersed_neg30_r0,data/generated/gen_sparse_degree3_n2000_dispersed_neg30_r0.json,07f04a9ab9d9cbc13e8ce55612c8b4558230e60d2774c6af4e662347e9445212,138748,282,,2000,24405.823160331383,283,generated,45568000,139292,0.000836431,0.161223148,1.240401433,18511549,0,,1,63637ea67a9fe301,2.6492661499942187,optimal,2.633398107,0.840800084,True
5977,493f6f942eca3576ac0253ad50581fbe0469e8e417d3f97011c676f7789871fd,10300430,"""instance""",0.000318084,"['taskset', '-c', '2', '<project>/build/release/pclp', 'solve', '--instance', '<project>/data/generated/gen_sparse_degree3_n2000_dispersed_neg30_r0.json', '--config', '<project>/experiments/runs/ablation/bc09db853b6ff7da/resolved_config.json', '--output', '<project>/experiments/runs/ablation/bc09db853b6ff7da/result.json']",False,no-local-update,133984,0.190911047,4.442910854,sparse,0,0,135113,gen_sparse_degree3_n2000_dispersed_neg30_r0,data/generated/gen_sparse_degree3_n2000_dispersed_neg30_r0.json,07f04a9ab9d9cbc13e8ce55612c8b4558230e60d2774c6af4e662347e9445212,0,282,,2000,24405.823160331383,283,generated,45568000,134830,0.000584236,0.114729511,0.202620425,153903913,0,,0,bc09db853b6ff7da,4.450509624992264,optimal,4.43768549,3.814333203,True
5977,493f6f942eca3576ac0253ad50581fbe0469e8e417d3f97011c676f7789871fd,10300430,"""instance""",0.000305411,"['taskset', '-c', '2', '<project>/build/release/pclp', 'solve', '--instance', '<project>/data/generated/gen_sparse_degree3_n2000_dispersed_neg30_r0.json', '--config', '<project>/experiments/runs/ablation/197bc543884ffbe7/resolved_config.json', '--output', '<project>/experiments/runs/ablation/197bc543884ffbe7/result.json']",False,no-local-update,133984,0.189968588,4.547287002,sparse,0,0,135113,gen_sparse_degree3_n2000_dispersed_neg30_r0,data/generated/gen_sparse_degree3_n2000_dispersed_neg30_r0.json,07f04a9ab9d9cbc13e8ce55612c8b4558230e60d2774c6af4e662347e9445212,0,282,,2000,24405.823160331383,283,generated,45568000,134830,0.000486464,0.11717825800000001,0.20566613,153903913,0,,1,197bc543884ffbe7,4.55568250399665,optimal,4.542460849,3.913066751,True
5977,493f6f942eca3576ac0253ad50581fbe0469e8e417d3f97011c676f7789871fd,11916015,"""instance""",0.000332137,"['taskset', '-c', '2', '<project>/build/release/pclp', 'solve', '--instance', '<project>/data/generated/gen_sparse_degree3_n2000_dispersed_neg30_r0.json', '--config', '<project>/experiments/runs/ablation/008c5e7e2e5fab6f/resolved_config.json', '--output', '<project>/experiments/runs/ablation/008c5e7e2e5fab6f/result.json']",False,no-restricted-ratio-test,138458,0.232526644,2.401586053,sparse,0,0,827,gen_sparse_degree3_n2000_dispersed_neg30_r0,data/generated/gen_sparse_degree3_n2000_dispersed_neg30_r0.json,07f04a9ab9d9cbc13e8ce55612c8b4558230e60d2774c6af4e662347e9445212,138748,282,,2000,24405.823160331383,283,generated,45568000,139292,0.00056893,0.135989723,1.095957678,18511549,0,,0,008c5e7e2e5fab6f,2.4077514660020825,optimal,2.396476705,0.800287172,True
5977,493f6f942eca3576ac0253ad50581fbe0469e8e417d3f97011c676f7789871fd,11916015,"""instance""",0.000306643,"['taskset', '-c', '2', '<project>/build/release/pclp', 'solve', '--instance', '<project>/data/generated/gen_sparse_degree3_n2000_dispersed_neg30_r0.json', '--config', '<project>/experiments/runs/ablation/33d5efb6de41509e/resolved_config.json', '--output', '<project>/experiments/runs/ablation/33d5efb6de41509e/result.json']",False,no-restricted-ratio-test,138458,0.253940374,2.616475497,sparse,0,0,827,gen_sparse_degree3_n2000_dispersed_neg30_r0,data/generated/gen_sparse_degree3_n2000_dispersed_neg30_r0.json,07f04a9ab9d9cbc13e8ce55612c8b4558230e60d2774c6af4e662347e9445212,138748,282,,2000,24405.823160331383,283,generated,45568000,139292,0.000652697,0.146791388,1.227870198,18511549,0,,1,33d5efb6de41509e,2.622323381001479,optimal,2.610871956,0.849307162,True
5977,493f6f942eca3576ac0253ad50581fbe0469e8e417d3f97011c676f7789871fd,10312836,"""instance""",0.00034428,"['taskset', '-c', '2', '<project>/build/release/pclp', 'solve', '--instance', '<project>/data/generated/gen_sparse_degree3_n2000_dispersed_neg30_r0.json', '--config', '<project>/experiments/runs/ablation/d816859364ed08d9/resolved_config.json', '--output', '<project>/experiments/runs/ablation/d816859364ed08d9/result.json']",False,sequential-canonicalization,134220,0.203842216,1.288258657,sparse,0,0,811,gen_sparse_degree3_n2000_dispersed_neg30_r0,data/generated/gen_sparse_degree3_n2000_dispersed_neg30_r0.json,07f04a9ab9d9cbc13e8ce55612c8b4558230e60d2774c6af4e662347e9445212,134540,282,,2000,24405.823160331383,284,generated,45568000,135067,0.000618795,0.123771733,0.20661528,15207217,0,,0,d816859364ed08d9,1.2964569089963334,optimal,1.283189034,0.63086502,True
5977,493f6f942eca3576ac0253ad50581fbe0469e8e417d3f97011c676f7789871fd,10312836,"""instance""",0.000352874,"['taskset', '-c', '2', '<project>/build/release/pclp', 'solve', '--instance', '<project>/data/generated/gen_sparse_degree3_n2000_dispersed_neg30_r0.json', '--config', '<project>/experiments/runs/ablation/6b3e5886fda13bca/resolved_config.json', '--output', '<project>/experiments/runs/ablation/6b3e5886fda13bca/result.json']",False,sequential-canonicalization,134220,0.212831267,1.318651703,sparse,0,0,811,gen_sparse_degree3_n2000_dispersed_neg30_r0,data/generated/gen_sparse_degree3_n2000_dispersed_neg30_r0.json,07f04a9ab9d9cbc13e8ce55612c8b4558230e60d2774c6af4e662347e9445212,134540,282,,2000,24405.823160331383,284,generated,45568000,135067,0.000601313,0.125576085,0.209324372,15207217,0,,1,6b3e5886fda13bca,1.3262086210015696,optimal,1.313574464,0.645845767,True
5977,493f6f942eca3576ac0253ad50581fbe0469e8e417d3f97011c676f7789871fd,9543513,"""instance""",0.000334625,"['taskset', '-c', '2', '<project>/build/release/pclp', 'solve', '--instance', '<project>/data/generated/gen_sparse_degree3_n2000_dispersed_neg30_r0.json', '--config', '<project>/experiments/runs/ablation/c8e4d18143fe3c86/resolved_config.json', '--output', '<project>/experiments/runs/ablation/c8e4d18143fe3c86/result.json']",False,sink-initial-basis,96631,0.173610508,1.103403746,sparse,0,0,665,gen_sparse_degree3_n2000_dispersed_neg30_r0,data/generated/gen_sparse_degree3_n2000_dispersed_neg30_r0.json,07f04a9ab9d9cbc13e8ce55612c8b4558230e60d2774c6af4e662347e9445212,97639,282,,2000,24405.823160331383,283,generated,45568000,98021,0.00056363,0.099919141,0.135955663,15455762,0,,0,c8e4d18143fe3c86,1.110885153990239,optimal,1.098539032,0.603377561,True
5977,493f6f942eca3576ac0253ad50581fbe0469e8e417d3f97011c676f7789871fd,9543513,"""instance""",0.000341498,"['taskset', '-c', '2', '<project>/build/release/pclp', 'solve', '--instance', '<project>/data/generated/gen_sparse_degree3_n2000_dispersed_neg30_r0.json', '--config', '<project>/experiments/runs/ablation/b4b7e8becdd8927b/resolved_config.json', '--output', '<project>/experiments/runs/ablation/b4b7e8becdd8927b/result.json']",False,sink-initial-basis,96631,0.18320440699999999,1.133489285,sparse,0,0,665,gen_sparse_degree3_n2000_dispersed_neg30_r0,data/generated/gen_sparse_degree3_n2000_dispersed_neg30_r0.json,07f04a9ab9d9cbc13e8ce55612c8b4558230e60d2774c6af4e662347e9445212,97639,282,,2000,24405.823160331383,283,generated,45568000,98021,0.000575896,0.101671408,0.138446279,15455762,0,,1,b4b7e8becdd8927b,1.14054198100348,optimal,1.128402148,0.617923197,True
5977,493f6f942eca3576ac0253ad50581fbe0469e8e417d3f97011c676f7789871fd,10941382,"""instance""",0.000322001,"['taskset', '-c', '2', '<project>/build/release/pclp', 'solve', '--instance', '<project>/data/generated/gen_sparse_degree3_n2000_dispersed_neg30_r0.json', '--config', '<project>/experiments/runs/ablation/40f5e2f9465b2857/resolved_config.json', '--output', '<project>/experiments/runs/ablation/40f5e2f9465b2857/result.json']",False,with-transitive-reduction,134987,0.186573024,1.181372202,sparse,0,0,811,gen_sparse_degree3_n2000_dispersed_neg30_r0,data/generated/gen_sparse_degree3_n2000_dispersed_neg30_r0.json,07f04a9ab9d9cbc13e8ce55612c8b4558230e60d2774c6af4e662347e9445212,134867,282,,2000,24405.823160331383,283,generated,45568000,135395,0.000935249,0.132463977,0.19754576,12379609,947,,0,40f5e2f9465b2857,1.1885905340022873,optimal,1.176427573,0.534374333,True
5977,493f6f942eca3576ac0253ad50581fbe0469e8e417d3f97011c676f7789871fd,10941382,"""instance""",0.00033593,"['taskset', '-c', '2', '<project>/build/release/pclp', 'solve', '--instance', '<project>/data/generated/gen_sparse_degree3_n2000_dispersed_neg30_r0.json', '--config', '<project>/experiments/runs/ablation/e90394c43585c42a/resolved_config.json', '--output', '<project>/experiments/runs/ablation/e90394c43585c42a/result.json']",False,with-transitive-reduction,134987,0.189450505,1.184116561,sparse,0,0,811,gen_sparse_degree3_n2000_dispersed_neg30_r0,data/generated/gen_sparse_degree3_n2000_dispersed_neg30_r0.json,07f04a9ab9d9cbc13e8ce55612c8b4558230e60d2774c6af4e662347e9445212,134867,282,,2000,24405.823160331383,283,generated,45568000,135395,0.000943623,0.133043704,0.197990238,12379609,947,,1,e90394c43585c42a,1.1905973450047895,optimal,1.179121525,0.5325172499999999,True
5967,493f6f942eca3576ac0253ad50581fbe0469e8e417d3f97011c676f7789871fd,334174850,"""instance""",0.000284927,"['taskset', '-c', '2', '<project>/build/release/pclp', 'solve', '--instance', '<project>/data/generated/gen_sparse_degree3_n2000_dispersed_neg30_r1.json', '--config', '<project>/experiments/runs/ablation/19b395b0d6494efa/resolved_config.json', '--output', '<project>/experiments/runs/ablation/19b395b0d6494efa/result.json']",False,bland-entering,223703,0.521934972,9.33736971,sparse,0,0,1134,gen_sparse_degree3_n2000_dispersed_neg30_r1,data/generated/gen_sparse_degree3_n2000_dispersed_neg30_r1.json,bf17aeb5706708f42fba87b787ad283a9945a9f73dc6800bdef411f3a91e5bb1,223316,258,,2000,340470.39182430913,259,generated,45568000,224191,0.000592881,2.333719883,3.198119577,82266806,0,,0,19b395b0d6494efa,9.344721326007857,optimal,9.33216644,3.0068309660000003,True
5967,493f6f942eca3576ac0253ad50581fbe0469e8e417d3f97011c676f7789871fd,334174850,"""instance""",0.000303954,"['taskset', '-c', '2', '<project>/build/release/pclp', 'solve', '--instance', '<project>/data/generated/gen_sparse_degree3_n2000_dispersed_neg30_r1.json', '--config', '<project>/experiments/runs/ablation/666c7277f99e13c0/resolved_config.json', '--output', '<project>/experiments/runs/ablation/666c7277f99e13c0/result.json']",False,bland-entering,223703,0.535571043,9.167784126,sparse,0,0,1134,gen_sparse_degree3_n2000_dispersed_neg30_r1,data/generated/gen_sparse_degree3_n2000_dispersed_neg30_r1.json,bf17aeb5706708f42fba87b787ad283a9945a9f73dc6800bdef411f3a91e5bb1,223316,258,,2000,340470.39182430913,259,generated,45568000,224191,0.000572978,2.283642336,3.115878738,82266806,0,,1,666c7277f99e13c0,9.174078944997746,optimal,9.162516893,2.960898465,True
5967,493f6f942eca3576ac0253ad50581fbe0469e8e417d3f97011c676f7789871fd,400137550,"""instance""",0.00029793,"['taskset', '-c', '2', '<project>/build/release/pclp', 'solve', '--instance', '<project>/data/generated/gen_sparse_degree3_n2000_dispersed_neg30_r1.json', '--config', '<project>/experiments/runs/ablation/d59de070a1c64cab/resolved_config.json', '--output', '<project>/experiments/runs/ablation/d59de070a1c64cab/result.json']",False,close-degeneracy-trigger,262693,0.797670205,14.324658894,sparse,0,0,1287,gen_sparse_degree3_n2000_dispersed_neg30_r1,data/generated/gen_sparse_degree3_n2000_dispersed_neg30_r1.json,bf17aeb5706708f42fba87b787ad283a9945a9f73dc6800bdef411f3a91e5bb1,262212,258,,2000,340470.39182430913,259,generated,45568000,263240,0.000620007,3.086085911,4.484854137,145464817,0,,0,d59de070a1c64cab,14.33102731499821,optimal,14.319325826,5.560550763,True
5967,493f6f942eca3576ac0253ad50581fbe0469e8e417d3f97011c676f7789871fd,400137550,"""instance""",0.000280051,"['taskset', '-c', '2', '<project>/build/release/pclp', 'solve', '--instance', '<project>/data/generated/gen_sparse_degree3_n2000_dispersed_neg30_r1.json', '--config', '<project>/experiments/runs/ablation/130b72dc9df79917/resolved_config.json', '--output', '<project>/experiments/runs/ablation/130b72dc9df79917/result.json']",False,close-degeneracy-trigger,262693,0.798239625,13.852287302,sparse,0,0,1287,gen_sparse_degree3_n2000_dispersed_neg30_r1,data/generated/gen_sparse_degree3_n2000_dispersed_neg30_r1.json,bf17aeb5706708f42fba87b787ad283a9945a9f73dc6800bdef411f3a91e5bb1,262212,258,,2000,340470.39182430913,259,generated,45568000,263240,0.00056045,2.971617678,4.357206251,145464817,0,,1,130b72dc9df79917,13.859743717999663,optimal,13.847168998,5.342991704,True
5967,493f6f942eca3576ac0253ad50581fbe0469e8e417d3f97011c676f7789871fd,8353314,"""instance""",0.000325291,"['taskset', '-c', '2', '<project>/build/release/pclp', 'solve', '--instance', '<project>/data/generated/gen_sparse_degree3_n2000_dispersed_neg30_r1.json', '--config', '<project>/experiments/runs/ablation/64a4297e041735bc/resolved_config.json', '--output', '<project>/experiments/runs/ablation/64a4297e041735bc/result.json']",False,forest-tuned,97511,0.17138982,1.267929425,sparse,0,0,642,gen_sparse_degree3_n2000_dispersed_neg30_r1,data/generated/gen_sparse_degree3_n2000_dispersed_neg30_r1.json,bf17aeb5706708f42fba87b787ad283a9945a9f73dc6800bdef411f3a91e5bb1,97855,258,,2000,340470.39182430913,259,generated,45568000,98238,0.000652109,0.096888745,0.167372149,17237583,0,,0,64a4297e041735bc,1.2750036000070395,optimal,1.262085112,0.721402049,True
5967,493f6f942eca3576ac0253ad50581fbe0469e8e417d3f97011c676f7789871fd,8353314,"""instance""",0.000328559,"['taskset', '-c', '2', '<project>/build/release/pclp', 'solve', '--instance', '<project>/data/generated/gen_sparse_degree3_n2000_dispersed_neg30_r1.json', '--config', '<project>/experiments/runs/ablation/7729a6b2b2158bc1/resolved_config.json', '--output', '<project>/experiments/runs/ablation/7729a6b2b2158bc1/result.json']",False,forest-tuned,97511,0.178099284,1.288593077,sparse,0,0,642,gen_sparse_degree3_n2000_dispersed_neg30_r1,data/generated/gen_sparse_degree3_n2000_dispersed_neg30_r1.json,bf17aeb5706708f42fba87b787ad283a9945a9f73dc6800bdef411f3a91e5bb1,97855,258,,2000,340470.39182430913,259,generated,45568000,98238,0.000578534,0.097545265,0.165982375,17237583,0,,1,7729a6b2b2158bc1,1.2981852829980198,optimal,1.283373075,0.7366084940000001,True
5967,493f6f942eca3576ac0253ad50581fbe0469e8e417d3f97011c676f7789871fd,90970432,"""instance""",0.00032686,"['taskset', '-c', '2', '<project>/build/release/pclp', 'solve', '--instance', '<project>/data/generated/gen_sparse_degree3_n2000_dispersed_neg30_r1.json', '--config', '<project>/experiments/runs/ablation/299e738cd2c9e1f6/resolved_config.json', '--output', '<project>/experiments/runs/ablation/299e738cd2c9e1f6/result.json']",False,full-pricing,88543,0.180016974,1.825713296,sparse,0,0,607,gen_sparse_degree3_n2000_dispersed_neg30_r1,data/generated/gen_sparse_degree3_n2000_dispersed_neg30_r1.json,bf17aeb5706708f42fba87b787ad283a9945a9f73dc6800bdef411f3a91e5bb1,88790,258,,2000,340470.39182430913,259,generated,45568000,89138,0.000531958,0.830753557,0.172325594,12086706,0,,0,299e738cd2c9e1f6,1.8328133879986126,optimal,1.820806089,0.548781287,True
5967,493f6f942eca3576ac0253ad50581fbe0469e8e417d3f97011c676f7789871fd,90970432,"""instance""",0.000330315,"['taskset', '-c', '2', '<project>/build/release/pclp', 'solve', '--instance', '<project>/data/generated/gen_sparse_degree3_n2000_dispersed_neg30_r1.json', '--config', '<project>/experiments/runs/ablation/934d937a781b9100/resolved_config.json', '--output', '<project>/experiments/runs/ablation/934d937a781b9100/result.json']",False,full-pricing,88543,0.181896086,1.845903116,sparse,0,0,607,gen_sparse_degree3_n2000_dispersed_neg30_r1,data/generated/gen_sparse_degree3_n2000_dispersed_neg30_r1.json,bf17aeb5706708f42fba87b787ad283a9945a9f73dc6800bdef411f3a91e5bb1,88790,258,,2000,340470.39182430913,259,generated,45568000,89138,0.000562179,0.844343391,0.171688083,12086706,0,,1,934d937a781b9100,1.853648319010972,optimal,1.840399408,0.552167998,True
5967,493f6f942eca3576ac0253ad50581fbe0469e8e417d3f97011c676f7789871fd,9844383,"""instance""",0.000475853,"['taskset', '-c', '2', '<project>/build/release/pclp', 'solve', '--instance', '<project>/data/generated/gen_sparse_degree3_n2000_dispersed_neg30_r1.json', '--config', '<project>/experiments/runs/ablation/e89d6bccbd79f6ff/resolved_config.json', '--output', '<project>/experiments/runs/ablation/e89d6bccbd79f6ff/result.json']",False,no-early-ratio-test,98630,0.200402404,2.298017211,sparse,0,0,646,gen_sparse_degree3_n2000_dispersed_neg30_r1,data/generated/gen_sparse_degree3_n2000_dispersed_neg30_r1.json,bf17aeb5706708f42fba87b787ad283a9945a9f73dc6800bdef411f3a91e5bb1,98768,258,,2000,340470.39182430913,259,generated,45568000,99155,0.000588863,0.143325268,1.005926326,16838976,0,,0,e89d6bccbd79f6ff,2.3057554320112104,optimal,2.292513467,0.820018966,True
5967,493f6f942eca3576ac0253ad50581fbe0469e8e417d3f97011c676f7789871fd,9844383,"""instance""",0.000348715,"['taskset', '-c', '2', '<project>/build/release/pclp', 'solve', '--instance', '<project>/data/generated/gen_sparse_degree3_n2000_dispersed_neg30_r1.json', '--config', '<project>/experiments/runs/ablation/7caba0553716adf5/resolved_config.json', '--output', '<project>/experiments/runs/ablation/7caba0553716adf5/result.json']",False,no-early-ratio-test,98630,0.165701253,1.914593817,sparse,0,0,646,gen_sparse_degree3_n2000_dispersed_neg30_r1,data/generated/gen_sparse_degree3_n2000_dispersed_neg30_r1.json,bf17aeb5706708f42fba87b787ad283a9945a9f73dc6800bdef411f3a91e5bb1,98768,258,,2000,340470.39182430913,259,generated,45568000,99155,0.000817256,0.108465931,0.78915107,16838976,0,,1,7caba0553716adf5,1.9220384609943721,optimal,1.906629838,0.7378717109999999,True
5967,493f6f942eca3576ac0253ad50581fbe0469e8e417d3f97011c676f7789871fd,8353314,"""instance""",0.000282131,"['taskset', '-c', '2', '<project>/build/release/pclp', 'solve', '--instance', '<project>/data/generated/gen_sparse_degree3_n2000_dispersed_neg30_r1.json', '--config', '<project>/experiments/runs/ablation/a5cc60379e278200/resolved_config.json', '--output', '<project>/experiments/runs/ablation/a5cc60379e278200/result.json']",False,no-local-update,97511,0.164567215,3.284461771,sparse,0,0,98497,gen_sparse_degree3_n2000_dispersed_neg30_r1,data/generated/gen_sparse_degree3_n2000_dispersed_neg30_r1.json,bf17aeb5706708f42fba87b787ad283a9945a9f73dc6800bdef411f3a91e5bb1,0,258,,2000,340470.39182430913,259,generated,45568000,98238,0.000553078,0.0900011,0.162562331,106082512,0,,0,a5cc60379e278200,3.290786343990476,optimal,3.279222599,2.765484537,True
5967,493f6f942eca3576ac0253ad50581fbe0469e8e417d3f97011c676f7789871fd,8353314,"""instance""",0.000293844,"['taskset', '-c', '2', '<project>/build/release/pclp', 'solve', '--instance', '<project>/data/generated/gen_sparse_degree3_n2000_dispersed_neg30_r1.json', '--config', '<project>/experiments/runs/ablation/c20dec127e15b25d/resolved_config.json', '--output', '<project>/experiments/runs/ablation/c20dec127e15b25d/result.json']",False,no-local-update,97511,0.170162403,3.348123854,sparse,0,0,98497,gen_sparse_degree3_n2000_dispersed_neg30_r1,data/generated/gen_sparse_degree3_n2000_dispersed_neg30_r1.json,bf17aeb5706708f42fba87b787ad283a9945a9f73dc6800bdef411f3a91e5bb1,0,258,,2000,340470.39182430913,259,generated,45568000,98238,0.000594641,0.091596967,0.163131403,106082512,0,,1,c20dec127e15b25d,3.3559489479957847,optimal,3.342921269,2.820142607,True
5967,493f6f942eca3576ac0253ad50581fbe0469e8e417d3f97011c676f7789871fd,9844383,"""instance""",0.000334164,"['taskset', '-c', '2', '<project>/build/release/pclp', 'solve', '--instance', '<project>/data/generated/gen_sparse_degree3_n2000_dispersed_neg30_r1.json', '--config', '<project>/experiments/runs/ablation/f4aef18236cf5122/resolved_config.json', '--output', '<project>/experiments/runs/ablation/f4aef18236cf5122/result.json']",False,no-restricted-ratio-test,98630,0.16119948,1.886434672,sparse,0,0,646,gen_sparse_degree3_n2000_dispersed_neg30_r1,data/generated/gen_sparse_degree3_n2000_dispersed_neg30_r1.json,bf17aeb5706708f42fba87b787ad283a9945a9f73dc6800bdef411f3a91e5bb1,98768,258,,2000,340470.39182430913,259,generated,45568000,99155,0.000631476,0.10582248,0.788031214,16838976,0,,0,f4aef18236cf5122,1.9000542150024557,optimal,1.880575235,0.721578011,True
5967,493f6f942eca3576ac0253ad50581fbe0469e8e417d3f97011c676f7789871fd,9844383,"""instance""",0.000374366,"['taskset', '-c', '2', '<project>/build/release/pclp', 'solve', '--instance', '<project>/data/generated/gen_sparse_degree3_n2000_dispersed_neg30_r1.json', '--config', '<project>/experiments/runs/ablation/fa8e46cee7bf11ee/resolved_config.json', '--output', '<project>/experiments/runs/ablation/fa8e46cee7bf11ee/result.json']",False,no-restricted-ratio-test,98630,0.167418859,1.91529099,sparse,0,0,646,gen_sparse_degree3_n2000_dispersed_neg30_r1,data/generated/gen_sparse_degree3_n2000_dispersed_neg30_r1.json,bf17aeb5706708f42fba87b787ad283a9945a9f73dc6800bdef411f3a91e5bb1,98768,258,,2000,340470.39182430913,259,generated,45568000,99155,0.000559076,0.108833956,0.802028699,16838976,0,,1,fa8e46cee7bf11ee,1.9235448949912097,optimal,1.910323467,0.724053548,True
5967,493f6f942eca3576ac0253ad50581fbe0469e8e417d3f97011c676f7789871fd,8353314,"""instance""",0.000375244,"['taskset', '-c', '2', '<project>/build/release/pclp', 'solve', '--instance', '<project>/data/generated/gen_sparse_degree3_n2000_dispersed_neg30_r1.json', '--config', '<project>/experiments/runs/ablation/0573c281f4505dbb/resolved_config.json', '--output', '<project>/experiments/runs/ablation/0573c281f4505dbb/result.json']",False,sequential-canonicalization,97511,0.174622511,1.261210871,sparse,0,0,642,gen_sparse_degree3_n2000_dispersed_neg30_r1,data/generated/gen_sparse_degree3_n2000_dispersed_neg30_r1.json,bf17aeb5706708f42fba87b787ad283a9945a9f73dc6800bdef411f3a91e5bb1,97855,258,,2000,340470.39182430913,259,generated,45568000,98238,0.00059171,0.100529132,0.168960914,17237583,0,,0,0573c281f4505dbb,1.2689302539947676,optimal,1.256122747,0.708137167,True
5967,493f6f942eca3576ac0253ad50581fbe0469e8e417d3f97011c676f7789871fd,8353314,"""instance""",0.000347093,"['taskset', '-c', '2', '<project>/build/release/pclp', 'solve', '--instance', '<project>/data/generated/gen_sparse_degree3_n2000_dispersed_neg30_r1.json', '--config', '<project>/experiments/runs/ablation/9502422be0127ce5/resolved_config.json', '--output', '<project>/experiments/runs/ablation/9502422be0127ce5/result.json']",False,sequential-canonicalization,97511,0.169227548,1.236049068,sparse,0,0,642,gen_sparse_degree3_n2000_dispersed_neg30_r1,data/generated/gen_sparse_degree3_n2000_dispersed_neg30_r1.json,bf17aeb5706708f42fba87b787ad283a9945a9f73dc6800bdef411f3a91e5bb1,97855,258,,2000,340470.39182430913,259,generated,45568000,98238,0.000610117,0.095411516,0.16242178,17237583,0,,1,9502422be0127ce5,1.243626758994651,optimal,1.230673713,0.705120329,True
5967,493f6f942eca3576ac0253ad50581fbe0469e8e417d3f97011c676f7789871fd,9153577,"""instance""",0.000346567,"['taskset', '-c', '2', '<project>/build/release/pclp', 'solve', '--instance', '<project>/data/generated/gen_sparse_degree3_n2000_dispersed_neg30_r1.json', '--config', '<project>/experiments/runs/ablation/0db5e04640d8d03e/resolved_config.json', '--output', '<project>/experiments/runs/ablation/0db5e04640d8d03e/result.json']",False,sink-initial-basis,77013,0.125600773,0.881889824,sparse,0,0,563,gen_sparse_degree3_n2000_dispersed_neg30_r1,data/generated/gen_sparse_degree3_n2000_dispersed_neg30_r1.json,bf17aeb5706708f42fba87b787ad283a9945a9f73dc6800bdef411f3a91e5bb1,77586,258,,2000,340470.39182430913,259,generated,45568000,77890,0.000602344,0.0937011,0.099290822,12652423,0,,0,0db5e04640d8d03e,0.8907686559978174,optimal,0.876659708,0.485759171,True
5967,493f6f942eca3576ac0253ad50581fbe0469e8e417d3f97011c676f7789871fd,9153577,"""instance""",0.000350566,"['taskset', '-c', '2', '<project>/build/release/pclp', 'solve', '--instance', '<project>/data/generated/gen_sparse_degree3_n2000_dispersed_neg30_r1.json', '--config', '<project>/experiments/runs/ablation/5a463c271add1a44/resolved_config.json', '--output', '<project>/experiments/runs/ablation/5a463c271add1a44/result.json']",False,sink-initial-basis,77013,0.126180815,0.86975996,sparse,0,0,563,gen_sparse_degree3_n2000_dispersed_neg30_r1,data/generated/gen_sparse_degree3_n2000_dispersed_neg30_r1.json,bf17aeb5706708f42fba87b787ad283a9945a9f73dc6800bdef411f3a91e5bb1,77586,258,,2000,340470.39182430913,259,generated,45568000,77890,0.000547365,0.092502685,0.098085368,12652423,0,,1,5a463c271add1a44,0.8775068279937841,optimal,0.864442763,0.476021909,True
5967,493f6f942eca3576ac0253ad50581fbe0469e8e417d3f97011c676f7789871fd,8051820,"""instance""",0.000326645,"['taskset', '-c', '2', '<project>/build/release/pclp', 'solve', '--instance', '<project>/data/generated/gen_sparse_degree3_n2000_dispersed_neg30_r1.json', '--config', '<project>/experiments/runs/ablation/ef1ce464296742d5/resolved_config.json', '--output', '<project>/experiments/runs/ablation/ef1ce464296742d5/result.json']",False,with-transitive-reduction,94439,0.135605089,0.959404326,sparse,0,0,628,gen_sparse_degree3_n2000_dispersed_neg30_r1,data/generated/gen_sparse_degree3_n2000_dispersed_neg30_r1.json,bf17aeb5706708f42fba87b787ad283a9945a9f73dc6800bdef411f3a91e5bb1,94343,258,,2000,340470.39182430913,259,generated,45568000,94712,0.000990543,0.104165755,0.137417185,10629633,923,,0,ef1ce464296742d5,0.9649532440089388,optimal,0.953639998,0.47830112799999996,True
5967,493f6f942eca3576ac0253ad50581fbe0469e8e417d3f97011c676f7789871fd,8051820,"""instance""",0.000345248,"['taskset', '-c', '2', '<project>/build/release/pclp', 'solve', '--instance', '<project>/data/generated/gen_sparse_degree3_n2000_dispersed_neg30_r1.json', '--config', '<project>/experiments/runs/ablation/291f6ecb540bd298/resolved_config.json', '--output', '<project>/experiments/runs/ablation/291f6ecb540bd298/result.json']",False,with-transitive-reduction,94439,0.131072439,0.896298831,sparse,0,0,628,gen_sparse_degree3_n2000_dispersed_neg30_r1,data/generated/gen_sparse_degree3_n2000_dispersed_neg30_r1.json,bf17aeb5706708f42fba87b787ad283a9945a9f73dc6800bdef411f3a91e5bb1,94343,258,,2000,340470.39182430913,259,generated,45568000,94712,0.000892217,0.094814395,0.129369247,10629633,923,,1,291f6ecb540bd298,0.9037643109913915,optimal,0.891180954,0.439388756,True
5975,493f6f942eca3576ac0253ad50581fbe0469e8e417d3f97011c676f7789871fd,520154598,"""instance""",0.000277337,"['taskset', '-c', '2', '<project>/build/release/pclp', 'solve', '--instance', '<project>/data/generated/gen_sparse_degree3_n2000_dispersed_neg30_r2.json', '--config', '<project>/experiments/runs/ablation/955ae5f1dc87e9fe/resolved_config.json', '--output', '<project>/experiments/runs/ablation/955ae5f1dc87e9fe/result.json']",False,bland-entering,320655,1.118417806,19.315248298,sparse,0,0,1477,gen_sparse_degree3_n2000_dispersed_neg30_r2,data/generated/gen_sparse_degree3_n2000_dispersed_neg30_r2.json,4d3f1bd4ad094c67d209eddde78ab0fab8c9a897d1bca818a659453c9b0d63aa,319993,222,,2000,16786.826054774243,223,generated,45568000,321247,0.000618871,3.466719158,8.216710093,171037008,0,,0,955ae5f1dc87e9fe,19.325933847008855,optimal,19.309985743,6.057593574,True
5975,493f6f942eca3576ac0253ad50581fbe0469e8e417d3f97011c676f7789871fd,520154598,"""instance""",0.000272873,"['taskset', '-c', '2', '<project>/build/release/pclp', 'solve', '--instance', '<project>/data/generated/gen_sparse_degree3_n2000_dispersed_neg30_r2.json', '--config', '<project>/experiments/runs/ablation/c869d8d013520cb6/resolved_config.json', '--output', '<project>/experiments/runs/ablation/c869d8d013520cb6/result.json']",False,bland-entering,320655,1.129630033,19.576369096,sparse,0,0,1477,gen_sparse_degree3_n2000_dispersed_neg30_r2,data/generated/gen_sparse_degree3_n2000_dispersed_neg30_r2.json,4d3f1bd4ad094c67d209eddde78ab0fab8c9a897d1bca818a659453c9b0d63aa,319993,222,,2000,16786.826054774243,223,generated,45568000,321247,0.000565964,3.520836148,8.344599278,171037008,0,,1,c869d8d013520cb6,19.583739045003313,optimal,19.571359418,6.120624724,True
5975,493f6f942eca3576ac0253ad50581fbe0469e8e417d3f97011c676f7789871fd,511272427,"""instance""",0.000284493,"['taskset', '-c', '2', '<project>/build/release/pclp', 'solve', '--instance', '<project>/data/generated/gen_sparse_degree3_n2000_dispersed_neg30_r2.json', '--config', '<project>/experiments/runs/ablation/40bfc48b4123a492/resolved_config.json', '--output', '<project>/experiments/runs/ablation/40bfc48b4123a492/result.json']",False,close-degeneracy-trigger,323673,0.979881071,17.090153965,sparse,0,0,1489,gen_sparse_degree3_n2000_dispersed_neg30_r2,data/generated/gen_sparse_degree3_n2000_dispersed_neg30_r2.json,4d3f1bd4ad094c67d209eddde78ab0fab8c9a897d1bca818a659453c9b0d63aa,323081,222,,2000,16786.826054774243,223,generated,45568000,324347,0.000538313,3.710614323,5.682344317,176593473,0,,0,40bfc48b4123a492,17.0979090059991,optimal,17.085062042,6.243792978,True
5975,493f6f942eca3576ac0253ad50581fbe0469e8e417d3f97011c676f7789871fd,511272427,"""instance""",0.00028346,"['taskset', '-c', '2', '<project>/build/release/pclp', 'solve', '--instance', '<project>/data/generated/gen_sparse_degree3_n2000_dispersed_neg30_r2.json', '--config', '<project>/experiments/runs/ablation/e661613ea68d0d72/resolved_config.json', '--output', '<project>/experiments/runs/ablation/e661613ea68d0d72/result.json']",False,close-degeneracy-trigger,323673,0.966294043,16.906049492,sparse,0,0,1489,gen_sparse_degree3_n2000_dispersed_neg30_r2,data/generated/gen_sparse_degree3_n2000_dispersed_neg30_r2.json,4d3f1bd4ad094c67d209eddde78ab0fab8c9a897d1bca818a659453c9b0d63aa,323081,222,,2000,16786.826054774243,223,generated,45568000,324347,0.000543857,3.667674572,5.6427783289999995,176593473,0,,1,e661613ea68d0d72,16.91327275999356,optimal,16.901074413,6.161790175,True
5975,493f6f942eca3576ac0253ad50581fbe0469e8e417d3f97011c676f7789871fd,6953032,"""instance""",0.000326176,"['taskset', '-c', '2', '<project>/build/release/pclp', 'solve', '--instance', '<project>/data/generated/gen_sparse_degree3_n2000_dispersed_neg30_r2.json', '--config', '<project>/experiments/runs/ablation/256055550a048d6c/resolved_config.json', '--output', '<project>/experiments/runs/ablation/256055550a048d6c/result.json']",False,forest-tuned,102703,0.16005914400000001,1.01695425,sparse,0,0,627,gen_sparse_degree3_n2000_dispersed_neg30_r2,data/generated/gen_sparse_degree3_n2000_dispersed_neg30_r2.json,4d3f1bd4ad094c67d209eddde78ab0fab8c9a897d1bca818a659453c9b0d63aa,103026,222,,2000,16786.826054774243,223,generated,45568000,103430,0.000609709,0.086619737,0.150882863,11864654,0,,0,256055550a048d6c,1.024744341004407,optimal,1.011216893,0.516486205,True
5975,493f6f942eca3576ac0253ad50581fbe0469e8e417d3f97011c676f7789871fd,6953032,"""instance""",0.000361495,"['taskset', '-c', '2', '<project>/build/release/pclp', 'solve', '--instance', '<project>/data/generated/gen_sparse_degree3_n2000_dispersed_neg30_r2.json', '--config', '<project>/experiments/runs/ablation/c13206750450e9bc/resolved_config.json', '--output', '<project>/experiments/runs/ablation/c13206750450e9bc/result.json']",False,forest-tuned,102703,0.160198536,1.035309886,sparse,0,0,627,gen_sparse_degree3_n2000_dispersed_neg30_r2,data/generated/gen_sparse_degree3_n2000_dispersed_neg30_r2.json,4d3f1bd4ad094c67d209eddde78ab0fab8c9a897d1bca818a659453c9b0d63aa,103026,222,,2000,16786.826054774243,223,generated,45568000,103430,0.000553773,0.090391835,0.156589003,11864654,0,,1,c13206750450e9bc,1.0423609989957185,optimal,1.030143792,0.521423712,True
5975,493f6f942eca3576ac0253ad50581fbe0469e8e417d3f97011c676f7789871fd,97907787,"""instance""",0.000317649,"['taskset', '-c', '2', '<project>/build/release/pclp', 'solve', '--instance', '<project>/data/generated/gen_sparse_degree3_n2000_dispersed_neg30_r2.json', '--config', '<project>/experiments/runs/ablation/c6eee6d945b54d49/resolved_config.json', '--output', '<project>/experiments/runs/ablation/c6eee6d945b54d49/result.json']",False,full-pricing,97471,0.14527156,1.541956025,sparse,0,0,605,gen_sparse_degree3_n2000_dispersed_neg30_r2,data/generated/gen_sparse_degree3_n2000_dispersed_neg30_r2.json,4d3f1bd4ad094c67d209eddde78ab0fab8c9a897d1bca818a659453c9b0d63aa,97572,222,,2000,16786.826054774243,223,generated,45568000,97954,0.000569076,0.855578944,0.135586507,7101400,0,,0,c6eee6d945b54d49,1.5494748780038208,optimal,1.53666931,0.312029754,True
5975,493f6f942eca3576ac0253ad50581fbe0469e8e417d3f97011c676f7789871fd,97907787,"""instance""",0.000341433,"['taskset', '-c', '2', '<project>/build/release/pclp', 'solve', '--instance', '<project>/data/generated/gen_sparse_degree3_n2000_dispersed_neg30_r2.json', '--config', '<project>/experiments/runs/ablation/8b9b636cf6326a0a/resolved_config.json', '--output', '<project>/experiments/runs/ablation/8b9b636cf6326a0a/result.json']",False,full-pricing,97471,0.142368936,1.551183864,sparse,0,0,605,gen_sparse_degree3_n2000_dispersed_neg30_r2,data/generated/gen_sparse_degree3_n2000_dispersed_neg30_r2.json,4d3f1bd4ad094c67d209eddde78ab0fab8c9a897d1bca818a659453c9b0d63aa,97572,222,,2000,16786.826054774243,223,generated,45568000,97954,0.000582386,0.853947907,0.136391138,7101400,0,,1,8b9b636cf6326a0a,1.558202992004226,optimal,1.545083241,0.324779462,True
5975,493f6f942eca3576ac0253ad50581fbe0469e8e417d3f97011c676f7789871fd,7554243,"""instance""",0.000318916,"['taskset', '-c', '2', '<project>/build/release/pclp', 'solve', '--instance', '<project>/data/generated/gen_sparse_degree3_n2000_dispersed_neg30_r2.json', '--config', '<project>/experiments/runs/ablation/89ac54b073afcb2d/resolved_config.json', '--output', '<project>/experiments/runs/ablation/89ac54b073afcb2d/result.json']",False,no-early-ratio-test,102199,0.141519425,1.461916237,sparse,0,0,624,gen_sparse_degree3_n2000_dispersed_neg30_r2,data/generated/gen_sparse_degree3_n2000_dispersed_neg30_r2.json,4d3f1bd4ad094c67d209eddde78ab0fab8c9a897d1bca818a659453c9b0d63aa,102317,222,,2000,16786.826054774243,223,generated,45568000,102718,0.000618075,0.092033252,0.64474871,10745176,0,,0,89ac54b073afcb2d,1.4686840299982578,optimal,1.456830177,0.48238998,True
5975,493f6f942eca3576ac0253ad50581fbe0469e8e417d3f97011c676f7789871fd,7554243,"""instance""",0.000319119,"['taskset', '-c', '2', '<project>/build/release/pclp', 'solve', '--instance', '<project>/data/generated/gen_sparse_degree3_n2000_dispersed_neg30_r2.json', '--config', '<project>/experiments/runs/ablation/d3ddec658e1d873e/resolved_config.json', '--output', '<project>/experiments/runs/ablation/d3ddec658e1d873e/result.json']",False,no-early-ratio-test,102199,0.146486993,1.464835167,sparse,0,0,624,gen_sparse_degree3_n2000_dispersed_neg30_r2,data/generated/gen_sparse_degree3_n2000_dispersed_neg30_r2.json,4d3f1bd4ad094c67d209eddde78ab0fab8c9a897d1bca818a659453c9b0d63aa,102317,222,,2000,16786.826054774243,223,generated,45568000,102718,0.000585169,0.09279935,0.646399136,10745176,0,,1,d3ddec658e1d873e,1.4718619729974307,optimal,1.459806432,0.477617026,True
5975,493f6f942eca3576ac0253ad50581fbe0469e8e417d3f97011c676f7789871fd,6953032,"""instance""",0.00027261,"['taskset', '-c', '2', '<project>/build/release/pclp', 'solve', '--instance', '<project>/data/generated/gen_sparse_degree3_n2000_dispersed_neg30_r2.json', '--config', '<project>/experiments/runs/ablation/45ff271874d4bb1e/resolved_config.json', '--output', '<project>/experiments/runs/ablation/45ff271874d4bb1e/result.json']",False,no-local-update,102703,0.143730907,3.193113618,sparse,0,0,103653,gen_sparse_degree3_n2000_dispersed_neg30_r2,data/generated/gen_sparse_degree3_n2000_dispersed_neg30_r2.json,4d3f1bd4ad094c67d209eddde78ab0fab8c9a897d1bca818a659453c9b0d63aa,0,222,,2000,16786.826054774243,223,generated,45568000,103430,0.00052396,0.082026437,0.149528464,104629850,0,,0,45ff271874d4bb1e,3.200108563993126,optimal,3.18816705,2.721974674,True
5975,493f6f942eca3576ac0253ad50581fbe0469e8e417d3f97011c676f7789871fd,6953032,"""instance""",0.000281573,"['taskset', '-c', '2', '<project>/build/release/pclp', 'solve', '--instance', '<project>/data/generated/gen_sparse_degree3_n2000_dispersed_neg30_r2.json', '--config', '<project>/experiments/runs/ablation/88c2fb72586b0d9c/resolved_config.json', '--output', '<project>/experiments/runs/ablation/88c2fb72586b0d9c/result.json']",False,no-local-update,102703,0.146064018,3.156013252,sparse,0,0,103653,gen_sparse_degree3_n2000_dispersed_neg30_r2,data/generated/gen_sparse_degree3_n2000_dispersed_neg30_r2.json,4d3f1bd4ad094c67d209eddde78ab0fab8c9a897d1bca818a659453c9b0d63aa,0,222,,2000,16786.826054774243,223,generated,45568000,103430,0.000547318,0.080292552,0.146742458,104629850,0,,1,88c2fb72586b0d9c,3.163944692001678,optimal,3.150978707,2.687960047,True
5975,493f6f942eca3576ac0253ad50581fbe0469e8e417d3f97011c676f7789871fd,7554243,"""instance""",0.000319025,"['taskset', '-c', '2', '<project>/build/release/pclp', 'solve', '--instance', '<project>/data/generated/gen_sparse_degree3_n2000_dispersed_neg30_r2.json', '--config', '<project>/experiments/runs/ablation/6121dc18a284f0a9/resolved_config.json', '--output', '<project>/experiments/runs/ablation/6121dc18a284f0a9/result.json']",False,no-restricted-ratio-test,102199,0.152455959,1.419409899,sparse,0,0,624,gen_sparse_degree3_n2000_dispersed_neg30_r2,data/generated/gen_sparse_degree3_n2000_dispersed_neg30_r2.json,4d3f1bd4ad094c67d209eddde78ab0fab8c9a897d1bca818a659453c9b0d63aa,102317,222,,2000,16786.826054774243,223,generated,45568000,102718,0.000516064,0.092974657,0.597971291,10745176,0,,0,6121dc18a284f0a9,1.4265253269986715,optimal,1.41449045,0.473613377,True
5975,493f6f942eca3576ac0253ad50581fbe0469e8e417d3f97011c676f7789871fd,7554243,"""instance""",0.00031794,"['taskset', '-c', '2', '<project>/build/release/pclp', 'solve', '--instance', '<project>/data/generated/gen_sparse_degree3_n2000_dispersed_neg30_r2.json', '--config', '<project>/experiments/runs/ablation/ba289f181cb3674b/resolved_config.json', '--output', '<project>/experiments/runs/ablation/ba289f181cb3674b/result.json']",False,no-restricted-ratio-test,102199,0.151090919,1.404863995,sparse,0,0,624,gen_sparse_degree3_n2000_dispersed_neg30_r2,data/generated/gen_sparse_degree3_n2000_dispersed_neg30_r2.json,4d3f1bd4ad094c67d209eddde78ab0fab8c9a897d1bca818a659453c9b0d63aa,102317,222,,2000,16786.826054774243,223,generated,45568000,102718,0.000528602,0.090586933,0.589029595,10745176,0,,1,ba289f181cb3674b,1.4106353819952346,optimal,1.399922044,0.474061527,True
5975,493f6f942eca3576ac0253ad50581fbe0469e8e417d3f97011c676f7789871fd,7036785,"""instance""",0.000360408,"['taskset', '-c', '2', '<project>/build/release/pclp', 'solve', '--instance', '<project>/data/generated/gen_sparse_degree3_n2000_dispersed_neg30_r2.json', '--config', '<project>/experiments/runs/ablation/d75e9566bd9c062a/resolved_config.json', '--output', '<project>/experiments/runs/ablation/d75e9566bd9c062a/result.json']",False,sequential-canonicalization,103723,0.159823483,1.00601902,sparse,0,0,632,gen_sparse_degree3_n2000_dispersed_neg30_r2,data/generated/gen_sparse_degree3_n2000_dispersed_neg30_r2.json,4d3f1bd4ad094c67d209eddde78ab0fab8c9a897d1bca818a659453c9b0d63aa,104044,222,,2000,16786.826054774243,224,generated,45568000,104452,0.00057906,0.089722264,0.154010981,11953995,0,,0,d75e9566bd9c062a,1.0138502939953469,optimal,1.000851833,0.502408555,True
5975,493f6f942eca3576ac0253ad50581fbe0469e8e417d3f97011c676f7789871fd,7036785,"""instance""",0.000371032,"['taskset', '-c', '2', '<project>/build/release/pclp', 'solve', '--instance', '<project>/data/generated/gen_sparse_degree3_n2000_dispersed_neg30_r2.json', '--config', '<project>/experiments/runs/ablation/1ea2fadbf9387cd6/resolved_config.json', '--output', '<project>/experiments/runs/ablation/1ea2fadbf9387cd6/result.json']",False,sequential-canonicalization,103723,0.156198737,1.019602917,sparse,0,0,632,gen_sparse_degree3_n2000_dispersed_neg30_r2,data/generated/gen_sparse_degree3_n2000_dispersed_neg30_r2.json,4d3f1bd4ad094c67d209eddde78ab0fab8c9a897d1bca818a659453c9b0d63aa,104044,222,,2000,16786.826054774243,224,generated,45568000,104452,0.000566028,0.090134085,0.155954735,11953995,0,,1,1ea2fadbf9387cd6,1.0263440819981042,optimal,1.014379425,0.51609504,True
5975,493f6f942eca3576ac0253ad50581fbe0469e8e417d3f97011c676f7789871fd,6644660,"""instance""",0.000345165,"['taskset', '-c', '2', '<project>/build/release/pclp', 'solve', '--instance', '<project>/data/generated/gen_sparse_degree3_n2000_dispersed_neg30_r2.json', '--config', '<project>/experiments/runs/ablation/15b1257666906f86/resolved_config.json', '--output', '<project>/experiments/runs/ablation/15b1257666906f86/result.json']",False,sink-initial-basis,75797,0.095603248,0.459973599,sparse,0,0,522,gen_sparse_degree3_n2000_dispersed_neg30_r2,data/generated/gen_sparse_degree3_n2000_dispersed_neg30_r2.json,4d3f1bd4ad094c67d209eddde78ab0fab8c9a897d1bca818a659453c9b0d63aa,76394,222,,2000,16786.826054774243,223,generated,45568000,76693,0.000565109,0.069600032,0.074081878,4210284,0,,0,15b1257666906f86,0.4681689810095122,optimal,0.454483802,0.163029215,True
5975,493f6f942eca3576ac0253ad50581fbe0469e8e417d3f97011c676f7789871fd,6644660,"""instance""",0.000344074,"['taskset', '-c', '2', '<project>/build/release/pclp', 'solve', '--instance', '<project>/data/generated/gen_sparse_degree3_n2000_dispersed_neg30_r2.json', '--config', '<project>/experiments/runs/ablation/683b30e6525c18cf/resolved_config.json', '--output', '<project>/experiments/runs/ablation/683b30e6525c18cf/result.json']",False,sink-initial-basis,75797,0.096791114,0.456854943,sparse,0,0,522,gen_sparse_degree3_n2000_dispersed_neg30_r2,data/generated/gen_sparse_degree3_n2000_dispersed_neg30_r2.json,4d3f1bd4ad094c67d209eddde78ab0fab8c9a897d1bca818a659453c9b0d63aa,76394,222,,2000,16786.826054774243,223,generated,45568000,76693,0.000556252,0.068860561,0.073325797,4210284,0,,1,683b30e6525c18cf,0.46465911901032086,optimal,0.451705904,0.161006563,True
5975,493f6f942eca3576ac0253ad50581fbe0469e8e417d3f97011c676f7789871fd,7367129,"""instance""",0.000336761,"['taskset', '-c', '2', '<project>/build/release/pclp', 'solve', '--instance', '<project>/data/generated/gen_sparse_degree3_n2000_dispersed_neg30_r2.json', '--config', '<project>/experiments/runs/ablation/5911be791a781a7b/resolved_config.json', '--output', '<project>/experiments/runs/ablation/5911be791a781a7b/result.json']",False,with-transitive-reduction,101948,0.131550805,0.77381677,sparse,0,0,622,gen_sparse_degree3_n2000_dispersed_neg30_r2,data/generated/gen_sparse_degree3_n2000_dispersed_neg30_r2.json,4d3f1bd4ad094c67d209eddde78ab0fab8c9a897d1bca818a659453c9b0d63aa,101848,222,,2000,16786.826054774243,223,generated,45568000,102247,0.001014537,0.089742425,0.127820981,7777060,901,,0,5911be791a781a7b,0.7814759559987579,optimal,0.768576304,0.326208277,True
5975,493f6f942eca3576ac0253ad50581fbe0469e8e417d3f97011c676f7789871fd,7367129,"""instance""",0.000333643,"['taskset', '-c', '2', '<project>/build/release/pclp', 'solve', '--instance', '<project>/data/generated/gen_sparse_degree3_n2000_dispersed_neg30_r2.json', '--config', '<project>/experiments/runs/ablation/d5c2979e7cb98f1e/resolved_config.json', '--output', '<project>/experiments/runs/ablation/d5c2979e7cb98f1e/result.json']",False,with-transitive-reduction,101948,0.133989458,0.817618259,sparse,0,0,622,gen_sparse_degree3_n2000_dispersed_neg30_r2,data/generated/gen_sparse_degree3_n2000_dispersed_neg30_r2.json,4d3f1bd4ad094c67d209eddde78ab0fab8c9a897d1bca818a659453c9b0d63aa,101848,222,,2000,16786.826054774243,223,generated,45568000,102247,0.00088093,0.09551325,0.136081276,7777060,901,,1,d5c2979e7cb98f1e,0.825679884001147,optimal,0.812493286,0.348405448,True
583,493f6f942eca3576ac0253ad50581fbe0469e8e417d3f97011c676f7789871fd,473918,"""instance""",4.0543e-05,"['taskset', '-c', '2', '<project>/build/release/pclp', 'solve', '--instance', '<project>/data/generated/gen_sparse_degree3_n200_dispersed_neg30_r0.json', '--config', '<project>/experiments/runs/ablation/2ebf962390381a8d/resolved_config.json', '--output', '<project>/experiments/runs/ablation/2ebf962390381a8d/result.json']",False,bland-entering,3013,0.001862961,0.025889062,sparse,0,0,44,gen_sparse_degree3_n200_dispersed_neg30_r0,data/generated/gen_sparse_degree3_n200_dispersed_neg30_r0.json,3a9badafa777fa26bf1330e27008ba32231bc17929b172b3ffb9c9d8ff7efd79,3118,31,,200,2384.714953271028,32,generated,24293376,3130,6.8472e-05,0.005128455,0.007499932,201452,0,,0,2ebf962390381a8d,0.030325144005473703,optimal,0.025074823,0.008573256,True
583,493f6f942eca3576ac0253ad50581fbe0469e8e417d3f97011c676f7789871fd,473918,"""instance""",3.2972e-05,"['taskset', '-c', '2', '<project>/build/release/pclp', 'solve', '--instance', '<project>/data/generated/gen_sparse_degree3_n200_dispersed_neg30_r0.json', '--config', '<project>/experiments/runs/ablation/2e07aaeab584d23a/resolved_config.json', '--output', '<project>/experiments/runs/ablation/2e07aaeab584d23a/result.json']",False,bland-entering,3013,0.001477251,0.020067741,sparse,0,0,44,gen_sparse_degree3_n200_dispersed_neg30_r0,data/generated/gen_sparse_degree3_n200_dispersed_neg30_r0.json,3a9badafa777fa26bf1330e27008ba32231bc17929b172b3ffb9c9d8ff7efd79,3118,31,,200,2384.714953271028,32,generated,24293376,3130,6.0906e-05,0.003915732,0.005671047,201452,0,,1,2e07aaeab584d23a,0.024716140993405133,optimal,0.019559457,0.00679977,True
583,493f6f942eca3576ac0253ad50581fbe0469e8e417d3f97011c676f7789871fd,137708,"""instance""",3.3547e-05,"['taskset', '-c', '2', '<project>/build/release/pclp', 'solve', '--instance', '<project>/data/generated/gen_sparse_degree3_n200_dispersed_neg30_r0.json', '--config', '<project>/experiments/runs/ablation/6cb4dd584e61aec1/resolved_config.json', '--output', '<project>/experiments/runs/ablation/6cb4dd584e61aec1/result.json']",False,close-degeneracy-trigger,2019,0.00090648,0.010450834,sparse,0,0,40,gen_sparse_degree3_n200_dispersed_neg30_r0,data/generated/gen_sparse_degree3_n200_dispersed_neg30_r0.json,3a9badafa777fa26bf1330e27008ba32231bc17929b172b3ffb9c9d8ff7efd79,2177,31,,200,2384.714953271028,32,generated,24293376,2185,5.9676e-05,0.001443104,0.001957262,124079,0,,0,6cb4dd584e61aec1,0.014655644990853034,optimal,0.009942761,0.004275995,True
583,493f6f942eca3576ac0253ad50581fbe0469e8e417d3f97011c676f7789871fd,137708,"""instance""",6.5956e-05,"['taskset', '-c', '2', '<project>/build/release/pclp', 'solve', '--instance', '<project>/data/generated/gen_sparse_degree3_n200_dispersed_neg30_r0.json', '--config', '<project>/experiments/runs/ablation/282531b4f8c228b2/resolved_config.json', '--output', '<project>/experiments/runs/ablation/282531b4f8c228b2/result.json']",False,close-degeneracy-trigger,2019,0.001572757,0.018135862,sparse,0,0,40,gen_sparse_degree3_n200_dispersed_neg30_r0,data/generated/gen_sparse_degree3_n200_dispersed_neg30_r0.json,3a9badafa777fa26bf1330e27008ba32231bc17929b172b3ffb9c9d8ff7efd79,2177,31,,200,2384.714953271028,32,generated,24293376,2185,7.318e-05,0.002731537,0.003496838,124079,0,,1,282531b4f8c228b2,0.025180769007420167,optimal,0.017406209,0.007486788,True
583,493f6f942eca3576ac0253ad50581fbe0469e8e417d3f97011c676f7789871fd,63392,"""instance""",3.3344e-05,"['taskset', '-c', '2', '<project>/build/release/pclp', 'solve', '--instance', '<project>/data/generated/gen_sparse_degree3_n200_dispersed_neg30_r0.json', '--config', '<project>/experiments/runs/ablation/d5b2f52fe466d4e2/resolved_config.json', '--output', '<project>/experiments/runs/ablation/d5b2f52fe466d4e2/result.json']",False,forest-tuned,1754,0.000787534,0.008056102,sparse,0,0,39,gen_sparse_degree3_n200_dispersed_neg30_r0,data/generated/gen_sparse_degree3_n200_dispersed_neg30_r0.json,3a9badafa777fa26bf1330e27008ba32231bc17929b172b3ffb9c9d8ff7efd79,1896,31,,200,2384.714953271028,32,generated,24293376,1903,7.0349e-05,0.000843613,0.001010682,107625,0,,0,d5b2f52fe466d4e2,0.01135119199170731,optimal,0.007547363,0.003658218,True
583,493f6f942eca3576ac0253ad50581fbe0469e8e417d3f97011c676f7789871fd,63392,"""instance""",3.52e-05,"['taskset', '-c', '2', '<project>/build/release/pclp', 'solve', '--instance', '<project>/data/generated/gen_sparse_degree3_n200_dispersed_neg30_r0.json', '--config', '<project>/experiments/runs/ablation/d0b2a723db69c012/resolved_config.json', '--output', '<project>/experiments/runs/ablation/d0b2a723db69c012/result.json']",False,forest-tuned,1754,0.000776885,0.008023281,sparse,0,0,39,gen_sparse_degree3_n200_dispersed_neg30_r0,data/generated/gen_sparse_degree3_n200_dispersed_neg30_r0.json,3a9badafa777fa26bf1330e27008ba32231bc17929b172b3ffb9c9d8ff7efd79,1896,31,,200,2384.714953271028,32,generated,24293376,1903,7.7246e-05,0.000832349,0.000996309,107625,0,,1,d0b2a723db69c012,0.01188071898650378,optimal,0.007485163,0.003643395,True
583,493f6f942eca3576ac0253ad50581fbe0469e8e417d3f97011c676f7789871fd,261579,"""instance""",3.3648e-05,"['taskset', '-c', '2', '<project>/build/release/pclp', 'solve', '--instance', '<project>/data/generated/gen_sparse_degree3_n200_dispersed_neg30_r0.json', '--config', '<project>/experiments/runs/ablation/19d5fba6f0a5e331/resolved_config.json', '--output', '<project>/experiments/runs/ablation/19d5fba6f0a5e331/result.json']",False,full-pricing,1838,0.000796958,0.008851225,sparse,0,0,39,gen_sparse_degree3_n200_dispersed_neg30_r0,data/generated/gen_sparse_degree3_n200_dispersed_neg30_r0.json,3a9badafa777fa26bf1330e27008ba32231bc17929b172b3ffb9c9d8ff7efd79,1923,31,,200,2384.714953271028,32,generated,24293376,1930,7.985e-05,0.002517715,0.000986011,79927,0,,0,19d5fba6f0a5e331,0.01334954499907326,optimal,0.008336684,0.00283988,True
583,493f6f942eca3576ac0253ad50581fbe0469e8e417d3f97011c676f7789871fd,261579,"""instance""",3.4827e-05,"['taskset', '-c', '2', '<project>/build/release/pclp', 'solve', '--instance', '<project>/data/generated/gen_sparse_degree3_n200_dispersed_neg30_r0.json', '--config', '<project>/experiments/runs/ablation/72807559f1bcc053/resolved_config.json', '--output', '<project>/experiments/runs/ablation/72807559f1bcc053/result.json']",False,full-pricing,1838,0.000816496,0.008899324,sparse,0,0,39,gen_sparse_degree3_n200_dispersed_neg30_r0,data/generated/gen_sparse_degree3_n200_dispersed_neg30_r0.json,3a9badafa777fa26bf1330e27008ba32231bc17929b172b3ffb9c9d8ff7efd79,1923,31,,200,2384.714953271028,32,generated,24293376,1930,7.4029e-05,0.002512529,0.000991881,79927,0,,1,72807559f1bcc053,0.012953950994415209,optimal,0.008367402,0.00284919,True
583,493f6f942eca3576ac0253ad50581fbe0469e8e417d3f97011c676f7789871fd,64420,"""instance""",3.2949e-05,"['taskset', '-c', '2', '<project>/build/release/pclp', 'solve', '--instance', '<project>/data/generated/gen_sparse_degree3_n200_dispersed_neg30_r0.json', '--config', '<project>/experiments/runs/ablation/514b91bc6742fb82/resolved_config.json', '--output', '<project>/experiments/runs/ablation/514b91bc6742fb82/result.json']",False,no-early-ratio-test,1754,0.000832266,0.010182583,sparse,0,0,39,gen_sparse_degree3_n200_dispersed_neg30_r0,data/generated/gen_sparse_degree3_n200_dispersed_neg30_r0.json,3a9badafa777fa26bf1330e27008ba32231bc17929b172b3ffb9c9d8ff7efd79,1909,31,,200,2384.714953271028,32,generated,24293376,1916,5.9888e-05,0.000850354,0.003006391,105706,0,,0,514b91bc6742fb82,0.014513018992147408,optimal,0.009681648,0.00373209,True
583,493f6f942eca3576ac0253ad50581fbe0469e8e417d3f97011c676f7789871fd,64420,"""instance""",3.6357e-05,"['taskset', '-c', '2', '<project>/build/release/pclp', 'solve', '--instance', '<project>/data/generated/gen_sparse_degree3_n200_dispersed_neg30_r0.json', '--config', '<project>/experiments/runs/ablation/c1bdaf053a6de948/resolved_config.json', '--output', '<project>/experiments/runs/ablation/c1bdaf053a6de948/result.json']",False,no-early-ratio-test,1754,0.000845188,0.010431583,sparse,0,0,39,gen_sparse_degree3_n200_dispersed_neg30_r0,data/generated/gen_sparse_degree3_n200_dispersed_neg30_r0.json,3a9badafa777fa26bf1330e27008ba32231bc17929b172b3ffb9c9d8ff7efd79,1909,31,,200,2384.714953271028,32,generated,24293376,1916,6.036e-05,0.000879097,0.003098976,105706,0,,1,c1bdaf053a6de948,0.013926233994425274,optimal,0.009891939,0.003764284,True
583,493f6f942eca3576ac0253ad50581fbe0469e8e417d3f97011c676f7789871fd,63392,"""instance""",3.8441e-05,"['taskset', '-c', '2', '<project>/build/release/pclp', 'solve', '--instance', '<project>/data/generated/gen_sparse_degree3_n200_dispersed_neg30_r0.json', '--config', '<project>/experiments/runs/ablation/519547baf0626a79/resolved_config.json', '--output', '<project>/experiments/runs/ablation/519547baf0626a79/result.json']",False,no-local-update,1754,0.000852565,0.01219242,sparse,0,0,1935,gen_sparse_degree3_n200_dispersed_neg30_r0,data/generated/gen_sparse_degree3_n200_dispersed_neg30_r0.json,3a9badafa777fa26bf1330e27008ba32231bc17929b172b3ffb9c9d8ff7efd79,0,31,,200,2384.714953271028,32,generated,24293376,1903,7.1333e-05,0.000889191,0.00106103,267849,0,,0,519547baf0626a79,0.016706473994418047,optimal,0.011623312,0.007470404,True
583,493f6f942eca3576ac0253ad50581fbe0469e8e417d3f97011c676f7789871fd,63392,"""instance""",3.3785e-05,"['taskset', '-c', '2', '<project>/build/release/pclp', 'solve', '--instance', '<project>/data/generated/gen_sparse_degree3_n200_dispersed_neg30_r0.json', '--config', '<project>/experiments/runs/ablation/5efa1ef95471f825/resolved_config.json', '--output', '<project>/experiments/runs/ablation/5efa1ef95471f825/result.json']",False,no-local-update,1754,0.000798023,0.011481394,sparse,0,0,1935,gen_sparse_degree3_n200_dispersed_neg30_r0,data/generated/gen_sparse_degree3_n200_dispersed_neg30_r0.json,3a9badafa777fa26bf1330e27008ba32231bc17929b172b3ffb9c9d8ff7efd79,0,31,,200,2384.714953271028,32,generated,24293376,1903,6.1539e-05,0.000825418,0.001006142,267849,0,,1,5efa1ef95471f825,0.015851185002247803,optimal,0.010970625,0.007122868,True
583,493f6f942eca3576ac0253ad50581fbe0469e8e417d3f97011c676f7789871fd,64420,"""instance""",3.3732e-05,"['taskset', '-c', '2', '<project>/build/release/pclp', 'solve', '--instance', '<project>/data/generated/gen_sparse_degree3_n200_dispersed_neg30_r0.json', '--config', '<project>/experiments/runs/ablation/b6bbfeda6976b10e/resolved_config.json', '--output', '<project>/experiments/runs/ablation/b6bbfeda6976b10e/result.json']",False,no-restricted-ratio-test,1754,0.000794527,0.010044387,sparse,0,0,39,gen_sparse_degree3_n200_dispersed_neg30_r0,data/generated/gen_sparse_degree3_n200_dispersed_neg30_r0.json,3a9badafa777fa26bf1330e27008ba32231bc17929b172b3ffb9c9d8ff7efd79,1909,31,,200,2384.714953271028,32,generated,24293376,1916,7.5416e-05,0.000831732,0.00303105,105706,0,,0,b6bbfeda6976b10e,0.014121297994279303,optimal,0.009504618,0.003600947,True
583,493f6f942eca3576ac0253ad50581fbe0469e8e417d3f97011c676f7789871fd,64420,"""instance""",3.3046e-05,"['taskset', '-c', '2', '<project>/build/release/pclp', 'solve', '--instance', '<project>/data/generated/gen_sparse_degree3_n200_dispersed_neg30_r0.json', '--config', '<project>/experiments/runs/ablation/c22d7b9ba80d06f2/resolved_config.json', '--output', '<project>/experiments/runs/ablation/c22d7b9ba80d06f2/result.json']",False,no-restricted-ratio-test,1754,0.000782786,0.00994951,sparse,0,0,39,gen_sparse_degree3_n200_dispersed_neg30_r0,data/generated/gen_sparse_degree3_n200_dispersed_neg30_r0.json,3a9badafa777fa26bf1330e27008ba32231bc17929b172b3ffb9c9d8ff7efd79,1909,31,,200,2384.714953271028,32,generated,24293376,1916,6.0274e-05,0.000825325,0.002999532,105706,0,,1,c22d7b9ba80d06f2,0.013968178987852298,optimal,0.009386164,0.003542896,True
583,493f6f942eca3576ac0253ad50581fbe0469e8e417d3f97011c676f7789871fd,63392,"""instance""",3.4829e-05,"['taskset', '-c', '2', '<project>/build/release/pclp', 'solve', '--instance', '<project>/data/generated/gen_sparse_degree3_n200_dispersed_neg30_r0.json', '--config', '<project>/experiments/runs/ablation/54b1b3190b91d215/resolved_config.json', '--output', '<project>/experiments/runs/ablation/54b1b3190b91d215/result.json']",False,sequential-canonicalization,1754,0.000807214,0.008228103,sparse,0,0,39,gen_sparse_degree3_n200_dispersed_neg30_r0,data/generated/gen_sparse_degree3_n200_dispersed_neg30_r0.json,3a9badafa777fa26bf1330e27008ba32231bc17929b172b3ffb9c9d8ff7efd79,1896,31,,200,2384.714953271028,32,generated,24293376,1903,6.4747e-05,0.000856938,0.001043108,107625,0,,0,54b1b3190b91d215,0.012261462994501926,optimal,0.007683947,0.003783558,True
583,493f6f942eca3576ac0253ad50581fbe0469e8e417d3f97011c676f7789871fd,63392,"""instance""",4.2014e-05,"['taskset', '-c', '2', '<project>/build/release/pclp', 'solve', '--instance', '<project>/data/generated/gen_sparse_degree3_n200_dispersed_neg30_r0.json', '--config', '<project>/experiments/runs/ablation/97e70d3ef52b02c6/resolved_config.json', '--output', '<project>/experiments/runs/ablation/97e70d3ef52b02c6/result.json']",False,sequential-canonicalization,1754,0.000847682,0.008454513,sparse,0,0,39,gen_sparse_degree3_n200_dispersed_neg30_r0,data/generated/gen_sparse_degree3_n200_dispersed_neg30_r0.json,3a9badafa777fa26bf1330e27008ba32231bc17929b172b3ffb9c9d8ff7efd79,1896,31,,200,2384.714953271028,32,generated,24293376,1903,7.7442e-05,0.00088327,0.001031353,107625,0,,1,97e70d3ef52b02c6,0.012044445000356063,optimal,0.007848962,0.003854147,True
583,493f6f942eca3576ac0253ad50581fbe0469e8e417d3f97011c676f7789871fd,76026,"""instance""",3.2715e-05,"['taskset', '-c', '2', '<project>/build/release/pclp', 'solve', '--instance', '<project>/data/generated/gen_sparse_degree3_n200_dispersed_neg30_r0.json', '--config', '<project>/experiments/runs/ablation/f08bf1638846d658/resolved_config.json', '--output', '<project>/experiments/runs/ablation/f08bf1638846d658/result.json']",False,sink-initial-basis,1827,0.000643562,0.012246238,sparse,0,0,39,gen_sparse_degree3_n200_dispersed_neg30_r0,data/generated/gen_sparse_degree3_n200_dispersed_neg30_r0.json,3a9badafa777fa26bf1330e27008ba32231bc17929b172b3ffb9c9d8ff7efd79,1955,31,,200,2384.714953271028,32,generated,24293376,1962,7.0697e-05,0.000893678,0.000869809,99593,0,,0,f08bf1638846d658,0.01947268699586857,optimal,0.008656467,0.005282173,True
583,493f6f942eca3576ac0253ad50581fbe0469e8e417d3f97011c676f7789871fd,76026,"""instance""",4.0997e-05,"['taskset', '-c', '2', '<project>/build/release/pclp', 'solve', '--instance', '<project>/data/generated/gen_sparse_degree3_n200_dispersed_neg30_r0.json', '--config', '<project>/experiments/runs/ablation/dbc28287932e1534/resolved_config.json', '--output', '<project>/experiments/runs/ablation/dbc28287932e1534/result.json']",False,sink-initial-basis,1827,0.000771623,0.010662162,sparse,0,0,39,gen_sparse_degree3_n200_dispersed_neg30_r0,data/generated/gen_sparse_degree3_n200_dispersed_neg30_r0.json,3a9badafa777fa26bf1330e27008ba32231bc17929b172b3ffb9c9d8ff7efd79,1955,31,,200,2384.714953271028,32,generated,24293376,1962,7.9749e-05,0.001066735,0.001036682,99593,0,,1,dbc28287932e1534,0.015082340003573336,optimal,0.007970506,0.003902469,True
583,493f6f942eca3576ac0253ad50581fbe0469e8e417d3f97011c676f7789871fd,59062,"""instance""",4.0284e-05,"['taskset', '-c', '2', '<project>/build/release/pclp', 'solve', '--instance', '<project>/data/generated/gen_sparse_degree3_n200_dispersed_neg30_r0.json', '--config', '<project>/experiments/runs/ablation/140db27515b51a2a/resolved_config.json', '--output', '<project>/experiments/runs/ablation/140db27515b51a2a/result.json']",False,with-transitive-reduction,1659,0.00064389,0.007617795,sparse,0,0,38,gen_sparse_degree3_n200_dispersed_neg30_r0,data/generated/gen_sparse_degree3_n200_dispersed_neg30_r0.json,3a9badafa777fa26bf1330e27008ba32231bc17929b172b3ffb9c9d8ff7efd79,1737,31,,200,2384.714953271028,32,generated,24293376,1743,0.000554531,0.000867897,0.000861959,70168,180,,0,140db27515b51a2a,0.01603418200102169,optimal,0.006975392,0.002844464,True
583,493f6f942eca3576ac0253ad50581fbe0469e8e417d3f97011c676f7789871fd,59062,"""instance""",3.2257e-05,"['taskset', '-c', '2', '<project>/build/release/pclp', 'solve', '--instance', '<project>/data/generated/gen_sparse_degree3_n200_dispersed_neg30_r0.json', '--config', '<project>/experiments/runs/ablation/9f3e97351b39a411/resolved_config.json', '--output', '<project>/experiments/runs/ablation/9f3e97351b39a411/result.json']",False,with-transitive-reduction,1659,0.000552755,0.01327161,sparse,0,0,38,gen_sparse_degree3_n200_dispersed_neg30_r0,data/generated/gen_sparse_degree3_n200_dispersed_neg30_r0.json,3a9badafa777fa26bf1330e27008ba32231bc17929b172b3ffb9c9d8ff7efd79,1737,31,,200,2384.714953271028,32,generated,24293376,1743,7.4976e-05,0.000757317,0.000751797,70168,180,,1,9f3e97351b39a411,0.018807011991157196,optimal,0.011662081,0.008482653,True
583,493f6f942eca3576ac0253ad50581fbe0469e8e417d3f97011c676f7789871fd,574017,"""instance""",3.3873e-05,"['taskset', '-c', '2', '<project>/build/release/pclp', 'solve', '--instance', '<project>/data/generated/gen_sparse_degree3_n200_dispersed_neg30_r1.json', '--config', '<project>/experiments/runs/ablation/7acd420da612f8a6/resolved_config.json', '--output', '<project>/experiments/runs/ablation/7acd420da612f8a6/result.json']",False,bland-entering,3192,0.002664503,0.029998409,sparse,0,0,39,gen_sparse_degree3_n200_dispersed_neg30_r1,data/generated/gen_sparse_degree3_n200_dispersed_neg30_r1.json,541ccedff8a50158967570311c5b1577767f45928cd69cb4765476635fee9eb9,3325,25,,200,39122.88947818706,26,generated,24293376,3338,6.0216e-05,0.005150796,0.007888246,360571,0,,0,7acd420da612f8a6,0.03458592700189911,optimal,0.029404409,0.011826293,True
583,493f6f942eca3576ac0253ad50581fbe0469e8e417d3f97011c676f7789871fd,574017,"""instance""",3.1383e-05,"['taskset', '-c', '2', '<project>/build/release/pclp', 'solve', '--instance', '<project>/data/generated/gen_sparse_degree3_n200_dispersed_neg30_r1.json', '--config', '<project>/experiments/runs/ablation/456f038df32f94a9/resolved_config.json', '--output', '<project>/experiments/runs/ablation/456f038df32f94a9/result.json']",False,bland-entering,3192,0.002512581,0.028181399,sparse,0,0,39,gen_sparse_degree3_n200_dispersed_neg30_r1,data/generated/gen_sparse_degree3_n200_dispersed_neg30_r1.json,541ccedff8a50158967570311c5b1577767f45928cd69cb4765476635fee9eb9,3325,25,,200,39122.88947818706,26,generated,24293376,3338,6.1235e-05,0.004806242,0.007378893,360571,0,,1,456f038df32f94a9,0.03292882900859695,optimal,0.02760402,0.011143304,True
583,493f6f942eca3576ac0253ad50581fbe0469e8e417d3f97011c676f7789871fd,86791,"""instance""",3.8519e-05,"['taskset', '-c', '2', '<project>/build/release/pclp', 'solve', '--instance', '<project>/data/generated/gen_sparse_degree3_n200_dispersed_neg30_r1.json', '--config', '<project>/experiments/runs/ablation/9f1fcadea22c79a2/resolved_config.json', '--output', '<project>/experiments/runs/ablation/9f1fcadea22c79a2/result.json']",False,close-degeneracy-trigger,1500,0.001284547,0.01128653,sparse,0,0,32,gen_sparse_degree3_n200_dispersed_neg30_r1,data/generated/gen_sparse_degree3_n200_dispersed_neg30_r1.json,541ccedff8a50158967570311c5b1577767f45928cd69cb4765476635fee9eb9,1698,25,,200,39122.88947818706,26,generated,24293376,1704,6.3893e-05,0.001068782,0.001553016,161447,0,,0,9f1fcadea22c79a2,0.014734280994161963,optimal,0.01067519,0.005566145,True
583,493f6f942eca3576ac0253ad50581fbe0469e8e417d3f97011c676f7789871fd,86791,"""instance""",3.9091e-05,"['taskset', '-c', '2', '<project>/build/release/pclp', 'solve', '--instance', '<project>/data/generated/gen_sparse_degree3_n200_dispersed_neg30_r1.json', '--config', '<project>/experiments/runs/ablation/796cf7d6fe515e53/resolved_config.json', '--output', '<project>/experiments/runs/ablation/796cf7d6fe515e53/result.json']",False,close-degeneracy-trigger,1500,0.001166998,0.010346733,sparse,0,0,32,gen_sparse_degree3_n200_dispersed_neg30_r1,data/generated/gen_sparse_degree3_n200_dispersed_neg30_r1.json,541ccedff8a50158967570311c5b1577767f45928cd69cb4765476635fee9eb9,1698,25,,200,39122.88947818706,26,generated,24293376,1704,6.0169e-05,0.000972956,0.001413606,161447,0,,1,796cf7d6fe515e53,0.014716176010551862,optimal,0.009783129,0.005116158,True
583,493f6f942eca3576ac0253ad50581fbe0469e8e417d3f97011c676f7789871fd,58554,"""instance""",3.5605e-05,"['taskset', '-c', '2', '<project>/build/release/pclp', 'solve', '--instance', '<project>/data/generated/gen_sparse_degree3_n200_dispersed_neg30_r1.json', '--config', '<project>/experiments/runs/ablation/be702aa5dd41c007/resolved_config.json', '--output', '<project>/experiments/runs/ablation/be702aa5dd41c007/result.json']",False,forest-tuned,1493,0.001101535,0.009398335,sparse,0,0,32,gen_sparse_degree3_n200_dispersed_neg30_r1,data/generated/gen_sparse_degree3_n200_dispersed_neg30_r1.json,541ccedff8a50158967570311c5b1577767f45928cd69cb4765476635fee9eb9,1691,25,,200,39122.88947818706,26,generated,24293376,1697,5.9101e-05,0.000734782,0.001166518,161429,0,,0,be702aa5dd41c007,0.01799811900127679,optimal,0.008860038,0.004818511,True
583,493f6f942eca3576ac0253ad50581fbe0469e8e417d3f97011c676f7789871fd,58554,"""instance""",3.4407e-05,"['taskset', '-c', '2', '<project>/build/release/pclp', 'solve', '--instance', '<project>/data/generated/gen_sparse_degree3_n200_dispersed_neg30_r1.json', '--config', '<project>/experiments/runs/ablation/2ab27ce1bcc8a1b0/resolved_config.json', '--output', '<project>/experiments/runs/ablation/2ab27ce1bcc8a1b0/result.json']",False,forest-tuned,1493,0.001189462,0.010221433,sparse,0,0,32,gen_sparse_degree3_n200_dispersed_neg30_r1,data/generated/gen_sparse_degree3_n200_dispersed_neg30_r1.json,541ccedff8a50158967570311c5b1577767f45928cd69cb4765476635fee9eb9,1691,25,,200,39122.88947818706,26,generated,24293376,1697,5.981e-05,0.000809738,0.001291996,161429,0,,1,2ab27ce1bcc8a1b0,0.014347643998917192,optimal,0.00967872,0.005246388,True
583,493f6f942eca3576ac0253ad50581fbe0469e8e417d3f97011c676f7789871fd,251792,"""instance""",3.3225e-05,"['taskset', '-c', '2', '<project>/build/release/pclp', 'solve', '--instance', '<project>/data/generated/gen_sparse_degree3_n200_dispersed_neg30_r1.json', '--config', '<project>/experiments/runs/ablation/6b6684803f082064/resolved_config.json', '--output', '<project>/experiments/runs/ablation/6b6684803f082064/result.json']",False,full-pricing,1485,0.00104221,0.010150295,sparse,0,0,32,gen_sparse_degree3_n200_dispersed_neg30_r1,data/generated/gen_sparse_degree3_n200_dispersed_neg30_r1.json,541ccedff8a50158967570311c5b1577767f45928cd69cb4765476635fee9eb9,1562,25,,200,39122.88947818706,26,generated,24293376,1568,6.1063e-05,0.002516488,0.001142593,120345,0,,0,6b6684803f082064,0.014965125010348856,optimal,0.009621952,0.003918801,True
583,493f6f942eca3576ac0253ad50581fbe0469e8e417d3f97011c676f7789871fd,251792,"""instance""",3.3782e-05,"['taskset', '-c', '2', '<project>/build/release/pclp', 'solve', '--instance', '<project>/data/generated/gen_sparse_degree3_n200_dispersed_neg30_r1.json', '--config', '<project>/experiments/runs/ablation/befb764639b8c76a/resolved_config.json', '--output', '<project>/experiments/runs/ablation/befb764639b8c76a/result.json']",False,full-pricing,1485,0.001056781,0.010368065,sparse,0,0,32,gen_sparse_degree3_n200_dispersed_neg30_r1,data/generated/gen_sparse_degree3_n200_dispersed_neg30_r1.json,541ccedff8a50158967570311c5b1577767f45928cd69cb4765476635fee9eb9,1562,25,,200,39122.88947818706,26,generated,24293376,1568,6.2038e-05,0.00255061,0.0011587049999999999,120345,0,,1,befb764639b8c76a,0.015050378002342768,optimal,0.009843139,0.004062387,True
583,493f6f942eca3576ac0253ad50581fbe0469e8e417d3f97011c676f7789871fd,57202,"""instance""",4.2465e-05,"['taskset', '-c', '2', '<project>/build/release/pclp', 'solve', '--instance', '<project>/data/generated/gen_sparse_degree3_n200_dispersed_neg30_r1.json', '--config', '<project>/experiments/runs/ablation/d104aab82dd2cfe8/resolved_config.json', '--output', '<project>/experiments/runs/ablation/d104aab82dd2cfe8/result.json']",False,no-early-ratio-test,1421,0.001134908,0.012010097,sparse,0,0,32,gen_sparse_degree3_n200_dispersed_neg30_r1,data/generated/gen_sparse_degree3_n200_dispersed_neg30_r1.json,541ccedff8a50158967570311c5b1577767f45928cd69cb4765476635fee9eb9,1605,25,,200,39122.88947818706,26,generated,24293376,1611,7.4236e-05,0.000821311,0.003165635,147136,0,,0,d104aab82dd2cfe8,0.01658821399905719,optimal,0.011454646,0.005145019,True
583,493f6f942eca3576ac0253ad50581fbe0469e8e417d3f97011c676f7789871fd,57202,"""instance""",3.2981e-05,"['taskset', '-c', '2', '<project>/build/release/pclp', 'solve', '--instance', '<project>/data/generated/gen_sparse_degree3_n200_dispersed_neg30_r1.json', '--config', '<project>/experiments/runs/ablation/aff8dd64c28d8932/resolved_config.json', '--output', '<project>/experiments/runs/ablation/aff8dd64c28d8932/result.json']",False,no-early-ratio-test,1421,0.00108414,0.011360267,sparse,0,0,32,gen_sparse_degree3_n200_dispersed_neg30_r1,data/generated/gen_sparse_degree3_n200_dispersed_neg30_r1.json,541ccedff8a50158967570311c5b1577767f45928cd69cb4765476635fee9eb9,1605,25,,200,39122.88947818706,26,generated,24293376,1611,5.8513e-05,0.000782806,0.00302458,147136,0,,1,aff8dd64c28d8932,0.015496612002607435,optimal,0.010840216,0.004853111,True
583,493f6f942eca3576ac0253ad50581fbe0469e8e417d3f97011c676f7789871fd,58554,"""instance""",4.2005e-05,"['taskset', '-c', '2', '<project>/build/release/pclp', 'solve', '--instance', '<project>/data/generated/gen_sparse_degree3_n200_dispersed_neg30_r1.json', '--config', '<project>/experiments/runs/ablation/492b7743db08a464/resolved_config.json', '--output', '<project>/experiments/runs/ablation/492b7743db08a464/result.json']",False,no-local-update,1493,0.001296454,0.013497589,sparse,0,0,1723,gen_sparse_degree3_n200_dispersed_neg30_r1,data/generated/gen_sparse_degree3_n200_dispersed_neg30_r1.json,541ccedff8a50158967570311c5b1577767f45928cd69cb4765476635fee9eb9,0,25,,200,39122.88947818706,26,generated,24293376,1697,7.0946e-05,0.000868897,0.001368706,279317,0,,0,492b7743db08a464,0.01816901699930895,optimal,0.012925804,0.008174019,True
583,493f6f942eca3576ac0253ad50581fbe0469e8e417d3f97011c676f7789871fd,58554,"""instance""",3.7086e-05,"['taskset', '-c', '2', '<project>/build/release/pclp', 'solve', '--instance', '<project>/data/generated/gen_sparse_degree3_n200_dispersed_neg30_r1.json', '--config', '<project>/experiments/runs/ablation/f57709e500a3aad2/resolved_config.json', '--output', '<project>/experiments/runs/ablation/f57709e500a3aad2/result.json']",False,no-local-update,1493,0.001279599,0.013449165,sparse,0,0,1723,gen_sparse_degree3_n200_dispersed_neg30_r1,data/generated/gen_sparse_degree3_n200_dispersed_neg30_r1.json,541ccedff8a50158967570311c5b1577767f45928cd69cb4765476635fee9eb9,0,25,,200,39122.88947818706,26,generated,24293376,1697,8.4582e-05,0.000843796,0.001397912,279317,0,,1,f57709e500a3aad2,0.01720950000162702,optimal,0.012843211,0.008078256,True
583,493f6f942eca3576ac0253ad50581fbe0469e8e417d3f97011c676f7789871fd,57202,"""instance""",3.354e-05,"['taskset', '-c', '2', '<project>/build/release/pclp', 'solve', '--instance', '<project>/data/generated/gen_sparse_degree3_n200_dispersed_neg30_r1.json', '--config', '<project>/experiments/runs/ablation/bb5df580251d8342/resolved_config.json', '--output', '<project>/experiments/runs/ablation/bb5df580251d8342/result.json']",False,no-restricted-ratio-test,1421,0.001071077,0.011867708,sparse,0,0,32,gen_sparse_degree3_n200_dispersed_neg30_r1,data/generated/gen_sparse_degree3_n200_dispersed_neg30_r1.json,541ccedff8a50158967570311c5b1577767f45928cd69cb4765476635fee9eb9,1605,25,,200,39122.88947818706,26,generated,24293376,1611,7.6229e-05,0.000768785,0.003531205,147136,0,,0,bb5df580251d8342,0.015998339993529953,optimal,0.011331321,0.004846046,True
583,493f6f942eca3576ac0253ad50581fbe0469e8e417d3f97011c676f7789871fd,57202,"""instance""",3.7833e-05,"['taskset', '-c', '2', '<project>/build/release/pclp', 'solve', '--instance', '<project>/data/generated/gen_sparse_degree3_n200_dispersed_neg30_r1.json', '--config', '<project>/experiments/runs/ablation/c5ee0589ab7a49c2/resolved_config.json', '--output', '<project>/experiments/runs/ablation/c5ee0589ab7a49c2/result.json']",False,no-restricted-ratio-test,1421,0.00114328,0.012729136,sparse,0,0,32,gen_sparse_degree3_n200_dispersed_neg30_r1,data/generated/gen_sparse_degree3_n200_dispersed_neg30_r1.json,541ccedff8a50158967570311c5b1577767f45928cd69cb4765476635fee9eb9,1605,25,,200,39122.88947818706,26,generated,24293376,1611,5.927e-05,0.000835001,0.003823003,147136,0,,1,c5ee0589ab7a49c2,0.016366282012313604,optimal,0.012130277,0.005171433,True
583,493f6f942eca3576ac0253ad50581fbe0469e8e417d3f97011c676f7789871fd,58554,"""instance""",3.9711e-05,"['taskset', '-c', '2', '<project>/build/release/pclp', 'solve', '--instance', '<project>/data/generated/gen_sparse_degree3_n200_dispersed_neg30_r1.json', '--config', '<project>/experiments/runs/ablation/c0e447db25f40732/resolved_config.json', '--output', '<project>/experiments/runs/ablation/c0e447db25f40732/result.json']",False,sequential-canonicalization,1493,0.001170792,0.009980529,sparse,0,0,32,gen_sparse_degree3_n200_dispersed_neg30_r1,data/generated/gen_sparse_degree3_n200_dispersed_neg30_r1.json,541ccedff8a50158967570311c5b1577767f45928cd69cb4765476635fee9eb9,1691,25,,200,39122.88947818706,26,generated,24293376,1697,6.0368e-05,0.000798043,0.001264602,161429,0,,0,c0e447db25f40732,0.014492707996396348,optimal,0.009427313,0.005127819,True
583,493f6f942eca3576ac0253ad50581fbe0469e8e417d3f97011c676f7789871fd,58554,"""instance""",3.8763e-05,"['taskset', '-c', '2', '<project>/build/release/pclp', 'solve', '--instance', '<project>/data/generated/gen_sparse_degree3_n200_dispersed_neg30_r1.json', '--config', '<project>/experiments/runs/ablation/3d7ec8ac1cfa2c4f/resolved_config.json', '--output', '<project>/experiments/runs/ablation/3d7ec8ac1cfa2c4f/result.json']",False,sequential-canonicalization,1493,0.001188987,0.010208984,sparse,0,0,32,gen_sparse_degree3_n200_dispersed_neg30_r1,data/generated/gen_sparse_degree3_n200_dispersed_neg30_r1.json,541ccedff8a50158967570311c5b1577767f45928cd69cb4765476635fee9eb9,1691,25,,200,39122.88947818706,26,generated,24293376,1697,6.4735e-05,0.000810807,0.001278306,161429,0,,1,3d7ec8ac1cfa2c4f,0.014873214007820934,optimal,0.009586205,0.005215622,True
583,493f6f942eca3576ac0253ad50581fbe0469e8e417d3f97011c676f7789871fd,65521,"""instance""",3.7152e-05,"['taskset', '-c', '2', '<project>/build/release/pclp', 'solve', '--instance', '<project>/data/generated/gen_sparse_degree3_n200_dispersed_neg30_r1.json', '--config', '<project>/experiments/runs/ablation/bab16d410127e584/resolved_config.json', '--output', '<project>/experiments/runs/ablation/bab16d410127e584/result.json']",False,sink-initial-basis,1667,0.000714814,0.007717925,sparse,0,0,32,gen_sparse_degree3_n200_dispersed_neg30_r1,data/generated/gen_sparse_degree3_n200_dispersed_neg30_r1.json,541ccedff8a50158967570311c5b1577767f45928cd69cb4765476635fee9eb9,1754,25,,200,39122.88947818706,26,generated,24293376,1760,7.3633e-05,0.00084027,0.001006167,106608,0,,0,bab16d410127e584,0.011134442000184208,optimal,0.007094807,0.003628253,True
583,493f6f942eca3576ac0253ad50581fbe0469e8e417d3f97011c676f7789871fd,65521,"""instance""",4.2046e-05,"['taskset', '-c', '2', '<project>/build/release/pclp', 'solve', '--instance', '<project>/data/generated/gen_sparse_degree3_n200_dispersed_neg30_r1.json', '--config', '<project>/experiments/runs/ablation/58979dabd86d4637/resolved_config.json', '--output', '<project>/experiments/runs/ablation/58979dabd86d4637/result.json']",False,sink-initial-basis,1667,0.0007116,0.007679091,sparse,0,0,32,gen_sparse_degree3_n200_dispersed_neg30_r1,data/generated/gen_sparse_degree3_n200_dispersed_neg30_r1.json,541ccedff8a50158967570311c5b1577767f45928cd69cb4765476635fee9eb9,1754,25,,200,39122.88947818706,26,generated,24293376,1760,7.909e-05,0.000830284,0.001012919,106608,0,,1,58979dabd86d4637,0.011515282007167116,optimal,0.007115366,0.003623755,True
583,493f6f942eca3576ac0253ad50581fbe0469e8e417d3f97011c676f7789871fd,49203,"""instance""",3.5213e-05,"['taskset', '-c', '2', '<project>/build/release/pclp', 'solve', '--instance', '<project>/data/generated/gen_sparse_degree3_n200_dispersed_neg30_r1.json', '--config', '<project>/experiments/runs/ablation/88420ca10a536532/resolved_config.json', '--output', '<project>/experiments/runs/ablation/88420ca10a536532/result.json']",False,with-transitive-reduction,1258,0.000805575,0.007538566,sparse,0,0,31,gen_sparse_degree3_n200_dispersed_neg30_r1,data/generated/gen_sparse_degree3_n200_dispersed_neg30_r1.json,541ccedff8a50158967570311c5b1577767f45928cd69cb4765476635fee9eb9,1410,25,,200,39122.88947818706,26,generated,24293376,1415,7.9229e-05,0.000656713,0.000893621,111974,162,,0,88420ca10a536532,0.010945543996058404,optimal,0.006952603,0.003638639,True
583,493f6f942eca3576ac0253ad50581fbe0469e8e417d3f97011c676f7789871fd,49203,"""instance""",3.6361e-05,"['taskset', '-c', '2', '<project>/build/release/pclp', 'solve', '--instance', '<project>/data/generated/gen_sparse_degree3_n200_dispersed_neg30_r1.json', '--config', '<project>/experiments/runs/ablation/e7fa24a04cefd03d/resolved_config.json', '--output', '<project>/experiments/runs/ablation/e7fa24a04cefd03d/result.json']",False,with-transitive-reduction,1258,0.000807471,0.007700537,sparse,0,0,31,gen_sparse_degree3_n200_dispersed_neg30_r1,data/generated/gen_sparse_degree3_n200_dispersed_neg30_r1.json,541ccedff8a50158967570311c5b1577767f45928cd69cb4765476635fee9eb9,1410,25,,200,39122.88947818706,26,generated,24293376,1415,9.4102e-05,0.00066451,0.000903542,111974,162,,1,e7fa24a04cefd03d,0.011708040998200886,optimal,0.007091326,0.003718228,True
577,493f6f942eca3576ac0253ad50581fbe0469e8e417d3f97011c676f7789871fd,421866,"""instance""",3.78e-05,"['taskset', '-c', '2', '<project>/build/release/pclp', 'solve', '--instance', '<project>/data/generated/gen_sparse_degree3_n200_dispersed_neg30_r2.json', '--config', '<project>/experiments/runs/ablation/bd2586a7c8567a73/resolved_config.json', '--output', '<project>/experiments/runs/ablation/bd2586a7c8567a73/result.json']",False,bland-entering,2704,0.001798783,0.022026765,sparse,0,0,37,gen_sparse_degree3_n200_dispersed_neg30_r2,data/generated/gen_sparse_degree3_n200_dispersed_neg30_r2.json,f546cf86f355a7207edd08d8e8c1b88ef3c192e4227a5f7d51034bfb89fee898,2797,26,,200,1731.3808539944903,27,generated,24293376,2807,6.0966e-05,0.003656105,0.00654831,243609,0,,0,bd2586a7c8567a73,0.02692319601192139,optimal,0.021517366,0.007991444,True
577,493f6f942eca3576ac0253ad50581fbe0469e8e417d3f97011c676f7789871fd,421866,"""instance""",3.3127e-05,"['taskset', '-c', '2', '<project>/build/release/pclp', 'solve', '--instance', '<project>/data/generated/gen_sparse_degree3_n200_dispersed_neg30_r2.json', '--config', '<project>/experiments/runs/ablation/f87c4d69e060ed12/resolved_config.json', '--output', '<project>/experiments/runs/ablation/f87c4d69e060ed12/result.json']",False,bland-entering,2704,0.001776477,0.021886262,sparse,0,0,37,gen_sparse_degree3_n200_dispersed_neg30_r2,data/generated/gen_sparse_degree3_n200_dispersed_neg30_r2.json,f546cf86f355a7207edd08d8e8c1b88ef3c192e4227a5f7d51034bfb89fee898,2797,26,,200,1731.3808539944903,27,generated,24293376,2807,6.9472e-05,0.003605925,0.006457864,243609,0,,1,f87c4d69e060ed12,0.026442543996381573,optimal,0.02135649,0.008029419,True
577,493f6f942eca3576ac0253ad50581fbe0469e8e417d3f97011c676f7789871fd,95622,"""instance""",3.2425e-05,"['taskset', '-c', '2', '<project>/build/release/pclp', 'solve', '--instance', '<project>/data/generated/gen_sparse_degree3_n200_dispersed_neg30_r2.json', '--config', '<project>/experiments/runs/ablation/22aee07a8ef8de5f/resolved_config.json', '--output', '<project>/experiments/runs/ablation/22aee07a8ef8de5f/result.json']",False,close-degeneracy-trigger,1347,0.000559208,0.007260002,sparse,0,0,32,gen_sparse_degree3_n200_dispersed_neg30_r2,data/generated/gen_sparse_degree3_n200_dispersed_neg30_r2.json,f546cf86f355a7207edd08d8e8c1b88ef3c192e4227a5f7d51034bfb89fee898,1413,26,,200,1731.3808539944903,27,generated,24293376,1418,5.969e-05,0.000966478,0.001352538,84272,0,,0,22aee07a8ef8de5f,0.010684212000342086,optimal,0.006678269,0.002890655,True
577,493f6f942eca3576ac0253ad50581fbe0469e8e417d3f97011c676f7789871fd,95622,"""instance""",3.3078e-05,"['taskset', '-c', '2', '<project>/build/release/pclp', 'solve', '--instance', '<project>/data/generated/gen_sparse_degree3_n200_dispersed_neg30_r2.json', '--config', '<project>/experiments/runs/ablation/8f09680e11f6ce2a/resolved_config.json', '--output', '<project>/experiments/runs/ablation/8f09680e11f6ce2a/result.json']",False,close-degeneracy-trigger,1347,0.000560617,0.007241079,sparse,0,0,32,gen_sparse_degree3_n200_dispersed_neg30_r2,data/generated/gen_sparse_degree3_n200_dispersed_neg30_r2.json,f546cf86f355a7207edd08d8e8c1b88ef3c192e4227a5f7d51034bfb89fee898,1413,26,,200,1731.3808539944903,27,generated,24293376,1418,6.7942e-05,0.000975804,0.001364941,84272,0,,1,8f09680e11f6ce2a,0.010675448997062631,optimal,0.006678477,0.002850113,True
577,493f6f942eca3576ac0253ad50581fbe0469e8e417d3f97011c676f7789871fd,38390,"""instance""",3.7887e-05,"['taskset', '-c', '2', '<project>/build/release/pclp', 'solve', '--instance', '<project>/data/generated/gen_sparse_degree3_n200_dispersed_neg30_r2.json', '--config', '<project>/experiments/runs/ablation/031ab7a9140ea97e/resolved_config.json', '--output', '<project>/experiments/runs/ablation/031ab7a9140ea97e/result.json']",False,forest-tuned,1094,0.000457546,0.005325609,sparse,0,0,31,gen_sparse_degree3_n200_dispersed_neg30_r2,data/generated/gen_sparse_degree3_n200_dispersed_neg30_r2.json,f546cf86f355a7207edd08d8e8c1b88ef3c192e4227a5f7d51034bfb89fee898,1158,26,,200,1731.3808539944903,27,generated,24293376,1162,7.5832e-05,0.000511174,0.000560358,68388,0,,0,031ab7a9140ea97e,0.008696371005498804,optimal,0.004720759,0.002313307,True
577,493f6f942eca3576ac0253ad50581fbe0469e8e417d3f97011c676f7789871fd,38390,"""instance""",4.0298e-05,"['taskset', '-c', '2', '<project>/build/release/pclp', 'solve', '--instance', '<project>/data/generated/gen_sparse_degree3_n200_dispersed_neg30_r2.json', '--config', '<project>/experiments/runs/ablation/eb97335e0206da71/resolved_config.json', '--output', '<project>/experiments/runs/ablation/eb97335e0206da71/result.json']",False,forest-tuned,1094,0.000457423,0.00524111,sparse,0,0,31,gen_sparse_degree3_n200_dispersed_neg30_r2,data/generated/gen_sparse_degree3_n200_dispersed_neg30_r2.json,f546cf86f355a7207edd08d8e8c1b88ef3c192e4227a5f7d51034bfb89fee898,1158,26,,200,1731.3808539944903,27,generated,24293376,1162,5.9515e-05,0.000507055,0.000554928,68388,0,,1,eb97335e0206da71,0.008740941004361957,optimal,0.004650379,0.002300496,True
577,493f6f942eca3576ac0253ad50581fbe0469e8e417d3f97011c676f7789871fd,154527,"""instance""",3.3492e-05,"['taskset', '-c', '2', '<project>/build/release/pclp', 'solve', '--instance', '<project>/data/generated/gen_sparse_degree3_n200_dispersed_neg30_r2.json', '--config', '<project>/experiments/runs/ablation/cdc9ed4e4be4cb4c/resolved_config.json', '--output', '<project>/experiments/runs/ablation/cdc9ed4e4be4cb4c/result.json']",False,full-pricing,1133,0.000610399,0.006567165,sparse,0,0,31,gen_sparse_degree3_n200_dispersed_neg30_r2,data/generated/gen_sparse_degree3_n200_dispersed_neg30_r2.json,f546cf86f355a7207edd08d8e8c1b88ef3c192e4227a5f7d51034bfb89fee898,1218,26,,200,1731.3808539944903,27,generated,24293376,1222,5.9377e-05,0.001556685,0.000821331,64531,0,,0,cdc9ed4e4be4cb4c,0.010257493995595723,optimal,0.006018687,0.002185123,True
577,493f6f942eca3576ac0253ad50581fbe0469e8e417d3f97011c676f7789871fd,154527,"""instance""",3.7206e-05,"['taskset', '-c', '2', '<project>/build/release/pclp', 'solve', '--instance', '<project>/data/generated/gen_sparse_degree3_n200_dispersed_neg30_r2.json', '--config', '<project>/experiments/runs/ablation/48d64333bab26e53/resolved_config.json', '--output', '<project>/experiments/runs/ablation/48d64333bab26e53/result.json']",False,full-pricing,1133,0.000729992,0.006953359,sparse,0,0,31,gen_sparse_degree3_n200_dispersed_neg30_r2,data/generated/gen_sparse_degree3_n200_dispersed_neg30_r2.json,f546cf86f355a7207edd08d8e8c1b88ef3c192e4227a5f7d51034bfb89fee898,1218,26,,200,1731.3808539944903,27,generated,24293376,1222,5.9973e-05,0.001632307,0.000846075,64531,0,,1,48d64333bab26e53,0.010533018998103216,optimal,0.006455882,0.002352879,True
577,493f6f942eca3576ac0253ad50581fbe0469e8e417d3f97011c676f7789871fd,41626,"""instance""",4.5122e-05,"['taskset', '-c', '2', '<project>/build/release/pclp', 'solve', '--instance', '<project>/data/generated/gen_sparse_degree3_n200_dispersed_neg30_r2.json', '--config', '<project>/experiments/runs/ablation/ca03dfd4d9535aaa/resolved_config.json', '--output', '<project>/experiments/runs/ablation/ca03dfd4d9535aaa/result.json']",False,no-early-ratio-test,1143,0.00056325,0.007802261,sparse,0,0,31,gen_sparse_degree3_n200_dispersed_neg30_r2,data/generated/gen_sparse_degree3_n200_dispersed_neg30_r2.json,f546cf86f355a7207edd08d8e8c1b88ef3c192e4227a5f7d51034bfb89fee898,1206,26,,200,1731.3808539944903,27,generated,24293376,1210,7.5715e-05,0.000633594,0.001996153,72383,0,,0,ca03dfd4d9535aaa,0.011966977996053174,optimal,0.007163654,0.002918284,True
577,493f6f942eca3576ac0253ad50581fbe0469e8e417d3f97011c676f7789871fd,41626,"""instance""",3.3892e-05,"['taskset', '-c', '2', '<project>/build/release/pclp', 'solve', '--instance', '<project>/data/generated/gen_sparse_degree3_n200_dispersed_neg30_r2.json', '--config', '<project>/experiments/runs/ablation/6f9dc91928238a38/resolved_config.json', '--output', '<project>/experiments/runs/ablation/6f9dc91928238a38/result.json']",False,no-early-ratio-test,1143,0.000487632,0.00663595,sparse,0,0,31,gen_sparse_degree3_n200_dispersed_neg30_r2,data/generated/gen_sparse_degree3_n200_dispersed_neg30_r2.json,f546cf86f355a7207edd08d8e8c1b88ef3c192e4227a5f7d51034bfb89fee898,1206,26,,200,1731.3808539944903,27,generated,24293376,1210,6.0887e-05,0.000535004,0.001709434,72383,0,,1,6f9dc91928238a38,0.009831757997744717,optimal,0.006096819,0.002497719,True
577,493f6f942eca3576ac0253ad50581fbe0469e8e417d3f97011c676f7789871fd,38390,"""instance""",3.2757e-05,"['taskset', '-c', '2', '<project>/build/release/pclp', 'solve', '--instance', '<project>/data/generated/gen_sparse_degree3_n200_dispersed_neg30_r2.json', '--config', '<project>/experiments/runs/ablation/54744f839a4348d5/resolved_config.json', '--output', '<project>/experiments/runs/ablation/54744f839a4348d5/result.json']",False,no-local-update,1094,0.000516613,0.007986525,sparse,0,0,1189,gen_sparse_degree3_n200_dispersed_neg30_r2,data/generated/gen_sparse_degree3_n200_dispersed_neg30_r2.json,f546cf86f355a7207edd08d8e8c1b88ef3c192e4227a5f7d51034bfb89fee898,0,26,,200,1731.3808539944903,27,generated,24293376,1162,6.8639e-05,0.000569567,0.000636137,148836,0,,0,54744f839a4348d5,0.012822973003494553,optimal,0.007360715,0.004701206,True
577,493f6f942eca3576ac0253ad50581fbe0469e8e417d3f97011c676f7789871fd,38390,"""instance""",3.7611e-05,"['taskset', '-c', '2', '<project>/build/release/pclp', 'solve', '--instance', '<project>/data/generated/gen_sparse_degree3_n200_dispersed_neg30_r2.json', '--config', '<project>/experiments/runs/ablation/9c9623b5d35978d6/resolved_config.json', '--output', '<project>/experiments/runs/ablation/9c9623b5d35978d6/result.json']",False,no-local-update,1094,0.000485379,0.007339302,sparse,0,0,1189,gen_sparse_degree3_n200_dispersed_neg30_r2,data/generated/gen_sparse_degree3_n200_dispersed_neg30_r2.json,f546cf86f355a7207edd08d8e8c1b88ef3c192e4227a5f7d51034bfb89fee898,0,26,,200,1731.3808539944903,27,generated,24293376,1162,8.2569e-05,0.000522973,0.000584505,148836,0,,1,9c9623b5d35978d6,0.013026642001932487,optimal,0.006689527,0.004173002,True
577,493f6f942eca3576ac0253ad50581fbe0469e8e417d3f97011c676f7789871fd,41626,"""instance""",3.2721e-05,"['taskset', '-c', '2', '<project>/build/release/pclp', 'solve', '--instance', '<project>/data/generated/gen_sparse_degree3_n200_dispersed_neg30_r2.json', '--config', '<project>/experiments/runs/ablation/2aec3a4895feac0c/resolved_config.json', '--output', '<project>/experiments/runs/ablation/2aec3a4895feac0c/result.json']",False,no-restricted-ratio-test,1143,0.000477444,0.006511013,sparse,0,0,31,gen_sparse_degree3_n200_dispersed_neg30_r2,data/generated/gen_sparse_degree3_n200_dispersed_neg30_r2.json,f546cf86f355a7207edd08d8e8c1b88ef3c192e4227a5f7d51034bfb89fee898,1206,26,,200,1731.3808539944903,27,generated,24293376,1210,6.0406e-05,0.000531005,0.001688484,72383,0,,0,2aec3a4895feac0c,0.00976105900190305,optimal,0.005968486,0.002417437,True
577,493f6f942eca3576ac0253ad50581fbe0469e8e417d3f97011c676f7789871fd,41626,"""instance""",3.346e-05,"['taskset', '-c', '2', '<project>/build/release/pclp', 'solve', '--instance', '<project>/data/generated/gen_sparse_degree3_n200_dispersed_neg30_r2.json', '--config', '<project>/experiments/runs/ablation/dea2380b5723ce35/resolved_config.json', '--output', '<project>/experiments/runs/ablation/dea2380b5723ce35/result.json']",False,no-restricted-ratio-test,1143,0.000504124,0.006741381,sparse,0,0,31,gen_sparse_degree3_n200_dispersed_neg30_r2,data/generated/gen_sparse_degree3_n200_dispersed_neg30_r2.json,f546cf86f355a7207edd08d8e8c1b88ef3c192e4227a5f7d51034bfb89fee898,1206,26,,200,1731.3808539944903,27,generated,24293376,1210,5.9361e-05,0.000549238,0.001731001,72383,0,,1,dea2380b5723ce35,0.009646470003644936,optimal,0.006177138,0.002528592,True
577,493f6f942eca3576ac0253ad50581fbe0469e8e417d3f97011c676f7789871fd,38390,"""instance""",3.4361e-05,"['taskset', '-c', '2', '<project>/build/release/pclp', 'solve', '--instance', '<project>/data/generated/gen_sparse_degree3_n200_dispersed_neg30_r2.json', '--config', '<project>/experiments/runs/ablation/e6b32950b8b77862/resolved_config.json', '--output', '<project>/experiments/runs/ablation/e6b32950b8b77862/result.json']",False,sequential-canonicalization,1094,0.000443523,0.005163568,sparse,0,0,31,gen_sparse_degree3_n200_dispersed_neg30_r2,data/generated/gen_sparse_degree3_n200_dispersed_neg30_r2.json,f546cf86f355a7207edd08d8e8c1b88ef3c192e4227a5f7d51034bfb89fee898,1158,26,,200,1731.3808539944903,27,generated,24293376,1162,0.000177029,0.000496304,0.000550861,68388,0,,0,e6b32950b8b77862,0.008701309008756652,optimal,0.004656683,0.002267486,True
577,493f6f942eca3576ac0253ad50581fbe0469e8e417d3f97011c676f7789871fd,38390,"""instance""",3.4746e-05,"['taskset', '-c', '2', '<project>/build/release/pclp', 'solve', '--instance', '<project>/data/generated/gen_sparse_degree3_n200_dispersed_neg30_r2.json', '--config', '<project>/experiments/runs/ablation/564c5e38f476591e/resolved_config.json', '--output', '<project>/experiments/runs/ablation/564c5e38f476591e/result.json']",False,sequential-canonicalization,1094,0.000443667,0.005177944,sparse,0,0,31,gen_sparse_degree3_n200_dispersed_neg30_r2,data/generated/gen_sparse_degree3_n200_dispersed_neg30_r2.json,f546cf86f355a7207edd08d8e8c1b88ef3c192e4227a5f7d51034bfb89fee898,1158,26,,200,1731.3808539944903,27,generated,24293376,1162,6.038e-05,0.000495517,0.000542413,68388,0,,1,564c5e38f476591e,0.008262846007710323,optimal,0.004579937,0.002321216,True
577,493f6f942eca3576ac0253ad50581fbe0469e8e417d3f97011c676f7789871fd,47114,"""instance""",3.2782e-05,"['taskset', '-c', '2', '<project>/build/release/pclp', 'solve', '--instance', '<project>/data/generated/gen_sparse_degree3_n200_dispersed_neg30_r2.json', '--config', '<project>/experiments/runs/ablation/7ea2487be8947d13/resolved_config.json', '--output', '<project>/experiments/runs/ablation/7ea2487be8947d13/result.json']",False,sink-initial-basis,1201,0.000449735,0.005007573,sparse,0,0,32,gen_sparse_degree3_n200_dispersed_neg30_r2,data/generated/gen_sparse_degree3_n200_dispersed_neg30_r2.json,f546cf86f355a7207edd08d8e8c1b88ef3c192e4227a5f7d51034bfb89fee898,1292,26,,200,1731.3808539944903,27,generated,24293376,1297,5.8846e-05,0.000569013,0.000574817,66910,0,,0,7ea2487be8947d13,0.008177048002835363,optimal,0.004445973,0.002165053,True
577,493f6f942eca3576ac0253ad50581fbe0469e8e417d3f97011c676f7789871fd,47114,"""instance""",3.2368e-05,"['taskset', '-c', '2', '<project>/build/release/pclp', 'solve', '--instance', '<project>/data/generated/gen_sparse_degree3_n200_dispersed_neg30_r2.json', '--config', '<project>/experiments/runs/ablation/2979ccbaa0dbbcb0/resolved_config.json', '--output', '<project>/experiments/runs/ablation/2979ccbaa0dbbcb0/result.json']",False,sink-initial-basis,1201,0.000450388,0.004979884,sparse,0,0,32,gen_sparse_degree3_n200_dispersed_neg30_r2,data/generated/gen_sparse_degree3_n200_dispersed_neg30_r2.json,f546cf86f355a7207edd08d8e8c1b88ef3c192e4227a5f7d51034bfb89fee898,1292,26,,200,1731.3808539944903,27,generated,24293376,1297,6.8542e-05,0.000573427,0.000581447,66910,0,,1,2979ccbaa0dbbcb0,0.008065514004556462,optimal,0.004454636,0.002151607,True
577,493f6f942eca3576ac0253ad50581fbe0469e8e417d3f97011c676f7789871fd,36510,"""instance""",3.3244e-05,"['taskset', '-c', '2', '<project>/build/release/pclp', 'solve', '--instance', '<project>/data/generated/gen_sparse_degree3_n200_dispersed_neg30_r2.json', '--config', '<project>/experiments/runs/ablation/de59bfccc24c8712/resolved_config.json', '--output', '<project>/experiments/runs/ablation/de59bfccc24c8712/result.json']",False,with-transitive-reduction,1067,0.000431449,0.004884358,sparse,0,0,31,gen_sparse_degree3_n200_dispersed_neg30_r2,data/generated/gen_sparse_degree3_n200_dispersed_neg30_r2.json,f546cf86f355a7207edd08d8e8c1b88ef3c192e4227a5f7d51034bfb89fee898,1138,26,,200,1731.3808539944903,27,generated,24293376,1142,7.0999e-05,0.000490315,0.000540021,60648,151,,0,de59bfccc24c8712,0.007888969004852697,optimal,0.004327498,0.002058151,True
577,493f6f942eca3576ac0253ad50581fbe0469e8e417d3f97011c676f7789871fd,36510,"""instance""",4.21e-05,"['taskset', '-c', '2', '<project>/build/release/pclp', 'solve', '--instance', '<project>/data/generated/gen_sparse_degree3_n200_dispersed_neg30_r2.json', '--config', '<project>/experiments/runs/ablation/b6a6c6be88fd572a/resolved_config.json', '--output', '<project>/experiments/runs/ablation/b6a6c6be88fd572a/result.json']",False,with-transitive-reduction,1067,0.000448702,0.00505729,sparse,0,0,31,gen_sparse_degree3_n200_dispersed_neg30_r2,data/generated/gen_sparse_degree3_n200_dispersed_neg30_r2.json,f546cf86f355a7207edd08d8e8c1b88ef3c192e4227a5f7d51034bfb89fee898,1138,26,,200,1731.3808539944903,27,generated,24293376,1142,8.1699e-05,0.000501421,0.000561231,60648,151,,1,b6a6c6be88fd572a,0.00843040700419806,optimal,0.004478663,0.002110802,True
1564,493f6f942eca3576ac0253ad50581fbe0469e8e417d3f97011c676f7789871fd,550045,"""instance""",6.4237e-05,"['taskset', '-c', '2', '<project>/build/release/pclp', 'solve', '--instance', '<project>/data/generated/gen_transitive_degree2-extra3.0_n200_uniform_neg30_r0.json', '--config', '<project>/experiments/runs/ablation/7a2ae0484a031bd9/resolved_config.json', '--output', '<project>/experiments/runs/ablation/7a2ae0484a031bd9/result.json']",False,bland-entering,3372,0.00180634,0.031353584,transitive,0,0,55,gen_transitive_degree2-extra3.0_n200_uniform_neg30_r0,data/generated/gen_transitive_degree2-extra3.0_n200_uniform_neg30_r0.json,33cbd14bfad6e7724454048d971e85124dbec38ad0893182878803ffe84e9dae,3548,41,,200,2943.5605263157895,42,generated,24293376,3561,0.00010589,0.004454535,0.01353173,249828,0,,0,7a2ae0484a031bd9,0.03586839500349015,optimal,0.030297641,0.008242721,True
1564,493f6f942eca3576ac0253ad50581fbe0469e8e417d3f97011c676f7789871fd,550045,"""instance""",6.3366e-05,"['taskset', '-c', '2', '<project>/build/release/pclp', 'solve', '--instance', '<project>/data/generated/gen_transitive_degree2-extra3.0_n200_uniform_neg30_r0.json', '--config', '<project>/experiments/runs/ablation/7eb25b0ea216c8ed/resolved_config.json', '--output', '<project>/experiments/runs/ablation/7eb25b0ea216c8ed/result.json']",False,bland-entering,3372,0.002064748,0.034356287,transitive,0,0,55,gen_transitive_degree2-extra3.0_n200_uniform_neg30_r0,data/generated/gen_transitive_degree2-extra3.0_n200_uniform_neg30_r0.json,33cbd14bfad6e7724454048d971e85124dbec38ad0893182878803ffe84e9dae,3548,41,,200,2943.5605263157895,42,generated,24293376,3561,9.9623e-05,0.004874868,0.014945873,249828,0,,1,7eb25b0ea216c8ed,0.03797656900133006,optimal,0.033281255,0.008941044,True
1564,493f6f942eca3576ac0253ad50581fbe0469e8e417d3f97011c676f7789871fd,107545,"""instance""",6.8798e-05,"['taskset', '-c', '2', '<project>/build/release/pclp', 'solve', '--instance', '<project>/data/generated/gen_transitive_degree2-extra3.0_n200_uniform_neg30_r0.json', '--config', '<project>/experiments/runs/ablation/9669f95f05efa88d/resolved_config.json', '--output', '<project>/experiments/runs/ablation/9669f95f05efa88d/result.json']",False,close-degeneracy-trigger,2237,0.00099231,0.011497848,transitive,0,0,51,gen_transitive_degree2-extra3.0_n200_uniform_neg30_r0,data/generated/gen_transitive_degree2-extra3.0_n200_uniform_neg30_r0.json,33cbd14bfad6e7724454048d971e85124dbec38ad0893182878803ffe84e9dae,2431,41,,200,2943.5605263157895,42,generated,24293376,2440,0.000124529,0.001145975,0.002102743,126346,0,,0,9669f95f05efa88d,0.01647629600483924,optimal,0.010349139,0.004291692,True
1564,493f6f942eca3576ac0253ad50581fbe0469e8e417d3f97011c676f7789871fd,107545,"""instance""",6.78e-05,"['taskset', '-c', '2', '<project>/build/release/pclp', 'solve', '--instance', '<project>/data/generated/gen_transitive_degree2-extra3.0_n200_uniform_neg30_r0.json', '--config', '<project>/experiments/runs/ablation/f98095847b7a5c97/resolved_config.json', '--output', '<project>/experiments/runs/ablation/f98095847b7a5c97/result.json']",False,close-degeneracy-trigger,2237,0.001002469,0.011420042,transitive,0,0,51,gen_transitive_degree2-extra3.0_n200_uniform_neg30_r0,data/generated/gen_transitive_degree2-extra3.0_n200_uniform_neg30_r0.json,33cbd14bfad6e7724454048d971e85124dbec38ad0893182878803ffe84e9dae,2431,41,,200,2943.5605263157895,42,generated,24293376,2440,0.000107887,0.00115643,0.002123592,126346,0,,1,f98095847b7a5c97,0.01576712800306268,optimal,0.010335428,0.004268936,True
1564,493f6f942eca3576ac0253ad50581fbe0469e8e417d3f97011c676f7789871fd,66274,"""instance""",7.6638e-05,"['taskset', '-c', '2', '<project>/build/release/pclp', 'solve', '--instance', '<project>/data/generated/gen_transitive_degree2-extra3.0_n200_uniform_neg30_r0.json', '--config', '<project>/experiments/runs/ablation/0693c18c9cddf4ff/resolved_config.json', '--output', '<project>/experiments/runs/ablation/0693c18c9cddf4ff/result.json']",False,forest-tuned,2194,0.001070206,0.011546689,transitive,0,0,51,gen_transitive_degree2-extra3.0_n200_uniform_neg30_r0,data/generated/gen_transitive_degree2-extra3.0_n200_uniform_neg30_r0.json,33cbd14bfad6e7724454048d971e85124dbec38ad0893182878803ffe84e9dae,2385,41,,200,2943.5605263157895,42,generated,24293376,2394,0.000126763,0.000989439,0.00172213,126686,0,,0,0693c18c9cddf4ff,0.015219334993162192,optimal,0.010434604,0.00463056,True
1564,493f6f942eca3576ac0253ad50581fbe0469e8e417d3f97011c676f7789871fd,66274,"""instance""",6.2664e-05,"['taskset', '-c', '2', '<project>/build/release/pclp', 'solve', '--instance', '<project>/data/generated/gen_transitive_degree2-extra3.0_n200_uniform_neg30_r0.json', '--config', '<project>/experiments/runs/ablation/99c15db3404d3c7d/resolved_config.json', '--output', '<project>/experiments/runs/ablation/99c15db3404d3c7d/result.json']",False,forest-tuned,2194,0.001102989,0.011761142,transitive,0,0,51,gen_transitive_degree2-extra3.0_n200_uniform_neg30_r0,data/generated/gen_transitive_degree2-extra3.0_n200_uniform_neg30_r0.json,33cbd14bfad6e7724454048d971e85124dbec38ad0893182878803ffe84e9dae,2385,41,,200,2943.5605263157895,42,generated,24293376,2394,0.000141898,0.00097494,0.001760933,126686,0,,1,99c15db3404d3c7d,0.01597307200427167,optimal,0.010537621,0.004737556,True
1564,493f6f942eca3576ac0253ad50581fbe0469e8e417d3f97011c676f7789871fd,331685,"""instance""",6.1368e-05,"['taskset', '-c', '2', '<project>/build/release/pclp', 'solve', '--instance', '<project>/data/generated/gen_transitive_degree2-extra3.0_n200_uniform_neg30_r0.json', '--config', '<project>/experiments/runs/ablation/6f062ceb0fc6b336/resolved_config.json', '--output', '<project>/experiments/runs/ablation/6f062ceb0fc6b336/result.json']",False,full-pricing,2342,0.000972275,0.011643595,transitive,0,0,51,gen_transitive_degree2-extra3.0_n200_uniform_neg30_r0,data/generated/gen_transitive_degree2-extra3.0_n200_uniform_neg30_r0.json,33cbd14bfad6e7724454048d971e85124dbec38ad0893182878803ffe84e9dae,2425,41,,200,2943.5605263157895,42,generated,24293376,2434,0.000122805,0.002982669,0.001546259,104506,0,,0,6f062ceb0fc6b336,0.015762506998726167,optimal,0.010609924,0.003390634,True
1564,493f6f942eca3576ac0253ad50581fbe0469e8e417d3f97011c676f7789871fd,331685,"""instance""",6.8741e-05,"['taskset', '-c', '2', '<project>/build/release/pclp', 'solve', '--instance', '<project>/data/generated/gen_transitive_degree2-extra3.0_n200_uniform_neg30_r0.json', '--config', '<project>/experiments/runs/ablation/bcdfbf8a4cbee9ec/resolved_config.json', '--output', '<project>/experiments/runs/ablation/bcdfbf8a4cbee9ec/result.json']",False,full-pricing,2342,0.000974224,0.011712207,transitive,0,0,51,gen_transitive_degree2-extra3.0_n200_uniform_neg30_r0,data/generated/gen_transitive_degree2-extra3.0_n200_uniform_neg30_r0.json,33cbd14bfad6e7724454048d971e85124dbec38ad0893182878803ffe84e9dae,2425,41,,200,2943.5605263157895,42,generated,24293376,2434,0.000108433,0.003028856,0.00152901,104506,0,,1,bcdfbf8a4cbee9ec,0.01604686000791844,optimal,0.010657451,0.003439683,True
1564,493f6f942eca3576ac0253ad50581fbe0469e8e417d3f97011c676f7789871fd,69464,"""instance""",6.801e-05,"['taskset', '-c', '2', '<project>/build/release/pclp', 'solve', '--instance', '<project>/data/generated/gen_transitive_degree2-extra3.0_n200_uniform_neg30_r0.json', '--config', '<project>/experiments/runs/ablation/ed4b1a8e91abafeb/resolved_config.json', '--output', '<project>/experiments/runs/ablation/ed4b1a8e91abafeb/result.json']",False,no-early-ratio-test,2281,0.001094375,0.017284086,transitive,0,0,51,gen_transitive_degree2-extra3.0_n200_uniform_neg30_r0,data/generated/gen_transitive_degree2-extra3.0_n200_uniform_neg30_r0.json,33cbd14bfad6e7724454048d971e85124dbec38ad0893182878803ffe84e9dae,2478,41,,200,2943.5605263157895,42,generated,24293376,2487,0.000128618,0.000969968,0.007420836,132559,0,,0,ed4b1a8e91abafeb,0.020765993991517462,optimal,0.016176274,0.004722129,True
1564,493f6f942eca3576ac0253ad50581fbe0469e8e417d3f97011c676f7789871fd,69464,"""instance""",6.5749e-05,"['taskset', '-c', '2', '<project>/build/release/pclp', 'solve', '--instance', '<project>/data/generated/gen_transitive_degree2-extra3.0_n200_uniform_neg30_r0.json', '--config', '<project>/experiments/runs/ablation/0465a0dda05a1e71/resolved_config.json', '--output', '<project>/experiments/runs/ablation/0465a0dda05a1e71/result.json']",False,no-early-ratio-test,2281,0.001197052,0.01882762,transitive,0,0,51,gen_transitive_degree2-extra3.0_n200_uniform_neg30_r0,data/generated/gen_transitive_degree2-extra3.0_n200_uniform_neg30_r0.json,33cbd14bfad6e7724454048d971e85124dbec38ad0893182878803ffe84e9dae,2478,41,,200,2943.5605263157895,42,generated,24293376,2487,0.000138522,0.001029258,0.008066528,132559,0,,1,0465a0dda05a1e71,0.023022153007332236,optimal,0.017588644,0.005225762,True
1564,493f6f942eca3576ac0253ad50581fbe0469e8e417d3f97011c676f7789871fd,66274,"""instance""",6.1991e-05,"['taskset', '-c', '2', '<project>/build/release/pclp', 'solve', '--instance', '<project>/data/generated/gen_transitive_degree2-extra3.0_n200_uniform_neg30_r0.json', '--config', '<project>/experiments/runs/ablation/af24c65cca6ad82d/resolved_config.json', '--output', '<project>/experiments/runs/ablation/af24c65cca6ad82d/result.json']",False,no-local-update,2194,0.000965355,0.014120665,transitive,0,0,2436,gen_transitive_degree2-extra3.0_n200_uniform_neg30_r0,data/generated/gen_transitive_degree2-extra3.0_n200_uniform_neg30_r0.json,33cbd14bfad6e7724454048d971e85124dbec38ad0893182878803ffe84e9dae,0,41,,200,2943.5605263157895,42,generated,24293376,2394,0.000111295,0.000854224,0.001518718,329746,0,,0,af24c65cca6ad82d,0.01789334999921266,optimal,0.013067841,0.008006516,True
1564,493f6f942eca3576ac0253ad50581fbe0469e8e417d3f97011c676f7789871fd,66274,"""instance""",7.2885e-05,"['taskset', '-c', '2', '<project>/build/release/pclp', 'solve', '--instance', '<project>/data/generated/gen_transitive_degree2-extra3.0_n200_uniform_neg30_r0.json', '--config', '<project>/experiments/runs/ablation/50849ed6c58a8ade/resolved_config.json', '--output', '<project>/experiments/runs/ablation/50849ed6c58a8ade/result.json']",False,no-local-update,2194,0.001065806,0.015665627,transitive,0,0,2436,gen_transitive_degree2-extra3.0_n200_uniform_neg30_r0,data/generated/gen_transitive_degree2-extra3.0_n200_uniform_neg30_r0.json,33cbd14bfad6e7724454048d971e85124dbec38ad0893182878803ffe84e9dae,0,41,,200,2943.5605263157895,42,generated,24293376,2394,0.000121822,0.000960868,0.001675645,329746,0,,1,50849ed6c58a8ade,0.019555112012312748,optimal,0.014467171,0.008834949,True
1564,493f6f942eca3576ac0253ad50581fbe0469e8e417d3f97011c676f7789871fd,69464,"""instance""",5.8985e-05,"['taskset', '-c', '2', '<project>/build/release/pclp', 'solve', '--instance', '<project>/data/generated/gen_transitive_degree2-extra3.0_n200_uniform_neg30_r0.json', '--config', '<project>/experiments/runs/ablation/cd15b17b2a7e1b95/resolved_config.json', '--output', '<project>/experiments/runs/ablation/cd15b17b2a7e1b95/result.json']",False,no-restricted-ratio-test,2281,0.001029256,0.017846132,transitive,0,0,51,gen_transitive_degree2-extra3.0_n200_uniform_neg30_r0,data/generated/gen_transitive_degree2-extra3.0_n200_uniform_neg30_r0.json,33cbd14bfad6e7724454048d971e85124dbec38ad0893182878803ffe84e9dae,2478,41,,200,2943.5605263157895,42,generated,24293376,2487,0.000135273,0.000914116,0.008374032,132559,0,,0,cd15b17b2a7e1b95,0.0225190869969083,optimal,0.016689936,0.004507184,True
1564,493f6f942eca3576ac0253ad50581fbe0469e8e417d3f97011c676f7789871fd,69464,"""instance""",6.026e-05,"['taskset', '-c', '2', '<project>/build/release/pclp', 'solve', '--instance', '<project>/data/generated/gen_transitive_degree2-extra3.0_n200_uniform_neg30_r0.json', '--config', '<project>/experiments/runs/ablation/e4a9b4bd82e28e08/resolved_config.json', '--output', '<project>/experiments/runs/ablation/e4a9b4bd82e28e08/result.json']",False,no-restricted-ratio-test,2281,0.00117683,0.018688537,transitive,0,0,51,gen_transitive_degree2-extra3.0_n200_uniform_neg30_r0,data/generated/gen_transitive_degree2-extra3.0_n200_uniform_neg30_r0.json,33cbd14bfad6e7724454048d971e85124dbec38ad0893182878803ffe84e9dae,2478,41,,200,2943.5605263157895,42,generated,24293376,2487,0.000141892,0.000946733,0.008787767,132559,0,,1,e4a9b4bd82e28e08,0.022593475994654,optimal,0.017524727,0.004718748,True
1564,493f6f942eca3576ac0253ad50581fbe0469e8e417d3f97011c676f7789871fd,69524,"""instance""",6.9561e-05,"['taskset', '-c', '2', '<project>/build/release/pclp', 'solve', '--instance', '<project>/data/generated/gen_transitive_degree2-extra3.0_n200_uniform_neg30_r0.json', '--config', '<project>/experiments/runs/ablation/24d00c8065bdb981/resolved_config.json', '--output', '<project>/experiments/runs/ablation/24d00c8065bdb981/result.json']",False,sequential-canonicalization,2323,0.00099252,0.010423059,transitive,0,0,54,gen_transitive_degree2-extra3.0_n200_uniform_neg30_r0,data/generated/gen_transitive_degree2-extra3.0_n200_uniform_neg30_r0.json,33cbd14bfad6e7724454048d971e85124dbec38ad0893182878803ffe84e9dae,2516,41,,200,2943.5605263157895,45,generated,24293376,2525,0.000112418,0.000895567,0.001569206,128077,0,,0,24d00c8065bdb981,0.01397070700477343,optimal,0.009341645,0.004175915,True
1564,493f6f942eca3576ac0253ad50581fbe0469e8e417d3f97011c676f7789871fd,69524,"""instance""",6.1849e-05,"['taskset', '-c', '2', '<project>/build/release/pclp', 'solve', '--instance', '<project>/data/generated/gen_transitive_degree2-extra3.0_n200_uniform_neg30_r0.json', '--config', '<project>/experiments/runs/ablation/94580f75305401d4/resolved_config.json', '--output', '<project>/experiments/runs/ablation/94580f75305401d4/result.json']",False,sequential-canonicalization,2323,0.000961699,0.010247672,transitive,0,0,54,gen_transitive_degree2-extra3.0_n200_uniform_neg30_r0,data/generated/gen_transitive_degree2-extra3.0_n200_uniform_neg30_r0.json,33cbd14bfad6e7724454048d971e85124dbec38ad0893182878803ffe84e9dae,2516,41,,200,2943.5605263157895,45,generated,24293376,2525,0.000109417,0.000879611,0.001524536,128077,0,,1,94580f75305401d4,0.015344722996815108,optimal,0.009193832,0.004146704,True
1564,493f6f942eca3576ac0253ad50581fbe0469e8e417d3f97011c676f7789871fd,70776,"""instance""",6.7113e-05,"['taskset', '-c', '2', '<project>/build/release/pclp', 'solve', '--instance', '<project>/data/generated/gen_transitive_degree2-extra3.0_n200_uniform_neg30_r0.json', '--config', '<project>/experiments/runs/ablation/8b85e77f9d7f97c0/resolved_config.json', '--output', '<project>/experiments/runs/ablation/8b85e77f9d7f97c0/result.json']",False,sink-initial-basis,1468,0.00041807599999999997,0.006169326,transitive,0,0,48,gen_transitive_degree2-extra3.0_n200_uniform_neg30_r0,data/generated/gen_transitive_degree2-extra3.0_n200_uniform_neg30_r0.json,33cbd14bfad6e7724454048d971e85124dbec38ad0893182878803ffe84e9dae,1542,41,,200,2943.5605263157895,42,generated,24293376,1548,0.000107652,0.000744145,0.000916181,57626,0,,0,8b85e77f9d7f97c0,0.009881219011731446,optimal,0.005119649,0.001959035,True
1564,493f6f942eca3576ac0253ad50581fbe0469e8e417d3f97011c676f7789871fd,70776,"""instance""",7.8167e-05,"['taskset', '-c', '2', '<project>/build/release/pclp', 'solve', '--instance', '<project>/data/generated/gen_transitive_degree2-extra3.0_n200_uniform_neg30_r0.json', '--config', '<project>/experiments/runs/ablation/9a5abc81f86dca6b/resolved_config.json', '--output', '<project>/experiments/runs/ablation/9a5abc81f86dca6b/result.json']",False,sink-initial-basis,1468,0.000460976,0.006923827,transitive,0,0,48,gen_transitive_degree2-extra3.0_n200_uniform_neg30_r0,data/generated/gen_transitive_degree2-extra3.0_n200_uniform_neg30_r0.json,33cbd14bfad6e7724454048d971e85124dbec38ad0893182878803ffe84e9dae,1542,41,,200,2943.5605263157895,42,generated,24293376,1548,0.000110538,0.000828388,0.001026514,57626,0,,1,9a5abc81f86dca6b,0.012014331005048007,optimal,0.005651635,0.002127165,True
1564,493f6f942eca3576ac0253ad50581fbe0469e8e417d3f97011c676f7789871fd,54786,"""instance""",5.2845e-05,"['taskset', '-c', '2', '<project>/build/release/pclp', 'solve', '--instance', '<project>/data/generated/gen_transitive_degree2-extra3.0_n200_uniform_neg30_r0.json', '--config', '<project>/experiments/runs/ablation/80e96c1c5077ff3e/resolved_config.json', '--output', '<project>/experiments/runs/ablation/80e96c1c5077ff3e/result.json']",False,with-transitive-reduction,1724,0.000448059,0.005570734,transitive,0,0,49,gen_transitive_degree2-extra3.0_n200_uniform_neg30_r0,data/generated/gen_transitive_degree2-extra3.0_n200_uniform_neg30_r0.json,33cbd14bfad6e7724454048d971e85124dbec38ad0893182878803ffe84e9dae,1803,41,,200,2943.5605263157895,42,generated,24293376,1810,0.00015048,0.000676887,0.000661578,48287,1237,,0,80e96c1c5077ff3e,0.009003924991702661,optimal,0.004550568,0.001635913,True
1564,493f6f942eca3576ac0253ad50581fbe0469e8e417d3f97011c676f7789871fd,54786,"""instance""",5.8715e-05,"['taskset', '-c', '2', '<project>/build/release/pclp', 'solve', '--instance', '<project>/data/generated/gen_transitive_degree2-extra3.0_n200_uniform_neg30_r0.json', '--config', '<project>/experiments/runs/ablation/01c9ee09e9efe684/resolved_config.json', '--output', '<project>/experiments/runs/ablation/01c9ee09e9efe684/result.json']",False,with-transitive-reduction,1724,0.000442062,0.005572125,transitive,0,0,49,gen_transitive_degree2-extra3.0_n200_uniform_neg30_r0,data/generated/gen_transitive_degree2-extra3.0_n200_uniform_neg30_r0.json,33cbd14bfad6e7724454048d971e85124dbec38ad0893182878803ffe84e9dae,1803,41,,200,2943.5605263157895,42,generated,24293376,1810,0.000124584,0.000685467,0.000664557,48287,1237,,1,01c9ee09e9efe684,0.009103830001549795,optimal,0.004514126,0.001627579,True
1580,493f6f942eca3576ac0253ad50581fbe0469e8e417d3f97011c676f7789871fd,387451,"""instance""",6.0496e-05,"['taskset', '-c', '2', '<project>/build/release/pclp', 'solve', '--instance', '<project>/data/generated/gen_transitive_degree2-extra3.0_n200_uniform_neg30_r1.json', '--config', '<project>/experiments/runs/ablation/c70073372473c13a/resolved_config.json', '--output', '<project>/experiments/runs/ablation/c70073372473c13a/result.json']",False,bland-entering,2478,0.000999773,0.020448159,transitive,0,0,29,gen_transitive_degree2-extra3.0_n200_uniform_neg30_r1,data/generated/gen_transitive_degree2-extra3.0_n200_uniform_neg30_r1.json,3c7cb76fc3f0c7a71d4290122f137eaf458e89f5b8d50a28ea5ed818eb9b7a76,2592,18,,200,296.85744811320757,19,generated,24293376,2602,0.000105723,0.003246593,0.007376777,162012,0,,0,c70073372473c13a,0.024757106992183253,optimal,0.019344795,0.005831941,True
1580,493f6f942eca3576ac0253ad50581fbe0469e8e417d3f97011c676f7789871fd,387451,"""instance""",6.3593e-05,"['taskset', '-c', '2', '<project>/build/release/pclp', 'solve', '--instance', '<project>/data/generated/gen_transitive_degree2-extra3.0_n200_uniform_neg30_r1.json', '--config', '<project>/experiments/runs/ablation/433940cd6cadd3db/resolved_config.json', '--output', '<project>/experiments/runs/ablation/433940cd6cadd3db/result.json']",False,bland-entering,2478,0.0009789759999999999,0.019930942,transitive,0,0,29,gen_transitive_degree2-extra3.0_n200_uniform_neg30_r1,data/generated/gen_transitive_degree2-extra3.0_n200_uniform_neg30_r1.json,3c7cb76fc3f0c7a71d4290122f137eaf458e89f5b8d50a28ea5ed818eb9b7a76,2592,18,,200,296.85744811320757,19,generated,24293376,2602,0.000112734,0.00314514,0.007206378,162012,0,,1,433940cd6cadd3db,0.024804229993605986,optimal,0.01886596,0.005666273,True
1580,493f6f942eca3576ac0253ad50581fbe0469e8e417d3f97011c676f7789871fd,165458,"""instance""",7.7275e-05,"['taskset', '-c', '2', '<project>/build/release/pclp', 'solve', '--instance', '<project>/data/generated/gen_transitive_degree2-extra3.0_n200_uniform_neg30_r1.json', '--config', '<project>/experiments/runs/ablation/2677988ba7d43e6b/resolved_config.json', '--output', '<project>/experiments/runs/ablation/2677988ba7d43e6b/result.json']",False,close-degeneracy-trigger,2024,0.001041159,0.014196983,transitive,0,0,27,gen_transitive_degree2-extra3.0_n200_uniform_neg30_r1,data/generated/gen_transitive_degree2-extra3.0_n200_uniform_neg30_r1.json,3c7cb76fc3f0c7a71d4290122f137eaf458e89f5b8d50a28ea5ed818eb9b7a76,2143,18,,200,296.85744811320757,19,generated,24293376,2151,0.000135295,0.0018567,0.003540033,103929,0,,0,2677988ba7d43e6b,0.018732950004050508,optimal,0.012946431,0.004481317,True
1580,493f6f942eca3576ac0253ad50581fbe0469e8e417d3f97011c676f7789871fd,165458,"""instance""",6.15e-05,"['taskset', '-c', '2', '<project>/build/release/pclp', 'solve', '--instance', '<project>/data/generated/gen_transitive_degree2-extra3.0_n200_uniform_neg30_r1.json', '--config', '<project>/experiments/runs/ablation/4994f73993c88380/resolved_config.json', '--output', '<project>/experiments/runs/ablation/4994f73993c88380/result.json']",False,close-degeneracy-trigger,2024,0.00073108,0.012110035,transitive,0,0,27,gen_transitive_degree2-extra3.0_n200_uniform_neg30_r1,data/generated/gen_transitive_degree2-extra3.0_n200_uniform_neg30_r1.json,3c7cb76fc3f0c7a71d4290122f137eaf458e89f5b8d50a28ea5ed818eb9b7a76,2143,18,,200,296.85744811320757,19,generated,24293376,2151,0.000107851,0.001579837,0.003016296,103929,0,,1,4994f73993c88380,0.01668869299464859,optimal,0.010985743,0.003965193,True
1580,493f6f942eca3576ac0253ad50581fbe0469e8e417d3f97011c676f7789871fd,64478,"""instance""",5.8128e-05,"['taskset', '-c', '2', '<project>/build/release/pclp', 'solve', '--instance', '<project>/data/generated/gen_transitive_degree2-extra3.0_n200_uniform_neg30_r1.json', '--config', '<project>/experiments/runs/ablation/7fbbe2a7c0f87837/resolved_config.json', '--output', '<project>/experiments/runs/ablation/7fbbe2a7c0f87837/result.json']",False,forest-tuned,1773,0.00056441,0.008158312,transitive,0,0,26,gen_transitive_degree2-extra3.0_n200_uniform_neg30_r1,data/generated/gen_transitive_degree2-extra3.0_n200_uniform_neg30_r1.json,3c7cb76fc3f0c7a71d4290122f137eaf458e89f5b8d50a28ea5ed818eb9b7a76,1854,18,,200,296.85744811320757,19,generated,24293376,1861,0.000104603,0.000807427,0.001057576,87443,0,,0,7fbbe2a7c0f87837,0.012087201001122594,optimal,0.007041203,0.003100317,True
1580,493f6f942eca3576ac0253ad50581fbe0469e8e417d3f97011c676f7789871fd,64478,"""instance""",6.5148e-05,"['taskset', '-c', '2', '<project>/build/release/pclp', 'solve', '--instance', '<project>/data/generated/gen_transitive_degree2-extra3.0_n200_uniform_neg30_r1.json', '--config', '<project>/experiments/runs/ablation/2f697ee2270313e8/resolved_config.json', '--output', '<project>/experiments/runs/ablation/2f697ee2270313e8/result.json']",False,forest-tuned,1773,0.000562785,0.008014814,transitive,0,0,26,gen_transitive_degree2-extra3.0_n200_uniform_neg30_r1,data/generated/gen_transitive_degree2-extra3.0_n200_uniform_neg30_r1.json,3c7cb76fc3f0c7a71d4290122f137eaf458e89f5b8d50a28ea5ed818eb9b7a76,1854,18,,200,296.85744811320757,19,generated,24293376,1861,0.000123547,0.000797465,0.001024787,87443,0,,1,2f697ee2270313e8,0.01194270100677386,optimal,0.00694599,0.003027341,True
1580,493f6f942eca3576ac0253ad50581fbe0469e8e417d3f97011c676f7789871fd,289627,"""instance""",5.7471e-05,"['taskset', '-c', '2', '<project>/build/release/pclp', 'solve', '--instance', '<project>/data/generated/gen_transitive_degree2-extra3.0_n200_uniform_neg30_r1.json', '--config', '<project>/experiments/runs/ablation/637fd58c052ecf11/resolved_config.json', '--output', '<project>/experiments/runs/ablation/637fd58c052ecf11/result.json']",False,full-pricing,1925,0.000659488,0.009699548,transitive,0,0,26,gen_transitive_degree2-extra3.0_n200_uniform_neg30_r1,data/generated/gen_transitive_degree2-extra3.0_n200_uniform_neg30_r1.json,3c7cb76fc3f0c7a71d4290122f137eaf458e89f5b8d50a28ea5ed818eb9b7a76,2003,18,,200,296.85744811320757,19,generated,24293376,2010,0.000107218,0.002664776,0.00121507,68336,0,,0,637fd58c052ecf11,0.014645203002146445,optimal,0.008629001,0.002553678,True
1580,493f6f942eca3576ac0253ad50581fbe0469e8e417d3f97011c676f7789871fd,289627,"""instance""",6.4475e-05,"['taskset', '-c', '2', '<project>/build/release/pclp', 'solve', '--instance', '<project>/data/generated/gen_transitive_degree2-extra3.0_n200_uniform_neg30_r1.json', '--config', '<project>/experiments/runs/ablation/1dfd23ab0a7788b8/resolved_config.json', '--output', '<project>/experiments/runs/ablation/1dfd23ab0a7788b8/result.json']",False,full-pricing,1925,0.000651604,0.009781533,transitive,0,0,26,gen_transitive_degree2-extra3.0_n200_uniform_neg30_r1,data/generated/gen_transitive_degree2-extra3.0_n200_uniform_neg30_r1.json,3c7cb76fc3f0c7a71d4290122f137eaf458e89f5b8d50a28ea5ed818eb9b7a76,2003,18,,200,296.85744811320757,19,generated,24293376,2010,0.000107986,0.002664785,0.001222447,68336,0,,1,1dfd23ab0a7788b8,0.014513742993585765,optimal,0.008597797,0.002529501,True
1580,493f6f942eca3576ac0253ad50581fbe0469e8e417d3f97011c676f7789871fd,64021,"""instance""",5.7682e-05,"['taskset', '-c', '2', '<project>/build/release/pclp', 'solve', '--instance', '<project>/data/generated/gen_transitive_degree2-extra3.0_n200_uniform_neg30_r1.json', '--config', '<project>/experiments/runs/ablation/9b6cae4dd6ff0e54/resolved_config.json', '--output', '<project>/experiments/runs/ablation/9b6cae4dd6ff0e54/result.json']",False,no-early-ratio-test,1845,0.000632787,0.012929412,transitive,0,0,26,gen_transitive_degree2-extra3.0_n200_uniform_neg30_r1,data/generated/gen_transitive_degree2-extra3.0_n200_uniform_neg30_r1.json,3c7cb76fc3f0c7a71d4290122f137eaf458e89f5b8d50a28ea5ed818eb9b7a76,1922,18,,200,296.85744811320757,19,generated,24293376,1929,0.000133074,0.000835499,0.00512752,93161,0,,0,9b6cae4dd6ff0e54,0.017490159007138573,optimal,0.011791641,0.003505801,True
1580,493f6f942eca3576ac0253ad50581fbe0469e8e417d3f97011c676f7789871fd,64021,"""instance""",6.5183e-05,"['taskset', '-c', '2', '<project>/build/release/pclp', 'solve', '--instance', '<project>/data/generated/gen_transitive_degree2-extra3.0_n200_uniform_neg30_r1.json', '--config', '<project>/experiments/runs/ablation/8cdbc4e366f557b6/resolved_config.json', '--output', '<project>/experiments/runs/ablation/8cdbc4e366f557b6/result.json']",False,no-early-ratio-test,1845,0.000614919,0.012458121,transitive,0,0,26,gen_transitive_degree2-extra3.0_n200_uniform_neg30_r1,data/generated/gen_transitive_degree2-extra3.0_n200_uniform_neg30_r1.json,3c7cb76fc3f0c7a71d4290122f137eaf458e89f5b8d50a28ea5ed818eb9b7a76,1922,18,,200,296.85744811320757,19,generated,24293376,1929,0.000123631,0.000814616,0.00492014,93161,0,,1,8cdbc4e366f557b6,0.017621097998926416,optimal,0.01138277,0.00339902,True
1580,493f6f942eca3576ac0253ad50581fbe0469e8e417d3f97011c676f7789871fd,64478,"""instance""",5.8915e-05,"['taskset', '-c', '2', '<project>/build/release/pclp', 'solve', '--instance', '<project>/data/generated/gen_transitive_degree2-extra3.0_n200_uniform_neg30_r1.json', '--config', '<project>/experiments/runs/ablation/bc3643032d4d3851/resolved_config.json', '--output', '<project>/experiments/runs/ablation/bc3643032d4d3851/result.json']",False,no-local-update,1773,0.000558218,0.011938532,transitive,0,0,1880,gen_transitive_degree2-extra3.0_n200_uniform_neg30_r1,data/generated/gen_transitive_degree2-extra3.0_n200_uniform_neg30_r1.json,3c7cb76fc3f0c7a71d4290122f137eaf458e89f5b8d50a28ea5ed818eb9b7a76,0,18,,200,296.85744811320757,19,generated,24293376,1861,0.000121139,0.000783726,0.001021549,270380,0,,0,bc3643032d4d3851,0.016708059003576636,optimal,0.010867846,0.00696209,True
1580,493f6f942eca3576ac0253ad50581fbe0469e8e417d3f97011c676f7789871fd,64478,"""instance""",6.5496e-05,"['taskset', '-c', '2', '<project>/build/release/pclp', 'solve', '--instance', '<project>/data/generated/gen_transitive_degree2-extra3.0_n200_uniform_neg30_r1.json', '--config', '<project>/experiments/runs/ablation/b25860d9f05ca3c5/resolved_config.json', '--output', '<project>/experiments/runs/ablation/b25860d9f05ca3c5/result.json']",False,no-local-update,1773,0.000661964,0.013484214,transitive,0,0,1880,gen_transitive_degree2-extra3.0_n200_uniform_neg30_r1,data/generated/gen_transitive_degree2-extra3.0_n200_uniform_neg30_r1.json,3c7cb76fc3f0c7a71d4290122f137eaf458e89f5b8d50a28ea5ed818eb9b7a76,0,18,,200,296.85744811320757,19,generated,24293376,1861,0.000133228,0.000866327,0.00113812,270380,0,,1,b25860d9f05ca3c5,0.01726256999245379,optimal,0.012276367,0.007917807,True
1580,493f6f942eca3576ac0253ad50581fbe0469e8e417d3f97011c676f7789871fd,64021,"""instance""",5.8396e-05,"['taskset', '-c', '2', '<project>/build/release/pclp', 'solve', '--instance', '<project>/data/generated/gen_transitive_degree2-extra3.0_n200_uniform_neg30_r1.json', '--config', '<project>/experiments/runs/ablation/8812375a893e5586/resolved_config.json', '--output', '<project>/experiments/runs/ablation/8812375a893e5586/result.json']",False,no-restricted-ratio-test,1845,0.000600854,0.012270698,transitive,0,0,26,gen_transitive_degree2-extra3.0_n200_uniform_neg30_r1,data/generated/gen_transitive_degree2-extra3.0_n200_uniform_neg30_r1.json,3c7cb76fc3f0c7a71d4290122f137eaf458e89f5b8d50a28ea5ed818eb9b7a76,1922,18,,200,296.85744811320757,19,generated,24293376,1929,0.000104816,0.000804989,0.004893434,93161,0,,0,8812375a893e5586,0.017316580007900484,optimal,0.011185211,0.003319283,True
1580,493f6f942eca3576ac0253ad50581fbe0469e8e417d3f97011c676f7789871fd,64021,"""instance""",5.7395e-05,"['taskset', '-c', '2', '<project>/build/release/pclp', 'solve', '--instance', '<project>/data/generated/gen_transitive_degree2-extra3.0_n200_uniform_neg30_r1.json', '--config', '<project>/experiments/runs/ablation/181481bf40a5dd5f/resolved_config.json', '--output', '<project>/experiments/runs/ablation/181481bf40a5dd5f/result.json']",False,no-restricted-ratio-test,1845,0.0006142,0.012708045,transitive,0,0,26,gen_transitive_degree2-extra3.0_n200_uniform_neg30_r1,data/generated/gen_transitive_degree2-extra3.0_n200_uniform_neg30_r1.json,3c7cb76fc3f0c7a71d4290122f137eaf458e89f5b8d50a28ea5ed818eb9b7a76,1922,18,,200,296.85744811320757,19,generated,24293376,1929,0.000107592,0.000832072,0.005026202,93161,0,,1,181481bf40a5dd5f,0.017500304005807266,optimal,0.011522394,0.003429613,True
1580,493f6f942eca3576ac0253ad50581fbe0469e8e417d3f97011c676f7789871fd,64478,"""instance""",7.3737e-05,"['taskset', '-c', '2', '<project>/build/release/pclp', 'solve', '--instance', '<project>/data/generated/gen_transitive_degree2-extra3.0_n200_uniform_neg30_r1.json', '--config', '<project>/experiments/runs/ablation/5078260ad01dd7ec/resolved_config.json', '--output', '<project>/experiments/runs/ablation/5078260ad01dd7ec/result.json']",False,sequential-canonicalization,1773,0.00071337,0.009425093,transitive,0,0,26,gen_transitive_degree2-extra3.0_n200_uniform_neg30_r1,data/generated/gen_transitive_degree2-extra3.0_n200_uniform_neg30_r1.json,3c7cb76fc3f0c7a71d4290122f137eaf458e89f5b8d50a28ea5ed818eb9b7a76,1854,18,,200,296.85744811320757,19,generated,24293376,1861,0.00013576,0.000940049,0.001230178,87443,0,,0,5078260ad01dd7ec,0.013422795993392356,optimal,0.008180979,0.003589487,True
1580,493f6f942eca3576ac0253ad50581fbe0469e8e417d3f97011c676f7789871fd,64478,"""instance""",6.6426e-05,"['taskset', '-c', '2', '<project>/build/release/pclp', 'solve', '--instance', '<project>/data/generated/gen_transitive_degree2-extra3.0_n200_uniform_neg30_r1.json', '--config', '<project>/experiments/runs/ablation/3b785a520cbca19c/resolved_config.json', '--output', '<project>/experiments/runs/ablation/3b785a520cbca19c/result.json']",False,sequential-canonicalization,1773,0.0005488,0.00800597,transitive,0,0,26,gen_transitive_degree2-extra3.0_n200_uniform_neg30_r1,data/generated/gen_transitive_degree2-extra3.0_n200_uniform_neg30_r1.json,3c7cb76fc3f0c7a71d4290122f137eaf458e89f5b8d50a28ea5ed818eb9b7a76,1854,18,,200,296.85744811320757,19,generated,24293376,1861,0.000114251,0.000792659,0.001032765,87443,0,,1,3b785a520cbca19c,0.011804984998889267,optimal,0.006813721,0.00302369,True
1580,493f6f942eca3576ac0253ad50581fbe0469e8e417d3f97011c676f7789871fd,112163,"""instance""",5.2949e-05,"['taskset', '-c', '2', '<project>/build/release/pclp', 'solve', '--instance', '<project>/data/generated/gen_transitive_degree2-extra3.0_n200_uniform_neg30_r1.json', '--config', '<project>/experiments/runs/ablation/2c82bf068aa10c86/resolved_config.json', '--output', '<project>/experiments/runs/ablation/2c82bf068aa10c86/result.json']",False,sink-initial-basis,2359,0.000571921,0.007659931,transitive,0,0,28,gen_transitive_degree2-extra3.0_n200_uniform_neg30_r1,data/generated/gen_transitive_degree2-extra3.0_n200_uniform_neg30_r1.json,3c7cb76fc3f0c7a71d4290122f137eaf458e89f5b8d50a28ea5ed818eb9b7a76,2427,18,,200,296.85744811320757,19,generated,24293376,2436,0.000107964,0.001121824,0.001190786,76368,0,,0,2c82bf068aa10c86,0.01142120998702012,optimal,0.00652895,0.002480449,True
1580,493f6f942eca3576ac0253ad50581fbe0469e8e417d3f97011c676f7789871fd,112163,"""instance""",7.183e-05,"['taskset', '-c', '2', '<project>/build/release/pclp', 'solve', '--instance', '<project>/data/generated/gen_transitive_degree2-extra3.0_n200_uniform_neg30_r1.json', '--config', '<project>/experiments/runs/ablation/4e319d92e14c529f/resolved_config.json', '--output', '<project>/experiments/runs/ablation/4e319d92e14c529f/result.json']",False,sink-initial-basis,2359,0.000570574,0.007571042,transitive,0,0,28,gen_transitive_degree2-extra3.0_n200_uniform_neg30_r1,data/generated/gen_transitive_degree2-extra3.0_n200_uniform_neg30_r1.json,3c7cb76fc3f0c7a71d4290122f137eaf458e89f5b8d50a28ea5ed818eb9b7a76,2427,18,,200,296.85744811320757,19,generated,24293376,2436,9.7651e-05,0.001121253,0.001213186,76368,0,,1,4e319d92e14c529f,0.011033229005988687,optimal,0.006558764,0.002492836,True
1580,493f6f942eca3576ac0253ad50581fbe0469e8e417d3f97011c676f7789871fd,55041,"""instance""",4.6413e-05,"['taskset', '-c', '2', '<project>/build/release/pclp', 'solve', '--instance', '<project>/data/generated/gen_transitive_degree2-extra3.0_n200_uniform_neg30_r1.json', '--config', '<project>/experiments/runs/ablation/94414122c5685fff/resolved_config.json', '--output', '<project>/experiments/runs/ablation/94414122c5685fff/result.json']",False,with-transitive-reduction,1435,0.000422129,0.005822628,transitive,0,0,24,gen_transitive_degree2-extra3.0_n200_uniform_neg30_r1,data/generated/gen_transitive_degree2-extra3.0_n200_uniform_neg30_r1.json,3c7cb76fc3f0c7a71d4290122f137eaf458e89f5b8d50a28ea5ed818eb9b7a76,1522,18,,200,296.85744811320757,19,generated,24293376,1527,0.000126902,0.000639887,0.000604878,65542,1256,,0,94414122c5685fff,0.0096616139926482,optimal,0.004791104,0.00212715,True
1580,493f6f942eca3576ac0253ad50581fbe0469e8e417d3f97011c676f7789871fd,55041,"""instance""",5.1395e-05,"['taskset', '-c', '2', '<project>/build/release/pclp', 'solve', '--instance', '<project>/data/generated/gen_transitive_degree2-extra3.0_n200_uniform_neg30_r1.json', '--config', '<project>/experiments/runs/ablation/6aabb6520194793a/resolved_config.json', '--output', '<project>/experiments/runs/ablation/6aabb6520194793a/result.json']",False,with-transitive-reduction,1435,0.000456417,0.006166468,transitive,0,0,24,gen_transitive_degree2-extra3.0_n200_uniform_neg30_r1,data/generated/gen_transitive_degree2-extra3.0_n200_uniform_neg30_r1.json,3c7cb76fc3f0c7a71d4290122f137eaf458e89f5b8d50a28ea5ed818eb9b7a76,1522,18,,200,296.85744811320757,19,generated,24293376,1527,0.000126342,0.000689713,0.000649461,65542,1256,,1,6aabb6520194793a,0.009612555004423484,optimal,0.005114051,0.002282323,True
1564,493f6f942eca3576ac0253ad50581fbe0469e8e417d3f97011c676f7789871fd,498176,"""instance""",6.4862e-05,"['taskset', '-c', '2', '<project>/build/release/pclp', 'solve', '--instance', '<project>/data/generated/gen_transitive_degree2-extra3.0_n200_uniform_neg30_r2.json', '--config', '<project>/experiments/runs/ablation/417af24d3c696705/resolved_config.json', '--output', '<project>/experiments/runs/ablation/417af24d3c696705/result.json']",False,bland-entering,3054,0.001551502,0.029437057,transitive,0,0,33,gen_transitive_degree2-extra3.0_n200_uniform_neg30_r2,data/generated/gen_transitive_degree2-extra3.0_n200_uniform_neg30_r2.json,33066f249d9de9269c9ca834dee4cee012e6f7158251f772ba851440607d6445,3173,20,,200,1698.8443579766538,21,generated,24293376,3185,0.000141017,0.004095517,0.01283015,227647,0,,0,417af24d3c696705,0.03430754398868885,optimal,0.028380749,0.007862828,True
1564,493f6f942eca3576ac0253ad50581fbe0469e8e417d3f97011c676f7789871fd,498176,"""instance""",6.9924e-05,"['taskset', '-c', '2', '<project>/build/release/pclp', 'solve', '--instance', '<project>/data/generated/gen_transitive_degree2-extra3.0_n200_uniform_neg30_r2.json', '--config', '<project>/experiments/runs/ablation/0b2244824afa2951/resolved_config.json', '--output', '<project>/experiments/runs/ablation/0b2244824afa2951/result.json']",False,bland-entering,3054,0.001484137,0.028269889,transitive,0,0,33,gen_transitive_degree2-extra3.0_n200_uniform_neg30_r2,data/generated/gen_transitive_degree2-extra3.0_n200_uniform_neg30_r2.json,33066f249d9de9269c9ca834dee4cee012e6f7158251f772ba851440607d6445,3173,20,,200,1698.8443579766538,21,generated,24293376,3185,0.000111694,0.00401892,0.01212823,227647,0,,1,0b2244824afa2951,0.03337355398980435,optimal,0.027204138,0.007565889,True
1564,493f6f942eca3576ac0253ad50581fbe0469e8e417d3f97011c676f7789871fd,159946,"""instance""",5.9796e-05,"['taskset', '-c', '2', '<project>/build/release/pclp', 'solve', '--instance', '<project>/data/generated/gen_transitive_degree2-extra3.0_n200_uniform_neg30_r2.json', '--config', '<project>/experiments/runs/ablation/594744a356329b16/resolved_config.json', '--output', '<project>/experiments/runs/ablation/594744a356329b16/result.json']",False,close-degeneracy-trigger,2179,0.000907153,0.013073293,transitive,0,0,30,gen_transitive_degree2-extra3.0_n200_uniform_neg30_r2,data/generated/gen_transitive_degree2-extra3.0_n200_uniform_neg30_r2.json,33066f249d9de9269c9ca834dee4cee012e6f7158251f772ba851440607d6445,2308,20,,200,1698.8443579766538,21,generated,24293376,2317,0.000109823,0.001583754,0.003413099,126753,0,,0,594744a356329b16,0.01746619399636984,optimal,0.011934656,0.004426309,True
1564,493f6f942eca3576ac0253ad50581fbe0469e8e417d3f97011c676f7789871fd,159946,"""instance""",6.8945e-05,"['taskset', '-c', '2', '<project>/build/release/pclp', 'solve', '--instance', '<project>/data/generated/gen_transitive_degree2-extra3.0_n200_uniform_neg30_r2.json', '--config', '<project>/experiments/runs/ablation/1c0453f813785925/resolved_config.json', '--output', '<project>/experiments/runs/ablation/1c0453f813785925/result.json']",False,close-degeneracy-trigger,2179,0.000929181,0.01301564,transitive,0,0,30,gen_transitive_degree2-extra3.0_n200_uniform_neg30_r2,data/generated/gen_transitive_degree2-extra3.0_n200_uniform_neg30_r2.json,33066f249d9de9269c9ca834dee4cee012e6f7158251f772ba851440607d6445,2308,20,,200,1698.8443579766538,21,generated,24293376,2317,0.000111035,0.001570928,0.003441191,126753,0,,1,1c0453f813785925,0.017687366998870857,optimal,0.011956462,0.004396669,True
1564,493f6f942eca3576ac0253ad50581fbe0469e8e417d3f97011c676f7789871fd,63956,"""instance""",6.554e-05,"['taskset', '-c', '2', '<project>/build/release/pclp', 'solve', '--instance', '<project>/data/generated/gen_transitive_degree2-extra3.0_n200_uniform_neg30_r2.json', '--config', '<project>/experiments/runs/ablation/903139374264d97a/resolved_config.json', '--output', '<project>/experiments/runs/ablation/903139374264d97a/result.json']",False,forest-tuned,1872,0.000802888,0.009224514,transitive,0,0,28,gen_transitive_degree2-extra3.0_n200_uniform_neg30_r2,data/generated/gen_transitive_degree2-extra3.0_n200_uniform_neg30_r2.json,33066f249d9de9269c9ca834dee4cee012e6f7158251f772ba851440607d6445,1999,20,,200,1698.8443579766538,21,generated,24293376,2006,0.000104199,0.000852125,0.001325413,106087,0,,0,903139374264d97a,0.013275131001137197,optimal,0.008188226,0.003719471,True
1564,493f6f942eca3576ac0253ad50581fbe0469e8e417d3f97011c676f7789871fd,63956,"""instance""",7.4521e-05,"['taskset', '-c', '2', '<project>/build/release/pclp', 'solve', '--instance', '<project>/data/generated/gen_transitive_degree2-extra3.0_n200_uniform_neg30_r2.json', '--config', '<project>/experiments/runs/ablation/0154b84187eecc6d/resolved_config.json', '--output', '<project>/experiments/runs/ablation/0154b84187eecc6d/result.json']",False,forest-tuned,1872,0.000780081,0.008893687,transitive,0,0,28,gen_transitive_degree2-extra3.0_n200_uniform_neg30_r2,data/generated/gen_transitive_degree2-extra3.0_n200_uniform_neg30_r2.json,33066f249d9de9269c9ca834dee4cee012e6f7158251f772ba851440607d6445,1999,20,,200,1698.8443579766538,21,generated,24293376,2006,0.000108487,0.000810109,0.001258144,106087,0,,1,0154b84187eecc6d,0.012829562008846551,optimal,0.00785924,0.003567019,True
1564,493f6f942eca3576ac0253ad50581fbe0469e8e417d3f97011c676f7789871fd,275714,"""instance""",7.0303e-05,"['taskset', '-c', '2', '<project>/build/release/pclp', 'solve', '--instance', '<project>/data/generated/gen_transitive_degree2-extra3.0_n200_uniform_neg30_r2.json', '--config', '<project>/experiments/runs/ablation/bb22ecec4b600ee1/resolved_config.json', '--output', '<project>/experiments/runs/ablation/bb22ecec4b600ee1/result.json']",False,full-pricing,1897,0.000880343,0.011116133,transitive,0,0,28,gen_transitive_degree2-extra3.0_n200_uniform_neg30_r2,data/generated/gen_transitive_degree2-extra3.0_n200_uniform_neg30_r2.json,33066f249d9de9269c9ca834dee4cee012e6f7158251f772ba851440607d6445,1981,20,,200,1698.8443579766538,21,generated,24293376,1988,0.000132763,0.002871417,0.001415422,83586,0,,0,bb22ecec4b600ee1,0.01487804000498727,optimal,0.009916345,0.003172281,True
1564,493f6f942eca3576ac0253ad50581fbe0469e8e417d3f97011c676f7789871fd,275714,"""instance""",6.1278e-05,"['taskset', '-c', '2', '<project>/build/release/pclp', 'solve', '--instance', '<project>/data/generated/gen_transitive_degree2-extra3.0_n200_uniform_neg30_r2.json', '--config', '<project>/experiments/runs/ablation/10e7fddfde20c583/resolved_config.json', '--output', '<project>/experiments/runs/ablation/10e7fddfde20c583/result.json']",False,full-pricing,1897,0.000767219,0.009864441,transitive,0,0,28,gen_transitive_degree2-extra3.0_n200_uniform_neg30_r2,data/generated/gen_transitive_degree2-extra3.0_n200_uniform_neg30_r2.json,33066f249d9de9269c9ca834dee4cee012e6f7158251f772ba851440607d6445,1981,20,,200,1698.8443579766538,21,generated,24293376,1988,0.00011588,0.002549201,0.001230505,83586,0,,1,10e7fddfde20c583,0.0143608310027048,optimal,0.008759939,0.002807091,True
1564,493f6f942eca3576ac0253ad50581fbe0469e8e417d3f97011c676f7789871fd,67867,"""instance""",7.4983e-05,"['taskset', '-c', '2', '<project>/build/release/pclp', 'solve', '--instance', '<project>/data/generated/gen_transitive_degree2-extra3.0_n200_uniform_neg30_r2.json', '--config', '<project>/experiments/runs/ablation/c7b858e50098d46a/resolved_config.json', '--output', '<project>/experiments/runs/ablation/c7b858e50098d46a/result.json']",False,no-early-ratio-test,2003,0.000865052,0.014073347,transitive,0,0,29,gen_transitive_degree2-extra3.0_n200_uniform_neg30_r2,data/generated/gen_transitive_degree2-extra3.0_n200_uniform_neg30_r2.json,33066f249d9de9269c9ca834dee4cee012e6f7158251f772ba851440607d6445,2124,20,,200,1698.8443579766538,21,generated,24293376,2132,0.000106594,0.000870734,0.005744859,116858,0,,0,c7b858e50098d46a,0.018616685003507882,optimal,0.013017624,0.003993368,True
1564,493f6f942eca3576ac0253ad50581fbe0469e8e417d3f97011c676f7789871fd,67867,"""instance""",7.2102e-05,"['taskset', '-c', '2', '<project>/build/release/pclp', 'solve', '--instance', '<project>/data/generated/gen_transitive_degree2-extra3.0_n200_uniform_neg30_r2.json', '--config', '<project>/experiments/runs/ablation/3d6825ce0f854dc6/resolved_config.json', '--output', '<project>/experiments/runs/ablation/3d6825ce0f854dc6/result.json']",False,no-early-ratio-test,2003,0.000978424,0.015815574,transitive,0,0,29,gen_transitive_degree2-extra3.0_n200_uniform_neg30_r2,data/generated/gen_transitive_degree2-extra3.0_n200_uniform_neg30_r2.json,33066f249d9de9269c9ca834dee4cee012e6f7158251f772ba851440607d6445,2124,20,,200,1698.8443579766538,21,generated,24293376,2132,0.000138343,0.000975951,0.006448368,116858,0,,1,3d6825ce0f854dc6,0.019327952002640814,optimal,0.01464163,0.004487044,True
1564,493f6f942eca3576ac0253ad50581fbe0469e8e417d3f97011c676f7789871fd,63956,"""instance""",7.4216e-05,"['taskset', '-c', '2', '<project>/build/release/pclp', 'solve', '--instance', '<project>/data/generated/gen_transitive_degree2-extra3.0_n200_uniform_neg30_r2.json', '--config', '<project>/experiments/runs/ablation/e243b398825fd6ee/resolved_config.json', '--output', '<project>/experiments/runs/ablation/e243b398825fd6ee/result.json']",False,no-local-update,1872,0.00077596,0.012453493,transitive,0,0,2027,gen_transitive_degree2-extra3.0_n200_uniform_neg30_r2,data/generated/gen_transitive_degree2-extra3.0_n200_uniform_neg30_r2.json,33066f249d9de9269c9ca834dee4cee012e6f7158251f772ba851440607d6445,0,20,,200,1698.8443579766538,21,generated,24293376,2006,0.000117205,0.000797171,0.001259956,282870,0,,0,e243b398825fd6ee,0.017006557012791745,optimal,0.011307514,0.006977648,True
1564,493f6f942eca3576ac0253ad50581fbe0469e8e417d3f97011c676f7789871fd,63956,"""instance""",6.7853e-05,"['taskset', '-c', '2', '<project>/build/release/pclp', 'solve', '--instance', '<project>/data/generated/gen_transitive_degree2-extra3.0_n200_uniform_neg30_r2.json', '--config', '<project>/experiments/runs/ablation/4c3e73de329dc78d/resolved_config.json', '--output', '<project>/experiments/runs/ablation/4c3e73de329dc78d/result.json']",False,no-local-update,1872,0.000810279,0.012918347,transitive,0,0,2027,gen_transitive_degree2-extra3.0_n200_uniform_neg30_r2,data/generated/gen_transitive_degree2-extra3.0_n200_uniform_neg30_r2.json,33066f249d9de9269c9ca834dee4cee012e6f7158251f772ba851440607d6445,0,20,,200,1698.8443579766538,21,generated,24293376,2006,0.000108825,0.000833193,0.001335219,282870,0,,1,4c3e73de329dc78d,0.016828780004289,optimal,0.011827984,0.007334559,True
1564,493f6f942eca3576ac0253ad50581fbe0469e8e417d3f97011c676f7789871fd,67867,"""instance""",6.7677e-05,"['taskset', '-c', '2', '<project>/build/release/pclp', 'solve', '--instance', '<project>/data/generated/gen_transitive_degree2-extra3.0_n200_uniform_neg30_r2.json', '--config', '<project>/experiments/runs/ablation/52d618db60251845/resolved_config.json', '--output', '<project>/experiments/runs/ablation/52d618db60251845/result.json']",False,no-restricted-ratio-test,2003,0.000931275,0.016081548,transitive,0,0,29,gen_transitive_degree2-extra3.0_n200_uniform_neg30_r2,data/generated/gen_transitive_degree2-extra3.0_n200_uniform_neg30_r2.json,33066f249d9de9269c9ca834dee4cee012e6f7158251f772ba851440607d6445,2124,20,,200,1698.8443579766538,21,generated,24293376,2132,0.000129945,0.000903723,0.00714599,116858,0,,0,52d618db60251845,0.019687970998347737,optimal,0.014913398,0.004309693,True
1564,493f6f942eca3576ac0253ad50581fbe0469e8e417d3f97011c676f7789871fd,67867,"""instance""",6.8749e-05,"['taskset', '-c', '2', '<project>/build/release/pclp', 'solve', '--instance', '<project>/data/generated/gen_transitive_degree2-extra3.0_n200_uniform_neg30_r2.json', '--config', '<project>/experiments/runs/ablation/c3535a8ee9d8e301/resolved_config.json', '--output', '<project>/experiments/runs/ablation/c3535a8ee9d8e301/result.json']",False,no-restricted-ratio-test,2003,0.000873664,0.015231088,transitive,0,0,29,gen_transitive_degree2-extra3.0_n200_uniform_neg30_r2,data/generated/gen_transitive_degree2-extra3.0_n200_uniform_neg30_r2.json,33066f249d9de9269c9ca834dee4cee012e6f7158251f772ba851440607d6445,2124,20,,200,1698.8443579766538,21,generated,24293376,2132,0.000126354,0.000890162,0.00676004,116858,0,,1,c3535a8ee9d8e301,0.020299619005527347,optimal,0.014105396,0.004002627,True
1564,493f6f942eca3576ac0253ad50581fbe0469e8e417d3f97011c676f7789871fd,70900,"""instance""",6.5011e-05,"['taskset', '-c', '2', '<project>/build/release/pclp', 'solve', '--instance', '<project>/data/generated/gen_transitive_degree2-extra3.0_n200_uniform_neg30_r2.json', '--config', '<project>/experiments/runs/ablation/9dacb77216fab91d/resolved_config.json', '--output', '<project>/experiments/runs/ablation/9dacb77216fab91d/result.json']",False,sequential-canonicalization,2269,0.000887278,0.010254172,transitive,0,0,43,gen_transitive_degree2-extra3.0_n200_uniform_neg30_r2,data/generated/gen_transitive_degree2-extra3.0_n200_uniform_neg30_r2.json,33066f249d9de9269c9ca834dee4cee012e6f7158251f772ba851440607d6445,2399,20,,200,1698.8443579766538,34,generated,24293376,2408,0.000109961,0.000981667,0.001466564,109608,0,,0,9dacb77216fab91d,0.014008610000018962,optimal,0.009057639,0.004010881,True
1564,493f6f942eca3576ac0253ad50581fbe0469e8e417d3f97011c676f7789871fd,70900,"""instance""",6.5621e-05,"['taskset', '-c', '2', '<project>/build/release/pclp', 'solve', '--instance', '<project>/data/generated/gen_transitive_degree2-extra3.0_n200_uniform_neg30_r2.json', '--config', '<project>/experiments/runs/ablation/edebf641aee6b50e/resolved_config.json', '--output', '<project>/experiments/runs/ablation/edebf641aee6b50e/result.json']",False,sequential-canonicalization,2269,0.000799507,0.009218177,transitive,0,0,43,gen_transitive_degree2-extra3.0_n200_uniform_neg30_r2,data/generated/gen_transitive_degree2-extra3.0_n200_uniform_neg30_r2.json,33066f249d9de9269c9ca834dee4cee012e6f7158251f772ba851440607d6445,2399,20,,200,1698.8443579766538,34,generated,24293376,2408,0.000111677,0.000875291,0.001317273,109608,0,,1,edebf641aee6b50e,0.013761715003056452,optimal,0.00813813,0.003593563,True
1564,493f6f942eca3576ac0253ad50581fbe0469e8e417d3f97011c676f7789871fd,65934,"""instance""",7.2018e-05,"['taskset', '-c', '2', '<project>/build/release/pclp', 'solve', '--instance', '<project>/data/generated/gen_transitive_degree2-extra3.0_n200_uniform_neg30_r2.json', '--config', '<project>/experiments/runs/ablation/7a0dd2d30faa7554/resolved_config.json', '--output', '<project>/experiments/runs/ablation/7a0dd2d30faa7554/result.json']",False,sink-initial-basis,1467,0.000636285,0.007883592,transitive,0,0,27,gen_transitive_degree2-extra3.0_n200_uniform_neg30_r2,data/generated/gen_transitive_degree2-extra3.0_n200_uniform_neg30_r2.json,33066f249d9de9269c9ca834dee4cee012e6f7158251f772ba851440607d6445,1556,20,,200,1698.8443579766538,21,generated,24293376,1562,0.000110362,0.000740621,0.001247858,97788,0,,0,7a0dd2d30faa7554,0.011353806999977678,optimal,0.006797455,0.003167446,True
1564,493f6f942eca3576ac0253ad50581fbe0469e8e417d3f97011c676f7789871fd,65934,"""instance""",7.8258e-05,"['taskset', '-c', '2', '<project>/build/release/pclp', 'solve', '--instance', '<project>/data/generated/gen_transitive_degree2-extra3.0_n200_uniform_neg30_r2.json', '--config', '<project>/experiments/runs/ablation/dc9de32cc5da7f07/resolved_config.json', '--output', '<project>/experiments/runs/ablation/dc9de32cc5da7f07/result.json']",False,sink-initial-basis,1467,0.000657543,0.008029276,transitive,0,0,27,gen_transitive_degree2-extra3.0_n200_uniform_neg30_r2,data/generated/gen_transitive_degree2-extra3.0_n200_uniform_neg30_r2.json,33066f249d9de9269c9ca834dee4cee012e6f7158251f772ba851440607d6445,1556,20,,200,1698.8443579766538,21,generated,24293376,1562,0.000108703,0.000767392,0.001301489,97788,0,,1,dc9de32cc5da7f07,0.012452463997760788,optimal,0.006973301,0.003202954,True
1564,493f6f942eca3576ac0253ad50581fbe0469e8e417d3f97011c676f7789871fd,52401,"""instance""",5.8779e-05,"['taskset', '-c', '2', '<project>/build/release/pclp', 'solve', '--instance', '<project>/data/generated/gen_transitive_degree2-extra3.0_n200_uniform_neg30_r2.json', '--config', '<project>/experiments/runs/ablation/48295a152b12b9d3/resolved_config.json', '--output', '<project>/experiments/runs/ablation/48295a152b12b9d3/result.json']",False,with-transitive-reduction,1535,0.000493713,0.006165315,transitive,0,0,27,gen_transitive_degree2-extra3.0_n200_uniform_neg30_r2,data/generated/gen_transitive_degree2-extra3.0_n200_uniform_neg30_r2.json,33066f249d9de9269c9ca834dee4cee012e6f7158251f772ba851440607d6445,1601,20,,200,1698.8443579766538,21,generated,24293376,1607,0.000135183,0.000696632,0.000671398,59719,1220,,0,48295a152b12b9d3,0.009581310005160049,optimal,0.005086683,0.002173948,True
1564,493f6f942eca3576ac0253ad50581fbe0469e8e417d3f97011c676f7789871fd,52401,"""instance""",5.751e-05,"['taskset', '-c', '2', '<project>/build/release/pclp', 'solve', '--instance', '<project>/data/generated/gen_transitive_degree2-extra3.0_n200_uniform_neg30_r2.json', '--config', '<project>/experiments/runs/ablation/c4e822b98dafad1f/resolved_config.json', '--output', '<project>/experiments/runs/ablation/c4e822b98dafad1f/result.json']",False,with-transitive-reduction,1535,0.000481404,0.006116173,transitive,0,0,27,gen_transitive_degree2-extra3.0_n200_uniform_neg30_r2,data/generated/gen_transitive_degree2-extra3.0_n200_uniform_neg30_r2.json,33066f249d9de9269c9ca834dee4cee012e6f7158251f772ba851440607d6445,1601,20,,200,1698.8443579766538,21,generated,24293376,1607,0.000155021,0.000677021,0.000646252,59719,1220,,1,c4e822b98dafad1f,0.009822595995501615,optimal,0.004934762,0.002107455,True
3033,493f6f942eca3576ac0253ad50581fbe0469e8e417d3f97011c676f7789871fd,5422136,"""instance""",0.000118241,"['taskset', '-c', '2', '<project>/build/release/pclp', 'solve', '--instance', '<project>/data/processed/pckp_M_538_3033.json', '--config', '<project>/experiments/runs/ablation/9e87ca02f3d8745d/resolved_config.json', '--output', '<project>/experiments/runs/ablation/9e87ca02f3d8745d/result.json']",False,bland-entering,11665,0.034983393,0.381423574,pckp-historical,0,0,49,pckp_M_538_3033,data/processed/pckp_M_538_3033.json,cb9daef8b29c7cc729289304092084ccb8bcf4bd98d50151e62803780c888a2b,11629,3,,538,23003393.24714806,4,DATA/INSTANCES/PCKP_BB/instances,24350720,11674,0.000223532,0.045558454,0.117180796,5329061,0,,0,9e87ca02f3d8745d,0.38702891299908515,optimal,0.379230793,0.169281828,True
3033,493f6f942eca3576ac0253ad50581fbe0469e8e417d3f97011c676f7789871fd,5422136,"""instance""",0.00012292,"['taskset', '-c', '2', '<project>/build/release/pclp', 'solve', '--instance', '<project>/data/processed/pckp_M_538_3033.json', '--config', '<project>/experiments/runs/ablation/ac7f0164c2e8632d/resolved_config.json', '--output', '<project>/experiments/runs/ablation/ac7f0164c2e8632d/result.json']",False,bland-entering,11665,0.035381497,0.383867604,pckp-historical,0,0,49,pckp_M_538_3033,data/processed/pckp_M_538_3033.json,cb9daef8b29c7cc729289304092084ccb8bcf4bd98d50151e62803780c888a2b,11629,3,,538,23003393.24714806,4,DATA/INSTANCES/PCKP_BB/instances,24350720,11674,0.000228244,0.046177878,0.118802272,5329061,0,,1,ac7f0164c2e8632d,0.38943093200214207,optimal,0.381452979,0.168693563,True
3033,493f6f942eca3576ac0253ad50581fbe0469e8e417d3f97011c676f7789871fd,5495370,"""instance""",0.000118532,"['taskset', '-c', '2', '<project>/build/release/pclp', 'solve', '--instance', '<project>/data/processed/pckp_M_538_3033.json', '--config', '<project>/experiments/runs/ablation/32874eb47d6c7f16/resolved_config.json', '--output', '<project>/experiments/runs/ablation/32874eb47d6c7f16/result.json']",False,close-degeneracy-trigger,12143,0.035453115,0.382601359,pckp-historical,0,0,51,pckp_M_538_3033,data/processed/pckp_M_538_3033.json,cb9daef8b29c7cc729289304092084ccb8bcf4bd98d50151e62803780c888a2b,12105,3,,538,23003393.24714806,4,DATA/INSTANCES/PCKP_BB/instances,24293376,12152,0.000252632,0.045744156,0.114679717,5536895,0,,0,32874eb47d6c7f16,0.38804145000176504,optimal,0.380379411,0.171966975,True
3033,493f6f942eca3576ac0253ad50581fbe0469e8e417d3f97011c676f7789871fd,5495370,"""instance""",0.000120277,"['taskset', '-c', '2', '<project>/build/release/pclp', 'solve', '--instance', '<project>/data/processed/pckp_M_538_3033.json', '--config', '<project>/experiments/runs/ablation/276c0bf7dd0f78b0/resolved_config.json', '--output', '<project>/experiments/runs/ablation/276c0bf7dd0f78b0/result.json']",False,close-degeneracy-trigger,12143,0.03518105,0.381753158,pckp-historical,0,0,51,pckp_M_538_3033,data/processed/pckp_M_538_3033.json,cb9daef8b29c7cc729289304092084ccb8bcf4bd98d50151e62803780c888a2b,12105,3,,538,23003393.24714806,4,DATA/INSTANCES/PCKP_BB/instances,24350720,12152,0.000237647,0.045744252,0.115162864,5536895,0,,1,276c0bf7dd0f78b0,0.3874308749946067,optimal,0.379625962,0.170927651,True
3033,493f6f942eca3576ac0253ad50581fbe0469e8e417d3f97011c676f7789871fd,90763,"""instance""",0.000111902,"['taskset', '-c', '2', '<project>/build/release/pclp', 'solve', '--instance', '<project>/data/processed/pckp_M_538_3033.json', '--config', '<project>/experiments/runs/ablation/fcec58e0198184a6/resolved_config.json', '--output', '<project>/experiments/runs/ablation/fcec58e0198184a6/result.json']",False,forest-tuned,1811,0.004266955,0.035301497,pckp-historical,0,0,11,pckp_M_538_3033,data/processed/pckp_M_538_3033.json,cb9daef8b29c7cc729289304092084ccb8bcf4bd98d50151e62803780c888a2b,1812,3,,538,23003393.24714806,4,DATA/INSTANCES/PCKP_BB/instances,24293376,1819,0.000226414,0.001240084,0.003052418,741878,0,,0,fcec58e0198184a6,0.04040055700170342,optimal,0.033135101,0.022244406,True
3033,493f6f942eca3576ac0253ad50581fbe0469e8e417d3f97011c676f7789871fd,90763,"""instance""",0.000133408,"['taskset', '-c', '2', '<project>/build/release/pclp', 'solve', '--instance', '<project>/data/processed/pckp_M_538_3033.json', '--config', '<project>/experiments/runs/ablation/20f4d47f2ab155ba/resolved_config.json', '--output', '<project>/experiments/runs/ablation/20f4d47f2ab155ba/result.json']",False,forest-tuned,1811,0.004481998,0.036894525,pckp-historical,0,0,11,pckp_M_538_3033,data/processed/pckp_M_538_3033.json,cb9daef8b29c7cc729289304092084ccb8bcf4bd98d50151e62803780c888a2b,1812,3,,538,23003393.24714806,4,DATA/INSTANCES/PCKP_BB/instances,24293376,1819,0.000246501,0.001301941,0.003120787,741878,0,,1,20f4d47f2ab155ba,0.041520404993207194,optimal,0.034579678,0.023203815,True
3033,493f6f942eca3576ac0253ad50581fbe0469e8e417d3f97011c676f7789871fd,522724,"""instance""",0.000116107,"['taskset', '-c', '2', '<project>/build/release/pclp', 'solve', '--instance', '<project>/data/processed/pckp_M_538_3033.json', '--config', '<project>/experiments/runs/ablation/6c497d6a98e60cb5/resolved_config.json', '--output', '<project>/experiments/runs/ablation/6c497d6a98e60cb5/result.json']",False,full-pricing,1276,0.00286355,0.026256257,pckp-historical,0,0,9,pckp_M_538_3033,data/processed/pckp_M_538_3033.json,cb9daef8b29c7cc729289304092084ccb8bcf4bd98d50151e62803780c888a2b,1275,3,,538,23003393.24714806,4,DATA/INSTANCES/PCKP_BB/instances,24424448,1280,0.000240005,0.004618076,0.00227623,398967,0,,0,6c497d6a98e60cb5,0.03179632000683341,optimal,0.024136524,0.012629572,True
3033,493f6f942eca3576ac0253ad50581fbe0469e8e417d3f97011c676f7789871fd,522724,"""instance""",0.000119285,"['taskset', '-c', '2', '<project>/build/release/pclp', 'solve', '--instance', '<project>/data/processed/pckp_M_538_3033.json', '--config', '<project>/experiments/runs/ablation/014fddbe9c668166/resolved_config.json', '--output', '<project>/experiments/runs/ablation/014fddbe9c668166/result.json']",False,full-pricing,1276,0.002882153,0.026531344,pckp-historical,0,0,9,pckp_M_538_3033,data/processed/pckp_M_538_3033.json,cb9daef8b29c7cc729289304092084ccb8bcf4bd98d50151e62803780c888a2b,1275,3,,538,23003393.24714806,4,DATA/INSTANCES/PCKP_BB/instances,24424448,1280,0.000215692,0.00461911,0.00228277,398967,0,,1,014fddbe9c668166,0.03196040900365915,optimal,0.024409851,0.012916466,True
3033,493f6f942eca3576ac0253ad50581fbe0469e8e417d3f97011c676f7789871fd,95172,"""instance""",0.000141466,"['taskset', '-c', '2', '<project>/build/release/pclp', 'solve', '--instance', '<project>/data/processed/pckp_M_538_3033.json', '--config', '<project>/experiments/runs/ablation/31c6fe0b2c147dbc/resolved_config.json', '--output', '<project>/experiments/runs/ablation/31c6fe0b2c147dbc/result.json']",False,no-early-ratio-test,1828,0.004720895,0.047496733,pckp-historical,0,0,11,pckp_M_538_3033,data/processed/pckp_M_538_3033.json,cb9daef8b29c7cc729289304092084ccb8bcf4bd98d50151e62803780c888a2b,1830,3,,538,23003393.24714806,4,DATA/INSTANCES/PCKP_BB/instances,24293376,1837,0.000230511,0.001367803,0.011402793,761037,0,,0,31c6fe0b2c147dbc,0.05167210799118038,optimal,0.045206081,0.025156206,True
3033,493f6f942eca3576ac0253ad50581fbe0469e8e417d3f97011c676f7789871fd,95172,"""instance""",0.000129566,"['taskset', '-c', '2', '<project>/build/release/pclp', 'solve', '--instance', '<project>/data/processed/pckp_M_538_3033.json', '--config', '<project>/experiments/runs/ablation/c564b29eae28c37b/resolved_config.json', '--output', '<project>/experiments/runs/ablation/c564b29eae28c37b/result.json']",False,no-early-ratio-test,1828,0.004665929,0.047117247,pckp-historical,0,0,11,pckp_M_538_3033,data/processed/pckp_M_538_3033.json,cb9daef8b29c7cc729289304092084ccb8bcf4bd98d50151e62803780c888a2b,1830,3,,538,23003393.24714806,4,DATA/INSTANCES/PCKP_BB/instances,24293376,1837,0.000250292,0.001329361,0.011238812,761037,0,,1,c564b29eae28c37b,0.052319667986012064,optimal,0.044748432,0.024996179,True
3033,493f6f942eca3576ac0253ad50581fbe0469e8e417d3f97011c676f7789871fd,90763,"""instance""",0.000120326,"['taskset', '-c', '2', '<project>/build/release/pclp', 'solve', '--instance', '<project>/data/processed/pckp_M_538_3033.json', '--config', '<project>/experiments/runs/ablation/4977ec65c4bff255/resolved_config.json', '--output', '<project>/experiments/runs/ablation/4977ec65c4bff255/result.json']",False,no-local-update,1811,0.004574618,0.037496669,pckp-historical,0,0,1823,pckp_M_538_3033,data/processed/pckp_M_538_3033.json,cb9daef8b29c7cc729289304092084ccb8bcf4bd98d50151e62803780c888a2b,0,3,,538,23003393.24714806,4,DATA/INSTANCES/PCKP_BB/instances,24424448,1819,0.000251815,0.001304729,0.003027517,763886,0,,0,4977ec65c4bff255,0.043060500000137836,optimal,0.035403213,0.024078025,True
3033,493f6f942eca3576ac0253ad50581fbe0469e8e417d3f97011c676f7789871fd,90763,"""instance""",0.000120074,"['taskset', '-c', '2', '<project>/build/release/pclp', 'solve', '--instance', '<project>/data/processed/pckp_M_538_3033.json', '--config', '<project>/experiments/runs/ablation/9107b77e9b1a693d/resolved_config.json', '--output', '<project>/experiments/runs/ablation/9107b77e9b1a693d/result.json']",False,no-local-update,1811,0.00480602,0.040150965,pckp-historical,0,0,1823,pckp_M_538_3033,data/processed/pckp_M_538_3033.json,cb9daef8b29c7cc729289304092084ccb8bcf4bd98d50151e62803780c888a2b,0,3,,538,23003393.24714806,4,DATA/INSTANCES/PCKP_BB/instances,24424448,1819,0.000250483,0.001380376,0.003290691,763886,0,,1,9107b77e9b1a693d,0.04546964800101705,optimal,0.037814283,0.025744096,True
3033,493f6f942eca3576ac0253ad50581fbe0469e8e417d3f97011c676f7789871fd,95172,"""instance""",0.000110822,"['taskset', '-c', '2', '<project>/build/release/pclp', 'solve', '--instance', '<project>/data/processed/pckp_M_538_3033.json', '--config', '<project>/experiments/runs/ablation/898797c2c2422b49/resolved_config.json', '--output', '<project>/experiments/runs/ablation/898797c2c2422b49/result.json']",False,no-restricted-ratio-test,1828,0.0042771,0.051122929,pckp-historical,0,0,11,pckp_M_538_3033,data/processed/pckp_M_538_3033.json,cb9daef8b29c7cc729289304092084ccb8bcf4bd98d50151e62803780c888a2b,1830,3,,538,23003393.24714806,4,DATA/INSTANCES/PCKP_BB/instances,24293376,1837,0.000224223,0.001229344,0.017458741,761037,0,,0,898797c2c2422b49,0.05684812800609507,optimal,0.048819682,0.023477822,True
3033,493f6f942eca3576ac0253ad50581fbe0469e8e417d3f97011c676f7789871fd,95172,"""instance""",0.000132475,"['taskset', '-c', '2', '<project>/build/release/pclp', 'solve', '--instance', '<project>/data/processed/pckp_M_538_3033.json', '--config', '<project>/experiments/runs/ablation/e8689add24451848/resolved_config.json', '--output', '<project>/experiments/runs/ablation/e8689add24451848/result.json']",False,no-restricted-ratio-test,1828,0.004692983,0.055363939,pckp-historical,0,0,11,pckp_M_538_3033,data/processed/pckp_M_538_3033.json,cb9daef8b29c7cc729289304092084ccb8bcf4bd98d50151e62803780c888a2b,1830,3,,538,23003393.24714806,4,DATA/INSTANCES/PCKP_BB/instances,24293376,1837,0.000213761,0.001364697,0.019131646,761037,0,,1,e8689add24451848,0.05963092899764888,optimal,0.053330745,0.025578985,True
3033,493f6f942eca3576ac0253ad50581fbe0469e8e417d3f97011c676f7789871fd,90763,"""instance""",0.000136238,"['taskset', '-c', '2', '<project>/build/release/pclp', 'solve', '--instance', '<project>/data/processed/pckp_M_538_3033.json', '--config', '<project>/experiments/runs/ablation/a33efa3a3cd35ad6/resolved_config.json', '--output', '<project>/experiments/runs/ablation/a33efa3a3cd35ad6/result.json']",False,sequential-canonicalization,1811,0.00448393,0.036714912,pckp-historical,0,0,11,pckp_M_538_3033,data/processed/pckp_M_538_3033.json,cb9daef8b29c7cc729289304092084ccb8bcf4bd98d50151e62803780c888a2b,1812,3,,538,23003393.24714806,4,DATA/INSTANCES/PCKP_BB/instances,24436736,1819,0.000221281,0.001295285,0.00310186,741878,0,,0,a33efa3a3cd35ad6,0.0423061399924336,optimal,0.034451989,0.023186543,True
3033,493f6f942eca3576ac0253ad50581fbe0469e8e417d3f97011c676f7789871fd,90763,"""instance""",0.000133299,"['taskset', '-c', '2', '<project>/build/release/pclp', 'solve', '--instance', '<project>/data/processed/pckp_M_538_3033.json', '--config', '<project>/experiments/runs/ablation/034e37ba93841446/resolved_config.json', '--output', '<project>/experiments/runs/ablation/034e37ba93841446/result.json']",False,sequential-canonicalization,1811,0.004468353,0.036634211,pckp-historical,0,0,11,pckp_M_538_3033,data/processed/pckp_M_538_3033.json,cb9daef8b29c7cc729289304092084ccb8bcf4bd98d50151e62803780c888a2b,1812,3,,538,23003393.24714806,4,DATA/INSTANCES/PCKP_BB/instances,24436736,1819,0.000229288,0.001301784,0.003088632,741878,0,,1,034e37ba93841446,0.042179316995316185,optimal,0.034458744,0.023191936,True
3033,493f6f942eca3576ac0253ad50581fbe0469e8e417d3f97011c676f7789871fd,287252,"""instance""",0.000124424,"['taskset', '-c', '2', '<project>/build/release/pclp', 'solve', '--instance', '<project>/data/processed/pckp_M_538_3033.json', '--config', '<project>/experiments/runs/ablation/afcd13f4c4864462/resolved_config.json', '--output', '<project>/experiments/runs/ablation/afcd13f4c4864462/result.json']",False,sink-initial-basis,6214,0.007313233,0.079057031,pckp-historical,0,0,28,pckp_M_538_3033,data/processed/pckp_M_538_3033.json,cb9daef8b29c7cc729289304092084ccb8bcf4bd98d50151e62803780c888a2b,6219,3,,538,23003393.24714806,4,DATA/INSTANCES/PCKP_BB/instances,24489984,6243,0.000229606,0.003861201,0.006734709,1669585,0,,0,afcd13f4c4864462,0.08488484199915547,optimal,0.076890265,0.053744069,True
3033,493f6f942eca3576ac0253ad50581fbe0469e8e417d3f97011c676f7789871fd,287252,"""instance""",0.000127706,"['taskset', '-c', '2', '<project>/build/release/pclp', 'solve', '--instance', '<project>/data/processed/pckp_M_538_3033.json', '--config', '<project>/experiments/runs/ablation/7807ecd81789e34e/resolved_config.json', '--output', '<project>/experiments/runs/ablation/7807ecd81789e34e/result.json']",False,sink-initial-basis,6214,0.007310656,0.079058272,pckp-historical,0,0,28,pckp_M_538_3033,data/processed/pckp_M_538_3033.json,cb9daef8b29c7cc729289304092084ccb8bcf4bd98d50151e62803780c888a2b,6219,3,,538,23003393.24714806,4,DATA/INSTANCES/PCKP_BB/instances,24489984,6243,0.000237269,0.003864543,0.006726663,1669585,0,,1,7807ecd81789e34e,0.08457323699258268,optimal,0.076875276,0.053749999,True
3033,493f6f942eca3576ac0253ad50581fbe0469e8e417d3f97011c676f7789871fd,90763,"""instance""",0.000124487,"['taskset', '-c', '2', '<project>/build/release/pclp', 'solve', '--instance', '<project>/data/processed/pckp_M_538_3033.json', '--config', '<project>/experiments/runs/ablation/611b6171dfb8953b/resolved_config.json', '--output', '<project>/experiments/runs/ablation/611b6171dfb8953b/result.json']",False,with-transitive-reduction,1811,0.004647412,0.038504483,pckp-historical,0,0,11,pckp_M_538_3033,data/processed/pckp_M_538_3033.json,cb9daef8b29c7cc729289304092084ccb8bcf4bd98d50151e62803780c888a2b,1812,3,,538,23003393.24714806,4,DATA/INSTANCES/PCKP_BB/instances,24489984,1819,0.000295018,0.001355109,0.00324536,741878,0,,0,611b6171dfb8953b,0.04501215400523506,optimal,0.036324712,0.024534991,True
3033,493f6f942eca3576ac0253ad50581fbe0469e8e417d3f97011c676f7789871fd,90763,"""instance""",0.000125746,"['taskset', '-c', '2', '<project>/build/release/pclp', 'solve', '--instance', '<project>/data/processed/pckp_M_538_3033.json', '--config', '<project>/experiments/runs/ablation/c761f5a7650164ff/resolved_config.json', '--output', '<project>/experiments/runs/ablation/c761f5a7650164ff/result.json']",False,with-transitive-reduction,1811,0.004834537,0.039928848,pckp-historical,0,0,11,pckp_M_538_3033,data/processed/pckp_M_538_3033.json,cb9daef8b29c7cc729289304092084ccb8bcf4bd98d50151e62803780c888a2b,1812,3,,538,23003393.24714806,4,DATA/INSTANCES/PCKP_BB/instances,24489984,1819,0.000339105,0.001410877,0.003365024,741878,0,,1,c761f5a7650164ff,0.04561157600255683,optimal,0.037524802,0.025218627,True
