arcs,build_source_hash,candidates_examined,capacity_mode,certification_seconds,command,complete_sequence,configuration,degenerate_pivots,direction_seconds,end_to_end_seconds,family,flow_augmentations,flow_solves,full_rebuilds,instance,instance_path,instance_sha256,local_rebuilds,macroitems,message,nodes,objective,oracle_calls,origin,peak_rss_bytes,pivots,preprocessing_seconds,pricing_seconds,ratio_test_seconds,rebuilt_nodes,removed_arcs,repeat_of_replica_0,replica,run_id,runner_seconds,status,total_seconds,update_seconds,verified
19943,493f6f942eca3576ac0253ad50581fbe0469e8e417d3f97011c676f7789871fd,554727991,"""instance""",0.000717853,"['taskset', '-c', '2', '<project>/build/release/pclp', 'solve', '--instance', '<project>/data/generated/gen_bilevel_density0.02_n2000_uniform_neg30_r0.json', '--config', '<project>/experiments/runs/dual/88eb670a6101ae09/resolved_config.json', '--output', '<project>/experiments/runs/dual/88eb670a6101ae09/result.json']",False,forest-dual,0,2.428858751,15.101938141,bilevel,0,0,1777,gen_bilevel_density0.02_n2000_uniform_neg30_r0,data/generated/gen_bilevel_density0.02_n2000_uniform_neg30_r0.json,0a8d6597281f8373f5b5d053362b90105efb02e1e71cab55b210d1adfbc87be9,356141,380,,2000,34244.80299120795,381,generated,25866240,357537,0.001647005,6.190256693,2.316882494,75943726,0,,0,88eb670a6101ae09,15.110637655001483,optimal,15.08771157,3.6947865859999998,True
19943,493f6f942eca3576ac0253ad50581fbe0469e8e417d3f97011c676f7789871fd,554727991,"""instance""",0.000620888,"['taskset', '-c', '2', '<project>/build/release/pclp', 'solve', '--instance', '<project>/data/generated/gen_bilevel_density0.02_n2000_uniform_neg30_r0.json', '--config', '<project>/experiments/runs/dual/586678568cf45723/resolved_config.json', '--output', '<project>/experiments/runs/dual/586678568cf45723/result.json']",False,forest-dual,0,1.957913829,11.855295185,bilevel,0,0,1777,gen_bilevel_density0.02_n2000_uniform_neg30_r0,data/generated/gen_bilevel_density0.02_n2000_uniform_neg30_r0.json,0a8d6597281f8373f5b5d053362b90105efb02e1e71cab55b210d1adfbc87be9,356141,380,,2000,34244.80299120795,381,generated,26046464,357537,0.0013552,5.045778959,1.730952074,75943726,0,,1,586678568cf45723,11.863657594003598,optimal,11.84194379,2.736534627,True
19943,493f6f942eca3576ac0253ad50581fbe0469e8e417d3f97011c676f7789871fd,864752764,"""instance""",0.0,"['taskset', '-c', '2', '<project>/build/release/pclp', 'solve', '--instance', '<project>/data/generated/gen_bilevel_density0.02_n2000_uniform_neg30_r0.json', '--config', '<project>/experiments/runs/dual/8b4227adc10e64b3/resolved_config.json', '--output', '<project>/experiments/runs/dual/8b4227adc10e64b3/result.json']",False,forest-dual-largest-tree,0,3.352574455,30.013004016,bilevel,0,0,2385,gen_bilevel_density0.02_n2000_uniform_neg30_r0,data/generated/gen_bilevel_density0.02_n2000_uniform_neg30_r0.json,0a8d6597281f8373f5b5d053362b90105efb02e1e71cab55b210d1adfbc87be9,542568,257,residual oracle did not certify optimality,2000,0.0,258,generated,26316800,544695,0.001362225,8.45394301,8.486679571,217697225,0,,0,8b4227adc10e64b3,30.019964945997344,time_limit,30.000050789,8.944209697,False
19943,493f6f942eca3576ac0253ad50581fbe0469e8e417d3f97011c676f7789871fd,,"""instance""",,,,forest-dual-largest-tree,,,,bilevel,,,,gen_bilevel_density0.02_n2000_uniform_neg30_r0,data/generated/gen_bilevel_density0.02_n2000_uniform_neg30_r0.json,0a8d6597281f8373f5b5d053362b90105efb02e1e71cab55b210d1adfbc87be9,,,residual oracle did not certify optimality,2000,,,generated,,,,,,,,True,1,bc705ddf08270f8e,30.019964945997344,time_limit,,,False
19943,493f6f942eca3576ac0253ad50581fbe0469e8e417d3f97011c676f7789871fd,26950786,"""instance""",0.000985579,"['taskset', '-c', '2', '<project>/build/release/pclp', 'solve', '--instance', '<project>/data/generated/gen_bilevel_density0.02_n2000_uniform_neg30_r0.json', '--config', '<project>/experiments/runs/dual/164a0267a5ff0e79/resolved_config.json', '--output', '<project>/experiments/runs/dual/164a0267a5ff0e79/result.json']",False,forest-primal,375941,0.88688793,7.871299305,bilevel,0,0,1878,gen_bilevel_density0.02_n2000_uniform_neg30_r0,data/generated/gen_bilevel_density0.02_n2000_uniform_neg30_r0.json,0a8d6597281f8373f5b5d053362b90105efb02e1e71cab55b210d1adfbc87be9,381892,380,,2000,34244.80299120795,381,generated,24424448,383389,0.001668172,0.384020568,0.679402923,122362412,0,,0,164a0267a5ff0e79,7.881013821999659,optimal,7.85565259,5.187432594,True
19943,493f6f942eca3576ac0253ad50581fbe0469e8e417d3f97011c676f7789871fd,26950786,"""instance""",0.000716186,"['taskset', '-c', '2', '<project>/build/release/pclp', 'solve', '--instance', '<project>/data/generated/gen_bilevel_density0.02_n2000_uniform_neg30_r0.json', '--config', '<project>/experiments/runs/dual/8b8774c6ba33ed92/resolved_config.json', '--output', '<project>/experiments/runs/dual/8b8774c6ba33ed92/result.json']",False,forest-primal,375941,0.828422358,7.677742744,bilevel,0,0,1878,gen_bilevel_density0.02_n2000_uniform_neg30_r0,data/generated/gen_bilevel_density0.02_n2000_uniform_neg30_r0.json,0a8d6597281f8373f5b5d053362b90105efb02e1e71cab55b210d1adfbc87be9,381892,380,,2000,34244.80299120795,381,generated,24961024,383389,0.001870393,0.375495588,0.647683134,122362412,0,,1,8b8774c6ba33ed92,7.687563938990934,optimal,7.660581506,5.091761314,True
19943,493f6f942eca3576ac0253ad50581fbe0469e8e417d3f97011c676f7789871fd,0,"""instance""",0.00094871,"['taskset', '-c', '2', '<project>/build/release/pclp', 'solve', '--instance', '<project>/data/generated/gen_bilevel_density0.02_n2000_uniform_neg30_r0.json', '--config', '<project>/experiments/runs/dual/3cbfc458e42fd679/resolved_config.json', '--output', '<project>/experiments/runs/dual/3cbfc458e42fd679/result.json']",False,parametric,0,0.0,0.111141069,bilevel,6190,761,0,gen_bilevel_density0.02_n2000_uniform_neg30_r0,data/generated/gen_bilevel_density0.02_n2000_uniform_neg30_r0.json,0a8d6597281f8373f5b5d053362b90105efb02e1e71cab55b210d1adfbc87be9,0,380,,2000,34244.80299120795,760,generated,26316800,0,0.002033334,0.0,0.0,0,0,,0,3cbfc458e42fd679,0.12270141200860962,optimal,0.08806517,0.0,True
19943,493f6f942eca3576ac0253ad50581fbe0469e8e417d3f97011c676f7789871fd,0,"""instance""",0.000714558,"['taskset', '-c', '2', '<project>/build/release/pclp', 'solve', '--instance', '<project>/data/generated/gen_bilevel_density0.02_n2000_uniform_neg30_r0.json', '--config', '<project>/experiments/runs/dual/b14196fcc11f4941/resolved_config.json', '--output', '<project>/experiments/runs/dual/b14196fcc11f4941/result.json']",False,parametric,0,0.0,0.09016619,bilevel,6190,761,0,gen_bilevel_density0.02_n2000_uniform_neg30_r0,data/generated/gen_bilevel_density0.02_n2000_uniform_neg30_r0.json,0a8d6597281f8373f5b5d053362b90105efb02e1e71cab55b210d1adfbc87be9,0,380,,2000,34244.80299120795,760,generated,26570752,0,0.00146563,0.0,0.0,0,0,,1,b14196fcc11f4941,0.09946704799949657,optimal,0.071251273,0.0,True
19761,493f6f942eca3576ac0253ad50581fbe0469e8e417d3f97011c676f7789871fd,725033797,"""instance""",0.000645499,"['taskset', '-c', '2', '<project>/build/release/pclp', 'solve', '--instance', '<project>/data/generated/gen_bilevel_density0.02_n2000_uniform_neg30_r1.json', '--config', '<project>/experiments/runs/dual/e6fc92f90d917be4/resolved_config.json', '--output', '<project>/experiments/runs/dual/e6fc92f90d917be4/result.json']",False,forest-dual,0,2.243176667,9.77635852,bilevel,0,0,2581,gen_bilevel_density0.02_n2000_uniform_neg30_r1,data/generated/gen_bilevel_density0.02_n2000_uniform_neg30_r1.json,d7108202daa9124d5de7d9377919dbc0f3ca210e7ea8f299d7bbe691d6923a26,482250,689,,2000,5000.13871875,690,generated,26648576,484141,0.001505716,6.200894775,0.29552523599999997,18249739,0,,0,e6fc92f90d917be4,9.785569895000663,optimal,9.76125129,0.641071238,True
19761,493f6f942eca3576ac0253ad50581fbe0469e8e417d3f97011c676f7789871fd,725033797,"""instance""",0.000611083,"['taskset', '-c', '2', '<project>/build/release/pclp', 'solve', '--instance', '<project>/data/generated/gen_bilevel_density0.02_n2000_uniform_neg30_r1.json', '--config', '<project>/experiments/runs/dual/94bfb77a811939bd/resolved_config.json', '--output', '<project>/experiments/runs/dual/94bfb77a811939bd/result.json']",False,forest-dual,0,2.302685809,10.030232565,bilevel,0,0,2581,gen_bilevel_density0.02_n2000_uniform_neg30_r1,data/generated/gen_bilevel_density0.02_n2000_uniform_neg30_r1.json,d7108202daa9124d5de7d9377919dbc0f3ca210e7ea8f299d7bbe691d6923a26,482250,689,,2000,5000.13871875,690,generated,26648576,484141,0.001546977,6.3708164080000005,0.298019244,18249739,0,,1,94bfb77a811939bd,10.039453076999052,optimal,10.016447464,0.65233823,True
19761,493f6f942eca3576ac0253ad50581fbe0469e8e417d3f97011c676f7789871fd,1291002470,"""instance""",0.0,"['taskset', '-c', '2', '<project>/build/release/pclp', 'solve', '--instance', '<project>/data/generated/gen_bilevel_density0.02_n2000_uniform_neg30_r1.json', '--config', '<project>/experiments/runs/dual/8b0e4bdec3937186/resolved_config.json', '--output', '<project>/experiments/runs/dual/8b0e4bdec3937186/result.json']",False,forest-dual-largest-tree,0,4.49220654,30.013845385,bilevel,0,0,4026,gen_bilevel_density0.02_n2000_uniform_neg30_r1,data/generated/gen_bilevel_density0.02_n2000_uniform_neg30_r1.json,d7108202daa9124d5de7d9377919dbc0f3ca210e7ea8f299d7bbe691d6923a26,865762,629,residual oracle did not certify optimality,2000,0.0,631,generated,26648576,869157,0.001650889,10.850139303999999,6.034915106,202985952,0,,0,8b0e4bdec3937186,30.029546019999543,time_limit,30.000078298,7.67787549,False
19761,493f6f942eca3576ac0253ad50581fbe0469e8e417d3f97011c676f7789871fd,,"""instance""",,,,forest-dual-largest-tree,,,,bilevel,,,,gen_bilevel_density0.02_n2000_uniform_neg30_r1,data/generated/gen_bilevel_density0.02_n2000_uniform_neg30_r1.json,d7108202daa9124d5de7d9377919dbc0f3ca210e7ea8f299d7bbe691d6923a26,,,residual oracle did not certify optimality,2000,,,generated,,,,,,,,True,1,480077b7222f9c6b,30.029546019999543,time_limit,,,False
19761,493f6f942eca3576ac0253ad50581fbe0469e8e417d3f97011c676f7789871fd,49670393,"""instance""",0.000594747,"['taskset', '-c', '2', '<project>/build/release/pclp', 'solve', '--instance', '<project>/data/generated/gen_bilevel_density0.02_n2000_uniform_neg30_r1.json', '--config', '<project>/experiments/runs/dual/64d890c847ffc641/resolved_config.json', '--output', '<project>/experiments/runs/dual/64d890c847ffc641/result.json']",False,forest-primal,700940,1.238948319,11.848364401,bilevel,0,0,3510,gen_bilevel_density0.02_n2000_uniform_neg30_r1,data/generated/gen_bilevel_density0.02_n2000_uniform_neg30_r1.json,d7108202daa9124d5de7d9377919dbc0f3ca210e7ea8f299d7bbe691d6923a26,717846,689,,2000,5000.13871875,695,generated,26570752,720661,0.001530054,0.580763767,0.9982660520000001,232146917,0,,0,64d890c847ffc641,11.85795012699964,optimal,11.834835135,7.845084544,True
19761,493f6f942eca3576ac0253ad50581fbe0469e8e417d3f97011c676f7789871fd,49670393,"""instance""",0.000602895,"['taskset', '-c', '2', '<project>/build/release/pclp', 'solve', '--instance', '<project>/data/generated/gen_bilevel_density0.02_n2000_uniform_neg30_r1.json', '--config', '<project>/experiments/runs/dual/d107ea1d26afef25/resolved_config.json', '--output', '<project>/experiments/runs/dual/d107ea1d26afef25/result.json']",False,forest-primal,700940,1.187489436,11.502169666,bilevel,0,0,3510,gen_bilevel_density0.02_n2000_uniform_neg30_r1,data/generated/gen_bilevel_density0.02_n2000_uniform_neg30_r1.json,d7108202daa9124d5de7d9377919dbc0f3ca210e7ea8f299d7bbe691d6923a26,717846,689,,2000,5000.13871875,695,generated,26648576,720661,0.001409702,0.560555321,0.964024944,232146917,0,,1,d107ea1d26afef25,11.511772624988225,optimal,11.488683199,7.637701048,True
19761,493f6f942eca3576ac0253ad50581fbe0469e8e417d3f97011c676f7789871fd,0,"""instance""",0.000934605,"['taskset', '-c', '2', '<project>/build/release/pclp', 'solve', '--instance', '<project>/data/generated/gen_bilevel_density0.02_n2000_uniform_neg30_r1.json', '--config', '<project>/experiments/runs/dual/dea5d4697bd88bb4/resolved_config.json', '--output', '<project>/experiments/runs/dual/dea5d4697bd88bb4/result.json']",False,parametric,0,0.0,0.149706161,bilevel,2203,1379,0,gen_bilevel_density0.02_n2000_uniform_neg30_r1,data/generated/gen_bilevel_density0.02_n2000_uniform_neg30_r1.json,d7108202daa9124d5de7d9377919dbc0f3ca210e7ea8f299d7bbe691d6923a26,0,689,,2000,5000.13871875,1378,generated,26648576,0,0.001656169,0.0,0.0,0,0,,0,dea5d4697bd88bb4,0.16019106699968688,optimal,0.130841424,0.0,True
19761,493f6f942eca3576ac0253ad50581fbe0469e8e417d3f97011c676f7789871fd,0,"""instance""",0.001005432,"['taskset', '-c', '2', '<project>/build/release/pclp', 'solve', '--instance', '<project>/data/generated/gen_bilevel_density0.02_n2000_uniform_neg30_r1.json', '--config', '<project>/experiments/runs/dual/e5619f0f5c63e98b/resolved_config.json', '--output', '<project>/experiments/runs/dual/e5619f0f5c63e98b/result.json']",False,parametric,0,0.0,0.1611913,bilevel,2203,1379,0,gen_bilevel_density0.02_n2000_uniform_neg30_r1,data/generated/gen_bilevel_density0.02_n2000_uniform_neg30_r1.json,d7108202daa9124d5de7d9377919dbc0f3ca210e7ea8f299d7bbe691d6923a26,0,689,,2000,5000.13871875,1378,generated,26648576,0,0.00180519,0.0,0.0,0,0,,1,e5619f0f5c63e98b,0.17229712598782498,optimal,0.143978984,0.0,True
19699,493f6f942eca3576ac0253ad50581fbe0469e8e417d3f97011c676f7789871fd,492679160,"""instance""",0.000584688,"['taskset', '-c', '2', '<project>/build/release/pclp', 'solve', '--instance', '<project>/data/generated/gen_bilevel_density0.02_n2000_uniform_neg30_r2.json', '--config', '<project>/experiments/runs/dual/327dd14475eea163/resolved_config.json', '--output', '<project>/experiments/runs/dual/327dd14475eea163/result.json']",False,forest-dual,0,1.867354138,11.326784125,bilevel,0,0,1419,gen_bilevel_density0.02_n2000_uniform_neg30_r2,data/generated/gen_bilevel_density0.02_n2000_uniform_neg30_r2.json,62ce1b446117e44841d23975b425d44e269724e1fe25c679f412ee2d0064d816,288509,287,,2000,23875.47306953925,288,generated,26693632,289640,0.001451594,5.383790734,1.127079891,68584839,0,,0,327dd14475eea163,11.335924783008522,optimal,11.313905215,2.597874187,True
19699,493f6f942eca3576ac0253ad50581fbe0469e8e417d3f97011c676f7789871fd,492679160,"""instance""",0.000716063,"['taskset', '-c', '2', '<project>/build/release/pclp', 'solve', '--instance', '<project>/data/generated/gen_bilevel_density0.02_n2000_uniform_neg30_r2.json', '--config', '<project>/experiments/runs/dual/cb4ce6f6df89dcb8/resolved_config.json', '--output', '<project>/experiments/runs/dual/cb4ce6f6df89dcb8/result.json']",False,forest-dual,0,1.733012316,10.704101435,bilevel,0,0,1419,gen_bilevel_density0.02_n2000_uniform_neg30_r2,data/generated/gen_bilevel_density0.02_n2000_uniform_neg30_r2.json,62ce1b446117e44841d23975b425d44e269724e1fe25c679f412ee2d0064d816,288509,287,,2000,23875.47306953925,288,generated,26742784,289640,0.00130962,5.020982266,1.094139388,68584839,0,,1,cb4ce6f6df89dcb8,10.713875364992418,optimal,10.691028541,2.526630276,True
19699,493f6f942eca3576ac0253ad50581fbe0469e8e417d3f97011c676f7789871fd,695029129,"""instance""",0.000622794,"['taskset', '-c', '2', '<project>/build/release/pclp', 'solve', '--instance', '<project>/data/generated/gen_bilevel_density0.02_n2000_uniform_neg30_r2.json', '--config', '<project>/experiments/runs/dual/d3a48a05d7997f80/resolved_config.json', '--output', '<project>/experiments/runs/dual/d3a48a05d7997f80/result.json']",False,forest-dual-largest-tree,0,2.507822897,20.897654253,bilevel,0,0,1884,gen_bilevel_density0.02_n2000_uniform_neg30_r2,data/generated/gen_bilevel_density0.02_n2000_uniform_neg30_r2.json,62ce1b446117e44841d23975b425d44e269724e1fe25c679f412ee2d0064d816,407081,287,,2000,23875.47306953925,288,generated,26808320,408677,0.001506056,6.816952166,4.740642469,167236285,0,,0,d3a48a05d7997f80,20.906512112997007,optimal,20.884275446,6.264421349,True
19699,493f6f942eca3576ac0253ad50581fbe0469e8e417d3f97011c676f7789871fd,695029129,"""instance""",0.000624519,"['taskset', '-c', '2', '<project>/build/release/pclp', 'solve', '--instance', '<project>/data/generated/gen_bilevel_density0.02_n2000_uniform_neg30_r2.json', '--config', '<project>/experiments/runs/dual/e0e53e75c8ae8b72/resolved_config.json', '--output', '<project>/experiments/runs/dual/e0e53e75c8ae8b72/result.json']",False,forest-dual-largest-tree,0,2.505327515,20.896255288,bilevel,0,0,1884,gen_bilevel_density0.02_n2000_uniform_neg30_r2,data/generated/gen_bilevel_density0.02_n2000_uniform_neg30_r2.json,62ce1b446117e44841d23975b425d44e269724e1fe25c679f412ee2d0064d816,407081,287,,2000,23875.47306953925,288,generated,26808320,408677,0.001422457,6.798955578,4.725355063,167236285,0,,1,e0e53e75c8ae8b72,20.90364194700669,optimal,20.882910247,6.300691217,True
19699,493f6f942eca3576ac0253ad50581fbe0469e8e417d3f97011c676f7789871fd,23925353,"""instance""",0.000664634,"['taskset', '-c', '2', '<project>/build/release/pclp', 'solve', '--instance', '<project>/data/generated/gen_bilevel_density0.02_n2000_uniform_neg30_r2.json', '--config', '<project>/experiments/runs/dual/145ede9ee730ab66/resolved_config.json', '--output', '<project>/experiments/runs/dual/145ede9ee730ab66/result.json']",False,forest-primal,334764,0.744978728,7.404353776,bilevel,0,0,1624,gen_bilevel_density0.02_n2000_uniform_neg30_r2,data/generated/gen_bilevel_density0.02_n2000_uniform_neg30_r2.json,62ce1b446117e44841d23975b425d44e269724e1fe25c679f412ee2d0064d816,340871,287,,2000,23875.47306953925,288,generated,26648576,342207,0.001824292,0.306097653,0.606784014,134293864,0,,0,145ede9ee730ab66,7.419881155001349,optimal,7.387723535,5.103105012,True
19699,493f6f942eca3576ac0253ad50581fbe0469e8e417d3f97011c676f7789871fd,23925353,"""instance""",0.000599741,"['taskset', '-c', '2', '<project>/build/release/pclp', 'solve', '--instance', '<project>/data/generated/gen_bilevel_density0.02_n2000_uniform_neg30_r2.json', '--config', '<project>/experiments/runs/dual/fa3cd790edb5d71f/resolved_config.json', '--output', '<project>/experiments/runs/dual/fa3cd790edb5d71f/result.json']",False,forest-primal,334764,0.646520927,6.525665405,bilevel,0,0,1624,gen_bilevel_density0.02_n2000_uniform_neg30_r2,data/generated/gen_bilevel_density0.02_n2000_uniform_neg30_r2.json,62ce1b446117e44841d23975b425d44e269724e1fe25c679f412ee2d0064d816,340871,287,,2000,23875.47306953925,288,generated,26648576,342207,0.00136361,0.268883999,0.541779472,134293864,0,,1,fa3cd790edb5d71f,6.534010543007753,optimal,6.512159737,4.505648326,True
19699,493f6f942eca3576ac0253ad50581fbe0469e8e417d3f97011c676f7789871fd,0,"""instance""",0.000732303,"['taskset', '-c', '2', '<project>/build/release/pclp', 'solve', '--instance', '<project>/data/generated/gen_bilevel_density0.02_n2000_uniform_neg30_r2.json', '--config', '<project>/experiments/runs/dual/6aa090026d8791cb/resolved_config.json', '--output', '<project>/experiments/runs/dual/6aa090026d8791cb/result.json']",False,parametric,0,0.0,0.067499232,bilevel,5627,575,0,gen_bilevel_density0.02_n2000_uniform_neg30_r2,data/generated/gen_bilevel_density0.02_n2000_uniform_neg30_r2.json,62ce1b446117e44841d23975b425d44e269724e1fe25c679f412ee2d0064d816,0,287,,2000,23875.47306953925,574,generated,26808320,0,0.001519662,0.0,0.0,0,0,,0,6aa090026d8791cb,0.07560984800511505,optimal,0.053589886,0.0,True
19699,493f6f942eca3576ac0253ad50581fbe0469e8e417d3f97011c676f7789871fd,0,"""instance""",0.000674582,"['taskset', '-c', '2', '<project>/build/release/pclp', 'solve', '--instance', '<project>/data/generated/gen_bilevel_density0.02_n2000_uniform_neg30_r2.json', '--config', '<project>/experiments/runs/dual/157a1cbc2c559d86/resolved_config.json', '--output', '<project>/experiments/runs/dual/157a1cbc2c559d86/result.json']",False,parametric,0,0.0,0.07011395,bilevel,5627,575,0,gen_bilevel_density0.02_n2000_uniform_neg30_r2,data/generated/gen_bilevel_density0.02_n2000_uniform_neg30_r2.json,62ce1b446117e44841d23975b425d44e269724e1fe25c679f412ee2d0064d816,0,287,,2000,23875.47306953925,574,generated,26808320,0,0.001488098,0.0,0.0,0,0,,1,157a1cbc2c559d86,0.07852488801290747,optimal,0.055652373,0.0,True
1999,493f6f942eca3576ac0253ad50581fbe0469e8e417d3f97011c676f7789871fd,18486134,"""instance""",0.000238074,"['taskset', '-c', '2', '<project>/build/release/pclp', 'solve', '--instance', '<project>/data/generated/gen_chain_plain_n2000_uniform_neg30_r0.json', '--config', '<project>/experiments/runs/dual/8939b615080119f0/resolved_config.json', '--output', '<project>/experiments/runs/dual/8939b615080119f0/result.json']",False,forest-dual,0,0.064851833,0.227552593,chain,0,0,54,gen_chain_plain_n2000_uniform_neg30_r0,data/generated/gen_chain_plain_n2000_uniform_neg30_r0.json,24b519dbe2874823630864dcfee5e11cedf443892d43fd14ba00bd55c2593e27,10798,11,,2000,15844.804659498208,12,generated,26808320,10840,0.000333335,0.137834063,0.000815739,454072,0,,0,8939b615080119f0,0.23452632199041545,optimal,0.224901575,0.015012876,True
1999,493f6f942eca3576ac0253ad50581fbe0469e8e417d3f97011c676f7789871fd,18486134,"""instance""",0.000241923,"['taskset', '-c', '2', '<project>/build/release/pclp', 'solve', '--instance', '<project>/data/generated/gen_chain_plain_n2000_uniform_neg30_r0.json', '--config', '<project>/experiments/runs/dual/d6f22e013183b76e/resolved_config.json', '--output', '<project>/experiments/runs/dual/d6f22e013183b76e/result.json']",False,forest-dual,0,0.067698148,0.236804206,chain,0,0,54,gen_chain_plain_n2000_uniform_neg30_r0,data/generated/gen_chain_plain_n2000_uniform_neg30_r0.json,24b519dbe2874823630864dcfee5e11cedf443892d43fd14ba00bd55c2593e27,10798,11,,2000,15844.804659498208,12,generated,26808320,10840,0.000348912,0.143658197,0.000854926,454072,0,,1,d6f22e013183b76e,0.24378408399934415,optimal,0.234114903,0.015281637,True
1999,493f6f942eca3576ac0253ad50581fbe0469e8e417d3f97011c676f7789871fd,18486134,"""instance""",0.000245553,"['taskset', '-c', '2', '<project>/build/release/pclp', 'solve', '--instance', '<project>/data/generated/gen_chain_plain_n2000_uniform_neg30_r0.json', '--config', '<project>/experiments/runs/dual/b846297528709d53/resolved_config.json', '--output', '<project>/experiments/runs/dual/b846297528709d53/result.json']",False,forest-dual-largest-tree,0,0.067650493,0.236916991,chain,0,0,54,gen_chain_plain_n2000_uniform_neg30_r0,data/generated/gen_chain_plain_n2000_uniform_neg30_r0.json,24b519dbe2874823630864dcfee5e11cedf443892d43fd14ba00bd55c2593e27,10798,11,,2000,15844.804659498208,12,generated,26808320,10840,0.000391536,0.143425654,0.000898087,454072,0,,0,b846297528709d53,0.24210634799965192,optimal,0.234219046,0.01546749,True
1999,493f6f942eca3576ac0253ad50581fbe0469e8e417d3f97011c676f7789871fd,18486134,"""instance""",0.000262935,"['taskset', '-c', '2', '<project>/build/release/pclp', 'solve', '--instance', '<project>/data/generated/gen_chain_plain_n2000_uniform_neg30_r0.json', '--config', '<project>/experiments/runs/dual/47ab683f936bedc8/resolved_config.json', '--output', '<project>/experiments/runs/dual/47ab683f936bedc8/result.json']",False,forest-dual-largest-tree,0,0.073128641,0.25509915,chain,0,0,54,gen_chain_plain_n2000_uniform_neg30_r0,data/generated/gen_chain_plain_n2000_uniform_neg30_r0.json,24b519dbe2874823630864dcfee5e11cedf443892d43fd14ba00bd55c2593e27,10798,11,,2000,15844.804659498208,12,generated,26808320,10840,0.000393277,0.154231985,0.000949007,454072,0,,1,47ab683f936bedc8,0.26070741401053965,optimal,0.252222456,0.016645683,True
1999,493f6f942eca3576ac0253ad50581fbe0469e8e417d3f97011c676f7789871fd,558114,"""instance""",0.000239103,"['taskset', '-c', '2', '<project>/build/release/pclp', 'solve', '--instance', '<project>/data/generated/gen_chain_plain_n2000_uniform_neg30_r0.json', '--config', '<project>/experiments/runs/dual/498494581affb91e/resolved_config.json', '--output', '<project>/experiments/runs/dual/498494581affb91e/result.json']",False,forest-primal,3495,0.013281489,0.075424965,chain,0,0,25,gen_chain_plain_n2000_uniform_neg30_r0,data/generated/gen_chain_plain_n2000_uniform_neg30_r0.json,24b519dbe2874823630864dcfee5e11cedf443892d43fd14ba00bd55c2593e27,3509,11,,2000,15844.804659498208,12,generated,26808320,3522,0.000353382,0.005034865,0.006456218,1570993,0,,0,498494581affb91e,0.08076298600644805,optimal,0.072599028,0.042141982,True
1999,493f6f942eca3576ac0253ad50581fbe0469e8e417d3f97011c676f7789871fd,558114,"""instance""",0.000238966,"['taskset', '-c', '2', '<project>/build/release/pclp', 'solve', '--instance', '<project>/data/generated/gen_chain_plain_n2000_uniform_neg30_r0.json', '--config', '<project>/experiments/runs/dual/930090d7c74240de/resolved_config.json', '--output', '<project>/experiments/runs/dual/930090d7c74240de/result.json']",False,forest-primal,3495,0.012611066,0.073041354,chain,0,0,25,gen_chain_plain_n2000_uniform_neg30_r0,data/generated/gen_chain_plain_n2000_uniform_neg30_r0.json,24b519dbe2874823630864dcfee5e11cedf443892d43fd14ba00bd55c2593e27,3509,11,,2000,15844.804659498208,12,generated,26808320,3522,0.000361576,0.005011969,0.006151568,1570993,0,,1,930090d7c74240de,0.0801148399914382,optimal,0.070264851,0.040895087,True
1999,493f6f942eca3576ac0253ad50581fbe0469e8e417d3f97011c676f7789871fd,0,"""instance""",0.000268101,"['taskset', '-c', '2', '<project>/build/release/pclp', 'solve', '--instance', '<project>/data/generated/gen_chain_plain_n2000_uniform_neg30_r0.json', '--config', '<project>/experiments/runs/dual/70a90ee9d9478510/resolved_config.json', '--output', '<project>/experiments/runs/dual/70a90ee9d9478510/result.json']",False,parametric,0,0.0,0.052159848,chain,8476,23,0,gen_chain_plain_n2000_uniform_neg30_r0,data/generated/gen_chain_plain_n2000_uniform_neg30_r0.json,24b519dbe2874823630864dcfee5e11cedf443892d43fd14ba00bd55c2593e27,0,11,,2000,15844.804659498208,22,generated,26808320,0,0.000383362,0.0,0.0,0,0,,0,70a90ee9d9478510,0.05818097999144811,optimal,0.049287368,0.0,True
1999,493f6f942eca3576ac0253ad50581fbe0469e8e417d3f97011c676f7789871fd,0,"""instance""",0.000258723,"['taskset', '-c', '2', '<project>/build/release/pclp', 'solve', '--instance', '<project>/data/generated/gen_chain_plain_n2000_uniform_neg30_r0.json', '--config', '<project>/experiments/runs/dual/cd87cb2c76c0576e/resolved_config.json', '--output', '<project>/experiments/runs/dual/cd87cb2c76c0576e/result.json']",False,parametric,0,0.0,0.049919246,chain,8476,23,0,gen_chain_plain_n2000_uniform_neg30_r0,data/generated/gen_chain_plain_n2000_uniform_neg30_r0.json,24b519dbe2874823630864dcfee5e11cedf443892d43fd14ba00bd55c2593e27,0,11,,2000,15844.804659498208,22,generated,26808320,0,0.000357516,0.0,0.0,0,0,,1,cd87cb2c76c0576e,0.05556233899551444,optimal,0.047163258,0.0,True
1999,493f6f942eca3576ac0253ad50581fbe0469e8e417d3f97011c676f7789871fd,19629794,"""instance""",0.000201826,"['taskset', '-c', '2', '<project>/build/release/pclp', 'solve', '--instance', '<project>/data/generated/gen_chain_plain_n2000_uniform_neg30_r1.json', '--config', '<project>/experiments/runs/dual/c6491a89480d1993/resolved_config.json', '--output', '<project>/experiments/runs/dual/c6491a89480d1993/result.json']",False,forest-dual,0,0.069295892,0.242009637,chain,0,0,47,gen_chain_plain_n2000_uniform_neg30_r1,data/generated/gen_chain_plain_n2000_uniform_neg30_r1.json,532bc50cccf0a2fadc7721ed0e0ec5e0eb03be1efb4c8907da2f40f920baa1a2,10319,6,,2000,190.4533466070703,7,generated,26808320,10359,0.000331909,0.150902734,0.000733649,379720,0,,0,c6491a89480d1993,0.24807380099082366,optimal,0.239159293,0.012025505,True
1999,493f6f942eca3576ac0253ad50581fbe0469e8e417d3f97011c676f7789871fd,19629794,"""instance""",0.000206,"['taskset', '-c', '2', '<project>/build/release/pclp', 'solve', '--instance', '<project>/data/generated/gen_chain_plain_n2000_uniform_neg30_r1.json', '--config', '<project>/experiments/runs/dual/8c31bc5d96d4562c/resolved_config.json', '--output', '<project>/experiments/runs/dual/8c31bc5d96d4562c/result.json']",False,forest-dual,0,0.072163432,0.251700261,chain,0,0,47,gen_chain_plain_n2000_uniform_neg30_r1,data/generated/gen_chain_plain_n2000_uniform_neg30_r1.json,532bc50cccf0a2fadc7721ed0e0ec5e0eb03be1efb4c8907da2f40f920baa1a2,10319,6,,2000,190.4533466070703,7,generated,26808320,10359,0.000353068,0.156895865,0.000781718,379720,0,,1,8c31bc5d96d4562c,0.25853360899782274,optimal,0.248688465,0.012353449,True
1999,493f6f942eca3576ac0253ad50581fbe0469e8e417d3f97011c676f7789871fd,19629794,"""instance""",0.000199285,"['taskset', '-c', '2', '<project>/build/release/pclp', 'solve', '--instance', '<project>/data/generated/gen_chain_plain_n2000_uniform_neg30_r1.json', '--config', '<project>/experiments/runs/dual/95984ebf97d32271/resolved_config.json', '--output', '<project>/experiments/runs/dual/95984ebf97d32271/result.json']",False,forest-dual-largest-tree,0,0.069175072,0.241521258,chain,0,0,47,gen_chain_plain_n2000_uniform_neg30_r1,data/generated/gen_chain_plain_n2000_uniform_neg30_r1.json,532bc50cccf0a2fadc7721ed0e0ec5e0eb03be1efb4c8907da2f40f920baa1a2,10319,6,,2000,190.4533466070703,7,generated,26808320,10359,0.000379151,0.150386344,0.000756087,379720,0,,0,95984ebf97d32271,0.2462811099976534,optimal,0.238724956,0.012125125,True
1999,493f6f942eca3576ac0253ad50581fbe0469e8e417d3f97011c676f7789871fd,19629794,"""instance""",0.000200925,"['taskset', '-c', '2', '<project>/build/release/pclp', 'solve', '--instance', '<project>/data/generated/gen_chain_plain_n2000_uniform_neg30_r1.json', '--config', '<project>/experiments/runs/dual/d0893cb0b01be1e6/resolved_config.json', '--output', '<project>/experiments/runs/dual/d0893cb0b01be1e6/result.json']",False,forest-dual-largest-tree,0,0.06899202,0.240703349,chain,0,0,47,gen_chain_plain_n2000_uniform_neg30_r1,data/generated/gen_chain_plain_n2000_uniform_neg30_r1.json,532bc50cccf0a2fadc7721ed0e0ec5e0eb03be1efb4c8907da2f40f920baa1a2,10319,6,,2000,190.4533466070703,7,generated,26808320,10359,0.00035579,0.149689413,0.00076732,379720,0,,1,d0893cb0b01be1e6,0.2471501419931883,optimal,0.237897836,0.0122684,True
1999,493f6f942eca3576ac0253ad50581fbe0469e8e417d3f97011c676f7789871fd,517117,"""instance""",0.000203761,"['taskset', '-c', '2', '<project>/build/release/pclp', 'solve', '--instance', '<project>/data/generated/gen_chain_plain_n2000_uniform_neg30_r1.json', '--config', '<project>/experiments/runs/dual/b4a4d5592e766666/resolved_config.json', '--output', '<project>/experiments/runs/dual/b4a4d5592e766666/result.json']",False,forest-primal,3399,0.015156906,0.094431554,chain,0,0,20,gen_chain_plain_n2000_uniform_neg30_r1,data/generated/gen_chain_plain_n2000_uniform_neg30_r1.json,532bc50cccf0a2fadc7721ed0e0ec5e0eb03be1efb4c8907da2f40f920baa1a2,3408,6,,2000,190.4533466070703,7,generated,26808320,3421,0.000364107,0.00504082,0.006670517,2128125,0,,0,b4a4d5592e766666,0.10054068200406618,optimal,0.091502683,0.058000838,True
1999,493f6f942eca3576ac0253ad50581fbe0469e8e417d3f97011c676f7789871fd,517117,"""instance""",0.000206592,"['taskset', '-c', '2', '<project>/build/release/pclp', 'solve', '--instance', '<project>/data/generated/gen_chain_plain_n2000_uniform_neg30_r1.json', '--config', '<project>/experiments/runs/dual/b833ac0539ca59b6/resolved_config.json', '--output', '<project>/experiments/runs/dual/b833ac0539ca59b6/result.json']",False,forest-primal,3399,0.014694603,0.091453828,chain,0,0,20,gen_chain_plain_n2000_uniform_neg30_r1,data/generated/gen_chain_plain_n2000_uniform_neg30_r1.json,532bc50cccf0a2fadc7721ed0e0ec5e0eb03be1efb4c8907da2f40f920baa1a2,3408,6,,2000,190.4533466070703,7,generated,26808320,3421,0.000354559,0.004912345,0.006519642,2128125,0,,1,b833ac0539ca59b6,0.09729907900327817,optimal,0.088650964,0.056080228,True
1999,493f6f942eca3576ac0253ad50581fbe0469e8e417d3f97011c676f7789871fd,0,"""instance""",0.000219814,"['taskset', '-c', '2', '<project>/build/release/pclp', 'solve', '--instance', '<project>/data/generated/gen_chain_plain_n2000_uniform_neg30_r1.json', '--config', '<project>/experiments/runs/dual/490376f47f047d42/resolved_config.json', '--output', '<project>/experiments/runs/dual/490376f47f047d42/result.json']",False,parametric,0,0.0,0.031316405,chain,4508,13,0,gen_chain_plain_n2000_uniform_neg30_r1,data/generated/gen_chain_plain_n2000_uniform_neg30_r1.json,532bc50cccf0a2fadc7721ed0e0ec5e0eb03be1efb4c8907da2f40f920baa1a2,0,6,,2000,190.4533466070703,12,generated,26808320,0,0.00036221,0.0,0.0,0,0,,0,490376f47f047d42,0.03714584199769888,optimal,0.028537244,0.0,True
1999,493f6f942eca3576ac0253ad50581fbe0469e8e417d3f97011c676f7789871fd,0,"""instance""",0.000219888,"['taskset', '-c', '2', '<project>/build/release/pclp', 'solve', '--instance', '<project>/data/generated/gen_chain_plain_n2000_uniform_neg30_r1.json', '--config', '<project>/experiments/runs/dual/3d8aff18225dba59/resolved_config.json', '--output', '<project>/experiments/runs/dual/3d8aff18225dba59/result.json']",False,parametric,0,0.0,0.032643751,chain,4508,13,0,gen_chain_plain_n2000_uniform_neg30_r1,data/generated/gen_chain_plain_n2000_uniform_neg30_r1.json,532bc50cccf0a2fadc7721ed0e0ec5e0eb03be1efb4c8907da2f40f920baa1a2,0,6,,2000,190.4533466070703,12,generated,26808320,0,0.000377901,0.0,0.0,0,0,,1,3d8aff18225dba59,0.03758075299265329,optimal,0.029714915,0.0,True
1999,493f6f942eca3576ac0253ad50581fbe0469e8e417d3f97011c676f7789871fd,6852207,"""instance""",0.000234602,"['taskset', '-c', '2', '<project>/build/release/pclp', 'solve', '--instance', '<project>/data/generated/gen_chain_plain_n2000_uniform_neg30_r2.json', '--config', '<project>/experiments/runs/dual/e3e9aed32fc3c8f7/resolved_config.json', '--output', '<project>/experiments/runs/dual/e3e9aed32fc3c8f7/result.json']",True,forest-dual,0,0.025765918,0.098371322,chain,0,0,17,gen_chain_plain_n2000_uniform_neg30_r2,data/generated/gen_chain_plain_n2000_uniform_neg30_r2.json,8c156ca393d219f3f0433f24b598ef3ddf6e2745f7e19a805f6b08342b64e703,3705,3,,2000,10231.488992353232,3,generated,26808320,3719,0.000354393,0.053243982,0.000664269,380829,0,,0,e3e9aed32fc3c8f7,0.10329615799128078,optimal,0.095662367,0.012763252,True
1999,493f6f942eca3576ac0253ad50581fbe0469e8e417d3f97011c676f7789871fd,6852207,"""instance""",0.000236419,"['taskset', '-c', '2', '<project>/build/release/pclp', 'solve', '--instance', '<project>/data/generated/gen_chain_plain_n2000_uniform_neg30_r2.json', '--config', '<project>/experiments/runs/dual/c6db81f40af4488b/resolved_config.json', '--output', '<project>/experiments/runs/dual/c6db81f40af4488b/result.json']",True,forest-dual,0,0.025446971,0.097506836,chain,0,0,17,gen_chain_plain_n2000_uniform_neg30_r2,data/generated/gen_chain_plain_n2000_uniform_neg30_r2.json,8c156ca393d219f3f0433f24b598ef3ddf6e2745f7e19a805f6b08342b64e703,3705,3,,2000,10231.488992353232,3,generated,26808320,3719,0.000345022,0.052647771,0.000668328,380829,0,,1,c6db81f40af4488b,0.10372917300264817,optimal,0.094788917,0.012777108,True
1999,493f6f942eca3576ac0253ad50581fbe0469e8e417d3f97011c676f7789871fd,6852207,"""instance""",0.00024208,"['taskset', '-c', '2', '<project>/build/release/pclp', 'solve', '--instance', '<project>/data/generated/gen_chain_plain_n2000_uniform_neg30_r2.json', '--config', '<project>/experiments/runs/dual/86cde0d6a455f322/resolved_config.json', '--output', '<project>/experiments/runs/dual/86cde0d6a455f322/result.json']",True,forest-dual-largest-tree,0,0.024901042,0.095834546,chain,0,0,17,gen_chain_plain_n2000_uniform_neg30_r2,data/generated/gen_chain_plain_n2000_uniform_neg30_r2.json,8c156ca393d219f3f0433f24b598ef3ddf6e2745f7e19a805f6b08342b64e703,3705,3,,2000,10231.488992353232,3,generated,26808320,3719,0.000408894,0.051879209,0.000669069,380829,0,,0,86cde0d6a455f322,0.10210094999638386,optimal,0.093070988,0.012361608,True
1999,493f6f942eca3576ac0253ad50581fbe0469e8e417d3f97011c676f7789871fd,6852207,"""instance""",0.000225346,"['taskset', '-c', '2', '<project>/build/release/pclp', 'solve', '--instance', '<project>/data/generated/gen_chain_plain_n2000_uniform_neg30_r2.json', '--config', '<project>/experiments/runs/dual/607e7cd4cc214259/resolved_config.json', '--output', '<project>/experiments/runs/dual/607e7cd4cc214259/result.json']",True,forest-dual-largest-tree,0,0.024663039,0.094540026,chain,0,0,17,gen_chain_plain_n2000_uniform_neg30_r2,data/generated/gen_chain_plain_n2000_uniform_neg30_r2.json,8c156ca393d219f3f0433f24b598ef3ddf6e2745f7e19a805f6b08342b64e703,3705,3,,2000,10231.488992353232,3,generated,26808320,3719,0.000370026,0.051285536,0.000647209,380829,0,,1,607e7cd4cc214259,0.10133546699944418,optimal,0.091842788,0.012028075,True
1999,493f6f942eca3576ac0253ad50581fbe0469e8e417d3f97011c676f7789871fd,214101,"""instance""",0.00022281,"['taskset', '-c', '2', '<project>/build/release/pclp', 'solve', '--instance', '<project>/data/generated/gen_chain_plain_n2000_uniform_neg30_r2.json', '--config', '<project>/experiments/runs/dual/74347c15da7365e5/resolved_config.json', '--output', '<project>/experiments/runs/dual/74347c15da7365e5/result.json']",True,forest-primal,2077,0.010189905,0.062736219,chain,0,0,11,gen_chain_plain_n2000_uniform_neg30_r2,data/generated/gen_chain_plain_n2000_uniform_neg30_r2.json,8c156ca393d219f3f0433f24b598ef3ddf6e2745f7e19a805f6b08342b64e703,2072,3,,2000,10231.488992353232,3,generated,26808320,2080,0.000348777,0.002064066,0.002858458,1551993,0,,0,74347c15da7365e5,0.06846275400312152,optimal,0.060053826,0.040640288,True
1999,493f6f942eca3576ac0253ad50581fbe0469e8e417d3f97011c676f7789871fd,214101,"""instance""",0.000228374,"['taskset', '-c', '2', '<project>/build/release/pclp', 'solve', '--instance', '<project>/data/generated/gen_chain_plain_n2000_uniform_neg30_r2.json', '--config', '<project>/experiments/runs/dual/4c487ae396955758/resolved_config.json', '--output', '<project>/experiments/runs/dual/4c487ae396955758/result.json']",True,forest-primal,2077,0.010096249,0.06351973,chain,0,0,11,gen_chain_plain_n2000_uniform_neg30_r2,data/generated/gen_chain_plain_n2000_uniform_neg30_r2.json,8c156ca393d219f3f0433f24b598ef3ddf6e2745f7e19a805f6b08342b64e703,2072,3,,2000,10231.488992353232,3,generated,26808320,2080,0.000333307,0.0020418,0.002881662,1551993,0,,1,4c487ae396955758,0.06956435600295663,optimal,0.060875496,0.041568335,True
1999,493f6f942eca3576ac0253ad50581fbe0469e8e417d3f97011c676f7789871fd,0,"""instance""",0.000219141,"['taskset', '-c', '2', '<project>/build/release/pclp', 'solve', '--instance', '<project>/data/generated/gen_chain_plain_n2000_uniform_neg30_r2.json', '--config', '<project>/experiments/runs/dual/bd2c67b6c8084ad9/resolved_config.json', '--output', '<project>/experiments/runs/dual/bd2c67b6c8084ad9/result.json']",False,parametric,0,0.0,0.035904651,chain,5101,6,0,gen_chain_plain_n2000_uniform_neg30_r2,data/generated/gen_chain_plain_n2000_uniform_neg30_r2.json,8c156ca393d219f3f0433f24b598ef3ddf6e2745f7e19a805f6b08342b64e703,0,3,,2000,10231.488992353232,6,generated,26808320,0,0.00032883,0.0,0.0,0,0,,0,bd2c67b6c8084ad9,0.04254015900369268,optimal,0.03333002,0.0,True
1999,493f6f942eca3576ac0253ad50581fbe0469e8e417d3f97011c676f7789871fd,0,"""instance""",0.000228739,"['taskset', '-c', '2', '<project>/build/release/pclp', 'solve', '--instance', '<project>/data/generated/gen_chain_plain_n2000_uniform_neg30_r2.json', '--config', '<project>/experiments/runs/dual/445aa2add526fc53/resolved_config.json', '--output', '<project>/experiments/runs/dual/445aa2add526fc53/result.json']",False,parametric,0,0.0,0.035906858,chain,5101,6,0,gen_chain_plain_n2000_uniform_neg30_r2,data/generated/gen_chain_plain_n2000_uniform_neg30_r2.json,8c156ca393d219f3f0433f24b598ef3ddf6e2745f7e19a805f6b08342b64e703,0,3,,2000,10231.488992353232,6,generated,26808320,0,0.000335722,0.0,0.0,0,0,,1,445aa2add526fc53,0.041545821994077414,optimal,0.033338573,0.0,True
200024,493f6f942eca3576ac0253ad50581fbe0469e8e417d3f97011c676f7789871fd,384508667,"""instance""",0.0,"['taskset', '-c', '2', '<project>/build/release/pclp', 'solve', '--instance', '<project>/data/generated/gen_dense_density0.1_n2000_uniform_neg30_r0.json', '--config', '<project>/experiments/runs/dual/895bb039a702e42a/resolved_config.json', '--output', '<project>/experiments/runs/dual/895bb039a702e42a/result.json']",False,forest-dual,0,1.909274445,30.112699762,dense,0,0,768,gen_dense_density0.1_n2000_uniform_neg30_r0,data/generated/gen_dense_density0.1_n2000_uniform_neg30_r0.json,9e07e0f41240295cdf5285cf9bbfdb268b23b1507a8753f7cd43b63e0f15cf23,193158,10,residual oracle did not certify optimality,2000,0.0,11,generated,55971840,193915,0.011568014,3.590947926,16.90540235,155777633,0,,0,895bb039a702e42a,30.12820240300789,time_limit,30.000961107,7.141974765,False
200024,493f6f942eca3576ac0253ad50581fbe0469e8e417d3f97011c676f7789871fd,,"""instance""",,,,forest-dual,,,,dense,,,,gen_dense_density0.1_n2000_uniform_neg30_r0,data/generated/gen_dense_density0.1_n2000_uniform_neg30_r0.json,9e07e0f41240295cdf5285cf9bbfdb268b23b1507a8753f7cd43b63e0f15cf23,,,residual oracle did not certify optimality,2000,,,generated,,,,,,,,True,1,0251d28877d519d7,30.12820240300789,time_limit,,,False
200024,493f6f942eca3576ac0253ad50581fbe0469e8e417d3f97011c676f7789871fd,197999807,"""instance""",0.0,"['taskset', '-c', '2', '<project>/build/release/pclp', 'solve', '--instance', '<project>/data/generated/gen_dense_density0.1_n2000_uniform_neg30_r0.json', '--config', '<project>/experiments/runs/dual/cb7ee3a31368517b/resolved_config.json', '--output', '<project>/experiments/runs/dual/cb7ee3a31368517b/result.json']",False,forest-dual-largest-tree,0,0.916514249,30.115234156,dense,0,0,406,gen_dense_density0.1_n2000_uniform_neg30_r0,data/generated/gen_dense_density0.1_n2000_uniform_neg30_r0.json,9e07e0f41240295cdf5285cf9bbfdb268b23b1507a8753f7cd43b63e0f15cf23,100356,12,residual oracle did not certify optimality,2000,0.0,13,generated,55902208,100749,0.01226185,1.805379544,23.145396088,76549453,0,,0,cb7ee3a31368517b,30.134273613002733,time_limit,30.001574453,3.865100624,False
200024,493f6f942eca3576ac0253ad50581fbe0469e8e417d3f97011c676f7789871fd,,"""instance""",,,,forest-dual-largest-tree,,,,dense,,,,gen_dense_density0.1_n2000_uniform_neg30_r0,data/generated/gen_dense_density0.1_n2000_uniform_neg30_r0.json,9e07e0f41240295cdf5285cf9bbfdb268b23b1507a8753f7cd43b63e0f15cf23,,,residual oracle did not certify optimality,2000,,,generated,,,,,,,,True,1,26d19e8c7568e19e,30.134273613002733,time_limit,,,False
200024,493f6f942eca3576ac0253ad50581fbe0469e8e417d3f97011c676f7789871fd,30165821,"""instance""",0.004866033,"['taskset', '-c', '2', '<project>/build/release/pclp', 'solve', '--instance', '<project>/data/generated/gen_dense_density0.1_n2000_uniform_neg30_r0.json', '--config', '<project>/experiments/runs/dual/1bcef731087cd587/resolved_config.json', '--output', '<project>/experiments/runs/dual/1bcef731087cd587/result.json']",False,forest-primal,163232,1.6594906,15.414670808,dense,0,0,659,gen_dense_density0.1_n2000_uniform_neg30_r0,data/generated/gen_dense_density0.1_n2000_uniform_neg30_r0.json,9e07e0f41240295cdf5285cf9bbfdb268b23b1507a8753f7cd43b63e0f15cf23,162705,20,,2000,15177.694103194102,21,generated,59576320,163343,0.011876502,0.366059741,2.590909323,245565544,0,,0,1bcef731087cd587,15.446540444987477,optimal,15.295317344,10.10609211,True
200024,493f6f942eca3576ac0253ad50581fbe0469e8e417d3f97011c676f7789871fd,30165821,"""instance""",0.004434539,"['taskset', '-c', '2', '<project>/build/release/pclp', 'solve', '--instance', '<project>/data/generated/gen_dense_density0.1_n2000_uniform_neg30_r0.json', '--config', '<project>/experiments/runs/dual/16d275821f327450/resolved_config.json', '--output', '<project>/experiments/runs/dual/16d275821f327450/result.json']",False,forest-primal,163232,1.576752392,14.71269003,dense,0,0,659,gen_dense_density0.1_n2000_uniform_neg30_r0,data/generated/gen_dense_density0.1_n2000_uniform_neg30_r0.json,9e07e0f41240295cdf5285cf9bbfdb268b23b1507a8753f7cd43b63e0f15cf23,162705,20,,2000,15177.694103194102,21,generated,59379712,163343,0.01180302,0.348177282,2.436826427,245565544,0,,1,16d275821f327450,14.741167433996452,optimal,14.594547964,9.682054415,True
200024,493f6f942eca3576ac0253ad50581fbe0469e8e417d3f97011c676f7789871fd,0,"""instance""",0.005220386,"['taskset', '-c', '2', '<project>/build/release/pclp', 'solve', '--instance', '<project>/data/generated/gen_dense_density0.1_n2000_uniform_neg30_r0.json', '--config', '<project>/experiments/runs/dual/7d4865568e42219b/resolved_config.json', '--output', '<project>/experiments/runs/dual/7d4865568e42219b/result.json']",False,parametric,0,0.0,1.411589138,dense,10446,41,0,gen_dense_density0.1_n2000_uniform_neg30_r0,data/generated/gen_dense_density0.1_n2000_uniform_neg30_r0.json,9e07e0f41240295cdf5285cf9bbfdb268b23b1507a8753f7cd43b63e0f15cf23,0,20,,2000,15177.694103194102,40,generated,67596288,0,0.012527717,0.0,0.0,0,0,,0,7d4865568e42219b,1.4442075730039505,optimal,1.270797061,0.0,True
200024,493f6f942eca3576ac0253ad50581fbe0469e8e417d3f97011c676f7789871fd,0,"""instance""",0.007361992,"['taskset', '-c', '2', '<project>/build/release/pclp', 'solve', '--instance', '<project>/data/generated/gen_dense_density0.1_n2000_uniform_neg30_r0.json', '--config', '<project>/experiments/runs/dual/0bb995fd7129b3d9/resolved_config.json', '--output', '<project>/experiments/runs/dual/0bb995fd7129b3d9/result.json']",False,parametric,0,0.0,1.395178931,dense,10446,41,0,gen_dense_density0.1_n2000_uniform_neg30_r0,data/generated/gen_dense_density0.1_n2000_uniform_neg30_r0.json,9e07e0f41240295cdf5285cf9bbfdb268b23b1507a8753f7cd43b63e0f15cf23,0,20,,2000,15177.694103194102,40,generated,67600384,0,0.012886632,0.0,0.0,0,0,,1,0bb995fd7129b3d9,1.4448135809943778,optimal,1.266905964,0.0,True
199506,493f6f942eca3576ac0253ad50581fbe0469e8e417d3f97011c676f7789871fd,266542547,"""instance""",0.0,"['taskset', '-c', '2', '<project>/build/release/pclp', 'solve', '--instance', '<project>/data/generated/gen_dense_density0.1_n2000_uniform_neg30_r1.json', '--config', '<project>/experiments/runs/dual/70657f8cb609e4ef/resolved_config.json', '--output', '<project>/experiments/runs/dual/70657f8cb609e4ef/result.json']",False,forest-dual,0,1.244002866,30.111093626,dense,0,0,527,gen_dense_density0.1_n2000_uniform_neg30_r1,data/generated/gen_dense_density0.1_n2000_uniform_neg30_r1.json,0e4882319f9b221606966da9687fce265e5c50c8b832eae5de7a4369f5c03241,133222,4,residual oracle did not certify optimality,2000,0.0,5,generated,55750656,133744,0.011784419,1.819990746,19.997847859,145379982,0,,0,70657f8cb609e4ef,30.12861485099711,time_limit,30.001247307,6.578951369,False
199506,493f6f942eca3576ac0253ad50581fbe0469e8e417d3f97011c676f7789871fd,,"""instance""",,,,forest-dual,,,,dense,,,,gen_dense_density0.1_n2000_uniform_neg30_r1,data/generated/gen_dense_density0.1_n2000_uniform_neg30_r1.json,0e4882319f9b221606966da9687fce265e5c50c8b832eae5de7a4369f5c03241,,,residual oracle did not certify optimality,2000,,,generated,,,,,,,,True,1,c4e0340867fac6c6,30.12861485099711,time_limit,,,False
199506,493f6f942eca3576ac0253ad50581fbe0469e8e417d3f97011c676f7789871fd,93127589,"""instance""",0.0042149,"['taskset', '-c', '2', '<project>/build/release/pclp', 'solve', '--instance', '<project>/data/generated/gen_dense_density0.1_n2000_uniform_neg30_r1.json', '--config', '<project>/experiments/runs/dual/c85833b9483d68d8/resolved_config.json', '--output', '<project>/experiments/runs/dual/c85833b9483d68d8/result.json']",False,forest-dual-largest-tree,0,0.38859495,16.265803381,dense,0,0,196,gen_dense_density0.1_n2000_uniform_neg30_r1,data/generated/gen_dense_density0.1_n2000_uniform_neg30_r1.json,0e4882319f9b221606966da9687fce265e5c50c8b832eae5de7a4369f5c03241,48364,6,,2000,394.5427474419831,7,generated,59514880,48553,0.011609395,0.657384265,12.757184521,45002296,0,,0,c85833b9483d68d8,16.29796346099465,optimal,16.143683447,2.198118615,True
199506,493f6f942eca3576ac0253ad50581fbe0469e8e417d3f97011c676f7789871fd,93127589,"""instance""",0.004398258,"['taskset', '-c', '2', '<project>/build/release/pclp', 'solve', '--instance', '<project>/data/generated/gen_dense_density0.1_n2000_uniform_neg30_r1.json', '--config', '<project>/experiments/runs/dual/18e0c26c5fbe7d81/resolved_config.json', '--output', '<project>/experiments/runs/dual/18e0c26c5fbe7d81/result.json']",False,forest-dual-largest-tree,0,0.390821281,16.389920317,dense,0,0,196,gen_dense_density0.1_n2000_uniform_neg30_r1,data/generated/gen_dense_density0.1_n2000_uniform_neg30_r1.json,0e4882319f9b221606966da9687fce265e5c50c8b832eae5de7a4369f5c03241,48364,6,,2000,394.5427474419831,7,generated,59510784,48553,0.011624554,0.658726241,12.840126489,45002296,0,,1,18e0c26c5fbe7d81,16.425388236995786,optimal,16.273001838,2.237919116,True
199506,493f6f942eca3576ac0253ad50581fbe0469e8e417d3f97011c676f7789871fd,12896088,"""instance""",0.004164564,"['taskset', '-c', '2', '<project>/build/release/pclp', 'solve', '--instance', '<project>/data/generated/gen_dense_density0.1_n2000_uniform_neg30_r1.json', '--config', '<project>/experiments/runs/dual/99fe308669b1d624/resolved_config.json', '--output', '<project>/experiments/runs/dual/99fe308669b1d624/result.json']",False,forest-primal,58303,0.518588551,5.026515045,dense,0,0,234,gen_dense_density0.1_n2000_uniform_neg30_r1,data/generated/gen_dense_density0.1_n2000_uniform_neg30_r1.json,0e4882319f9b221606966da9687fce265e5c50c8b832eae5de7a4369f5c03241,58119,6,,2000,394.5427474419831,7,generated,59449344,58346,0.012066953,0.142941165,0.789369356,87489460,0,,0,99fe308669b1d624,5.057791040992015,optimal,4.905403179,3.245712184,True
199506,493f6f942eca3576ac0253ad50581fbe0469e8e417d3f97011c676f7789871fd,12896088,"""instance""",0.004238464,"['taskset', '-c', '2', '<project>/build/release/pclp', 'solve', '--instance', '<project>/data/generated/gen_dense_density0.1_n2000_uniform_neg30_r1.json', '--config', '<project>/experiments/runs/dual/738ddca4bf786c4d/resolved_config.json', '--output', '<project>/experiments/runs/dual/738ddca4bf786c4d/result.json']",False,forest-primal,58303,0.52325739,5.005522422,dense,0,0,234,gen_dense_density0.1_n2000_uniform_neg30_r1,data/generated/gen_dense_density0.1_n2000_uniform_neg30_r1.json,0e4882319f9b221606966da9687fce265e5c50c8b832eae5de7a4369f5c03241,58119,6,,2000,394.5427474419831,7,generated,59453440,58346,0.011733185,0.14187129,0.797318258,87489460,0,,1,738ddca4bf786c4d,5.035389370008488,optimal,4.886950334,3.215652726,True
199506,493f6f942eca3576ac0253ad50581fbe0469e8e417d3f97011c676f7789871fd,0,"""instance""",0.004795351,"['taskset', '-c', '2', '<project>/build/release/pclp', 'solve', '--instance', '<project>/data/generated/gen_dense_density0.1_n2000_uniform_neg30_r1.json', '--config', '<project>/experiments/runs/dual/9e654d4dcd7f6b07/resolved_config.json', '--output', '<project>/experiments/runs/dual/9e654d4dcd7f6b07/result.json']",False,parametric,0,0.0,1.427633794,dense,9151,13,0,gen_dense_density0.1_n2000_uniform_neg30_r1,data/generated/gen_dense_density0.1_n2000_uniform_neg30_r1.json,0e4882319f9b221606966da9687fce265e5c50c8b832eae5de7a4369f5c03241,0,6,,2000,394.5427474419831,12,generated,67383296,0,0.011749018,0.0,0.0,0,0,,0,9e654d4dcd7f6b07,1.4577338249946479,optimal,1.308883905,0.0,True
199506,493f6f942eca3576ac0253ad50581fbe0469e8e417d3f97011c676f7789871fd,0,"""instance""",0.004860742,"['taskset', '-c', '2', '<project>/build/release/pclp', 'solve', '--instance', '<project>/data/generated/gen_dense_density0.1_n2000_uniform_neg30_r1.json', '--config', '<project>/experiments/runs/dual/7b4eef7b4c69ac05/resolved_config.json', '--output', '<project>/experiments/runs/dual/7b4eef7b4c69ac05/result.json']",False,parametric,0,0.0,1.422997205,dense,9151,13,0,gen_dense_density0.1_n2000_uniform_neg30_r1,data/generated/gen_dense_density0.1_n2000_uniform_neg30_r1.json,0e4882319f9b221606966da9687fce265e5c50c8b832eae5de7a4369f5c03241,0,6,,2000,394.5427474419831,12,generated,67317760,0,0.012057372,0.0,0.0,0,0,,1,7b4eef7b4c69ac05,1.452864374005003,optimal,1.305176761,0.0,True
200313,493f6f942eca3576ac0253ad50581fbe0469e8e417d3f97011c676f7789871fd,441800922,"""instance""",0.0,"['taskset', '-c', '2', '<project>/build/release/pclp', 'solve', '--instance', '<project>/data/generated/gen_dense_density0.1_n2000_uniform_neg30_r2.json', '--config', '<project>/experiments/runs/dual/7d0f6ae28c0ea73c/resolved_config.json', '--output', '<project>/experiments/runs/dual/7d0f6ae28c0ea73c/result.json']",False,forest-dual,0,2.246633245,30.112753132,dense,0,0,878,gen_dense_density0.1_n2000_uniform_neg30_r2,data/generated/gen_dense_density0.1_n2000_uniform_neg30_r2.json,34c4b308b313882d1f25f7c5af8f5d6bb4d10e84223a41fd02ec47662c9a79b2,221750,8,residual oracle did not certify optimality,2000,0.0,9,generated,56000512,222619,0.011396999,4.247481964,14.862440495,188183105,0,,0,7d0f6ae28c0ea73c,30.133123159001116,time_limit,30.001238508,8.142981772,False
200313,493f6f942eca3576ac0253ad50581fbe0469e8e417d3f97011c676f7789871fd,,"""instance""",,,,forest-dual,,,,dense,,,,gen_dense_density0.1_n2000_uniform_neg30_r2,data/generated/gen_dense_density0.1_n2000_uniform_neg30_r2.json,34c4b308b313882d1f25f7c5af8f5d6bb4d10e84223a41fd02ec47662c9a79b2,,,residual oracle did not certify optimality,2000,,,generated,,,,,,,,True,1,0bc423401ac458e1,30.133123159001116,time_limit,,,False
200313,493f6f942eca3576ac0253ad50581fbe0469e8e417d3f97011c676f7789871fd,221559866,"""instance""",0.0,"['taskset', '-c', '2', '<project>/build/release/pclp', 'solve', '--instance', '<project>/data/generated/gen_dense_density0.1_n2000_uniform_neg30_r2.json', '--config', '<project>/experiments/runs/dual/c62695cbd1358b31/resolved_config.json', '--output', '<project>/experiments/runs/dual/c62695cbd1358b31/result.json']",False,forest-dual-largest-tree,0,1.076965061,30.114254226,dense,0,0,453,gen_dense_density0.1_n2000_uniform_neg30_r2,data/generated/gen_dense_density0.1_n2000_uniform_neg30_r2.json,34c4b308b313882d1f25f7c5af8f5d6bb4d10e84223a41fd02ec47662c9a79b2,112798,10,residual oracle did not certify optimality,2000,0.0,11,generated,55934976,113240,0.013137508,2.063888097,22.301517982,86777804,0,,0,c62695cbd1358b31,30.132281387006515,time_limit,30.001797819,4.268788314,False
200313,493f6f942eca3576ac0253ad50581fbe0469e8e417d3f97011c676f7789871fd,,"""instance""",,,,forest-dual-largest-tree,,,,dense,,,,gen_dense_density0.1_n2000_uniform_neg30_r2,data/generated/gen_dense_density0.1_n2000_uniform_neg30_r2.json,34c4b308b313882d1f25f7c5af8f5d6bb4d10e84223a41fd02ec47662c9a79b2,,,residual oracle did not certify optimality,2000,,,generated,,,,,,,,True,1,485fe2f01fc3aa20,30.132281387006515,time_limit,,,False
200313,493f6f942eca3576ac0253ad50581fbe0469e8e417d3f97011c676f7789871fd,41415949,"""instance""",0.005180422,"['taskset', '-c', '2', '<project>/build/release/pclp', 'solve', '--instance', '<project>/data/generated/gen_dense_density0.1_n2000_uniform_neg30_r2.json', '--config', '<project>/experiments/runs/dual/3acc883e16a01277/resolved_config.json', '--output', '<project>/experiments/runs/dual/3acc883e16a01277/result.json']",False,forest-primal,177757,1.018992327,11.179971492,dense,0,0,714,gen_dense_density0.1_n2000_uniform_neg30_r2,data/generated/gen_dense_density0.1_n2000_uniform_neg30_r2.json,34c4b308b313882d1f25f7c5af8f5d6bb4d10e84223a41fd02ec47662c9a79b2,177179,19,,2000,10614.323612347878,20,generated,59772928,177873,0.012857205,0.442239982,1.712461387,201688765,0,,0,3acc883e16a01277,11.211740750004537,optimal,11.055668589,7.381429369,True
200313,493f6f942eca3576ac0253ad50581fbe0469e8e417d3f97011c676f7789871fd,41415949,"""instance""",0.004583043,"['taskset', '-c', '2', '<project>/build/release/pclp', 'solve', '--instance', '<project>/data/generated/gen_dense_density0.1_n2000_uniform_neg30_r2.json', '--config', '<project>/experiments/runs/dual/83fefea700097cad/resolved_config.json', '--output', '<project>/experiments/runs/dual/83fefea700097cad/result.json']",False,forest-primal,177757,1.002059097,10.992804311,dense,0,0,714,gen_dense_density0.1_n2000_uniform_neg30_r2,data/generated/gen_dense_density0.1_n2000_uniform_neg30_r2.json,34c4b308b313882d1f25f7c5af8f5d6bb4d10e84223a41fd02ec47662c9a79b2,177179,19,,2000,10614.323612347878,20,generated,59691008,177873,0.013227697,0.436498623,1.677928442,201688765,0,,1,83fefea700097cad,11.022329817002174,optimal,10.866313484,7.251866384,True
200313,493f6f942eca3576ac0253ad50581fbe0469e8e417d3f97011c676f7789871fd,0,"""instance""",0.005417668,"['taskset', '-c', '2', '<project>/build/release/pclp', 'solve', '--instance', '<project>/data/generated/gen_dense_density0.1_n2000_uniform_neg30_r2.json', '--config', '<project>/experiments/runs/dual/d69024291235701d/resolved_config.json', '--output', '<project>/experiments/runs/dual/d69024291235701d/result.json']",False,parametric,0,0.0,1.310881944,dense,11845,39,0,gen_dense_density0.1_n2000_uniform_neg30_r2,data/generated/gen_dense_density0.1_n2000_uniform_neg30_r2.json,34c4b308b313882d1f25f7c5af8f5d6bb4d10e84223a41fd02ec47662c9a79b2,0,19,,2000,10614.323612347878,38,generated,67629056,0,0.012636326,0.0,0.0,0,0,,0,d69024291235701d,1.3431220339989522,optimal,1.189204308,0.0,True
200313,493f6f942eca3576ac0253ad50581fbe0469e8e417d3f97011c676f7789871fd,0,"""instance""",0.005289775,"['taskset', '-c', '2', '<project>/build/release/pclp', 'solve', '--instance', '<project>/data/generated/gen_dense_density0.1_n2000_uniform_neg30_r2.json', '--config', '<project>/experiments/runs/dual/2a264255f1bb0897/resolved_config.json', '--output', '<project>/experiments/runs/dual/2a264255f1bb0897/result.json']",False,parametric,0,0.0,1.222469497,dense,11845,39,0,gen_dense_density0.1_n2000_uniform_neg30_r2,data/generated/gen_dense_density0.1_n2000_uniform_neg30_r2.json,34c4b308b313882d1f25f7c5af8f5d6bb4d10e84223a41fd02ec47662c9a79b2,0,19,,2000,10614.323612347878,38,generated,67559424,0,0.012808861,0.0,0.0,0,0,,1,2a264255f1bb0897,1.2542468110041227,optimal,1.096273246,0.0,True
1993,493f6f942eca3576ac0253ad50581fbe0469e8e417d3f97011c676f7789871fd,106015758,"""instance""",0.00025259,"['taskset', '-c', '2', '<project>/build/release/pclp', 'solve', '--instance', '<project>/data/generated/gen_disconnected_components6_n2000_uniform_neg30_r0.json', '--config', '<project>/experiments/runs/dual/b9376777d0e2a9dd/resolved_config.json', '--output', '<project>/experiments/runs/dual/b9376777d0e2a9dd/result.json']",False,forest-dual,0,0.338918901,1.585615257,disconnected,0,0,771,gen_disconnected_components6_n2000_uniform_neg30_r0,data/generated/gen_disconnected_components6_n2000_uniform_neg30_r0.json,66b6c3b18dce9f7bf7f5193769ac2ee6fcccc28023d6b2d06e9064f83c38de96,79659,458,,2000,36857.0,459,generated,46059520,79971,0.000378676,1.164461664,0.003226001,1217717,0,,0,b9376777d0e2a9dd,1.5918961129937088,optimal,1.58294882,0.024464609000000002,True
1993,493f6f942eca3576ac0253ad50581fbe0469e8e417d3f97011c676f7789871fd,106015758,"""instance""",0.000237578,"['taskset', '-c', '2', '<project>/build/release/pclp', 'solve', '--instance', '<project>/data/generated/gen_disconnected_components6_n2000_uniform_neg30_r0.json', '--config', '<project>/experiments/runs/dual/0cda114ba71d24ae/resolved_config.json', '--output', '<project>/experiments/runs/dual/0cda114ba71d24ae/result.json']",False,forest-dual,0,0.339360743,1.589103679,disconnected,0,0,771,gen_disconnected_components6_n2000_uniform_neg30_r0,data/generated/gen_disconnected_components6_n2000_uniform_neg30_r0.json,66b6c3b18dce9f7bf7f5193769ac2ee6fcccc28023d6b2d06e9064f83c38de96,79659,458,,2000,36857.0,459,generated,46059520,79971,0.000368154,1.167461493,0.003052403,1217717,0,,1,0cda114ba71d24ae,1.596085002005566,optimal,1.586282273,0.024682811000000002,True
1993,493f6f942eca3576ac0253ad50581fbe0469e8e417d3f97011c676f7789871fd,106015758,"""instance""",0.000228107,"['taskset', '-c', '2', '<project>/build/release/pclp', 'solve', '--instance', '<project>/data/generated/gen_disconnected_components6_n2000_uniform_neg30_r0.json', '--config', '<project>/experiments/runs/dual/48dce5a8f9a9be83/resolved_config.json', '--output', '<project>/experiments/runs/dual/48dce5a8f9a9be83/result.json']",False,forest-dual-largest-tree,0,0.34065612900000003,1.593626434,disconnected,0,0,771,gen_disconnected_components6_n2000_uniform_neg30_r0,data/generated/gen_disconnected_components6_n2000_uniform_neg30_r0.json,66b6c3b18dce9f7bf7f5193769ac2ee6fcccc28023d6b2d06e9064f83c38de96,79659,458,,2000,36857.0,459,generated,46059520,79971,0.000386537,1.17070957,0.0033357230000000005,1217717,0,,0,48dce5a8f9a9be83,1.6010519759875024,optimal,1.590998821,0.024768199,True
1993,493f6f942eca3576ac0253ad50581fbe0469e8e417d3f97011c676f7789871fd,106015758,"""instance""",0.000228705,"['taskset', '-c', '2', '<project>/build/release/pclp', 'solve', '--instance', '<project>/data/generated/gen_disconnected_components6_n2000_uniform_neg30_r0.json', '--config', '<project>/experiments/runs/dual/9bcd5266fa85dd5c/resolved_config.json', '--output', '<project>/experiments/runs/dual/9bcd5266fa85dd5c/result.json']",False,forest-dual-largest-tree,0,0.340916577,1.595934726,disconnected,0,0,771,gen_disconnected_components6_n2000_uniform_neg30_r0,data/generated/gen_disconnected_components6_n2000_uniform_neg30_r0.json,66b6c3b18dce9f7bf7f5193769ac2ee6fcccc28023d6b2d06e9064f83c38de96,79659,458,,2000,36857.0,459,generated,46059520,79971,0.000394533,1.17257461,0.003343056,1217717,0,,1,9bcd5266fa85dd5c,1.6019234169943957,optimal,1.59327632,0.024712836000000002,True
1993,493f6f942eca3576ac0253ad50581fbe0469e8e417d3f97011c676f7789871fd,15220210,"""instance""",0.000233205,"['taskset', '-c', '2', '<project>/build/release/pclp', 'solve', '--instance', '<project>/data/generated/gen_disconnected_components6_n2000_uniform_neg30_r0.json', '--config', '<project>/experiments/runs/dual/afd76041ed2059a8/resolved_config.json', '--output', '<project>/experiments/runs/dual/afd76041ed2059a8/result.json']",False,forest-primal,249017,0.384641934,1.088461433,disconnected,0,0,1433,gen_disconnected_components6_n2000_uniform_neg30_r0,data/generated/gen_disconnected_components6_n2000_uniform_neg30_r0.json,66b6c3b18dce9f7bf7f5193769ac2ee6fcccc28023d6b2d06e9064f83c38de96,248417,458,,2000,36857.0,459,generated,46059520,249391,0.000386385,0.165238464,0.266304443,3272527,0,,0,afd76041ed2059a8,1.0959534520079615,optimal,1.085854289,0.125754599,True
1993,493f6f942eca3576ac0253ad50581fbe0469e8e417d3f97011c676f7789871fd,15220210,"""instance""",0.000245528,"['taskset', '-c', '2', '<project>/build/release/pclp', 'solve', '--instance', '<project>/data/generated/gen_disconnected_components6_n2000_uniform_neg30_r0.json', '--config', '<project>/experiments/runs/dual/2beafcf26a4477c3/resolved_config.json', '--output', '<project>/experiments/runs/dual/2beafcf26a4477c3/result.json']",False,forest-primal,249017,0.376390364,1.096929343,disconnected,0,0,1433,gen_disconnected_components6_n2000_uniform_neg30_r0,data/generated/gen_disconnected_components6_n2000_uniform_neg30_r0.json,66b6c3b18dce9f7bf7f5193769ac2ee6fcccc28023d6b2d06e9064f83c38de96,248417,458,,2000,36857.0,459,generated,46059520,249391,0.000350822,0.169486487,0.272501447,3272527,0,,1,2beafcf26a4477c3,1.1031207979976898,optimal,1.094236532,0.12769923300000002,True
1993,493f6f942eca3576ac0253ad50581fbe0469e8e417d3f97011c676f7789871fd,0,"""instance""",0.000252546,"['taskset', '-c', '2', '<project>/build/release/pclp', 'solve', '--instance', '<project>/data/generated/gen_disconnected_components6_n2000_uniform_neg30_r0.json', '--config', '<project>/experiments/runs/dual/9e1f9204ed156436/resolved_config.json', '--output', '<project>/experiments/runs/dual/9e1f9204ed156436/result.json']",False,parametric,0,0.0,0.058044411,disconnected,8072,917,0,gen_disconnected_components6_n2000_uniform_neg30_r0,data/generated/gen_disconnected_components6_n2000_uniform_neg30_r0.json,66b6c3b18dce9f7bf7f5193769ac2ee6fcccc28023d6b2d06e9064f83c38de96,0,458,,2000,36857.0,916,generated,46059520,0,0.000334262,0.0,0.0,0,0,,0,9e1f9204ed156436,0.06399773398879915,optimal,0.055381888,0.0,True
1993,493f6f942eca3576ac0253ad50581fbe0469e8e417d3f97011c676f7789871fd,0,"""instance""",0.000272009,"['taskset', '-c', '2', '<project>/build/release/pclp', 'solve', '--instance', '<project>/data/generated/gen_disconnected_components6_n2000_uniform_neg30_r0.json', '--config', '<project>/experiments/runs/dual/471ef969ebaaac0a/resolved_config.json', '--output', '<project>/experiments/runs/dual/471ef969ebaaac0a/result.json']",False,parametric,0,0.0,0.060139703,disconnected,8072,917,0,gen_disconnected_components6_n2000_uniform_neg30_r0,data/generated/gen_disconnected_components6_n2000_uniform_neg30_r0.json,66b6c3b18dce9f7bf7f5193769ac2ee6fcccc28023d6b2d06e9064f83c38de96,0,458,,2000,36857.0,916,generated,46059520,0,0.000383389,0.0,0.0,0,0,,1,471ef969ebaaac0a,0.06634150800528005,optimal,0.057180616,0.0,True
1993,493f6f942eca3576ac0253ad50581fbe0469e8e417d3f97011c676f7789871fd,237239882,"""instance""",0.000199455,"['taskset', '-c', '2', '<project>/build/release/pclp', 'solve', '--instance', '<project>/data/generated/gen_disconnected_components6_n2000_uniform_neg30_r1.json', '--config', '<project>/experiments/runs/dual/474d02c218ac3576/resolved_config.json', '--output', '<project>/experiments/runs/dual/474d02c218ac3576/result.json']",False,forest-dual,0,0.734926305,3.149787821,disconnected,0,0,1106,gen_disconnected_components6_n2000_uniform_neg30_r1,data/generated/gen_disconnected_components6_n2000_uniform_neg30_r1.json,02c270a898e3bae487e8f812eb7f3ddf5e0a812234614f58ea5caa0713ba742f,178646,405,,2000,4354.104881578947,406,generated,46059520,179346,0.000378336,2.262432945,0.006477580000000001,2267890,0,,0,474d02c218ac3576,3.1569299240072723,optimal,3.147133146,0.052980239000000005,True
1993,493f6f942eca3576ac0253ad50581fbe0469e8e417d3f97011c676f7789871fd,237239882,"""instance""",0.000210919,"['taskset', '-c', '2', '<project>/build/release/pclp', 'solve', '--instance', '<project>/data/generated/gen_disconnected_components6_n2000_uniform_neg30_r1.json', '--config', '<project>/experiments/runs/dual/09a4f707d65f8861/resolved_config.json', '--output', '<project>/experiments/runs/dual/09a4f707d65f8861/result.json']",False,forest-dual,0,0.77401905,3.314403298,disconnected,0,0,1106,gen_disconnected_components6_n2000_uniform_neg30_r1,data/generated/gen_disconnected_components6_n2000_uniform_neg30_r1.json,02c270a898e3bae487e8f812eb7f3ddf5e0a812234614f58ea5caa0713ba742f,178646,405,,2000,4354.104881578947,406,generated,46059520,179346,0.000355758,2.37674872,0.0070418630000000015,2267890,0,,1,09a4f707d65f8861,3.321697014995152,optimal,3.311294473,0.056919657000000005,True
1993,493f6f942eca3576ac0253ad50581fbe0469e8e417d3f97011c676f7789871fd,237239882,"""instance""",0.000188313,"['taskset', '-c', '2', '<project>/build/release/pclp', 'solve', '--instance', '<project>/data/generated/gen_disconnected_components6_n2000_uniform_neg30_r1.json', '--config', '<project>/experiments/runs/dual/0d54d8f73107a0b5/resolved_config.json', '--output', '<project>/experiments/runs/dual/0d54d8f73107a0b5/result.json']",False,forest-dual-largest-tree,0,0.739662309,3.16759722,disconnected,0,0,1106,gen_disconnected_components6_n2000_uniform_neg30_r1,data/generated/gen_disconnected_components6_n2000_uniform_neg30_r1.json,02c270a898e3bae487e8f812eb7f3ddf5e0a812234614f58ea5caa0713ba742f,178646,405,,2000,4354.104881578947,406,generated,46059520,179346,0.000385498,2.273165294,0.007284897,2267890,0,,0,0d54d8f73107a0b5,3.176003144006245,optimal,3.164663216,0.05376790100000001,True
1993,493f6f942eca3576ac0253ad50581fbe0469e8e417d3f97011c676f7789871fd,237239882,"""instance""",0.000217376,"['taskset', '-c', '2', '<project>/build/release/pclp', 'solve', '--instance', '<project>/data/generated/gen_disconnected_components6_n2000_uniform_neg30_r1.json', '--config', '<project>/experiments/runs/dual/fd6d0272e5cfc705/resolved_config.json', '--output', '<project>/experiments/runs/dual/fd6d0272e5cfc705/result.json']",False,forest-dual-largest-tree,0,0.732830842,3.132527102,disconnected,0,0,1106,gen_disconnected_components6_n2000_uniform_neg30_r1,data/generated/gen_disconnected_components6_n2000_uniform_neg30_r1.json,02c270a898e3bae487e8f812eb7f3ddf5e0a812234614f58ea5caa0713ba742f,178646,405,,2000,4354.104881578947,406,generated,46059520,179346,0.000370901,2.245309363,0.007668187000000001,2267890,0,,1,fd6d0272e5cfc705,3.14154374600912,optimal,3.129703629,0.053592123000000005,True
1993,493f6f942eca3576ac0253ad50581fbe0469e8e417d3f97011c676f7789871fd,16005300,"""instance""",0.000234899,"['taskset', '-c', '2', '<project>/build/release/pclp', 'solve', '--instance', '<project>/data/generated/gen_disconnected_components6_n2000_uniform_neg30_r1.json', '--config', '<project>/experiments/runs/dual/776ca3e9f5699b9b/resolved_config.json', '--output', '<project>/experiments/runs/dual/776ca3e9f5699b9b/result.json']",False,forest-primal,253868,0.402479429,1.235139988,disconnected,0,0,1399,gen_disconnected_components6_n2000_uniform_neg30_r1,data/generated/gen_disconnected_components6_n2000_uniform_neg30_r1.json,02c270a898e3bae487e8f812eb7f3ddf5e0a812234614f58ea5caa0713ba742f,253253,405,,2000,4354.104881578947,406,generated,46059520,254246,0.000384483,0.182002041,0.316949437,3807044,0,,0,776ca3e9f5699b9b,1.24137944499671,optimal,1.232144324,0.163332,True
1993,493f6f942eca3576ac0253ad50581fbe0469e8e417d3f97011c676f7789871fd,16005300,"""instance""",0.000235112,"['taskset', '-c', '2', '<project>/build/release/pclp', 'solve', '--instance', '<project>/data/generated/gen_disconnected_components6_n2000_uniform_neg30_r1.json', '--config', '<project>/experiments/runs/dual/726570a859e6361c/resolved_config.json', '--output', '<project>/experiments/runs/dual/726570a859e6361c/result.json']",False,forest-primal,253868,0.42811215,1.270025508,disconnected,0,0,1399,gen_disconnected_components6_n2000_uniform_neg30_r1,data/generated/gen_disconnected_components6_n2000_uniform_neg30_r1.json,02c270a898e3bae487e8f812eb7f3ddf5e0a812234614f58ea5caa0713ba742f,253253,405,,2000,4354.104881578947,406,generated,46059520,254246,0.000366614,0.184668857,0.321783819,3807044,0,,1,726570a859e6361c,1.2771828640106833,optimal,1.267191768,0.165643027,True
1993,493f6f942eca3576ac0253ad50581fbe0469e8e417d3f97011c676f7789871fd,0,"""instance""",0.000240254,"['taskset', '-c', '2', '<project>/build/release/pclp', 'solve', '--instance', '<project>/data/generated/gen_disconnected_components6_n2000_uniform_neg30_r1.json', '--config', '<project>/experiments/runs/dual/8570bd71c9d2b14e/resolved_config.json', '--output', '<project>/experiments/runs/dual/8570bd71c9d2b14e/result.json']",False,parametric,0,0.0,0.051368645,disconnected,8521,811,0,gen_disconnected_components6_n2000_uniform_neg30_r1,data/generated/gen_disconnected_components6_n2000_uniform_neg30_r1.json,02c270a898e3bae487e8f812eb7f3ddf5e0a812234614f58ea5caa0713ba742f,0,405,,2000,4354.104881578947,810,generated,46059520,0,0.000339211,0.0,0.0,0,0,,0,8570bd71c9d2b14e,0.061061183994752355,optimal,0.048386985,0.0,True
1993,493f6f942eca3576ac0253ad50581fbe0469e8e417d3f97011c676f7789871fd,0,"""instance""",0.000249779,"['taskset', '-c', '2', '<project>/build/release/pclp', 'solve', '--instance', '<project>/data/generated/gen_disconnected_components6_n2000_uniform_neg30_r1.json', '--config', '<project>/experiments/runs/dual/224b976e5c9908e9/resolved_config.json', '--output', '<project>/experiments/runs/dual/224b976e5c9908e9/result.json']",False,parametric,0,0.0,0.052495651,disconnected,8521,811,0,gen_disconnected_components6_n2000_uniform_neg30_r1,data/generated/gen_disconnected_components6_n2000_uniform_neg30_r1.json,02c270a898e3bae487e8f812eb7f3ddf5e0a812234614f58ea5caa0713ba742f,0,405,,2000,4354.104881578947,810,generated,46059520,0,0.000370369,0.0,0.0,0,0,,1,224b976e5c9908e9,0.05935400299495086,optimal,0.04961888,0.0,True
1993,493f6f942eca3576ac0253ad50581fbe0469e8e417d3f97011c676f7789871fd,73354192,"""instance""",0.000248497,"['taskset', '-c', '2', '<project>/build/release/pclp', 'solve', '--instance', '<project>/data/generated/gen_disconnected_components6_n2000_uniform_neg30_r2.json', '--config', '<project>/experiments/runs/dual/90bcf65372528d03/resolved_config.json', '--output', '<project>/experiments/runs/dual/90bcf65372528d03/result.json']",False,forest-dual,0,0.251293981,1.200890597,disconnected,0,0,530,gen_disconnected_components6_n2000_uniform_neg30_r2,data/generated/gen_disconnected_components6_n2000_uniform_neg30_r2.json,a4c575ebf715abd127fe6fd47a24b1d76bcb5a4cdd591f75f51ec96bc1bdf8e1,52474,324,,2000,25926.125,325,generated,46059520,52679,0.000430622,0.886138475,0.002193603,898167,0,,0,90bcf65372528d03,1.2082952269993257,optimal,1.197997081,0.018548072,True
1993,493f6f942eca3576ac0253ad50581fbe0469e8e417d3f97011c676f7789871fd,73354192,"""instance""",0.000242964,"['taskset', '-c', '2', '<project>/build/release/pclp', 'solve', '--instance', '<project>/data/generated/gen_disconnected_components6_n2000_uniform_neg30_r2.json', '--config', '<project>/experiments/runs/dual/5236bc12bb847136/resolved_config.json', '--output', '<project>/experiments/runs/dual/5236bc12bb847136/result.json']",False,forest-dual,0,0.23899184,1.142465742,disconnected,0,0,530,gen_disconnected_components6_n2000_uniform_neg30_r2,data/generated/gen_disconnected_components6_n2000_uniform_neg30_r2.json,a4c575ebf715abd127fe6fd47a24b1d76bcb5a4cdd591f75f51ec96bc1bdf8e1,52474,324,,2000,25926.125,325,generated,46059520,52679,0.000378119,0.842983234,0.002086865,898167,0,,1,5236bc12bb847136,1.1471984370000428,optimal,1.139764941,0.017600455,True
1993,493f6f942eca3576ac0253ad50581fbe0469e8e417d3f97011c676f7789871fd,73354192,"""instance""",0.000227894,"['taskset', '-c', '2', '<project>/build/release/pclp', 'solve', '--instance', '<project>/data/generated/gen_disconnected_components6_n2000_uniform_neg30_r2.json', '--config', '<project>/experiments/runs/dual/3c7855ca36125c9a/resolved_config.json', '--output', '<project>/experiments/runs/dual/3c7855ca36125c9a/result.json']",False,forest-dual-largest-tree,0,0.23868985,1.141228577,disconnected,0,0,530,gen_disconnected_components6_n2000_uniform_neg30_r2,data/generated/gen_disconnected_components6_n2000_uniform_neg30_r2.json,a4c575ebf715abd127fe6fd47a24b1d76bcb5a4cdd591f75f51ec96bc1bdf8e1,52474,324,,2000,25926.125,325,generated,46059520,52679,0.000410811,0.841712097,0.002396063,898167,0,,0,3c7855ca36125c9a,1.1486335679946933,optimal,1.138490908,0.017624927,True
1993,493f6f942eca3576ac0253ad50581fbe0469e8e417d3f97011c676f7789871fd,73354192,"""instance""",0.000227677,"['taskset', '-c', '2', '<project>/build/release/pclp', 'solve', '--instance', '<project>/data/generated/gen_disconnected_components6_n2000_uniform_neg30_r2.json', '--config', '<project>/experiments/runs/dual/955d9f47da55cf38/resolved_config.json', '--output', '<project>/experiments/runs/dual/955d9f47da55cf38/result.json']",False,forest-dual-largest-tree,0,0.2351626,1.122014158,disconnected,0,0,530,gen_disconnected_components6_n2000_uniform_neg30_r2,data/generated/gen_disconnected_components6_n2000_uniform_neg30_r2.json,a4c575ebf715abd127fe6fd47a24b1d76bcb5a4cdd591f75f51ec96bc1bdf8e1,52474,324,,2000,25926.125,325,generated,46059520,52679,0.000412991,0.827453129,0.002247267,898167,0,,1,955d9f47da55cf38,1.128203346990631,optimal,1.119229181,0.017257268,True
1993,493f6f942eca3576ac0253ad50581fbe0469e8e417d3f97011c676f7789871fd,14465641,"""instance""",0.000242123,"['taskset', '-c', '2', '<project>/build/release/pclp', 'solve', '--instance', '<project>/data/generated/gen_disconnected_components6_n2000_uniform_neg30_r2.json', '--config', '<project>/experiments/runs/dual/e4aa6c82d29e5291/resolved_config.json', '--output', '<project>/experiments/runs/dual/e4aa6c82d29e5291/result.json']",False,forest-primal,237686,0.379530621,1.026500218,disconnected,0,0,1254,gen_disconnected_components6_n2000_uniform_neg30_r2,data/generated/gen_disconnected_components6_n2000_uniform_neg30_r2.json,a4c575ebf715abd127fe6fd47a24b1d76bcb5a4cdd591f75f51ec96bc1bdf8e1,237048,324,,2000,25926.125,325,generated,46059520,237977,0.000365245,0.156005921,0.242493293,3016420,0,,0,e4aa6c82d29e5291,1.0336150060029468,optimal,1.023767514,0.11352688500000001,True
1993,493f6f942eca3576ac0253ad50581fbe0469e8e417d3f97011c676f7789871fd,14465641,"""instance""",0.000252103,"['taskset', '-c', '2', '<project>/build/release/pclp', 'solve', '--instance', '<project>/data/generated/gen_disconnected_components6_n2000_uniform_neg30_r2.json', '--config', '<project>/experiments/runs/dual/905fc3f8e01733e9/resolved_config.json', '--output', '<project>/experiments/runs/dual/905fc3f8e01733e9/result.json']",False,forest-primal,237686,0.390311849,1.039488787,disconnected,0,0,1254,gen_disconnected_components6_n2000_uniform_neg30_r2,data/generated/gen_disconnected_components6_n2000_uniform_neg30_r2.json,a4c575ebf715abd127fe6fd47a24b1d76bcb5a4cdd591f75f51ec96bc1bdf8e1,237048,324,,2000,25926.125,325,generated,46059520,237977,0.000428264,0.157221488,0.244442646,3016420,0,,1,905fc3f8e01733e9,1.0480177759891376,optimal,1.036886491,0.113866932,True
1993,493f6f942eca3576ac0253ad50581fbe0469e8e417d3f97011c676f7789871fd,0,"""instance""",0.000251656,"['taskset', '-c', '2', '<project>/build/release/pclp', 'solve', '--instance', '<project>/data/generated/gen_disconnected_components6_n2000_uniform_neg30_r2.json', '--config', '<project>/experiments/runs/dual/40991a1635cb2fb6/resolved_config.json', '--output', '<project>/experiments/runs/dual/40991a1635cb2fb6/result.json']",False,parametric,0,0.0,0.047182063,disconnected,7062,649,0,gen_disconnected_components6_n2000_uniform_neg30_r2,data/generated/gen_disconnected_components6_n2000_uniform_neg30_r2.json,a4c575ebf715abd127fe6fd47a24b1d76bcb5a4cdd591f75f51ec96bc1bdf8e1,0,324,,2000,25926.125,648,generated,46059520,0,0.000396224,0.0,0.0,0,0,,0,40991a1635cb2fb6,0.0533051240054192,optimal,0.044369744,0.0,True
1993,493f6f942eca3576ac0253ad50581fbe0469e8e417d3f97011c676f7789871fd,0,"""instance""",0.000256256,"['taskset', '-c', '2', '<project>/build/release/pclp', 'solve', '--instance', '<project>/data/generated/gen_disconnected_components6_n2000_uniform_neg30_r2.json', '--config', '<project>/experiments/runs/dual/af9a414ef14b8913/resolved_config.json', '--output', '<project>/experiments/runs/dual/af9a414ef14b8913/result.json']",False,parametric,0,0.0,0.047244867,disconnected,7062,649,0,gen_disconnected_components6_n2000_uniform_neg30_r2,data/generated/gen_disconnected_components6_n2000_uniform_neg30_r2.json,a4c575ebf715abd127fe6fd47a24b1d76bcb5a4cdd591f75f51ec96bc1bdf8e1,0,324,,2000,25926.125,648,generated,46059520,0,0.000370865,0.0,0.0,0,0,,1,af9a414ef14b8913,0.053536450999672525,optimal,0.044518087,0.0,True
0,493f6f942eca3576ac0253ad50581fbe0469e8e417d3f97011c676f7789871fd,0,"""instance""",2.423e-05,"['taskset', '-c', '2', '<project>/build/release/pclp', 'solve', '--instance', '<project>/data/generated/gen_empty_plain_n200_uniform_neg0_r0.json', '--config', '<project>/experiments/runs/dual/b74391ccb82ad9b8/resolved_config.json', '--output', '<project>/experiments/runs/dual/b74391ccb82ad9b8/result.json']",True,forest-dual,0,0.0,0.001146049,empty,0,0,163,gen_empty_plain_n200_uniform_neg0_r0,data/generated/gen_empty_plain_n200_uniform_neg0_r0.json,bda4803b53ea9f9c95701b0f78d3827aa2092f1968e43c8c6b1bdf334a4c6b87,0,163,,200,5864.625,163,generated,22679552,0,4.2089e-05,0.0,5.714e-06,16774,0,,0,b74391ccb82ad9b8,0.004465256002731621,optimal,0.000855316,0.000226532,True
0,493f6f942eca3576ac0253ad50581fbe0469e8e417d3f97011c676f7789871fd,0,"""instance""",2.1246e-05,"['taskset', '-c', '2', '<project>/build/release/pclp', 'solve', '--instance', '<project>/data/generated/gen_empty_plain_n200_uniform_neg0_r0.json', '--config', '<project>/experiments/runs/dual/52f1d1ad85f4677f/resolved_config.json', '--output', '<project>/experiments/runs/dual/52f1d1ad85f4677f/result.json']",True,forest-dual,0,0.0,0.001122096,empty,0,0,163,gen_empty_plain_n200_uniform_neg0_r0,data/generated/gen_empty_plain_n200_uniform_neg0_r0.json,bda4803b53ea9f9c95701b0f78d3827aa2092f1968e43c8c6b1bdf334a4c6b87,0,163,,200,5864.625,163,generated,22679552,0,3.6848e-05,0.0,5.653e-06,16774,0,,1,52f1d1ad85f4677f,0.004412738999235444,optimal,0.000876987,0.000237459,True
0,493f6f942eca3576ac0253ad50581fbe0469e8e417d3f97011c676f7789871fd,0,"""instance""",2.262e-05,"['taskset', '-c', '2', '<project>/build/release/pclp', 'solve', '--instance', '<project>/data/generated/gen_empty_plain_n200_uniform_neg0_r0.json', '--config', '<project>/experiments/runs/dual/db3a2de1c928f624/resolved_config.json', '--output', '<project>/experiments/runs/dual/db3a2de1c928f624/result.json']",True,forest-dual-largest-tree,0,0.0,0.00116222,empty,0,0,163,gen_empty_plain_n200_uniform_neg0_r0,data/generated/gen_empty_plain_n200_uniform_neg0_r0.json,bda4803b53ea9f9c95701b0f78d3827aa2092f1968e43c8c6b1bdf334a4c6b87,0,163,,200,5864.625,163,generated,22679552,0,4.0066e-05,0.0,6.401e-06,16774,0,,0,db3a2de1c928f624,0.003934585998649709,optimal,0.000912949,0.00024047,True
0,493f6f942eca3576ac0253ad50581fbe0469e8e417d3f97011c676f7789871fd,0,"""instance""",2.27e-05,"['taskset', '-c', '2', '<project>/build/release/pclp', 'solve', '--instance', '<project>/data/generated/gen_empty_plain_n200_uniform_neg0_r0.json', '--config', '<project>/experiments/runs/dual/25b0318508dfa83f/resolved_config.json', '--output', '<project>/experiments/runs/dual/25b0318508dfa83f/result.json']",True,forest-dual-largest-tree,0,0.0,0.001157396,empty,0,0,163,gen_empty_plain_n200_uniform_neg0_r0,data/generated/gen_empty_plain_n200_uniform_neg0_r0.json,bda4803b53ea9f9c95701b0f78d3827aa2092f1968e43c8c6b1bdf334a4c6b87,0,163,,200,5864.625,163,generated,22679552,0,3.5994e-05,0.0,6.231e-06,16774,0,,1,25b0318508dfa83f,0.004422182988491841,optimal,0.000899657,0.000235828,True
0,493f6f942eca3576ac0253ad50581fbe0469e8e417d3f97011c676f7789871fd,16611,"""instance""",2.3482e-05,"['taskset', '-c', '2', '<project>/build/release/pclp', 'solve', '--instance', '<project>/data/generated/gen_empty_plain_n200_uniform_neg0_r0.json', '--config', '<project>/experiments/runs/dual/d8909dea703320b9/resolved_config.json', '--output', '<project>/experiments/runs/dual/d8909dea703320b9/result.json']",True,forest-primal,0,0.0,0.001505789,empty,0,0,163,gen_empty_plain_n200_uniform_neg0_r0,data/generated/gen_empty_plain_n200_uniform_neg0_r0.json,bda4803b53ea9f9c95701b0f78d3827aa2092f1968e43c8c6b1bdf334a4c6b87,0,163,,200,5864.625,163,generated,22515712,0,3.7731e-05,0.000109993,0.0,16774,0,,0,d8909dea703320b9,0.007124893993022852,optimal,0.001251989,0.000218584,True
0,493f6f942eca3576ac0253ad50581fbe0469e8e417d3f97011c676f7789871fd,16611,"""instance""",2.2217e-05,"['taskset', '-c', '2', '<project>/build/release/pclp', 'solve', '--instance', '<project>/data/generated/gen_empty_plain_n200_uniform_neg0_r0.json', '--config', '<project>/experiments/runs/dual/4e7f3de5555992c3/resolved_config.json', '--output', '<project>/experiments/runs/dual/4e7f3de5555992c3/result.json']",True,forest-primal,0,0.0,0.001556763,empty,0,0,163,gen_empty_plain_n200_uniform_neg0_r0,data/generated/gen_empty_plain_n200_uniform_neg0_r0.json,bda4803b53ea9f9c95701b0f78d3827aa2092f1968e43c8c6b1bdf334a4c6b87,0,163,,200,5864.625,163,generated,22679552,0,3.8614e-05,0.000115015,0.0,16774,0,,1,4e7f3de5555992c3,0.005569996006670408,optimal,0.001290749,0.000226388,True
0,493f6f942eca3576ac0253ad50581fbe0469e8e417d3f97011c676f7789871fd,0,"""instance""",2.4778e-05,"['taskset', '-c', '2', '<project>/build/release/pclp', 'solve', '--instance', '<project>/data/generated/gen_empty_plain_n200_uniform_neg0_r0.json', '--config', '<project>/experiments/runs/dual/d1f3901e840df4a0/resolved_config.json', '--output', '<project>/experiments/runs/dual/d1f3901e840df4a0/result.json']",False,parametric,0,0.0,0.001249344,empty,0,326,0,gen_empty_plain_n200_uniform_neg0_r0,data/generated/gen_empty_plain_n200_uniform_neg0_r0.json,bda4803b53ea9f9c95701b0f78d3827aa2092f1968e43c8c6b1bdf334a4c6b87,0,163,,200,5864.625,326,generated,22679552,0,4.538e-05,0.0,0.0,0,0,,0,d1f3901e840df4a0,0.004413839997141622,optimal,0.000954647,0.0,True
0,493f6f942eca3576ac0253ad50581fbe0469e8e417d3f97011c676f7789871fd,0,"""instance""",2.2166e-05,"['taskset', '-c', '2', '<project>/build/release/pclp', 'solve', '--instance', '<project>/data/generated/gen_empty_plain_n200_uniform_neg0_r0.json', '--config', '<project>/experiments/runs/dual/480a4ce95aa9b2ca/resolved_config.json', '--output', '<project>/experiments/runs/dual/480a4ce95aa9b2ca/result.json']",False,parametric,0,0.0,0.001207799,empty,0,326,0,gen_empty_plain_n200_uniform_neg0_r0,data/generated/gen_empty_plain_n200_uniform_neg0_r0.json,bda4803b53ea9f9c95701b0f78d3827aa2092f1968e43c8c6b1bdf334a4c6b87,0,163,,200,5864.625,326,generated,22679552,0,4.0733e-05,0.0,0.0,0,0,,1,480a4ce95aa9b2ca,0.004278601991245523,optimal,0.00094602,0.0,True
0,493f6f942eca3576ac0253ad50581fbe0469e8e417d3f97011c676f7789871fd,0,"""instance""",2.4325e-05,"['taskset', '-c', '2', '<project>/build/release/pclp', 'solve', '--instance', '<project>/data/generated/gen_empty_plain_n200_uniform_neg0_r1.json', '--config', '<project>/experiments/runs/dual/d8e3dbf477f6d3df/resolved_config.json', '--output', '<project>/experiments/runs/dual/d8e3dbf477f6d3df/result.json']",True,forest-dual,0,0.0,0.001731125,empty,0,0,199,gen_empty_plain_n200_uniform_neg0_r1,data/generated/gen_empty_plain_n200_uniform_neg0_r1.json,71fcb322001696db442290c0b7dfe079a8f41615799f3aadeb64c0ff491f9ec1,0,199,,200,631.2907916666667,199,generated,22679552,0,0.000386631,0.0,7.643e-06,20010,0,,0,d8e3dbf477f6d3df,0.00535604999458883,optimal,0.001429594,0.000293551,True
0,493f6f942eca3576ac0253ad50581fbe0469e8e417d3f97011c676f7789871fd,0,"""instance""",2.4202e-05,"['taskset', '-c', '2', '<project>/build/release/pclp', 'solve', '--instance', '<project>/data/generated/gen_empty_plain_n200_uniform_neg0_r1.json', '--config', '<project>/experiments/runs/dual/61501567bd915e44/resolved_config.json', '--output', '<project>/experiments/runs/dual/61501567bd915e44/result.json']",True,forest-dual,0,0.0,0.001459267,empty,0,0,199,gen_empty_plain_n200_uniform_neg0_r1,data/generated/gen_empty_plain_n200_uniform_neg0_r1.json,71fcb322001696db442290c0b7dfe079a8f41615799f3aadeb64c0ff491f9ec1,0,199,,200,631.2907916666667,199,generated,22679552,0,4.3613e-05,0.0,7.225e-06,20010,0,,1,61501567bd915e44,0.004890761003480293,optimal,0.001148694,0.000317551,True
0,493f6f942eca3576ac0253ad50581fbe0469e8e417d3f97011c676f7789871fd,0,"""instance""",3.5023e-05,"['taskset', '-c', '2', '<project>/build/release/pclp', 'solve', '--instance', '<project>/data/generated/gen_empty_plain_n200_uniform_neg0_r1.json', '--config', '<project>/experiments/runs/dual/6f7bd850a8e571a7/resolved_config.json', '--output', '<project>/experiments/runs/dual/6f7bd850a8e571a7/result.json']",True,forest-dual-largest-tree,0,0.0,0.001698827,empty,0,0,199,gen_empty_plain_n200_uniform_neg0_r1,data/generated/gen_empty_plain_n200_uniform_neg0_r1.json,71fcb322001696db442290c0b7dfe079a8f41615799f3aadeb64c0ff491f9ec1,0,199,,200,631.2907916666667,199,generated,22679552,0,3.951e-05,0.0,7.368e-06,20010,0,,0,6f7bd850a8e571a7,0.004969925998011604,optimal,0.001305227,0.000363372,True
0,493f6f942eca3576ac0253ad50581fbe0469e8e417d3f97011c676f7789871fd,0,"""instance""",2.7131e-05,"['taskset', '-c', '2', '<project>/build/release/pclp', 'solve', '--instance', '<project>/data/generated/gen_empty_plain_n200_uniform_neg0_r1.json', '--config', '<project>/experiments/runs/dual/2e1a13f1611634ce/resolved_config.json', '--output', '<project>/experiments/runs/dual/2e1a13f1611634ce/result.json']",True,forest-dual-largest-tree,0,0.0,0.001764763,empty,0,0,199,gen_empty_plain_n200_uniform_neg0_r1,data/generated/gen_empty_plain_n200_uniform_neg0_r1.json,71fcb322001696db442290c0b7dfe079a8f41615799f3aadeb64c0ff491f9ec1,0,199,,200,631.2907916666667,199,generated,22679552,0,5.1062e-05,0.0,7.621e-06,20010,0,,1,2e1a13f1611634ce,0.005344824996427633,optimal,0.001403407,0.000382211,True
0,493f6f942eca3576ac0253ad50581fbe0469e8e417d3f97011c676f7789871fd,19811,"""instance""",2.6368e-05,"['taskset', '-c', '2', '<project>/build/release/pclp', 'solve', '--instance', '<project>/data/generated/gen_empty_plain_n200_uniform_neg0_r1.json', '--config', '<project>/experiments/runs/dual/eeea60aa95fd4cd0/resolved_config.json', '--output', '<project>/experiments/runs/dual/eeea60aa95fd4cd0/result.json']",True,forest-primal,0,0.0,0.001982139,empty,0,0,199,gen_empty_plain_n200_uniform_neg0_r1,data/generated/gen_empty_plain_n200_uniform_neg0_r1.json,71fcb322001696db442290c0b7dfe079a8f41615799f3aadeb64c0ff491f9ec1,0,199,,200,631.2907916666667,199,generated,22679552,0,4.0911e-05,0.000145188,0.0,20010,0,,0,eeea60aa95fd4cd0,0.0052014980028616264,optimal,0.001665774,0.000292327,True
0,493f6f942eca3576ac0253ad50581fbe0469e8e417d3f97011c676f7789871fd,19811,"""instance""",2.6512e-05,"['taskset', '-c', '2', '<project>/build/release/pclp', 'solve', '--instance', '<project>/data/generated/gen_empty_plain_n200_uniform_neg0_r1.json', '--config', '<project>/experiments/runs/dual/dc3067d441d6bcaa/resolved_config.json', '--output', '<project>/experiments/runs/dual/dc3067d441d6bcaa/result.json']",True,forest-primal,0,0.0,0.001918495,empty,0,0,199,gen_empty_plain_n200_uniform_neg0_r1,data/generated/gen_empty_plain_n200_uniform_neg0_r1.json,71fcb322001696db442290c0b7dfe079a8f41615799f3aadeb64c0ff491f9ec1,0,199,,200,631.2907916666667,199,generated,22679552,0,4.0135e-05,0.000159462,0.0,20010,0,,1,dc3067d441d6bcaa,0.005511522002052516,optimal,0.001611883,0.000277717,True
0,493f6f942eca3576ac0253ad50581fbe0469e8e417d3f97011c676f7789871fd,0,"""instance""",2.423e-05,"['taskset', '-c', '2', '<project>/build/release/pclp', 'solve', '--instance', '<project>/data/generated/gen_empty_plain_n200_uniform_neg0_r1.json', '--config', '<project>/experiments/runs/dual/f5c24a6eb839cfc5/resolved_config.json', '--output', '<project>/experiments/runs/dual/f5c24a6eb839cfc5/result.json']",False,parametric,0,0.0,0.001488118,empty,0,398,0,gen_empty_plain_n200_uniform_neg0_r1,data/generated/gen_empty_plain_n200_uniform_neg0_r1.json,71fcb322001696db442290c0b7dfe079a8f41615799f3aadeb64c0ff491f9ec1,0,199,,200,631.2907916666667,398,generated,22679552,0,3.9097e-05,0.0,0.0,0,0,,0,f5c24a6eb839cfc5,0.004897446997347288,optimal,0.001153235,0.0,True
0,493f6f942eca3576ac0253ad50581fbe0469e8e417d3f97011c676f7789871fd,0,"""instance""",3.3836e-05,"['taskset', '-c', '2', '<project>/build/release/pclp', 'solve', '--instance', '<project>/data/generated/gen_empty_plain_n200_uniform_neg0_r1.json', '--config', '<project>/experiments/runs/dual/426f8d0ede6c7660/resolved_config.json', '--output', '<project>/experiments/runs/dual/426f8d0ede6c7660/result.json']",False,parametric,0,0.0,0.001808781,empty,0,398,0,gen_empty_plain_n200_uniform_neg0_r1,data/generated/gen_empty_plain_n200_uniform_neg0_r1.json,71fcb322001696db442290c0b7dfe079a8f41615799f3aadeb64c0ff491f9ec1,0,199,,200,631.2907916666667,398,generated,22679552,0,4.8709e-05,0.0,0.0,0,0,,1,426f8d0ede6c7660,0.006003371003316715,optimal,0.001413921,0.0,True
0,493f6f942eca3576ac0253ad50581fbe0469e8e417d3f97011c676f7789871fd,0,"""instance""",3.1205e-05,"['taskset', '-c', '2', '<project>/build/release/pclp', 'solve', '--instance', '<project>/data/generated/gen_empty_plain_n200_uniform_neg0_r2.json', '--config', '<project>/experiments/runs/dual/a781c5c3f431cc10/resolved_config.json', '--output', '<project>/experiments/runs/dual/a781c5c3f431cc10/result.json']",True,forest-dual,0,0.0,0.001227218,empty,0,0,103,gen_empty_plain_n200_uniform_neg0_r2,data/generated/gen_empty_plain_n200_uniform_neg0_r2.json,3231fedda9c9d411c3cdc8584b286294bc069ee17e588b0d48a808abac7d5f89,0,103,,200,4188.85,103,generated,22679552,0,4.0137e-05,0.0,4.573e-06,13769,0,,0,a781c5c3f431cc10,0.00443615899712313,optimal,0.000935974,0.000254546,True
0,493f6f942eca3576ac0253ad50581fbe0469e8e417d3f97011c676f7789871fd,0,"""instance""",2.6437e-05,"['taskset', '-c', '2', '<project>/build/release/pclp', 'solve', '--instance', '<project>/data/generated/gen_empty_plain_n200_uniform_neg0_r2.json', '--config', '<project>/experiments/runs/dual/520fb3e36dcaab8e/resolved_config.json', '--output', '<project>/experiments/runs/dual/520fb3e36dcaab8e/result.json']",True,forest-dual,0,0.0,0.001201897,empty,0,0,103,gen_empty_plain_n200_uniform_neg0_r2,data/generated/gen_empty_plain_n200_uniform_neg0_r2.json,3231fedda9c9d411c3cdc8584b286294bc069ee17e588b0d48a808abac7d5f89,0,103,,200,4188.85,103,generated,22679552,0,5.0776e-05,0.0,4.013e-06,13769,0,,1,520fb3e36dcaab8e,0.004528404999291524,optimal,0.000903849,0.000243962,True
0,493f6f942eca3576ac0253ad50581fbe0469e8e417d3f97011c676f7789871fd,0,"""instance""",2.5174e-05,"['taskset', '-c', '2', '<project>/build/release/pclp', 'solve', '--instance', '<project>/data/generated/gen_empty_plain_n200_uniform_neg0_r2.json', '--config', '<project>/experiments/runs/dual/801cccef1423fe0d/resolved_config.json', '--output', '<project>/experiments/runs/dual/801cccef1423fe0d/result.json']",True,forest-dual-largest-tree,0,0.0,0.001014878,empty,0,0,103,gen_empty_plain_n200_uniform_neg0_r2,data/generated/gen_empty_plain_n200_uniform_neg0_r2.json,3231fedda9c9d411c3cdc8584b286294bc069ee17e588b0d48a808abac7d5f89,0,103,,200,4188.85,103,generated,22679552,0,3.8401e-05,0.0,4.183e-06,13769,0,,0,801cccef1423fe0d,0.004211856998153962,optimal,0.000756972,0.000197131,True
0,493f6f942eca3576ac0253ad50581fbe0469e8e417d3f97011c676f7789871fd,0,"""instance""",2.6063e-05,"['taskset', '-c', '2', '<project>/build/release/pclp', 'solve', '--instance', '<project>/data/generated/gen_empty_plain_n200_uniform_neg0_r2.json', '--config', '<project>/experiments/runs/dual/9e9a71a16bfc6b16/resolved_config.json', '--output', '<project>/experiments/runs/dual/9e9a71a16bfc6b16/result.json']",True,forest-dual-largest-tree,0,0.0,0.001023272,empty,0,0,103,gen_empty_plain_n200_uniform_neg0_r2,data/generated/gen_empty_plain_n200_uniform_neg0_r2.json,3231fedda9c9d411c3cdc8584b286294bc069ee17e588b0d48a808abac7d5f89,0,103,,200,4188.85,103,generated,22679552,0,3.9887e-05,0.0,4.009e-06,13769,0,,1,9e9a71a16bfc6b16,0.009251635012333281,optimal,0.000758198,0.000199978,True
0,493f6f942eca3576ac0253ad50581fbe0469e8e417d3f97011c676f7789871fd,13666,"""instance""",2.3558e-05,"['taskset', '-c', '2', '<project>/build/release/pclp', 'solve', '--instance', '<project>/data/generated/gen_empty_plain_n200_uniform_neg0_r2.json', '--config', '<project>/experiments/runs/dual/c40c0ce6ddbe5038/resolved_config.json', '--output', '<project>/experiments/runs/dual/c40c0ce6ddbe5038/result.json']",True,forest-primal,0,0.0,0.001395666,empty,0,0,103,gen_empty_plain_n200_uniform_neg0_r2,data/generated/gen_empty_plain_n200_uniform_neg0_r2.json,3231fedda9c9d411c3cdc8584b286294bc069ee17e588b0d48a808abac7d5f89,0,103,,200,4188.85,103,generated,22679552,0,4.986e-05,0.000100913,0.0,13769,0,,0,c40c0ce6ddbe5038,0.004876391991274431,optimal,0.00112055,0.000197108,True
0,493f6f942eca3576ac0253ad50581fbe0469e8e417d3f97011c676f7789871fd,13666,"""instance""",3.3282e-05,"['taskset', '-c', '2', '<project>/build/release/pclp', 'solve', '--instance', '<project>/data/generated/gen_empty_plain_n200_uniform_neg0_r2.json', '--config', '<project>/experiments/runs/dual/6cd9a546e147a58b/resolved_config.json', '--output', '<project>/experiments/runs/dual/6cd9a546e147a58b/result.json']",True,forest-primal,0,0.0,0.001701093,empty,0,0,103,gen_empty_plain_n200_uniform_neg0_r2,data/generated/gen_empty_plain_n200_uniform_neg0_r2.json,3231fedda9c9d411c3cdc8584b286294bc069ee17e588b0d48a808abac7d5f89,0,103,,200,4188.85,103,generated,22679552,0,4.8092e-05,0.000122383,0.0,13769,0,,1,6cd9a546e147a58b,0.004800549999345094,optimal,0.001411495,0.000251964,True
0,493f6f942eca3576ac0253ad50581fbe0469e8e417d3f97011c676f7789871fd,0,"""instance""",3.0515e-05,"['taskset', '-c', '2', '<project>/build/release/pclp', 'solve', '--instance', '<project>/data/generated/gen_empty_plain_n200_uniform_neg0_r2.json', '--config', '<project>/experiments/runs/dual/fb771847104cdc21/resolved_config.json', '--output', '<project>/experiments/runs/dual/fb771847104cdc21/result.json']",False,parametric,0,0.0,0.00122948,empty,0,206,0,gen_empty_plain_n200_uniform_neg0_r2,data/generated/gen_empty_plain_n200_uniform_neg0_r2.json,3231fedda9c9d411c3cdc8584b286294bc069ee17e588b0d48a808abac7d5f89,0,103,,200,4188.85,206,generated,22679552,0,5.4148e-05,0.0,0.0,0,0,,0,fb771847104cdc21,0.004652182993595488,optimal,0.000879557,0.0,True
0,493f6f942eca3576ac0253ad50581fbe0469e8e417d3f97011c676f7789871fd,0,"""instance""",3.1912e-05,"['taskset', '-c', '2', '<project>/build/release/pclp', 'solve', '--instance', '<project>/data/generated/gen_empty_plain_n200_uniform_neg0_r2.json', '--config', '<project>/experiments/runs/dual/e56256f6ae460d67/resolved_config.json', '--output', '<project>/experiments/runs/dual/e56256f6ae460d67/result.json']",False,parametric,0,0.0,0.001231186,empty,0,206,0,gen_empty_plain_n200_uniform_neg0_r2,data/generated/gen_empty_plain_n200_uniform_neg0_r2.json,3231fedda9c9d411c3cdc8584b286294bc069ee17e588b0d48a808abac7d5f89,0,103,,200,4188.85,206,generated,22679552,0,4.753e-05,0.0,0.0,0,0,,1,e56256f6ae460d67,0.0044789079984184355,optimal,0.000892694,0.0,True
191,493f6f942eca3576ac0253ad50581fbe0469e8e417d3f97011c676f7789871fd,216592,"""instance""",3.1015e-05,"['taskset', '-c', '2', '<project>/build/release/pclp', 'solve', '--instance', '<project>/data/generated/gen_forest_components8_n200_heterogeneous_neg30_r0.json', '--config', '<project>/experiments/runs/dual/e3fbf7a49c3a763d/resolved_config.json', '--output', '<project>/experiments/runs/dual/e3fbf7a49c3a763d/result.json']",False,forest-dual,0,0.001105822,0.00673343,forest,0,0,69,gen_forest_components8_n200_heterogeneous_neg30_r0,data/generated/gen_forest_components8_n200_heterogeneous_neg30_r0.json,561d2779837f4a3c57f359d2124b96c194294a8829552bad258679f1b60b5650,1632,62,,200,6254.294300979519,63,generated,22679552,1638,5.5708e-05,0.003549971,6.8748e-05,14962,0,,0,e3fbf7a49c3a763d,0.010055335995275527,optimal,0.006319648,0.00048544,True
191,493f6f942eca3576ac0253ad50581fbe0469e8e417d3f97011c676f7789871fd,216592,"""instance""",3.1478e-05,"['taskset', '-c', '2', '<project>/build/release/pclp', 'solve', '--instance', '<project>/data/generated/gen_forest_components8_n200_heterogeneous_neg30_r0.json', '--config', '<project>/experiments/runs/dual/ea9ae3ef7cadfbba/resolved_config.json', '--output', '<project>/experiments/runs/dual/ea9ae3ef7cadfbba/result.json']",False,forest-dual,0,0.001106699,0.006705989,forest,0,0,69,gen_forest_components8_n200_heterogeneous_neg30_r0,data/generated/gen_forest_components8_n200_heterogeneous_neg30_r0.json,561d2779837f4a3c57f359d2124b96c194294a8829552bad258679f1b60b5650,1632,62,,200,6254.294300979519,63,generated,22679552,1638,6.5227e-05,0.003518958,6.9941e-05,14962,0,,1,ea9ae3ef7cadfbba,0.009835318007390015,optimal,0.006301237,0.000492537,True
191,493f6f942eca3576ac0253ad50581fbe0469e8e417d3f97011c676f7789871fd,216592,"""instance""",2.998e-05,"['taskset', '-c', '2', '<project>/build/release/pclp', 'solve', '--instance', '<project>/data/generated/gen_forest_components8_n200_heterogeneous_neg30_r0.json', '--config', '<project>/experiments/runs/dual/499198a466881389/resolved_config.json', '--output', '<project>/experiments/runs/dual/499198a466881389/result.json']",False,forest-dual-largest-tree,0,0.001055481,0.006543496,forest,0,0,69,gen_forest_components8_n200_heterogeneous_neg30_r0,data/generated/gen_forest_components8_n200_heterogeneous_neg30_r0.json,561d2779837f4a3c57f359d2124b96c194294a8829552bad258679f1b60b5650,1632,62,,200,6254.294300979519,63,generated,22679552,1638,7.372e-05,0.003350602,7.2823e-05,14962,0,,0,499198a466881389,0.009584393992554396,optimal,0.006057764,0.00047624,True
191,493f6f942eca3576ac0253ad50581fbe0469e8e417d3f97011c676f7789871fd,216592,"""instance""",3.5534e-05,"['taskset', '-c', '2', '<project>/build/release/pclp', 'solve', '--instance', '<project>/data/generated/gen_forest_components8_n200_heterogeneous_neg30_r0.json', '--config', '<project>/experiments/runs/dual/c4831cf08cba5b04/resolved_config.json', '--output', '<project>/experiments/runs/dual/c4831cf08cba5b04/result.json']",False,forest-dual-largest-tree,0,0.00107184,0.006599864,forest,0,0,69,gen_forest_components8_n200_heterogeneous_neg30_r0,data/generated/gen_forest_components8_n200_heterogeneous_neg30_r0.json,561d2779837f4a3c57f359d2124b96c194294a8829552bad258679f1b60b5650,1632,62,,200,6254.294300979519,63,generated,22679552,1638,6.2487e-05,0.003408159,7.3668e-05,14962,0,,1,c4831cf08cba5b04,0.009800562998862006,optimal,0.006153174,0.000495501,True
191,493f6f942eca3576ac0253ad50581fbe0469e8e417d3f97011c676f7789871fd,103247,"""instance""",4.1014e-05,"['taskset', '-c', '2', '<project>/build/release/pclp', 'solve', '--instance', '<project>/data/generated/gen_forest_components8_n200_heterogeneous_neg30_r0.json', '--config', '<project>/experiments/runs/dual/3398b4356a69442a/resolved_config.json', '--output', '<project>/experiments/runs/dual/3398b4356a69442a/result.json']",False,forest-primal,3042,0.000863946,0.007953737,forest,0,0,75,gen_forest_components8_n200_heterogeneous_neg30_r0,data/generated/gen_forest_components8_n200_heterogeneous_neg30_r0.json,561d2779837f4a3c57f359d2124b96c194294a8829552bad258679f1b60b5650,3074,62,,200,6254.294300979519,63,generated,22679552,3086,5.867e-05,0.001801656,0.001235562,28718,0,,0,3398b4356a69442a,0.012495041999500245,optimal,0.007463199,0.001465674,True
191,493f6f942eca3576ac0253ad50581fbe0469e8e417d3f97011c676f7789871fd,103247,"""instance""",3.9095e-05,"['taskset', '-c', '2', '<project>/build/release/pclp', 'solve', '--instance', '<project>/data/generated/gen_forest_components8_n200_heterogeneous_neg30_r0.json', '--config', '<project>/experiments/runs/dual/303fc9770081edb0/resolved_config.json', '--output', '<project>/experiments/runs/dual/303fc9770081edb0/result.json']",False,forest-primal,3042,0.0008465,0.008080287,forest,0,0,75,gen_forest_components8_n200_heterogeneous_neg30_r0,data/generated/gen_forest_components8_n200_heterogeneous_neg30_r0.json,561d2779837f4a3c57f359d2124b96c194294a8829552bad258679f1b60b5650,3074,62,,200,6254.294300979519,63,generated,22679552,3086,5.5002e-05,0.001876543,0.001296919,28718,0,,1,303fc9770081edb0,0.012580552996951155,optimal,0.007633953,0.001491957,True
191,493f6f942eca3576ac0253ad50581fbe0469e8e417d3f97011c676f7789871fd,0,"""instance""",3.5795e-05,"['taskset', '-c', '2', '<project>/build/release/pclp', 'solve', '--instance', '<project>/data/generated/gen_forest_components8_n200_heterogeneous_neg30_r0.json', '--config', '<project>/experiments/runs/dual/ca2a686d1a6a0dcf/resolved_config.json', '--output', '<project>/experiments/runs/dual/ca2a686d1a6a0dcf/result.json']",False,parametric,0,0.0,0.001619637,forest,519,125,0,gen_forest_components8_n200_heterogeneous_neg30_r0,data/generated/gen_forest_components8_n200_heterogeneous_neg30_r0.json,561d2779837f4a3c57f359d2124b96c194294a8829552bad258679f1b60b5650,0,62,,200,6254.294300979519,124,generated,22679552,0,5.4536e-05,0.0,0.0,0,0,,0,ca2a686d1a6a0dcf,0.004800106995389797,optimal,0.001202123,0.0,True
191,493f6f942eca3576ac0253ad50581fbe0469e8e417d3f97011c676f7789871fd,0,"""instance""",3.8869e-05,"['taskset', '-c', '2', '<project>/build/release/pclp', 'solve', '--instance', '<project>/data/generated/gen_forest_components8_n200_heterogeneous_neg30_r0.json', '--config', '<project>/experiments/runs/dual/a40fbdb7114f4587/resolved_config.json', '--output', '<project>/experiments/runs/dual/a40fbdb7114f4587/result.json']",False,parametric,0,0.0,0.001842806,forest,519,125,0,gen_forest_components8_n200_heterogeneous_neg30_r0,data/generated/gen_forest_components8_n200_heterogeneous_neg30_r0.json,561d2779837f4a3c57f359d2124b96c194294a8829552bad258679f1b60b5650,0,62,,200,6254.294300979519,124,generated,22679552,0,7.0983e-05,0.0,0.0,0,0,,1,a40fbdb7114f4587,0.004979149001883343,optimal,0.001365209,0.0,True
191,493f6f942eca3576ac0253ad50581fbe0469e8e417d3f97011c676f7789871fd,108137,"""instance""",3.5354e-05,"['taskset', '-c', '2', '<project>/build/release/pclp', 'solve', '--instance', '<project>/data/generated/gen_forest_components8_n200_heterogeneous_neg30_r1.json', '--config', '<project>/experiments/runs/dual/e9923c56b3898781/resolved_config.json', '--output', '<project>/experiments/runs/dual/e9923c56b3898781/result.json']",False,forest-dual,0,0.000518069,0.003640295,forest,0,0,38,gen_forest_components8_n200_heterogeneous_neg30_r1,data/generated/gen_forest_components8_n200_heterogeneous_neg30_r1.json,4b0a18028ac5447ed2c124ab1387b39a5406f4b4f15c74e71273bfa253fe709c,903,34,,200,26984.2176743055,35,generated,22679552,906,7.1987e-05,0.001619286,3.4299e-05,8997,0,,0,e9923c56b3898781,0.006777399990824051,optimal,0.00313559,0.000296404,True
191,493f6f942eca3576ac0253ad50581fbe0469e8e417d3f97011c676f7789871fd,108137,"""instance""",3.4111e-05,"['taskset', '-c', '2', '<project>/build/release/pclp', 'solve', '--instance', '<project>/data/generated/gen_forest_components8_n200_heterogeneous_neg30_r1.json', '--config', '<project>/experiments/runs/dual/ff98bfa0cb36791c/resolved_config.json', '--output', '<project>/experiments/runs/dual/ff98bfa0cb36791c/result.json']",False,forest-dual,0,0.000623563,0.004168632,forest,0,0,38,gen_forest_components8_n200_heterogeneous_neg30_r1,data/generated/gen_forest_components8_n200_heterogeneous_neg30_r1.json,4b0a18028ac5447ed2c124ab1387b39a5406f4b4f15c74e71273bfa253fe709c,903,34,,200,26984.2176743055,35,generated,22679552,906,6.332e-05,0.001927736,4.1546e-05,8997,0,,1,ff98bfa0cb36791c,0.007450562989106402,optimal,0.003658804,0.000349816,True
191,493f6f942eca3576ac0253ad50581fbe0469e8e417d3f97011c676f7789871fd,108137,"""instance""",2.8469e-05,"['taskset', '-c', '2', '<project>/build/release/pclp', 'solve', '--instance', '<project>/data/generated/gen_forest_components8_n200_heterogeneous_neg30_r1.json', '--config', '<project>/experiments/runs/dual/f60e66397f075983/resolved_config.json', '--output', '<project>/experiments/runs/dual/f60e66397f075983/result.json']",False,forest-dual-largest-tree,0,0.00053648,0.003728694,forest,0,0,38,gen_forest_components8_n200_heterogeneous_neg30_r1,data/generated/gen_forest_components8_n200_heterogeneous_neg30_r1.json,4b0a18028ac5447ed2c124ab1387b39a5406f4b4f15c74e71273bfa253fe709c,903,34,,200,26984.2176743055,35,generated,22679552,906,6.7318e-05,0.001705419,3.8433e-05,8997,0,,0,f60e66397f075983,0.0068990849977126345,optimal,0.003230789,0.000306584,True
191,493f6f942eca3576ac0253ad50581fbe0469e8e417d3f97011c676f7789871fd,108137,"""instance""",3.3055e-05,"['taskset', '-c', '2', '<project>/build/release/pclp', 'solve', '--instance', '<project>/data/generated/gen_forest_components8_n200_heterogeneous_neg30_r1.json', '--config', '<project>/experiments/runs/dual/b9bb30ced70f1dd4/resolved_config.json', '--output', '<project>/experiments/runs/dual/b9bb30ced70f1dd4/result.json']",False,forest-dual-largest-tree,0,0.000592198,0.004036174,forest,0,0,38,gen_forest_components8_n200_heterogeneous_neg30_r1,data/generated/gen_forest_components8_n200_heterogeneous_neg30_r1.json,4b0a18028ac5447ed2c124ab1387b39a5406f4b4f15c74e71273bfa253fe709c,903,34,,200,26984.2176743055,35,generated,22679552,906,5.896e-05,0.001865079,4.3397e-05,8997,0,,1,b9bb30ced70f1dd4,0.007171501987613738,optimal,0.003553405,0.000338104,True
191,493f6f942eca3576ac0253ad50581fbe0469e8e417d3f97011c676f7789871fd,47329,"""instance""",3.1416e-05,"['taskset', '-c', '2', '<project>/build/release/pclp', 'solve', '--instance', '<project>/data/generated/gen_forest_components8_n200_heterogeneous_neg30_r1.json', '--config', '<project>/experiments/runs/dual/be092bda2eb54065/resolved_config.json', '--output', '<project>/experiments/runs/dual/be092bda2eb54065/result.json']",False,forest-primal,1432,0.000389503,0.004051578,forest,0,0,40,gen_forest_components8_n200_heterogeneous_neg30_r1,data/generated/gen_forest_components8_n200_heterogeneous_neg30_r1.json,4b0a18028ac5447ed2c124ab1387b39a5406f4b4f15c74e71273bfa253fe709c,1484,34,,200,26984.2176743055,35,generated,22679552,1489,6.1244e-05,0.000764027,0.000564083,15635,0,,0,be092bda2eb54065,0.0074179579969495535,optimal,0.003543128,0.000755202,True
191,493f6f942eca3576ac0253ad50581fbe0469e8e417d3f97011c676f7789871fd,47329,"""instance""",3.6641e-05,"['taskset', '-c', '2', '<project>/build/release/pclp', 'solve', '--instance', '<project>/data/generated/gen_forest_components8_n200_heterogeneous_neg30_r1.json', '--config', '<project>/experiments/runs/dual/7606df8a227173fe/resolved_config.json', '--output', '<project>/experiments/runs/dual/7606df8a227173fe/result.json']",False,forest-primal,1432,0.000426844,0.004322329,forest,0,0,40,gen_forest_components8_n200_heterogeneous_neg30_r1,data/generated/gen_forest_components8_n200_heterogeneous_neg30_r1.json,4b0a18028ac5447ed2c124ab1387b39a5406f4b4f15c74e71273bfa253fe709c,1484,34,,200,26984.2176743055,35,generated,22679552,1489,6.5559e-05,0.000838206,0.000609485,15635,0,,1,7606df8a227173fe,0.00774347699189093,optimal,0.003815723,0.000804343,True
191,493f6f942eca3576ac0253ad50581fbe0469e8e417d3f97011c676f7789871fd,0,"""instance""",3.303e-05,"['taskset', '-c', '2', '<project>/build/release/pclp', 'solve', '--instance', '<project>/data/generated/gen_forest_components8_n200_heterogeneous_neg30_r1.json', '--config', '<project>/experiments/runs/dual/f005a83a9db8e3c6/resolved_config.json', '--output', '<project>/experiments/runs/dual/f005a83a9db8e3c6/result.json']",False,parametric,0,0.0,0.001278037,forest,392,69,0,gen_forest_components8_n200_heterogeneous_neg30_r1,data/generated/gen_forest_components8_n200_heterogeneous_neg30_r1.json,4b0a18028ac5447ed2c124ab1387b39a5406f4b4f15c74e71273bfa253fe709c,0,34,,200,26984.2176743055,68,generated,22679552,0,5.4867e-05,0.0,0.0,0,0,,0,f005a83a9db8e3c6,0.004596690007019788,optimal,0.000793849,0.0,True
191,493f6f942eca3576ac0253ad50581fbe0469e8e417d3f97011c676f7789871fd,0,"""instance""",4.2839e-05,"['taskset', '-c', '2', '<project>/build/release/pclp', 'solve', '--instance', '<project>/data/generated/gen_forest_components8_n200_heterogeneous_neg30_r1.json', '--config', '<project>/experiments/runs/dual/8c6312f079474df2/resolved_config.json', '--output', '<project>/experiments/runs/dual/8c6312f079474df2/result.json']",False,parametric,0,0.0,0.00177738,forest,392,69,0,gen_forest_components8_n200_heterogeneous_neg30_r1,data/generated/gen_forest_components8_n200_heterogeneous_neg30_r1.json,4b0a18028ac5447ed2c124ab1387b39a5406f4b4f15c74e71273bfa253fe709c,0,34,,200,26984.2176743055,68,generated,22679552,0,7.8305e-05,0.0,0.0,0,0,,1,8c6312f079474df2,0.005353920001653023,optimal,0.001121904,0.0,True
191,493f6f942eca3576ac0253ad50581fbe0469e8e417d3f97011c676f7789871fd,124122,"""instance""",4.7738e-05,"['taskset', '-c', '2', '<project>/build/release/pclp', 'solve', '--instance', '<project>/data/generated/gen_forest_components8_n200_heterogeneous_neg30_r2.json', '--config', '<project>/experiments/runs/dual/974cc2871faae6a2/resolved_config.json', '--output', '<project>/experiments/runs/dual/974cc2871faae6a2/result.json']",False,forest-dual,0,0.000870648,0.006240432,forest,0,0,50,gen_forest_components8_n200_heterogeneous_neg30_r2,data/generated/gen_forest_components8_n200_heterogeneous_neg30_r2.json,afcefceebd80406f73eaa5a36d4da6bcb0c8fae45872f776453916c603048187,865,46,,200,4477.9726,47,generated,22843392,868,8.6784e-05,0.003204855,4.9807e-05,9422,0,,0,974cc2871faae6a2,0.009944652003468946,optimal,0.005616601,0.000427039,True
191,493f6f942eca3576ac0253ad50581fbe0469e8e417d3f97011c676f7789871fd,124122,"""instance""",4.775e-05,"['taskset', '-c', '2', '<project>/build/release/pclp', 'solve', '--instance', '<project>/data/generated/gen_forest_components8_n200_heterogeneous_neg30_r2.json', '--config', '<project>/experiments/runs/dual/8bcede71a758d192/resolved_config.json', '--output', '<project>/experiments/runs/dual/8bcede71a758d192/result.json']",False,forest-dual,0,0.000869845,0.006310742,forest,0,0,50,gen_forest_components8_n200_heterogeneous_neg30_r2,data/generated/gen_forest_components8_n200_heterogeneous_neg30_r2.json,afcefceebd80406f73eaa5a36d4da6bcb0c8fae45872f776453916c603048187,865,46,,200,4477.9726,47,generated,22843392,868,8.5872e-05,0.003257514,5.0508e-05,9422,0,,1,8bcede71a758d192,0.010355965991038829,optimal,0.005689359,0.000429099,True
191,493f6f942eca3576ac0253ad50581fbe0469e8e417d3f97011c676f7789871fd,124122,"""instance""",4.7306e-05,"['taskset', '-c', '2', '<project>/build/release/pclp', 'solve', '--instance', '<project>/data/generated/gen_forest_components8_n200_heterogeneous_neg30_r2.json', '--config', '<project>/experiments/runs/dual/a749848bfbd70943/resolved_config.json', '--output', '<project>/experiments/runs/dual/a749848bfbd70943/result.json']",False,forest-dual-largest-tree,0,0.000894026,0.006463525,forest,0,0,50,gen_forest_components8_n200_heterogeneous_neg30_r2,data/generated/gen_forest_components8_n200_heterogeneous_neg30_r2.json,afcefceebd80406f73eaa5a36d4da6bcb0c8fae45872f776453916c603048187,865,46,,200,4477.9726,47,generated,22843392,868,8.5901e-05,0.00331464,5.5585e-05,9422,0,,0,a749848bfbd70943,0.01033886699588038,optimal,0.005816883,0.000443252,True
191,493f6f942eca3576ac0253ad50581fbe0469e8e417d3f97011c676f7789871fd,124122,"""instance""",4.675e-05,"['taskset', '-c', '2', '<project>/build/release/pclp', 'solve', '--instance', '<project>/data/generated/gen_forest_components8_n200_heterogeneous_neg30_r2.json', '--config', '<project>/experiments/runs/dual/ad264404c417c59a/resolved_config.json', '--output', '<project>/experiments/runs/dual/ad264404c417c59a/result.json']",False,forest-dual-largest-tree,0,0.000891552,0.006453311,forest,0,0,50,gen_forest_components8_n200_heterogeneous_neg30_r2,data/generated/gen_forest_components8_n200_heterogeneous_neg30_r2.json,afcefceebd80406f73eaa5a36d4da6bcb0c8fae45872f776453916c603048187,865,46,,200,4477.9726,47,generated,23007232,868,8.4117e-05,0.003313382,5.6189e-05,9422,0,,1,ad264404c417c59a,0.010563023999566212,optimal,0.005810727,0.000440685,True
191,493f6f942eca3576ac0253ad50581fbe0469e8e417d3f97011c676f7789871fd,85794,"""instance""",4.6039e-05,"['taskset', '-c', '2', '<project>/build/release/pclp', 'solve', '--instance', '<project>/data/generated/gen_forest_components8_n200_heterogeneous_neg30_r2.json', '--config', '<project>/experiments/runs/dual/94b2297bf68c4d17/resolved_config.json', '--output', '<project>/experiments/runs/dual/94b2297bf68c4d17/result.json']",False,forest-primal,2363,0.001011472,0.009013553,forest,0,0,56,gen_forest_components8_n200_heterogeneous_neg30_r2,data/generated/gen_forest_components8_n200_heterogeneous_neg30_r2.json,afcefceebd80406f73eaa5a36d4da6bcb0c8fae45872f776453916c603048187,2402,46,,200,4477.9726,47,generated,22843392,2411,8.316e-05,0.002216884,0.001338814,22710,0,,0,94b2297bf68c4d17,0.013798252999549732,optimal,0.008387051,0.001626069,True
191,493f6f942eca3576ac0253ad50581fbe0469e8e417d3f97011c676f7789871fd,85794,"""instance""",4.6147e-05,"['taskset', '-c', '2', '<project>/build/release/pclp', 'solve', '--instance', '<project>/data/generated/gen_forest_components8_n200_heterogeneous_neg30_r2.json', '--config', '<project>/experiments/runs/dual/d02ff1225db57415/resolved_config.json', '--output', '<project>/experiments/runs/dual/d02ff1225db57415/result.json']",False,forest-primal,2363,0.001158379,0.009232686,forest,0,0,56,gen_forest_components8_n200_heterogeneous_neg30_r2,data/generated/gen_forest_components8_n200_heterogeneous_neg30_r2.json,afcefceebd80406f73eaa5a36d4da6bcb0c8fae45872f776453916c603048187,2402,46,,200,4477.9726,47,generated,22843392,2411,8.2568e-05,0.002195998,0.001366529,22710,0,,1,d02ff1225db57415,0.013935698996647261,optimal,0.008608845,0.001666839,True
191,493f6f942eca3576ac0253ad50581fbe0469e8e417d3f97011c676f7789871fd,0,"""instance""",3.7027e-05,"['taskset', '-c', '2', '<project>/build/release/pclp', 'solve', '--instance', '<project>/data/generated/gen_forest_components8_n200_heterogeneous_neg30_r2.json', '--config', '<project>/experiments/runs/dual/4939211d0930a166/resolved_config.json', '--output', '<project>/experiments/runs/dual/4939211d0930a166/result.json']",False,parametric,0,0.0,0.001602659,forest,572,93,0,gen_forest_components8_n200_heterogeneous_neg30_r2,data/generated/gen_forest_components8_n200_heterogeneous_neg30_r2.json,afcefceebd80406f73eaa5a36d4da6bcb0c8fae45872f776453916c603048187,0,46,,200,4477.9726,92,generated,23007232,0,6.0043e-05,0.0,0.0,0,0,,0,4939211d0930a166,0.008200828000553884,optimal,0.001150694,0.0,True
191,493f6f942eca3576ac0253ad50581fbe0469e8e417d3f97011c676f7789871fd,0,"""instance""",3.0845e-05,"['taskset', '-c', '2', '<project>/build/release/pclp', 'solve', '--instance', '<project>/data/generated/gen_forest_components8_n200_heterogeneous_neg30_r2.json', '--config', '<project>/experiments/runs/dual/47119c08aeefacf5/resolved_config.json', '--output', '<project>/experiments/runs/dual/47119c08aeefacf5/result.json']",False,parametric,0,0.0,0.001557535,forest,572,93,0,gen_forest_components8_n200_heterogeneous_neg30_r2,data/generated/gen_forest_components8_n200_heterogeneous_neg30_r2.json,afcefceebd80406f73eaa5a36d4da6bcb0c8fae45872f776453916c603048187,0,46,,200,4477.9726,92,generated,23007232,0,6.0307e-05,0.0,0.0,0,0,,1,47119c08aeefacf5,0.0056294690002687275,optimal,0.001141341,0.0,True
4997,493f6f942eca3576ac0253ad50581fbe0469e8e417d3f97011c676f7789871fd,333783389,"""instance""",0.000267177,"['taskset', '-c', '2', '<project>/build/release/pclp', 'solve', '--instance', '<project>/data/generated/gen_layered_levels20-density0.02-skip0.005_n2000_dispersed_neg30_r0.json', '--config', '<project>/experiments/runs/dual/e4bf6b50e773b7d1/resolved_config.json', '--output', '<project>/experiments/runs/dual/e4bf6b50e773b7d1/result.json']",False,forest-dual,0,1.200327526,7.405413786,layered,0,0,1029,gen_layered_levels20-density0.02-skip0.005_n2000_dispersed_neg30_r0,data/generated/gen_layered_levels20-density0.02-skip0.005_n2000_dispersed_neg30_r0.json,be895cfea9ee5376c7328764fdd826e8ff66f3d2fe59fb7cbefce1bc0378b8b5,203151,232,,2000,23259.085117102593,233,generated,46059520,203947,0.000641773,2.700355349,0.551229423,78774176,0,,0,e4bf6b50e773b7d1,7.411959182994906,optimal,7.401018624,2.707230966,True
4997,493f6f942eca3576ac0253ad50581fbe0469e8e417d3f97011c676f7789871fd,333783389,"""instance""",0.000259824,"['taskset', '-c', '2', '<project>/build/release/pclp', 'solve', '--instance', '<project>/data/generated/gen_layered_levels20-density0.02-skip0.005_n2000_dispersed_neg30_r0.json', '--config', '<project>/experiments/runs/dual/0df97d93ebee8183/resolved_config.json', '--output', '<project>/experiments/runs/dual/0df97d93ebee8183/result.json']",False,forest-dual,0,1.18630169,7.339364794,layered,0,0,1029,gen_layered_levels20-density0.02-skip0.005_n2000_dispersed_neg30_r0,data/generated/gen_layered_levels20-density0.02-skip0.005_n2000_dispersed_neg30_r0.json,be895cfea9ee5376c7328764fdd826e8ff66f3d2fe59fb7cbefce1bc0378b8b5,203151,232,,2000,23259.085117102593,233,generated,46059520,203947,0.000694611,2.652462818,0.552204067,78774176,0,,1,0df97d93ebee8183,7.345447054001852,optimal,7.334786853,2.70342746,True
4997,493f6f942eca3576ac0253ad50581fbe0469e8e417d3f97011c676f7789871fd,573740660,"""instance""",0.000259341,"['taskset', '-c', '2', '<project>/build/release/pclp', 'solve', '--instance', '<project>/data/generated/gen_layered_levels20-density0.02-skip0.005_n2000_dispersed_neg30_r0.json', '--config', '<project>/experiments/runs/dual/132f91df889cdc81/resolved_config.json', '--output', '<project>/experiments/runs/dual/132f91df889cdc81/result.json']",False,forest-dual-largest-tree,0,2.2110001919999998,15.195752861,layered,0,0,1598,gen_layered_levels20-density0.02-skip0.005_n2000_dispersed_neg30_r0,data/generated/gen_layered_levels20-density0.02-skip0.005_n2000_dispersed_neg30_r0.json,be895cfea9ee5376c7328764fdd826e8ff66f3d2fe59fb7cbefce1bc0378b8b5,348205,232,,2000,23259.085117102593,233,generated,46059520,349570,0.000651737,4.931984963,1.41329423,174474936,0,,0,132f91df889cdc81,15.20342961800634,optimal,15.191261628,6.150499583,True
4997,493f6f942eca3576ac0253ad50581fbe0469e8e417d3f97011c676f7789871fd,573740660,"""instance""",0.000295782,"['taskset', '-c', '2', '<project>/build/release/pclp', 'solve', '--instance', '<project>/data/generated/gen_layered_levels20-density0.02-skip0.005_n2000_dispersed_neg30_r0.json', '--config', '<project>/experiments/runs/dual/1968bf8be20f2230/resolved_config.json', '--output', '<project>/experiments/runs/dual/1968bf8be20f2230/result.json']",False,forest-dual-largest-tree,0,2.151937067,14.790379388,layered,0,0,1598,gen_layered_levels20-density0.02-skip0.005_n2000_dispersed_neg30_r0,data/generated/gen_layered_levels20-density0.02-skip0.005_n2000_dispersed_neg30_r0.json,be895cfea9ee5376c7328764fdd826e8ff66f3d2fe59fb7cbefce1bc0378b8b5,348205,232,,2000,23259.085117102593,233,generated,46059520,349570,0.000664555,4.7993517610000005,1.370178546,174474936,0,,1,1968bf8be20f2230,14.797029350986122,optimal,14.782527913,5.988848426,True
4997,493f6f942eca3576ac0253ad50581fbe0469e8e417d3f97011c676f7789871fd,38770897,"""instance""",0.000272853,"['taskset', '-c', '2', '<project>/build/release/pclp', 'solve', '--instance', '<project>/data/generated/gen_layered_levels20-density0.02-skip0.005_n2000_dispersed_neg30_r0.json', '--config', '<project>/experiments/runs/dual/3820dffb60863bd4/resolved_config.json', '--output', '<project>/experiments/runs/dual/3820dffb60863bd4/result.json']",False,forest-primal,347870,0.761659471,5.78029503,layered,0,0,1593,gen_layered_levels20-density0.02-skip0.005_n2000_dispersed_neg30_r0,data/generated/gen_layered_levels20-density0.02-skip0.005_n2000_dispersed_neg30_r0.json,be895cfea9ee5376c7328764fdd826e8ff66f3d2fe59fb7cbefce1bc0378b8b5,346845,232,,2000,23259.085117102593,233,generated,46059520,348205,0.00066509,0.43979197800000003,0.63550209,102408576,0,,0,3820dffb60863bd4,5.787979642991559,optimal,5.775834318,3.549881678,True
4997,493f6f942eca3576ac0253ad50581fbe0469e8e417d3f97011c676f7789871fd,38770897,"""instance""",0.000262389,"['taskset', '-c', '2', '<project>/build/release/pclp', 'solve', '--instance', '<project>/data/generated/gen_layered_levels20-density0.02-skip0.005_n2000_dispersed_neg30_r0.json', '--config', '<project>/experiments/runs/dual/a0fdd7312e9621a1/resolved_config.json', '--output', '<project>/experiments/runs/dual/a0fdd7312e9621a1/result.json']",False,forest-primal,347870,0.781224643,5.677401856,layered,0,0,1593,gen_layered_levels20-density0.02-skip0.005_n2000_dispersed_neg30_r0,data/generated/gen_layered_levels20-density0.02-skip0.005_n2000_dispersed_neg30_r0.json,be895cfea9ee5376c7328764fdd826e8ff66f3d2fe59fb7cbefce1bc0378b8b5,346845,232,,2000,23259.085117102593,233,generated,46059520,348205,0.000672827,0.427849843,0.617957358,102408576,0,,1,a0fdd7312e9621a1,5.684671738999896,optimal,5.672704229,3.467065438,True
4997,493f6f942eca3576ac0253ad50581fbe0469e8e417d3f97011c676f7789871fd,0,"""instance""",0.000334238,"['taskset', '-c', '2', '<project>/build/release/pclp', 'solve', '--instance', '<project>/data/generated/gen_layered_levels20-density0.02-skip0.005_n2000_dispersed_neg30_r0.json', '--config', '<project>/experiments/runs/dual/48bf3fb6d112e57e/resolved_config.json', '--output', '<project>/experiments/runs/dual/48bf3fb6d112e57e/result.json']",False,parametric,0,0.0,0.062285797,layered,12175,465,0,gen_layered_levels20-density0.02-skip0.005_n2000_dispersed_neg30_r0,data/generated/gen_layered_levels20-density0.02-skip0.005_n2000_dispersed_neg30_r0.json,be895cfea9ee5376c7328764fdd826e8ff66f3d2fe59fb7cbefce1bc0378b8b5,0,232,,2000,23259.085117102593,464,generated,46059520,0,0.000652992,0.0,0.0,0,0,,0,48bf3fb6d112e57e,0.06914021400734782,optimal,0.057687504,0.0,True
4997,493f6f942eca3576ac0253ad50581fbe0469e8e417d3f97011c676f7789871fd,0,"""instance""",0.000332226,"['taskset', '-c', '2', '<project>/build/release/pclp', 'solve', '--instance', '<project>/data/generated/gen_layered_levels20-density0.02-skip0.005_n2000_dispersed_neg30_r0.json', '--config', '<project>/experiments/runs/dual/39d5da8b314ec9ff/resolved_config.json', '--output', '<project>/experiments/runs/dual/39d5da8b314ec9ff/result.json']",False,parametric,0,0.0,0.062753031,layered,12175,465,0,gen_layered_levels20-density0.02-skip0.005_n2000_dispersed_neg30_r0,data/generated/gen_layered_levels20-density0.02-skip0.005_n2000_dispersed_neg30_r0.json,be895cfea9ee5376c7328764fdd826e8ff66f3d2fe59fb7cbefce1bc0378b8b5,0,232,,2000,23259.085117102593,464,generated,46059520,0,0.000656158,0.0,0.0,0,0,,1,39d5da8b314ec9ff,0.0692420629929984,optimal,0.058045424,0.0,True
4892,493f6f942eca3576ac0253ad50581fbe0469e8e417d3f97011c676f7789871fd,338565458,"""instance""",0.000269331,"['taskset', '-c', '2', '<project>/build/release/pclp', 'solve', '--instance', '<project>/data/generated/gen_layered_levels20-density0.02-skip0.005_n2000_dispersed_neg30_r1.json', '--config', '<project>/experiments/runs/dual/2ad2f824e02ea168/resolved_config.json', '--output', '<project>/experiments/runs/dual/2ad2f824e02ea168/result.json']",False,forest-dual,0,1.238913604,7.719901152,layered,0,0,1014,gen_layered_levels20-density0.02-skip0.005_n2000_dispersed_neg30_r1,data/generated/gen_layered_levels20-density0.02-skip0.005_n2000_dispersed_neg30_r1.json,db8a288d794db5ce050e308adcd57bdf87fd684ac97f8e72304f32de0dc23656,196264,244,,2000,324415.9961589882,245,generated,46059520,197033,0.000591978,2.773409312,0.584692292,79468809,0,,0,2ad2f824e02ea168,7.727226317991153,optimal,7.714999963,2.870954916,True
4892,493f6f942eca3576ac0253ad50581fbe0469e8e417d3f97011c676f7789871fd,338565458,"""instance""",0.000272153,"['taskset', '-c', '2', '<project>/build/release/pclp', 'solve', '--instance', '<project>/data/generated/gen_layered_levels20-density0.02-skip0.005_n2000_dispersed_neg30_r1.json', '--config', '<project>/experiments/runs/dual/7e09b37f33b5a958/resolved_config.json', '--output', '<project>/experiments/runs/dual/7e09b37f33b5a958/result.json']",False,forest-dual,0,1.230042094,7.688773751,layered,0,0,1014,gen_layered_levels20-density0.02-skip0.005_n2000_dispersed_neg30_r1,data/generated/gen_layered_levels20-density0.02-skip0.005_n2000_dispersed_neg30_r1.json,db8a288d794db5ce050e308adcd57bdf87fd684ac97f8e72304f32de0dc23656,196264,244,,2000,324415.9961589882,245,generated,46059520,197033,0.000677849,2.745447679,0.588558141,79468809,0,,1,7e09b37f33b5a958,7.696761352010071,optimal,7.684062269,2.873355379,True
4892,493f6f942eca3576ac0253ad50581fbe0469e8e417d3f97011c676f7789871fd,542758221,"""instance""",0.000259556,"['taskset', '-c', '2', '<project>/build/release/pclp', 'solve', '--instance', '<project>/data/generated/gen_layered_levels20-density0.02-skip0.005_n2000_dispersed_neg30_r1.json', '--config', '<project>/experiments/runs/dual/065095d6d7ea34db/resolved_config.json', '--output', '<project>/experiments/runs/dual/065095d6d7ea34db/result.json']",False,forest-dual-largest-tree,0,1.972609496,13.651880043,layered,0,0,1463,gen_layered_levels20-density0.02-skip0.005_n2000_dispersed_neg30_r1,data/generated/gen_layered_levels20-density0.02-skip0.005_n2000_dispersed_neg30_r1.json,db8a288d794db5ce050e308adcd57bdf87fd684ac97f8e72304f32de0dc23656,310687,244,,2000,324415.9961589882,245,generated,46059520,311905,0.000612564,4.432632425,1.27836675,160706268,0,,0,065095d6d7ea34db,13.659444602002623,optimal,13.647096519,5.533634785,True
4892,493f6f942eca3576ac0253ad50581fbe0469e8e417d3f97011c676f7789871fd,542758221,"""instance""",0.000416937,"['taskset', '-c', '2', '<project>/build/release/pclp', 'solve', '--instance', '<project>/data/generated/gen_layered_levels20-density0.02-skip0.005_n2000_dispersed_neg30_r1.json', '--config', '<project>/experiments/runs/dual/d474b261eb4f30c4/resolved_config.json', '--output', '<project>/experiments/runs/dual/d474b261eb4f30c4/result.json']",False,forest-dual-largest-tree,0,2.058715469,14.35706104,layered,0,0,1463,gen_layered_levels20-density0.02-skip0.005_n2000_dispersed_neg30_r1,data/generated/gen_layered_levels20-density0.02-skip0.005_n2000_dispersed_neg30_r1.json,db8a288d794db5ce050e308adcd57bdf87fd684ac97f8e72304f32de0dc23656,310687,244,,2000,324415.9961589882,245,generated,46059520,311905,0.000637995,4.613005727,1.352549296,160706268,0,,1,d474b261eb4f30c4,14.364034081998398,optimal,14.352014563,5.8751681829999995,True
4892,493f6f942eca3576ac0253ad50581fbe0469e8e417d3f97011c676f7789871fd,44464785,"""instance""",0.000263694,"['taskset', '-c', '2', '<project>/build/release/pclp', 'solve', '--instance', '<project>/data/generated/gen_layered_levels20-density0.02-skip0.005_n2000_dispersed_neg30_r1.json', '--config', '<project>/experiments/runs/dual/ae648e4516cb7f7c/resolved_config.json', '--output', '<project>/experiments/runs/dual/ae648e4516cb7f7c/result.json']",False,forest-primal,389149,0.91708744,7.034727316,layered,0,0,1766,gen_layered_levels20-density0.02-skip0.005_n2000_dispersed_neg30_r1,data/generated/gen_layered_levels20-density0.02-skip0.005_n2000_dispersed_neg30_r1.json,db8a288d794db5ce050e308adcd57bdf87fd684ac97f8e72304f32de0dc23656,388041,244,,2000,324415.9961589882,245,generated,46059520,389562,0.000669096,0.504051965,0.730747442,125355651,0,,0,ae648e4516cb7f7c,7.04292259500653,optimal,7.029398745,4.422817243,True
4892,493f6f942eca3576ac0253ad50581fbe0469e8e417d3f97011c676f7789871fd,44464785,"""instance""",0.00028865,"['taskset', '-c', '2', '<project>/build/release/pclp', 'solve', '--instance', '<project>/data/generated/gen_layered_levels20-density0.02-skip0.005_n2000_dispersed_neg30_r1.json', '--config', '<project>/experiments/runs/dual/b0aa75906e946b0a/resolved_config.json', '--output', '<project>/experiments/runs/dual/b0aa75906e946b0a/result.json']",False,forest-primal,389149,0.884004686,6.901494875,layered,0,0,1766,gen_layered_levels20-density0.02-skip0.005_n2000_dispersed_neg30_r1,data/generated/gen_layered_levels20-density0.02-skip0.005_n2000_dispersed_neg30_r1.json,db8a288d794db5ce050e308adcd57bdf87fd684ac97f8e72304f32de0dc23656,388041,244,,2000,324415.9961589882,245,generated,46059520,389562,0.000647104,0.494369925,0.71535176,125355651,0,,1,b0aa75906e946b0a,6.908669894997729,optimal,6.896052446,4.355813722,True
4892,493f6f942eca3576ac0253ad50581fbe0469e8e417d3f97011c676f7789871fd,0,"""instance""",0.000408561,"['taskset', '-c', '2', '<project>/build/release/pclp', 'solve', '--instance', '<project>/data/generated/gen_layered_levels20-density0.02-skip0.005_n2000_dispersed_neg30_r1.json', '--config', '<project>/experiments/runs/dual/07629c72c56322e5/resolved_config.json', '--output', '<project>/experiments/runs/dual/07629c72c56322e5/result.json']",False,parametric,0,0.0,0.084979071,layered,11729,489,0,gen_layered_levels20-density0.02-skip0.005_n2000_dispersed_neg30_r1,data/generated/gen_layered_levels20-density0.02-skip0.005_n2000_dispersed_neg30_r1.json,db8a288d794db5ce050e308adcd57bdf87fd684ac97f8e72304f32de0dc23656,0,244,,2000,324415.9961589882,488,generated,46059520,0,0.000810591,0.0,0.0,0,0,,0,07629c72c56322e5,0.09207978199992795,optimal,0.079046902,0.0,True
4892,493f6f942eca3576ac0253ad50581fbe0469e8e417d3f97011c676f7789871fd,0,"""instance""",0.00039241,"['taskset', '-c', '2', '<project>/build/release/pclp', 'solve', '--instance', '<project>/data/generated/gen_layered_levels20-density0.02-skip0.005_n2000_dispersed_neg30_r1.json', '--config', '<project>/experiments/runs/dual/9e652d829d4d5f4f/resolved_config.json', '--output', '<project>/experiments/runs/dual/9e652d829d4d5f4f/result.json']",False,parametric,0,0.0,0.080257789,layered,11729,489,0,gen_layered_levels20-density0.02-skip0.005_n2000_dispersed_neg30_r1,data/generated/gen_layered_levels20-density0.02-skip0.005_n2000_dispersed_neg30_r1.json,db8a288d794db5ce050e308adcd57bdf87fd684ac97f8e72304f32de0dc23656,0,244,,2000,324415.9961589882,488,generated,46059520,0,0.000783945,0.0,0.0,0,0,,1,9e652d829d4d5f4f,0.08751943599781953,optimal,0.074550694,0.0,True
4804,493f6f942eca3576ac0253ad50581fbe0469e8e417d3f97011c676f7789871fd,321271556,"""instance""",0.0002555,"['taskset', '-c', '2', '<project>/build/release/pclp', 'solve', '--instance', '<project>/data/generated/gen_layered_levels20-density0.02-skip0.005_n2000_dispersed_neg30_r2.json', '--config', '<project>/experiments/runs/dual/bc6cb0852f073192/resolved_config.json', '--output', '<project>/experiments/runs/dual/bc6cb0852f073192/result.json']",False,forest-dual,0,1.19166071,7.243439601,layered,0,0,892,gen_layered_levels20-density0.02-skip0.005_n2000_dispersed_neg30_r2,data/generated/gen_layered_levels20-density0.02-skip0.005_n2000_dispersed_neg30_r2.json,cbd40cb9e4261cabaeb23c52f4da2adfae89d28e5b0f7b8fc9bf71fe90fb3b00,183956,170,,2000,14175.711982856385,171,generated,46059520,184677,0.000636449,2.665193463,0.52689067,71009680,0,,0,bc6cb0852f073192,7.25557765000849,optimal,7.238972109,2.633271692,True
4804,493f6f942eca3576ac0253ad50581fbe0469e8e417d3f97011c676f7789871fd,321271556,"""instance""",0.000247591,"['taskset', '-c', '2', '<project>/build/release/pclp', 'solve', '--instance', '<project>/data/generated/gen_layered_levels20-density0.02-skip0.005_n2000_dispersed_neg30_r2.json', '--config', '<project>/experiments/runs/dual/552a5d76c710463d/resolved_config.json', '--output', '<project>/experiments/runs/dual/552a5d76c710463d/result.json']",False,forest-dual,0,1.150563857,6.984460982,layered,0,0,892,gen_layered_levels20-density0.02-skip0.005_n2000_dispersed_neg30_r2,data/generated/gen_layered_levels20-density0.02-skip0.005_n2000_dispersed_neg30_r2.json,cbd40cb9e4261cabaeb23c52f4da2adfae89d28e5b0f7b8fc9bf71fe90fb3b00,183956,170,,2000,14175.711982856385,171,generated,46059520,184677,0.00187161,2.563217631,0.507748,71009680,0,,1,552a5d76c710463d,6.9931947980076075,optimal,6.974117385,2.536606751,True
4804,493f6f942eca3576ac0253ad50581fbe0469e8e417d3f97011c676f7789871fd,423857285,"""instance""",0.000257773,"['taskset', '-c', '2', '<project>/build/release/pclp', 'solve', '--instance', '<project>/data/generated/gen_layered_levels20-density0.02-skip0.005_n2000_dispersed_neg30_r2.json', '--config', '<project>/experiments/runs/dual/7d89ce6cfa78864a/resolved_config.json', '--output', '<project>/experiments/runs/dual/7d89ce6cfa78864a/result.json']",False,forest-dual-largest-tree,0,1.54937742,10.301234598,layered,0,0,1123,gen_layered_levels20-density0.02-skip0.005_n2000_dispersed_neg30_r2,data/generated/gen_layered_levels20-density0.02-skip0.005_n2000_dispersed_neg30_r2.json,cbd40cb9e4261cabaeb23c52f4da2adfae89d28e5b0f7b8fc9bf71fe90fb3b00,242857,170,,2000,14175.711982856385,171,generated,46059520,243809,0.000620702,3.46052297,0.948206398,115314667,0,,0,7d89ce6cfa78864a,10.308511879993603,optimal,10.296782504,4.022405485,True
4804,493f6f942eca3576ac0253ad50581fbe0469e8e417d3f97011c676f7789871fd,423857285,"""instance""",0.000251008,"['taskset', '-c', '2', '<project>/build/release/pclp', 'solve', '--instance', '<project>/data/generated/gen_layered_levels20-density0.02-skip0.005_n2000_dispersed_neg30_r2.json', '--config', '<project>/experiments/runs/dual/4f5947bfcd93eafa/resolved_config.json', '--output', '<project>/experiments/runs/dual/4f5947bfcd93eafa/result.json']",False,forest-dual-largest-tree,0,1.561517968,10.423749407,layered,0,0,1123,gen_layered_levels20-density0.02-skip0.005_n2000_dispersed_neg30_r2,data/generated/gen_layered_levels20-density0.02-skip0.005_n2000_dispersed_neg30_r2.json,cbd40cb9e4261cabaeb23c52f4da2adfae89d28e5b0f7b8fc9bf71fe90fb3b00,242857,170,,2000,14175.711982856385,171,generated,46059520,243809,0.000678311,3.4008272809999998,0.987524317,115314667,0,,1,4f5947bfcd93eafa,10.431604429002618,optimal,10.419064339,4.145894528,True
4804,493f6f942eca3576ac0253ad50581fbe0469e8e417d3f97011c676f7789871fd,33724350,"""instance""",0.000250674,"['taskset', '-c', '2', '<project>/build/release/pclp', 'solve', '--instance', '<project>/data/generated/gen_layered_levels20-density0.02-skip0.005_n2000_dispersed_neg30_r2.json', '--config', '<project>/experiments/runs/dual/e9fdd5667ef5db24/resolved_config.json', '--output', '<project>/experiments/runs/dual/e9fdd5667ef5db24/result.json']",False,forest-primal,289903,0.846738842,6.94391796,layered,0,0,1304,gen_layered_levels20-density0.02-skip0.005_n2000_dispersed_neg30_r2,data/generated/gen_layered_levels20-density0.02-skip0.005_n2000_dispersed_neg30_r2.json,cbd40cb9e4261cabaeb23c52f4da2adfae89d28e5b0f7b8fc9bf71fe90fb3b00,289130,170,,2000,14175.711982856385,171,generated,46059520,290263,0.000742032,0.43448709,0.665293504,114162678,0,,0,e9fdd5667ef5db24,6.952322579003521,optimal,6.9387551,4.58178075,True
4804,493f6f942eca3576ac0253ad50581fbe0469e8e417d3f97011c676f7789871fd,33724350,"""instance""",0.000296685,"['taskset', '-c', '2', '<project>/build/release/pclp', 'solve', '--instance', '<project>/data/generated/gen_layered_levels20-density0.02-skip0.005_n2000_dispersed_neg30_r2.json', '--config', '<project>/experiments/runs/dual/d857dad3f6e7e8fe/resolved_config.json', '--output', '<project>/experiments/runs/dual/d857dad3f6e7e8fe/result.json']",False,forest-primal,289903,0.733854921,6.492191661,layered,0,0,1304,gen_layered_levels20-density0.02-skip0.005_n2000_dispersed_neg30_r2,data/generated/gen_layered_levels20-density0.02-skip0.005_n2000_dispersed_neg30_r2.json,cbd40cb9e4261cabaeb23c52f4da2adfae89d28e5b0f7b8fc9bf71fe90fb3b00,289130,170,,2000,14175.711982856385,171,generated,46059520,290263,0.000649205,0.405095002,0.615843855,114162678,0,,1,d857dad3f6e7e8fe,6.4998319989972515,optimal,6.48770628,4.338543018,True
4804,493f6f942eca3576ac0253ad50581fbe0469e8e417d3f97011c676f7789871fd,0,"""instance""",0.000283749,"['taskset', '-c', '2', '<project>/build/release/pclp', 'solve', '--instance', '<project>/data/generated/gen_layered_levels20-density0.02-skip0.005_n2000_dispersed_neg30_r2.json', '--config', '<project>/experiments/runs/dual/febfcc22aa9df802/resolved_config.json', '--output', '<project>/experiments/runs/dual/febfcc22aa9df802/result.json']",False,parametric,0,0.0,0.043730379,layered,9746,341,0,gen_layered_levels20-density0.02-skip0.005_n2000_dispersed_neg30_r2,data/generated/gen_layered_levels20-density0.02-skip0.005_n2000_dispersed_neg30_r2.json,cbd40cb9e4261cabaeb23c52f4da2adfae89d28e5b0f7b8fc9bf71fe90fb3b00,0,170,,2000,14175.711982856385,340,generated,46059520,0,0.000639534,0.0,0.0,0,0,,0,febfcc22aa9df802,0.04967298299015965,optimal,0.039412764,0.0,True
4804,493f6f942eca3576ac0253ad50581fbe0469e8e417d3f97011c676f7789871fd,0,"""instance""",0.000315109,"['taskset', '-c', '2', '<project>/build/release/pclp', 'solve', '--instance', '<project>/data/generated/gen_layered_levels20-density0.02-skip0.005_n2000_dispersed_neg30_r2.json', '--config', '<project>/experiments/runs/dual/119a7bd1da641d0b/resolved_config.json', '--output', '<project>/experiments/runs/dual/119a7bd1da641d0b/result.json']",False,parametric,0,0.0,0.04440793,layered,9746,341,0,gen_layered_levels20-density0.02-skip0.005_n2000_dispersed_neg30_r2,data/generated/gen_layered_levels20-density0.02-skip0.005_n2000_dispersed_neg30_r2.json,cbd40cb9e4261cabaeb23c52f4da2adfae89d28e5b0f7b8fc9bf71fe90fb3b00,0,170,,2000,14175.711982856385,340,generated,46059520,0,0.00061906,0.0,0.0,0,0,,1,119a7bd1da641d0b,0.05025915599253494,optimal,0.040175718,0.0,True
5977,493f6f942eca3576ac0253ad50581fbe0469e8e417d3f97011c676f7789871fd,114937262,"""instance""",0.000327371,"['taskset', '-c', '2', '<project>/build/release/pclp', 'solve', '--instance', '<project>/data/generated/gen_sparse_degree3_n2000_dispersed_neg30_r0.json', '--config', '<project>/experiments/runs/dual/7145e840daed8414/resolved_config.json', '--output', '<project>/experiments/runs/dual/7145e840daed8414/result.json']",False,forest-dual,0,0.416162937,2.056668606,sparse,0,0,661,gen_sparse_degree3_n2000_dispersed_neg30_r0,data/generated/gen_sparse_degree3_n2000_dispersed_neg30_r0.json,07f04a9ab9d9cbc13e8ce55612c8b4558230e60d2774c6af4e662347e9445212,96643,282,,2000,24405.823160331383,283,generated,46059520,97021,0.00063594,1.091163607,0.063698274,10531388,0,,0,7145e840daed8414,2.064863678009715,optimal,2.051412812,0.400447459,True
5977,493f6f942eca3576ac0253ad50581fbe0469e8e417d3f97011c676f7789871fd,114937262,"""instance""",0.000327029,"['taskset', '-c', '2', '<project>/build/release/pclp', 'solve', '--instance', '<project>/data/generated/gen_sparse_degree3_n2000_dispersed_neg30_r0.json', '--config', '<project>/experiments/runs/dual/e1b8f17d7ab113cb/resolved_config.json', '--output', '<project>/experiments/runs/dual/e1b8f17d7ab113cb/result.json']",False,forest-dual,0,0.41842971,2.064702259,sparse,0,0,661,gen_sparse_degree3_n2000_dispersed_neg30_r0,data/generated/gen_sparse_degree3_n2000_dispersed_neg30_r0.json,07f04a9ab9d9cbc13e8ce55612c8b4558230e60d2774c6af4e662347e9445212,96643,282,,2000,24405.823160331383,283,generated,46059520,97021,0.000582123,1.0996242,0.063503295,10531388,0,,1,e1b8f17d7ab113cb,2.073367616001633,optimal,2.059531488,0.397345327,True
5977,493f6f942eca3576ac0253ad50581fbe0469e8e417d3f97011c676f7789871fd,127566747,"""instance""",0.000303928,"['taskset', '-c', '2', '<project>/build/release/pclp', 'solve', '--instance', '<project>/data/generated/gen_sparse_degree3_n2000_dispersed_neg30_r0.json', '--config', '<project>/experiments/runs/dual/79d736821bf24d5c/resolved_config.json', '--output', '<project>/experiments/runs/dual/79d736821bf24d5c/result.json']",False,forest-dual-largest-tree,0,0.464710914,2.374773659,sparse,0,0,700,gen_sparse_degree3_n2000_dispersed_neg30_r0,data/generated/gen_sparse_degree3_n2000_dispersed_neg30_r0.json,07f04a9ab9d9cbc13e8ce55612c8b4558230e60d2774c6af4e662347e9445212,106339,282,,2000,24405.823160331383,283,generated,46059520,106756,0.000575592,1.209588302,0.08866336999999999,13488803,0,,0,79d736821bf24d5c,2.382307163992664,optimal,2.369828897,0.517241681,True
5977,493f6f942eca3576ac0253ad50581fbe0469e8e417d3f97011c676f7789871fd,127566747,"""instance""",0.000298486,"['taskset', '-c', '2', '<project>/build/release/pclp', 'solve', '--instance', '<project>/data/generated/gen_sparse_degree3_n2000_dispersed_neg30_r0.json', '--config', '<project>/experiments/runs/dual/188587dd46feb933/resolved_config.json', '--output', '<project>/experiments/runs/dual/188587dd46feb933/result.json']",False,forest-dual-largest-tree,0,0.459307465,2.340455186,sparse,0,0,700,gen_sparse_degree3_n2000_dispersed_neg30_r0,data/generated/gen_sparse_degree3_n2000_dispersed_neg30_r0.json,07f04a9ab9d9cbc13e8ce55612c8b4558230e60d2774c6af4e662347e9445212,106339,282,,2000,24405.823160331383,283,generated,46059520,106756,0.000564704,1.195978118,0.08686406699999999,13488803,0,,1,188587dd46feb933,2.345973226998467,optimal,2.335252397,0.5041982230000001,True
5977,493f6f942eca3576ac0253ad50581fbe0469e8e417d3f97011c676f7789871fd,10300430,"""instance""",0.000335858,"['taskset', '-c', '2', '<project>/build/release/pclp', 'solve', '--instance', '<project>/data/generated/gen_sparse_degree3_n2000_dispersed_neg30_r0.json', '--config', '<project>/experiments/runs/dual/34e0492d1a9d93cb/resolved_config.json', '--output', '<project>/experiments/runs/dual/34e0492d1a9d93cb/result.json']",False,forest-primal,133984,0.207064146,1.313282876,sparse,0,0,809,gen_sparse_degree3_n2000_dispersed_neg30_r0,data/generated/gen_sparse_degree3_n2000_dispersed_neg30_r0.json,07f04a9ab9d9cbc13e8ce55612c8b4558230e60d2774c6af4e662347e9445212,134304,282,,2000,24405.823160331383,283,generated,46059520,134830,0.000641206,0.125368199,0.20960028,15203115,0,,0,34e0492d1a9d93cb,1.3204030859924387,optimal,1.308263611,0.640503741,True
5977,493f6f942eca3576ac0253ad50581fbe0469e8e417d3f97011c676f7789871fd,10300430,"""instance""",0.00033864,"['taskset', '-c', '2', '<project>/build/release/pclp', 'solve', '--instance', '<project>/data/generated/gen_sparse_degree3_n2000_dispersed_neg30_r0.json', '--config', '<project>/experiments/runs/dual/8af106e65fc6549f/resolved_config.json', '--output', '<project>/experiments/runs/dual/8af106e65fc6549f/result.json']",False,forest-primal,133984,0.215933993,1.31318377,sparse,0,0,809,gen_sparse_degree3_n2000_dispersed_neg30_r0,data/generated/gen_sparse_degree3_n2000_dispersed_neg30_r0.json,07f04a9ab9d9cbc13e8ce55612c8b4558230e60d2774c6af4e662347e9445212,134304,282,,2000,24405.823160331383,283,generated,46059520,134830,0.000612155,0.12387817300000001,0.206795734,15203115,0,,1,8af106e65fc6549f,1.3198465919995215,optimal,1.30807923,0.636621259,True
5977,493f6f942eca3576ac0253ad50581fbe0469e8e417d3f97011c676f7789871fd,0,"""instance""",0.000323621,"['taskset', '-c', '2', '<project>/build/release/pclp', 'solve', '--instance', '<project>/data/generated/gen_sparse_degree3_n2000_dispersed_neg30_r0.json', '--config', '<project>/experiments/runs/dual/fa67018dfdb2fd8a/resolved_config.json', '--output', '<project>/experiments/runs/dual/fa67018dfdb2fd8a/result.json']",False,parametric,0,0.0,0.067465529,sparse,11825,565,0,gen_sparse_degree3_n2000_dispersed_neg30_r0,data/generated/gen_sparse_degree3_n2000_dispersed_neg30_r0.json,07f04a9ab9d9cbc13e8ce55612c8b4558230e60d2774c6af4e662347e9445212,0,282,,2000,24405.823160331383,564,generated,46059520,0,0.00057445,0.0,0.0,0,0,,0,fa67018dfdb2fd8a,0.07331221499771345,optimal,0.062182453,0.0,True
5977,493f6f942eca3576ac0253ad50581fbe0469e8e417d3f97011c676f7789871fd,0,"""instance""",0.000331783,"['taskset', '-c', '2', '<project>/build/release/pclp', 'solve', '--instance', '<project>/data/generated/gen_sparse_degree3_n2000_dispersed_neg30_r0.json', '--config', '<project>/experiments/runs/dual/570df0295fd4bc24/resolved_config.json', '--output', '<project>/experiments/runs/dual/570df0295fd4bc24/result.json']",False,parametric,0,0.0,0.069093585,sparse,11825,565,0,gen_sparse_degree3_n2000_dispersed_neg30_r0,data/generated/gen_sparse_degree3_n2000_dispersed_neg30_r0.json,07f04a9ab9d9cbc13e8ce55612c8b4558230e60d2774c6af4e662347e9445212,0,282,,2000,24405.823160331383,564,generated,46059520,0,0.000646819,0.0,0.0,0,0,,1,570df0295fd4bc24,0.0762818020011764,optimal,0.06383818,0.0,True
5967,493f6f942eca3576ac0253ad50581fbe0469e8e417d3f97011c676f7789871fd,82743648,"""instance""",0.000326249,"['taskset', '-c', '2', '<project>/build/release/pclp', 'solve', '--instance', '<project>/data/generated/gen_sparse_degree3_n2000_dispersed_neg30_r1.json', '--config', '<project>/experiments/runs/dual/54840014ccbddeb7/resolved_config.json', '--output', '<project>/experiments/runs/dual/54840014ccbddeb7/result.json']",False,forest-dual,0,0.31599306,1.629195732,sparse,0,0,550,gen_sparse_degree3_n2000_dispersed_neg30_r1,data/generated/gen_sparse_degree3_n2000_dispersed_neg30_r1.json,bf17aeb5706708f42fba87b787ad283a9945a9f73dc6800bdef411f3a91e5bb1,74280,258,,2000,340470.39182430913,259,generated,46059520,74571,0.000576428,0.790283897,0.07195094399999999,9325015,0,,0,54840014ccbddeb7,1.63723427199875,optimal,1.623992912,0.380712252,True
5967,493f6f942eca3576ac0253ad50581fbe0469e8e417d3f97011c676f7789871fd,82743648,"""instance""",0.000336983,"['taskset', '-c', '2', '<project>/build/release/pclp', 'solve', '--instance', '<project>/data/generated/gen_sparse_degree3_n2000_dispersed_neg30_r1.json', '--config', '<project>/experiments/runs/dual/d78b8b07024e5fe7/resolved_config.json', '--output', '<project>/experiments/runs/dual/d78b8b07024e5fe7/result.json']",False,forest-dual,0,0.310218826,1.597745462,sparse,0,0,550,gen_sparse_degree3_n2000_dispersed_neg30_r1,data/generated/gen_sparse_degree3_n2000_dispersed_neg30_r1.json,bf17aeb5706708f42fba87b787ad283a9945a9f73dc6800bdef411f3a91e5bb1,74280,258,,2000,340470.39182430913,259,generated,46059520,74571,0.000605263,0.781493944,0.06896386099999999,9325015,0,,1,d78b8b07024e5fe7,1.6064605319988914,optimal,1.592242004,0.36704289,True
5967,493f6f942eca3576ac0253ad50581fbe0469e8e417d3f97011c676f7789871fd,79957848,"""instance""",0.000332211,"['taskset', '-c', '2', '<project>/build/release/pclp', 'solve', '--instance', '<project>/data/generated/gen_sparse_degree3_n2000_dispersed_neg30_r1.json', '--config', '<project>/experiments/runs/dual/d76ce27310af8b8b/resolved_config.json', '--output', '<project>/experiments/runs/dual/d76ce27310af8b8b/result.json']",False,forest-dual-largest-tree,0,0.301671561,1.527853024,sparse,0,0,546,gen_sparse_degree3_n2000_dispersed_neg30_r1,data/generated/gen_sparse_degree3_n2000_dispersed_neg30_r1.json,bf17aeb5706708f42fba87b787ad283a9945a9f73dc6800bdef411f3a91e5bb1,73425,258,,2000,340470.39182430913,259,generated,46059520,73712,0.000577915,0.780508217,0.06224591,7944427,0,,0,d76ce27310af8b8b,1.5331941509939497,optimal,1.522645696,0.316580399,True
5967,493f6f942eca3576ac0253ad50581fbe0469e8e417d3f97011c676f7789871fd,79957848,"""instance""",0.000397149,"['taskset', '-c', '2', '<project>/build/release/pclp', 'solve', '--instance', '<project>/data/generated/gen_sparse_degree3_n2000_dispersed_neg30_r1.json', '--config', '<project>/experiments/runs/dual/ebe6421ef16ba761/resolved_config.json', '--output', '<project>/experiments/runs/dual/ebe6421ef16ba761/result.json']",False,forest-dual-largest-tree,0,0.314796001,1.621999924,sparse,0,0,546,gen_sparse_degree3_n2000_dispersed_neg30_r1,data/generated/gen_sparse_degree3_n2000_dispersed_neg30_r1.json,bf17aeb5706708f42fba87b787ad283a9945a9f73dc6800bdef411f3a91e5bb1,73425,258,,2000,340470.39182430913,259,generated,46059520,73712,0.000652278,0.832398054,0.066157986,7944427,0,,1,ebe6421ef16ba761,1.6302208300039638,optimal,1.615893357,0.340196285,True
5967,493f6f942eca3576ac0253ad50581fbe0469e8e417d3f97011c676f7789871fd,8353314,"""instance""",0.000336577,"['taskset', '-c', '2', '<project>/build/release/pclp', 'solve', '--instance', '<project>/data/generated/gen_sparse_degree3_n2000_dispersed_neg30_r1.json', '--config', '<project>/experiments/runs/dual/64a4297e041735bc/resolved_config.json', '--output', '<project>/experiments/runs/dual/64a4297e041735bc/result.json']",False,forest-primal,97511,0.179026156,1.272621988,sparse,0,0,642,gen_sparse_degree3_n2000_dispersed_neg30_r1,data/generated/gen_sparse_degree3_n2000_dispersed_neg30_r1.json,bf17aeb5706708f42fba87b787ad283a9945a9f73dc6800bdef411f3a91e5bb1,97855,258,,2000,340470.39182430913,259,generated,46059520,98238,0.000546499,0.097707736,0.165858232,17237583,0,,0,64a4297e041735bc,1.2799838680075482,optimal,1.267464122,0.719364966,True
5967,493f6f942eca3576ac0253ad50581fbe0469e8e417d3f97011c676f7789871fd,8353314,"""instance""",0.000338912,"['taskset', '-c', '2', '<project>/build/release/pclp', 'solve', '--instance', '<project>/data/generated/gen_sparse_degree3_n2000_dispersed_neg30_r1.json', '--config', '<project>/experiments/runs/dual/7729a6b2b2158bc1/resolved_config.json', '--output', '<project>/experiments/runs/dual/7729a6b2b2158bc1/result.json']",False,forest-primal,97511,0.174251518,1.286633416,sparse,0,0,642,gen_sparse_degree3_n2000_dispersed_neg30_r1,data/generated/gen_sparse_degree3_n2000_dispersed_neg30_r1.json,bf17aeb5706708f42fba87b787ad283a9945a9f73dc6800bdef411f3a91e5bb1,97855,258,,2000,340470.39182430913,259,generated,46059520,98238,0.000533926,0.099621348,0.170018686,17237583,0,,1,7729a6b2b2158bc1,1.2937010010064114,optimal,1.281245475,0.729915009,True
5967,493f6f942eca3576ac0253ad50581fbe0469e8e417d3f97011c676f7789871fd,0,"""instance""",0.000360391,"['taskset', '-c', '2', '<project>/build/release/pclp', 'solve', '--instance', '<project>/data/generated/gen_sparse_degree3_n2000_dispersed_neg30_r1.json', '--config', '<project>/experiments/runs/dual/77cdff022cfe3f92/resolved_config.json', '--output', '<project>/experiments/runs/dual/77cdff022cfe3f92/result.json']",False,parametric,0,0.0,0.068313558,sparse,11294,517,0,gen_sparse_degree3_n2000_dispersed_neg30_r1,data/generated/gen_sparse_degree3_n2000_dispersed_neg30_r1.json,bf17aeb5706708f42fba87b787ad283a9945a9f73dc6800bdef411f3a91e5bb1,0,258,,2000,340470.39182430913,516,generated,46059520,0,0.0005982,0.0,0.0,0,0,,0,77cdff022cfe3f92,0.07483950999449007,optimal,0.061588268,0.0,True
5967,493f6f942eca3576ac0253ad50581fbe0469e8e417d3f97011c676f7789871fd,0,"""instance""",0.000357982,"['taskset', '-c', '2', '<project>/build/release/pclp', 'solve', '--instance', '<project>/data/generated/gen_sparse_degree3_n2000_dispersed_neg30_r1.json', '--config', '<project>/experiments/runs/dual/e7ccdd8ef6c31061/resolved_config.json', '--output', '<project>/experiments/runs/dual/e7ccdd8ef6c31061/result.json']",False,parametric,0,0.0,0.071653696,sparse,11294,517,0,gen_sparse_degree3_n2000_dispersed_neg30_r1,data/generated/gen_sparse_degree3_n2000_dispersed_neg30_r1.json,bf17aeb5706708f42fba87b787ad283a9945a9f73dc6800bdef411f3a91e5bb1,0,258,,2000,340470.39182430913,516,generated,46059520,0,0.000605342,0.0,0.0,0,0,,1,e7ccdd8ef6c31061,0.07877384900348261,optimal,0.064492117,0.0,True
5975,493f6f942eca3576ac0253ad50581fbe0469e8e417d3f97011c676f7789871fd,78553091,"""instance""",0.000351109,"['taskset', '-c', '2', '<project>/build/release/pclp', 'solve', '--instance', '<project>/data/generated/gen_sparse_degree3_n2000_dispersed_neg30_r2.json', '--config', '<project>/experiments/runs/dual/12f829fc870ed6d3/resolved_config.json', '--output', '<project>/experiments/runs/dual/12f829fc870ed6d3/result.json']",False,forest-dual,0,0.290608879,1.335014705,sparse,0,0,524,gen_sparse_degree3_n2000_dispersed_neg30_r2,data/generated/gen_sparse_degree3_n2000_dispersed_neg30_r2.json,4d3f1bd4ad094c67d209eddde78ab0fab8c9a897d1bca818a659453c9b0d63aa,77010,222,,2000,16786.826054774243,223,generated,46059520,77311,0.000633391,0.769122835,0.029482228000000003,4726562,0,,0,12f829fc870ed6d3,1.3429845720092999,optimal,1.328818808,0.184157831,True
5975,493f6f942eca3576ac0253ad50581fbe0469e8e417d3f97011c676f7789871fd,78553091,"""instance""",0.000345081,"['taskset', '-c', '2', '<project>/build/release/pclp', 'solve', '--instance', '<project>/data/generated/gen_sparse_degree3_n2000_dispersed_neg30_r2.json', '--config', '<project>/experiments/runs/dual/c8d41dcbd2d9e61c/resolved_config.json', '--output', '<project>/experiments/runs/dual/c8d41dcbd2d9e61c/result.json']",False,forest-dual,0,0.292256727,1.347049194,sparse,0,0,524,gen_sparse_degree3_n2000_dispersed_neg30_r2,data/generated/gen_sparse_degree3_n2000_dispersed_neg30_r2.json,4d3f1bd4ad094c67d209eddde78ab0fab8c9a897d1bca818a659453c9b0d63aa,77010,222,,2000,16786.826054774243,223,generated,46059520,77311,0.000767982,0.7735981710000001,0.030295134,4726562,0,,1,c8d41dcbd2d9e61c,1.3545316410018131,optimal,1.340066762,0.188370491,True
5975,493f6f942eca3576ac0253ad50581fbe0469e8e417d3f97011c676f7789871fd,79643775,"""instance""",0.000337803,"['taskset', '-c', '2', '<project>/build/release/pclp', 'solve', '--instance', '<project>/data/generated/gen_sparse_degree3_n2000_dispersed_neg30_r2.json', '--config', '<project>/experiments/runs/dual/55d6fabf0e3bc1ff/resolved_config.json', '--output', '<project>/experiments/runs/dual/55d6fabf0e3bc1ff/result.json']",False,forest-dual-largest-tree,0,0.298626059,1.362713628,sparse,0,0,530,gen_sparse_degree3_n2000_dispersed_neg30_r2,data/generated/gen_sparse_degree3_n2000_dispersed_neg30_r2.json,4d3f1bd4ad094c67d209eddde78ab0fab8c9a897d1bca818a659453c9b0d63aa,78315,222,,2000,16786.826054774243,223,generated,46059520,78622,0.000889222,0.795737857,0.029697029000000003,4403148,0,,0,55d6fabf0e3bc1ff,1.3712310249975417,optimal,1.355170409,0.175146517,True
5975,493f6f942eca3576ac0253ad50581fbe0469e8e417d3f97011c676f7789871fd,79643775,"""instance""",0.000322268,"['taskset', '-c', '2', '<project>/build/release/pclp', 'solve', '--instance', '<project>/data/generated/gen_sparse_degree3_n2000_dispersed_neg30_r2.json', '--config', '<project>/experiments/runs/dual/85c56ecce07815b8/resolved_config.json', '--output', '<project>/experiments/runs/dual/85c56ecce07815b8/result.json']",False,forest-dual-largest-tree,0,0.293422132,1.338635764,sparse,0,0,530,gen_sparse_degree3_n2000_dispersed_neg30_r2,data/generated/gen_sparse_degree3_n2000_dispersed_neg30_r2.json,4d3f1bd4ad094c67d209eddde78ab0fab8c9a897d1bca818a659453c9b0d63aa,78315,222,,2000,16786.826054774243,223,generated,46059520,78622,0.000705601,0.783619205,0.029105502000000002,4403148,0,,1,85c56ecce07815b8,1.345838516994263,optimal,1.332552503,0.171415787,True
5975,493f6f942eca3576ac0253ad50581fbe0469e8e417d3f97011c676f7789871fd,6953032,"""instance""",0.000359241,"['taskset', '-c', '2', '<project>/build/release/pclp', 'solve', '--instance', '<project>/data/generated/gen_sparse_degree3_n2000_dispersed_neg30_r2.json', '--config', '<project>/experiments/runs/dual/256055550a048d6c/resolved_config.json', '--output', '<project>/experiments/runs/dual/256055550a048d6c/result.json']",False,forest-primal,102703,0.169341378,1.055722524,sparse,0,0,627,gen_sparse_degree3_n2000_dispersed_neg30_r2,data/generated/gen_sparse_degree3_n2000_dispersed_neg30_r2.json,4d3f1bd4ad094c67d209eddde78ab0fab8c9a897d1bca818a659453c9b0d63aa,103026,222,,2000,16786.826054774243,223,generated,46059520,103430,0.000584553,0.090838171,0.158187315,11864654,0,,0,256055550a048d6c,1.0635148270084755,optimal,1.048979052,0.52853325,True
5975,493f6f942eca3576ac0253ad50581fbe0469e8e417d3f97011c676f7789871fd,6953032,"""instance""",0.000333205,"['taskset', '-c', '2', '<project>/build/release/pclp', 'solve', '--instance', '<project>/data/generated/gen_sparse_degree3_n2000_dispersed_neg30_r2.json', '--config', '<project>/experiments/runs/dual/c13206750450e9bc/resolved_config.json', '--output', '<project>/experiments/runs/dual/c13206750450e9bc/result.json']",False,forest-primal,102703,0.158282616,1.039945435,sparse,0,0,627,gen_sparse_degree3_n2000_dispersed_neg30_r2,data/generated/gen_sparse_degree3_n2000_dispersed_neg30_r2.json,4d3f1bd4ad094c67d209eddde78ab0fab8c9a897d1bca818a659453c9b0d63aa,103026,222,,2000,16786.826054774243,223,generated,46059520,103430,0.00057813,0.089310131,0.15672262,11864654,0,,1,c13206750450e9bc,1.0461734480049927,optimal,1.033189878,0.528454071,True
5975,493f6f942eca3576ac0253ad50581fbe0469e8e417d3f97011c676f7789871fd,0,"""instance""",0.000359843,"['taskset', '-c', '2', '<project>/build/release/pclp', 'solve', '--instance', '<project>/data/generated/gen_sparse_degree3_n2000_dispersed_neg30_r2.json', '--config', '<project>/experiments/runs/dual/1451307f0ae46881/resolved_config.json', '--output', '<project>/experiments/runs/dual/1451307f0ae46881/result.json']",False,parametric,0,0.0,0.060884415,sparse,10450,445,0,gen_sparse_degree3_n2000_dispersed_neg30_r2,data/generated/gen_sparse_degree3_n2000_dispersed_neg30_r2.json,4d3f1bd4ad094c67d209eddde78ab0fab8c9a897d1bca818a659453c9b0d63aa,0,222,,2000,16786.826054774243,444,generated,46059520,0,0.000734822,0.0,0.0,0,0,,0,1451307f0ae46881,0.0685770669952035,optimal,0.054515243,0.0,True
5975,493f6f942eca3576ac0253ad50581fbe0469e8e417d3f97011c676f7789871fd,0,"""instance""",0.000380745,"['taskset', '-c', '2', '<project>/build/release/pclp', 'solve', '--instance', '<project>/data/generated/gen_sparse_degree3_n2000_dispersed_neg30_r2.json', '--config', '<project>/experiments/runs/dual/a44f439de902b1f7/resolved_config.json', '--output', '<project>/experiments/runs/dual/a44f439de902b1f7/result.json']",False,parametric,0,0.0,0.065742261,sparse,10450,445,0,gen_sparse_degree3_n2000_dispersed_neg30_r2,data/generated/gen_sparse_degree3_n2000_dispersed_neg30_r2.json,4d3f1bd4ad094c67d209eddde78ab0fab8c9a897d1bca818a659453c9b0d63aa,0,222,,2000,16786.826054774243,444,generated,46059520,0,0.000634291,0.0,0.0,0,0,,1,a44f439de902b1f7,0.0727855860022828,optimal,0.058870191,0.0,True
583,493f6f942eca3576ac0253ad50581fbe0469e8e417d3f97011c676f7789871fd,193198,"""instance""",4.805e-05,"['taskset', '-c', '2', '<project>/build/release/pclp', 'solve', '--instance', '<project>/data/generated/gen_sparse_degree3_n200_dispersed_neg30_r0.json', '--config', '<project>/experiments/runs/dual/c07adc0ddef7df1c/resolved_config.json', '--output', '<project>/experiments/runs/dual/c07adc0ddef7df1c/result.json']",False,forest-dual,0,0.001448171,0.010297281,sparse,0,0,37,gen_sparse_degree3_n200_dispersed_neg30_r0,data/generated/gen_sparse_degree3_n200_dispersed_neg30_r0.json,3a9badafa777fa26bf1330e27008ba32231bc17929b172b3ffb9c9d8ff7efd79,1372,31,,200,2384.714953271028,32,generated,23171072,1377,0.00012591,0.003751273,0.000390695,35405,0,,0,c07adc0ddef7df1c,0.016719277991796844,optimal,0.009210767,0.002396296,True
583,493f6f942eca3576ac0253ad50581fbe0469e8e417d3f97011c676f7789871fd,193198,"""instance""",4.6556e-05,"['taskset', '-c', '2', '<project>/build/release/pclp', 'solve', '--instance', '<project>/data/generated/gen_sparse_degree3_n200_dispersed_neg30_r0.json', '--config', '<project>/experiments/runs/dual/3e2648997a81a750/resolved_config.json', '--output', '<project>/experiments/runs/dual/3e2648997a81a750/result.json']",False,forest-dual,0,0.001072606,0.00745331,sparse,0,0,37,gen_sparse_degree3_n200_dispersed_neg30_r0,data/generated/gen_sparse_degree3_n200_dispersed_neg30_r0.json,3a9badafa777fa26bf1330e27008ba32231bc17929b172b3ffb9c9d8ff7efd79,1372,31,,200,2384.714953271028,32,generated,23171072,1377,8.7757e-05,0.00263773,0.00030502,35405,0,,1,3e2648997a81a750,0.011685846009640954,optimal,0.006727889,0.001707368,True
583,493f6f942eca3576ac0253ad50581fbe0469e8e417d3f97011c676f7789871fd,193418,"""instance""",4.6754e-05,"['taskset', '-c', '2', '<project>/build/release/pclp', 'solve', '--instance', '<project>/data/generated/gen_sparse_degree3_n200_dispersed_neg30_r0.json', '--config', '<project>/experiments/runs/dual/55886c1e648e8c9d/resolved_config.json', '--output', '<project>/experiments/runs/dual/55886c1e648e8c9d/result.json']",False,forest-dual-largest-tree,0,0.001071406,0.007647778,sparse,0,0,37,gen_sparse_degree3_n200_dispersed_neg30_r0,data/generated/gen_sparse_degree3_n200_dispersed_neg30_r0.json,3a9badafa777fa26bf1330e27008ba32231bc17929b172b3ffb9c9d8ff7efd79,1377,31,,200,2384.714953271028,32,generated,23171072,1382,8.8067e-05,0.002869825,0.000338817,33503,0,,0,55886c1e648e8c9d,0.011636174996965565,optimal,0.006912644,0.001615364,True
583,493f6f942eca3576ac0253ad50581fbe0469e8e417d3f97011c676f7789871fd,193418,"""instance""",4.6208e-05,"['taskset', '-c', '2', '<project>/build/release/pclp', 'solve', '--instance', '<project>/data/generated/gen_sparse_degree3_n200_dispersed_neg30_r0.json', '--config', '<project>/experiments/runs/dual/ba986c8b25323c65/resolved_config.json', '--output', '<project>/experiments/runs/dual/ba986c8b25323c65/result.json']",False,forest-dual-largest-tree,0,0.001077771,0.007474252,sparse,0,0,37,gen_sparse_degree3_n200_dispersed_neg30_r0,data/generated/gen_sparse_degree3_n200_dispersed_neg30_r0.json,3a9badafa777fa26bf1330e27008ba32231bc17929b172b3ffb9c9d8ff7efd79,1377,31,,200,2384.714953271028,32,generated,23334912,1382,8.3708e-05,0.002707103,0.000338446,33503,0,,1,ba986c8b25323c65,0.010888048986089416,optimal,0.006764823,0.001624621,True
583,493f6f942eca3576ac0253ad50581fbe0469e8e417d3f97011c676f7789871fd,63392,"""instance""",4.6932e-05,"['taskset', '-c', '2', '<project>/build/release/pclp', 'solve', '--instance', '<project>/data/generated/gen_sparse_degree3_n200_dispersed_neg30_r0.json', '--config', '<project>/experiments/runs/dual/d5b2f52fe466d4e2/resolved_config.json', '--output', '<project>/experiments/runs/dual/d5b2f52fe466d4e2/result.json']",False,forest-primal,1754,0.001013434,0.010480326,sparse,0,0,39,gen_sparse_degree3_n200_dispersed_neg30_r0,data/generated/gen_sparse_degree3_n200_dispersed_neg30_r0.json,3a9badafa777fa26bf1330e27008ba32231bc17929b172b3ffb9c9d8ff7efd79,1896,31,,200,2384.714953271028,32,generated,23007232,1903,0.00010537,0.001087927,0.001289065,107625,0,,0,d5b2f52fe466d4e2,0.014462235005339608,optimal,0.009769015,0.004750012,True
583,493f6f942eca3576ac0253ad50581fbe0469e8e417d3f97011c676f7789871fd,63392,"""instance""",5.0161e-05,"['taskset', '-c', '2', '<project>/build/release/pclp', 'solve', '--instance', '<project>/data/generated/gen_sparse_degree3_n200_dispersed_neg30_r0.json', '--config', '<project>/experiments/runs/dual/d0b2a723db69c012/resolved_config.json', '--output', '<project>/experiments/runs/dual/d0b2a723db69c012/result.json']",False,forest-primal,1754,0.001066559,0.011018661,sparse,0,0,39,gen_sparse_degree3_n200_dispersed_neg30_r0,data/generated/gen_sparse_degree3_n200_dispersed_neg30_r0.json,3a9badafa777fa26bf1330e27008ba32231bc17929b172b3ffb9c9d8ff7efd79,1896,31,,200,2384.714953271028,32,generated,23171072,1903,8.8688e-05,0.001163148,0.001384672,107625,0,,1,d0b2a723db69c012,0.015814924001460895,optimal,0.010251721,0.004956514,True
583,493f6f942eca3576ac0253ad50581fbe0469e8e417d3f97011c676f7789871fd,0,"""instance""",4.8701e-05,"['taskset', '-c', '2', '<project>/build/release/pclp', 'solve', '--instance', '<project>/data/generated/gen_sparse_degree3_n200_dispersed_neg30_r0.json', '--config', '<project>/experiments/runs/dual/3573b71025cc277d/resolved_config.json', '--output', '<project>/experiments/runs/dual/3573b71025cc277d/result.json']",False,parametric,0,0.0,0.002381439,sparse,758,63,0,gen_sparse_degree3_n200_dispersed_neg30_r0,data/generated/gen_sparse_degree3_n200_dispersed_neg30_r0.json,3a9badafa777fa26bf1330e27008ba32231bc17929b172b3ffb9c9d8ff7efd79,0,31,,200,2384.714953271028,62,generated,23498752,0,8.5205e-05,0.0,0.0,0,0,,0,3573b71025cc277d,0.005940856004599482,optimal,0.001667846,0.0,True
583,493f6f942eca3576ac0253ad50581fbe0469e8e417d3f97011c676f7789871fd,0,"""instance""",4.4496e-05,"['taskset', '-c', '2', '<project>/build/release/pclp', 'solve', '--instance', '<project>/data/generated/gen_sparse_degree3_n200_dispersed_neg30_r0.json', '--config', '<project>/experiments/runs/dual/b2f4c4079aef27c8/resolved_config.json', '--output', '<project>/experiments/runs/dual/b2f4c4079aef27c8/result.json']",False,parametric,0,0.0,0.002373709,sparse,758,63,0,gen_sparse_degree3_n200_dispersed_neg30_r0,data/generated/gen_sparse_degree3_n200_dispersed_neg30_r0.json,3a9badafa777fa26bf1330e27008ba32231bc17929b172b3ffb9c9d8ff7efd79,0,31,,200,2384.714953271028,62,generated,23662592,0,8.4552e-05,0.0,0.0,0,0,,1,b2f4c4079aef27c8,0.005777839993243106,optimal,0.001678297,0.0,True
583,493f6f942eca3576ac0253ad50581fbe0469e8e417d3f97011c676f7789871fd,130119,"""instance""",4.8056e-05,"['taskset', '-c', '2', '<project>/build/release/pclp', 'solve', '--instance', '<project>/data/generated/gen_sparse_degree3_n200_dispersed_neg30_r1.json', '--config', '<project>/experiments/runs/dual/bc09ceedd51aa097/resolved_config.json', '--output', '<project>/experiments/runs/dual/bc09ceedd51aa097/result.json']",False,forest-dual,0,0.000929551,0.00732602,sparse,0,0,29,gen_sparse_degree3_n200_dispersed_neg30_r1,data/generated/gen_sparse_degree3_n200_dispersed_neg30_r1.json,541ccedff8a50158967570311c5b1577767f45928cd69cb4765476635fee9eb9,908,25,,200,39122.88947818706,26,generated,23826432,911,0.000117877,0.002211498,0.000313811,29560,0,,0,bc09ceedd51aa097,0.011870884001837112,optimal,0.006170298,0.001796104,True
583,493f6f942eca3576ac0253ad50581fbe0469e8e417d3f97011c676f7789871fd,130119,"""instance""",4.7608e-05,"['taskset', '-c', '2', '<project>/build/release/pclp', 'solve', '--instance', '<project>/data/generated/gen_sparse_degree3_n200_dispersed_neg30_r1.json', '--config', '<project>/experiments/runs/dual/38b5d38e66ba7b46/resolved_config.json', '--output', '<project>/experiments/runs/dual/38b5d38e66ba7b46/result.json']",False,forest-dual,0,0.00076648,0.005833836,sparse,0,0,29,gen_sparse_degree3_n200_dispersed_neg30_r1,data/generated/gen_sparse_degree3_n200_dispersed_neg30_r1.json,541ccedff8a50158967570311c5b1577767f45928cd69cb4765476635fee9eb9,908,25,,200,39122.88947818706,26,generated,23826432,911,8.7363e-05,0.001725817,0.000278471,29560,0,,1,38b5d38e66ba7b46,0.009603919999790378,optimal,0.005059484,0.001486525,True
583,493f6f942eca3576ac0253ad50581fbe0469e8e417d3f97011c676f7789871fd,123004,"""instance""",4.5987e-05,"['taskset', '-c', '2', '<project>/build/release/pclp', 'solve', '--instance', '<project>/data/generated/gen_sparse_degree3_n200_dispersed_neg30_r1.json', '--config', '<project>/experiments/runs/dual/1bcc45c3be956eb0/resolved_config.json', '--output', '<project>/experiments/runs/dual/1bcc45c3be956eb0/result.json']",False,forest-dual-largest-tree,0,0.00069318,0.005393548,sparse,0,0,29,gen_sparse_degree3_n200_dispersed_neg30_r1,data/generated/gen_sparse_degree3_n200_dispersed_neg30_r1.json,541ccedff8a50158967570311c5b1577767f45928cd69cb4765476635fee9eb9,865,25,,200,39122.88947818706,26,generated,23826432,868,8.2648e-05,0.001653205,0.000260905,25807,0,,0,1bcc45c3be956eb0,0.012028683995595202,optimal,0.0046351,0.001282254,True
583,493f6f942eca3576ac0253ad50581fbe0469e8e417d3f97011c676f7789871fd,123004,"""instance""",6.8526e-05,"['taskset', '-c', '2', '<project>/build/release/pclp', 'solve', '--instance', '<project>/data/generated/gen_sparse_degree3_n200_dispersed_neg30_r1.json', '--config', '<project>/experiments/runs/dual/80037657574b3a17/resolved_config.json', '--output', '<project>/experiments/runs/dual/80037657574b3a17/result.json']",False,forest-dual-largest-tree,0,0.001044944,0.008057141,sparse,0,0,29,gen_sparse_degree3_n200_dispersed_neg30_r1,data/generated/gen_sparse_degree3_n200_dispersed_neg30_r1.json,541ccedff8a50158967570311c5b1577767f45928cd69cb4765476635fee9eb9,865,25,,200,39122.88947818706,26,generated,23990272,868,0.000113113,0.002682006,0.000359099,25807,0,,1,80037657574b3a17,0.013203927999711595,optimal,0.006947913,0.001830769,True
583,493f6f942eca3576ac0253ad50581fbe0469e8e417d3f97011c676f7789871fd,58554,"""instance""",7.4504e-05,"['taskset', '-c', '2', '<project>/build/release/pclp', 'solve', '--instance', '<project>/data/generated/gen_sparse_degree3_n200_dispersed_neg30_r1.json', '--config', '<project>/experiments/runs/dual/be702aa5dd41c007/resolved_config.json', '--output', '<project>/experiments/runs/dual/be702aa5dd41c007/result.json']",False,forest-primal,1493,0.002459781,0.020919563,sparse,0,0,32,gen_sparse_degree3_n200_dispersed_neg30_r1,data/generated/gen_sparse_degree3_n200_dispersed_neg30_r1.json,541ccedff8a50158967570311c5b1577767f45928cd69cb4765476635fee9eb9,1691,25,,200,39122.88947818706,26,generated,23662592,1697,0.000120453,0.001722516,0.002599328,161429,0,,0,be702aa5dd41c007,0.02774935901106801,optimal,0.01972574,0.010909635,True
583,493f6f942eca3576ac0253ad50581fbe0469e8e417d3f97011c676f7789871fd,58554,"""instance""",7.3741e-05,"['taskset', '-c', '2', '<project>/build/release/pclp', 'solve', '--instance', '<project>/data/generated/gen_sparse_degree3_n200_dispersed_neg30_r1.json', '--config', '<project>/experiments/runs/dual/2ab27ce1bcc8a1b0/resolved_config.json', '--output', '<project>/experiments/runs/dual/2ab27ce1bcc8a1b0/result.json']",False,forest-primal,1493,0.002284685,0.01971022,sparse,0,0,32,gen_sparse_degree3_n200_dispersed_neg30_r1,data/generated/gen_sparse_degree3_n200_dispersed_neg30_r1.json,541ccedff8a50158967570311c5b1577767f45928cd69cb4765476635fee9eb9,1691,25,,200,39122.88947818706,26,generated,23662592,1697,0.000114367,0.001683337,0.002480164,161429,0,,1,2ab27ce1bcc8a1b0,0.02532947700819932,optimal,0.018568713,0.010134043,True
583,493f6f942eca3576ac0253ad50581fbe0469e8e417d3f97011c676f7789871fd,0,"""instance""",6.7969e-05,"['taskset', '-c', '2', '<project>/build/release/pclp', 'solve', '--instance', '<project>/data/generated/gen_sparse_degree3_n200_dispersed_neg30_r1.json', '--config', '<project>/experiments/runs/dual/422cb10ba3da80b2/resolved_config.json', '--output', '<project>/experiments/runs/dual/422cb10ba3da80b2/result.json']",False,parametric,0,0.0,0.002987196,sparse,711,51,0,gen_sparse_degree3_n200_dispersed_neg30_r1,data/generated/gen_sparse_degree3_n200_dispersed_neg30_r1.json,541ccedff8a50158967570311c5b1577767f45928cd69cb4765476635fee9eb9,0,25,,200,39122.88947818706,50,generated,23990272,0,0.000112627,0.0,0.0,0,0,,0,422cb10ba3da80b2,0.007001108999247663,optimal,0.001884159,0.0,True
583,493f6f942eca3576ac0253ad50581fbe0469e8e417d3f97011c676f7789871fd,0,"""instance""",6.9097e-05,"['taskset', '-c', '2', '<project>/build/release/pclp', 'solve', '--instance', '<project>/data/generated/gen_sparse_degree3_n200_dispersed_neg30_r1.json', '--config', '<project>/experiments/runs/dual/c76aac30379121c2/resolved_config.json', '--output', '<project>/experiments/runs/dual/c76aac30379121c2/result.json']",False,parametric,0,0.0,0.003000729,sparse,711,51,0,gen_sparse_degree3_n200_dispersed_neg30_r1,data/generated/gen_sparse_degree3_n200_dispersed_neg30_r1.json,541ccedff8a50158967570311c5b1577767f45928cd69cb4765476635fee9eb9,0,25,,200,39122.88947818706,50,generated,23990272,0,0.000111361,0.0,0.0,0,0,,1,c76aac30379121c2,0.006645161003689282,optimal,0.001906542,0.0,True
577,493f6f942eca3576ac0253ad50581fbe0469e8e417d3f97011c676f7789871fd,141442,"""instance""",6.7056e-05,"['taskset', '-c', '2', '<project>/build/release/pclp', 'solve', '--instance', '<project>/data/generated/gen_sparse_degree3_n200_dispersed_neg30_r2.json', '--config', '<project>/experiments/runs/dual/c33a1dfc1be8f8f1/resolved_config.json', '--output', '<project>/experiments/runs/dual/c33a1dfc1be8f8f1/result.json']",False,forest-dual,0,0.001275479,0.009623425,sparse,0,0,31,gen_sparse_degree3_n200_dispersed_neg30_r2,data/generated/gen_sparse_degree3_n200_dispersed_neg30_r2.json,f546cf86f355a7207edd08d8e8c1b88ef3c192e4227a5f7d51034bfb89fee898,1034,26,,200,1731.3808539944903,27,generated,23990272,1038,0.000120892,0.003133476,0.000404111,32570,0,,0,c33a1dfc1be8f8f1,0.014691668999148533,optimal,0.008491415,0.002503715,True
577,493f6f942eca3576ac0253ad50581fbe0469e8e417d3f97011c676f7789871fd,141442,"""instance""",6.9865e-05,"['taskset', '-c', '2', '<project>/build/release/pclp', 'solve', '--instance', '<project>/data/generated/gen_sparse_degree3_n200_dispersed_neg30_r2.json', '--config', '<project>/experiments/runs/dual/1462da1804735864/resolved_config.json', '--output', '<project>/experiments/runs/dual/1462da1804735864/result.json']",False,forest-dual,0,0.001294405,0.009495433,sparse,0,0,31,gen_sparse_degree3_n200_dispersed_neg30_r2,data/generated/gen_sparse_degree3_n200_dispersed_neg30_r2.json,f546cf86f355a7207edd08d8e8c1b88ef3c192e4227a5f7d51034bfb89fee898,1034,26,,200,1731.3808539944903,27,generated,24154112,1038,0.000120501,0.003105667,0.000389342,32570,0,,1,1462da1804735864,0.014510987006360665,optimal,0.00835062,0.002406541,True
577,493f6f942eca3576ac0253ad50581fbe0469e8e417d3f97011c676f7789871fd,132597,"""instance""",7.3596e-05,"['taskset', '-c', '2', '<project>/build/release/pclp', 'solve', '--instance', '<project>/data/generated/gen_sparse_degree3_n200_dispersed_neg30_r2.json', '--config', '<project>/experiments/runs/dual/4e2c3de09d5c6925/resolved_config.json', '--output', '<project>/experiments/runs/dual/4e2c3de09d5c6925/result.json']",False,forest-dual-largest-tree,0,0.001241156,0.008763648,sparse,0,0,30,gen_sparse_degree3_n200_dispersed_neg30_r2,data/generated/gen_sparse_degree3_n200_dispersed_neg30_r2.json,f546cf86f355a7207edd08d8e8c1b88ef3c192e4227a5f7d51034bfb89fee898,972,26,,200,1731.3808539944903,27,generated,24154112,975,0.000117715,0.002947872,0.000358788,25517,0,,0,4e2c3de09d5c6925,0.01388867299829144,optimal,0.007601449,0.001934924,True
577,493f6f942eca3576ac0253ad50581fbe0469e8e417d3f97011c676f7789871fd,132597,"""instance""",4.9903e-05,"['taskset', '-c', '2', '<project>/build/release/pclp', 'solve', '--instance', '<project>/data/generated/gen_sparse_degree3_n200_dispersed_neg30_r2.json', '--config', '<project>/experiments/runs/dual/d358e2d207ea41af/resolved_config.json', '--output', '<project>/experiments/runs/dual/d358e2d207ea41af/result.json']",False,forest-dual-largest-tree,0,0.001183519,0.00850569,sparse,0,0,30,gen_sparse_degree3_n200_dispersed_neg30_r2,data/generated/gen_sparse_degree3_n200_dispersed_neg30_r2.json,f546cf86f355a7207edd08d8e8c1b88ef3c192e4227a5f7d51034bfb89fee898,972,26,,200,1731.3808539944903,27,generated,24154112,975,0.000119548,0.002893182,0.000353812,25517,0,,1,d358e2d207ea41af,0.013281502004247159,optimal,0.007388993,0.001923098,True
577,493f6f942eca3576ac0253ad50581fbe0469e8e417d3f97011c676f7789871fd,38390,"""instance""",6.3673e-05,"['taskset', '-c', '2', '<project>/build/release/pclp', 'solve', '--instance', '<project>/data/generated/gen_sparse_degree3_n200_dispersed_neg30_r2.json', '--config', '<project>/experiments/runs/dual/031ab7a9140ea97e/resolved_config.json', '--output', '<project>/experiments/runs/dual/031ab7a9140ea97e/result.json']",False,forest-primal,1094,0.000898795,0.010152224,sparse,0,0,31,gen_sparse_degree3_n200_dispersed_neg30_r2,data/generated/gen_sparse_degree3_n200_dispersed_neg30_r2.json,f546cf86f355a7207edd08d8e8c1b88ef3c192e4227a5f7d51034bfb89fee898,1158,26,,200,1731.3808539944903,27,generated,23990272,1162,0.000110205,0.001074672,0.001135167,68388,0,,0,031ab7a9140ea97e,0.015485259995330125,optimal,0.009106223,0.00447045,True
577,493f6f942eca3576ac0253ad50581fbe0469e8e417d3f97011c676f7789871fd,38390,"""instance""",7.0355e-05,"['taskset', '-c', '2', '<project>/build/release/pclp', 'solve', '--instance', '<project>/data/generated/gen_sparse_degree3_n200_dispersed_neg30_r2.json', '--config', '<project>/experiments/runs/dual/eb97335e0206da71/resolved_config.json', '--output', '<project>/experiments/runs/dual/eb97335e0206da71/result.json']",False,forest-primal,1094,0.000929027,0.010609684,sparse,0,0,31,gen_sparse_degree3_n200_dispersed_neg30_r2,data/generated/gen_sparse_degree3_n200_dispersed_neg30_r2.json,f546cf86f355a7207edd08d8e8c1b88ef3c192e4227a5f7d51034bfb89fee898,1158,26,,200,1731.3808539944903,27,generated,23990272,1162,0.000115199,0.001113475,0.001152766,68388,0,,1,eb97335e0206da71,0.015743882991955616,optimal,0.009499506,0.004666302,True
577,493f6f942eca3576ac0253ad50581fbe0469e8e417d3f97011c676f7789871fd,0,"""instance""",4.4909e-05,"['taskset', '-c', '2', '<project>/build/release/pclp', 'solve', '--instance', '<project>/data/generated/gen_sparse_degree3_n200_dispersed_neg30_r2.json', '--config', '<project>/experiments/runs/dual/dc15c6243f169aa3/resolved_config.json', '--output', '<project>/experiments/runs/dual/dc15c6243f169aa3/result.json']",False,parametric,0,0.0,0.002212865,sparse,742,53,0,gen_sparse_degree3_n200_dispersed_neg30_r2,data/generated/gen_sparse_degree3_n200_dispersed_neg30_r2.json,f546cf86f355a7207edd08d8e8c1b88ef3c192e4227a5f7d51034bfb89fee898,0,26,,200,1731.3808539944903,52,generated,24154112,0,8.3767e-05,0.0,0.0,0,0,,0,dc15c6243f169aa3,0.0058313729969086125,optimal,0.001506404,0.0,True
577,493f6f942eca3576ac0253ad50581fbe0469e8e417d3f97011c676f7789871fd,0,"""instance""",4.3946e-05,"['taskset', '-c', '2', '<project>/build/release/pclp', 'solve', '--instance', '<project>/data/generated/gen_sparse_degree3_n200_dispersed_neg30_r2.json', '--config', '<project>/experiments/runs/dual/7c572381cb14ea8d/resolved_config.json', '--output', '<project>/experiments/runs/dual/7c572381cb14ea8d/result.json']",False,parametric,0,0.0,0.002177389,sparse,742,53,0,gen_sparse_degree3_n200_dispersed_neg30_r2,data/generated/gen_sparse_degree3_n200_dispersed_neg30_r2.json,f546cf86f355a7207edd08d8e8c1b88ef3c192e4227a5f7d51034bfb89fee898,0,26,,200,1731.3808539944903,52,generated,24154112,0,8.5088e-05,0.0,0.0,0,0,,1,7c572381cb14ea8d,0.006511034007417038,optimal,0.001474008,0.0,True
1564,493f6f942eca3576ac0253ad50581fbe0469e8e417d3f97011c676f7789871fd,148442,"""instance""",8.3211e-05,"['taskset', '-c', '2', '<project>/build/release/pclp', 'solve', '--instance', '<project>/data/generated/gen_transitive_degree2-extra3.0_n200_uniform_neg30_r0.json', '--config', '<project>/experiments/runs/dual/6f059b30c1027f27/resolved_config.json', '--output', '<project>/experiments/runs/dual/6f059b30c1027f27/result.json']",False,forest-dual,0,0.000815866,0.007360903,transitive,0,0,46,gen_transitive_degree2-extra3.0_n200_uniform_neg30_r0,data/generated/gen_transitive_degree2-extra3.0_n200_uniform_neg30_r0.json,33cbd14bfad6e7724454048d971e85124dbec38ad0893182878803ffe84e9dae,1050,41,,200,2943.5605263157895,42,generated,24260608,1054,0.000158315,0.002175732,0.000394926,28003,0,,0,6f059b30c1027f27,0.011056298986659385,optimal,0.005965066,0.00135139,True
1564,493f6f942eca3576ac0253ad50581fbe0469e8e417d3f97011c676f7789871fd,148442,"""instance""",8.1659e-05,"['taskset', '-c', '2', '<project>/build/release/pclp', 'solve', '--instance', '<project>/data/generated/gen_transitive_degree2-extra3.0_n200_uniform_neg30_r0.json', '--config', '<project>/experiments/runs/dual/4fddee124ed4bc48/resolved_config.json', '--output', '<project>/experiments/runs/dual/4fddee124ed4bc48/result.json']",False,forest-dual,0,0.000831676,0.00737571,transitive,0,0,46,gen_transitive_degree2-extra3.0_n200_uniform_neg30_r0,data/generated/gen_transitive_degree2-extra3.0_n200_uniform_neg30_r0.json,33cbd14bfad6e7724454048d971e85124dbec38ad0893182878803ffe84e9dae,1050,41,,200,2943.5605263157895,42,generated,24260608,1054,0.000153034,0.00216514,0.000388386,28003,0,,1,4fddee124ed4bc48,0.011380204989109188,optimal,0.005989202,0.001378663,True
1564,493f6f942eca3576ac0253ad50581fbe0469e8e417d3f97011c676f7789871fd,123664,"""instance""",7.9007e-05,"['taskset', '-c', '2', '<project>/build/release/pclp', 'solve', '--instance', '<project>/data/generated/gen_transitive_degree2-extra3.0_n200_uniform_neg30_r0.json', '--config', '<project>/experiments/runs/dual/1255793ee120f39b/resolved_config.json', '--output', '<project>/experiments/runs/dual/1255793ee120f39b/result.json']",False,forest-dual-largest-tree,0,0.000659452,0.006324493,transitive,0,0,45,gen_transitive_degree2-extra3.0_n200_uniform_neg30_r0,data/generated/gen_transitive_degree2-extra3.0_n200_uniform_neg30_r0.json,33cbd14bfad6e7724454048d971e85124dbec38ad0893182878803ffe84e9dae,944,41,,200,2943.5605263157895,42,generated,24260608,947,0.000141322,0.001764345,0.000401178,22787,0,,0,1255793ee120f39b,0.010047812000266276,optimal,0.004993598,0.001042903,True
1564,493f6f942eca3576ac0253ad50581fbe0469e8e417d3f97011c676f7789871fd,123664,"""instance""",7.7491e-05,"['taskset', '-c', '2', '<project>/build/release/pclp', 'solve', '--instance', '<project>/data/generated/gen_transitive_degree2-extra3.0_n200_uniform_neg30_r0.json', '--config', '<project>/experiments/runs/dual/2ecbeca0612d6d41/resolved_config.json', '--output', '<project>/experiments/runs/dual/2ecbeca0612d6d41/result.json']",False,forest-dual-largest-tree,0,0.000652008,0.006313551,transitive,0,0,45,gen_transitive_degree2-extra3.0_n200_uniform_neg30_r0,data/generated/gen_transitive_degree2-extra3.0_n200_uniform_neg30_r0.json,33cbd14bfad6e7724454048d971e85124dbec38ad0893182878803ffe84e9dae,944,41,,200,2943.5605263157895,42,generated,24424448,947,0.000140678,0.001759418,0.000395305,22787,0,,1,2ecbeca0612d6d41,0.009860124991973862,optimal,0.004981077,0.001044717,True
1564,493f6f942eca3576ac0253ad50581fbe0469e8e417d3f97011c676f7789871fd,66274,"""instance""",8.904e-05,"['taskset', '-c', '2', '<project>/build/release/pclp', 'solve', '--instance', '<project>/data/generated/gen_transitive_degree2-extra3.0_n200_uniform_neg30_r0.json', '--config', '<project>/experiments/runs/dual/0693c18c9cddf4ff/resolved_config.json', '--output', '<project>/experiments/runs/dual/0693c18c9cddf4ff/result.json']",False,forest-primal,2194,0.001287402,0.014062391,transitive,0,0,51,gen_transitive_degree2-extra3.0_n200_uniform_neg30_r0,data/generated/gen_transitive_degree2-extra3.0_n200_uniform_neg30_r0.json,33cbd14bfad6e7724454048d971e85124dbec38ad0893182878803ffe84e9dae,2385,41,,200,2943.5605263157895,42,generated,24154112,2394,0.000149048,0.001165213,0.002070574,126686,0,,0,0693c18c9cddf4ff,0.02007877999858465,optimal,0.012639483,0.005780856,True
1564,493f6f942eca3576ac0253ad50581fbe0469e8e417d3f97011c676f7789871fd,66274,"""instance""",8.5516e-05,"['taskset', '-c', '2', '<project>/build/release/pclp', 'solve', '--instance', '<project>/data/generated/gen_transitive_degree2-extra3.0_n200_uniform_neg30_r0.json', '--config', '<project>/experiments/runs/dual/99c15db3404d3c7d/resolved_config.json', '--output', '<project>/experiments/runs/dual/99c15db3404d3c7d/result.json']",False,forest-primal,2194,0.001287926,0.013912667,transitive,0,0,51,gen_transitive_degree2-extra3.0_n200_uniform_neg30_r0,data/generated/gen_transitive_degree2-extra3.0_n200_uniform_neg30_r0.json,33cbd14bfad6e7724454048d971e85124dbec38ad0893182878803ffe84e9dae,2385,41,,200,2943.5605263157895,42,generated,24260608,2394,0.000148935,0.001152736,0.00206171,126686,0,,1,99c15db3404d3c7d,0.018608234997373074,optimal,0.012382686,0.005537656,True
1564,493f6f942eca3576ac0253ad50581fbe0469e8e417d3f97011c676f7789871fd,0,"""instance""",7.2215e-05,"['taskset', '-c', '2', '<project>/build/release/pclp', 'solve', '--instance', '<project>/data/generated/gen_transitive_degree2-extra3.0_n200_uniform_neg30_r0.json', '--config', '<project>/experiments/runs/dual/95149150ff931b85/resolved_config.json', '--output', '<project>/experiments/runs/dual/95149150ff931b85/result.json']",False,parametric,0,0.0,0.003346625,transitive,604,83,0,gen_transitive_degree2-extra3.0_n200_uniform_neg30_r0,data/generated/gen_transitive_degree2-extra3.0_n200_uniform_neg30_r0.json,33cbd14bfad6e7724454048d971e85124dbec38ad0893182878803ffe84e9dae,0,41,,200,2943.5605263157895,82,generated,24424448,0,0.000144785,0.0,0.0,0,0,,0,95149150ff931b85,0.0067657290055649355,optimal,0.002013495,0.0,True
1564,493f6f942eca3576ac0253ad50581fbe0469e8e417d3f97011c676f7789871fd,0,"""instance""",7.2515e-05,"['taskset', '-c', '2', '<project>/build/release/pclp', 'solve', '--instance', '<project>/data/generated/gen_transitive_degree2-extra3.0_n200_uniform_neg30_r0.json', '--config', '<project>/experiments/runs/dual/62b28b998878784b/resolved_config.json', '--output', '<project>/experiments/runs/dual/62b28b998878784b/result.json']",False,parametric,0,0.0,0.003357417,transitive,604,83,0,gen_transitive_degree2-extra3.0_n200_uniform_neg30_r0,data/generated/gen_transitive_degree2-extra3.0_n200_uniform_neg30_r0.json,33cbd14bfad6e7724454048d971e85124dbec38ad0893182878803ffe84e9dae,0,41,,200,2943.5605263157895,82,generated,24424448,0,0.000139748,0.0,0.0,0,0,,1,62b28b998878784b,0.006879790991661139,optimal,0.002022872,0.0,True
1580,493f6f942eca3576ac0253ad50581fbe0469e8e417d3f97011c676f7789871fd,291284,"""instance""",0.000110527,"['taskset', '-c', '2', '<project>/build/release/pclp', 'solve', '--instance', '<project>/data/generated/gen_transitive_degree2-extra3.0_n200_uniform_neg30_r1.json', '--config', '<project>/experiments/runs/dual/a21fff99f75b1c62/resolved_config.json', '--output', '<project>/experiments/runs/dual/a21fff99f75b1c62/result.json']",False,forest-dual,0,0.002332575,0.0166441,transitive,0,0,26,gen_transitive_degree2-extra3.0_n200_uniform_neg30_r1,data/generated/gen_transitive_degree2-extra3.0_n200_uniform_neg30_r1.json,3c7cb76fc3f0c7a71d4290122f137eaf458e89f5b8d50a28ea5ed818eb9b7a76,1996,18,,200,296.85744811320757,19,generated,24424448,2003,0.000197621,0.005795298,0.00086726,52142,0,,0,a21fff99f75b1c62,0.021916491008596495,optimal,0.014552954,0.003567204,True
1580,493f6f942eca3576ac0253ad50581fbe0469e8e417d3f97011c676f7789871fd,291284,"""instance""",0.000111135,"['taskset', '-c', '2', '<project>/build/release/pclp', 'solve', '--instance', '<project>/data/generated/gen_transitive_degree2-extra3.0_n200_uniform_neg30_r1.json', '--config', '<project>/experiments/runs/dual/d23e51670fbf1e82/resolved_config.json', '--output', '<project>/experiments/runs/dual/d23e51670fbf1e82/result.json']",False,forest-dual,0,0.002329997,0.0167594,transitive,0,0,26,gen_transitive_degree2-extra3.0_n200_uniform_neg30_r1,data/generated/gen_transitive_degree2-extra3.0_n200_uniform_neg30_r1.json,3c7cb76fc3f0c7a71d4290122f137eaf458e89f5b8d50a28ea5ed818eb9b7a76,1996,18,,200,296.85744811320757,19,generated,24424448,2003,0.000199657,0.005873486,0.000869703,52142,0,,1,d23e51670fbf1e82,0.021656552999047562,optimal,0.014658663,0.003600853,True
1580,493f6f942eca3576ac0253ad50581fbe0469e8e417d3f97011c676f7789871fd,262645,"""instance""",0.000111184,"['taskset', '-c', '2', '<project>/build/release/pclp', 'solve', '--instance', '<project>/data/generated/gen_transitive_degree2-extra3.0_n200_uniform_neg30_r1.json', '--config', '<project>/experiments/runs/dual/b88bef6ae3b6a9bc/resolved_config.json', '--output', '<project>/experiments/runs/dual/b88bef6ae3b6a9bc/result.json']",False,forest-dual-largest-tree,0,0.002076551,0.015259502,transitive,0,0,26,gen_transitive_degree2-extra3.0_n200_uniform_neg30_r1,data/generated/gen_transitive_degree2-extra3.0_n200_uniform_neg30_r1.json,3c7cb76fc3f0c7a71d4290122f137eaf458e89f5b8d50a28ea5ed818eb9b7a76,1828,18,,200,296.85744811320757,19,generated,24424448,1835,0.000202229,0.005250392,0.000883429,44954,0,,0,b88bef6ae3b6a9bc,0.020539214005111717,optimal,0.013193793,0.003086493,True
1580,493f6f942eca3576ac0253ad50581fbe0469e8e417d3f97011c676f7789871fd,262645,"""instance""",0.000110872,"['taskset', '-c', '2', '<project>/build/release/pclp', 'solve', '--instance', '<project>/data/generated/gen_transitive_degree2-extra3.0_n200_uniform_neg30_r1.json', '--config', '<project>/experiments/runs/dual/98697da8968c4b3f/resolved_config.json', '--output', '<project>/experiments/runs/dual/98697da8968c4b3f/result.json']",False,forest-dual-largest-tree,0,0.002064484,0.015155603,transitive,0,0,26,gen_transitive_degree2-extra3.0_n200_uniform_neg30_r1,data/generated/gen_transitive_degree2-extra3.0_n200_uniform_neg30_r1.json,3c7cb76fc3f0c7a71d4290122f137eaf458e89f5b8d50a28ea5ed818eb9b7a76,1828,18,,200,296.85744811320757,19,generated,24424448,1835,0.000196403,0.005208671,0.000879121,44954,0,,1,98697da8968c4b3f,0.020515841999440454,optimal,0.013069502,0.003008595,True
1580,493f6f942eca3576ac0253ad50581fbe0469e8e417d3f97011c676f7789871fd,64478,"""instance""",0.000112775,"['taskset', '-c', '2', '<project>/build/release/pclp', 'solve', '--instance', '<project>/data/generated/gen_transitive_degree2-extra3.0_n200_uniform_neg30_r1.json', '--config', '<project>/experiments/runs/dual/7fbbe2a7c0f87837/resolved_config.json', '--output', '<project>/experiments/runs/dual/7fbbe2a7c0f87837/result.json']",False,forest-primal,1773,0.000930308,0.012859186,transitive,0,0,26,gen_transitive_degree2-extra3.0_n200_uniform_neg30_r1,data/generated/gen_transitive_degree2-extra3.0_n200_uniform_neg30_r1.json,3c7cb76fc3f0c7a71d4290122f137eaf458e89f5b8d50a28ea5ed818eb9b7a76,1854,18,,200,296.85744811320757,19,generated,24424448,1861,0.00014112,0.001377411,0.001711866,87443,0,,0,7fbbe2a7c0f87837,0.017729968996718526,optimal,0.011253948,0.004850216,True
1580,493f6f942eca3576ac0253ad50581fbe0469e8e417d3f97011c676f7789871fd,64478,"""instance""",0.000117435,"['taskset', '-c', '2', '<project>/build/release/pclp', 'solve', '--instance', '<project>/data/generated/gen_transitive_degree2-extra3.0_n200_uniform_neg30_r1.json', '--config', '<project>/experiments/runs/dual/2f697ee2270313e8/resolved_config.json', '--output', '<project>/experiments/runs/dual/2f697ee2270313e8/result.json']",False,forest-primal,1773,0.001308666,0.015889018,transitive,0,0,26,gen_transitive_degree2-extra3.0_n200_uniform_neg30_r1,data/generated/gen_transitive_degree2-extra3.0_n200_uniform_neg30_r1.json,3c7cb76fc3f0c7a71d4290122f137eaf458e89f5b8d50a28ea5ed818eb9b7a76,1854,18,,200,296.85744811320757,19,generated,24424448,1861,0.000200555,0.00167526,0.002042351,87443,0,,1,2f697ee2270313e8,0.02114995000010822,optimal,0.013711823,0.005984861,True
1580,493f6f942eca3576ac0253ad50581fbe0469e8e417d3f97011c676f7789871fd,0,"""instance""",0.000103603,"['taskset', '-c', '2', '<project>/build/release/pclp', 'solve', '--instance', '<project>/data/generated/gen_transitive_degree2-extra3.0_n200_uniform_neg30_r1.json', '--config', '<project>/experiments/runs/dual/dda959d99a0d49c5/resolved_config.json', '--output', '<project>/experiments/runs/dual/dda959d99a0d49c5/result.json']",False,parametric,0,0.0,0.003905844,transitive,556,37,0,gen_transitive_degree2-extra3.0_n200_uniform_neg30_r1,data/generated/gen_transitive_degree2-extra3.0_n200_uniform_neg30_r1.json,3c7cb76fc3f0c7a71d4290122f137eaf458e89f5b8d50a28ea5ed818eb9b7a76,0,18,,200,296.85744811320757,36,generated,24424448,0,0.000203118,0.0,0.0,0,0,,0,dda959d99a0d49c5,0.008352419987204485,optimal,0.001851175,0.0,True
1580,493f6f942eca3576ac0253ad50581fbe0469e8e417d3f97011c676f7789871fd,0,"""instance""",9.8808e-05,"['taskset', '-c', '2', '<project>/build/release/pclp', 'solve', '--instance', '<project>/data/generated/gen_transitive_degree2-extra3.0_n200_uniform_neg30_r1.json', '--config', '<project>/experiments/runs/dual/c4687285341eeec1/resolved_config.json', '--output', '<project>/experiments/runs/dual/c4687285341eeec1/result.json']",False,parametric,0,0.0,0.003907391,transitive,556,37,0,gen_transitive_degree2-extra3.0_n200_uniform_neg30_r1,data/generated/gen_transitive_degree2-extra3.0_n200_uniform_neg30_r1.json,3c7cb76fc3f0c7a71d4290122f137eaf458e89f5b8d50a28ea5ed818eb9b7a76,0,18,,200,296.85744811320757,36,generated,24424448,0,0.000195566,0.0,0.0,0,0,,1,c4687285341eeec1,0.00797652400797233,optimal,0.001840292,0.0,True
1564,493f6f942eca3576ac0253ad50581fbe0469e8e417d3f97011c676f7789871fd,153099,"""instance""",8.2489e-05,"['taskset', '-c', '2', '<project>/build/release/pclp', 'solve', '--instance', '<project>/data/generated/gen_transitive_degree2-extra3.0_n200_uniform_neg30_r2.json', '--config', '<project>/experiments/runs/dual/41e046358fc20539/resolved_config.json', '--output', '<project>/experiments/runs/dual/41e046358fc20539/result.json']",False,forest-dual,0,0.000824674,0.007170299,transitive,0,0,24,gen_transitive_degree2-extra3.0_n200_uniform_neg30_r2,data/generated/gen_transitive_degree2-extra3.0_n200_uniform_neg30_r2.json,33066f249d9de9269c9ca834dee4cee012e6f7158251f772ba851440607d6445,980,20,,200,1698.8443579766538,21,generated,24424448,983,0.000143645,0.002213308,0.000419616,28145,0,,0,41e046358fc20539,0.011394918998121284,optimal,0.005817232,0.001357343,True
1564,493f6f942eca3576ac0253ad50581fbe0469e8e417d3f97011c676f7789871fd,153099,"""instance""",7.915e-05,"['taskset', '-c', '2', '<project>/build/release/pclp', 'solve', '--instance', '<project>/data/generated/gen_transitive_degree2-extra3.0_n200_uniform_neg30_r2.json', '--config', '<project>/experiments/runs/dual/b900382c50f06df7/resolved_config.json', '--output', '<project>/experiments/runs/dual/b900382c50f06df7/result.json']",False,forest-dual,0,0.000828088,0.007190675,transitive,0,0,24,gen_transitive_degree2-extra3.0_n200_uniform_neg30_r2,data/generated/gen_transitive_degree2-extra3.0_n200_uniform_neg30_r2.json,33066f249d9de9269c9ca834dee4cee012e6f7158251f772ba851440607d6445,980,20,,200,1698.8443579766538,21,generated,24424448,983,0.000149235,0.002199907,0.000448629,28145,0,,1,b900382c50f06df7,0.011173186998348683,optimal,0.005844409,0.001367582,True
1564,493f6f942eca3576ac0253ad50581fbe0469e8e417d3f97011c676f7789871fd,119553,"""instance""",8.4645e-05,"['taskset', '-c', '2', '<project>/build/release/pclp', 'solve', '--instance', '<project>/data/generated/gen_transitive_degree2-extra3.0_n200_uniform_neg30_r2.json', '--config', '<project>/experiments/runs/dual/7e9d0d352db7fbea/resolved_config.json', '--output', '<project>/experiments/runs/dual/7e9d0d352db7fbea/result.json']",False,forest-dual-largest-tree,0,0.00065992,0.006266816,transitive,0,0,24,gen_transitive_degree2-extra3.0_n200_uniform_neg30_r2,data/generated/gen_transitive_degree2-extra3.0_n200_uniform_neg30_r2.json,33066f249d9de9269c9ca834dee4cee012e6f7158251f772ba851440607d6445,794,20,,200,1698.8443579766538,21,generated,24424448,797,0.000144203,0.00171963,0.000476859,23007,0,,0,7e9d0d352db7fbea,0.009868798006209545,optimal,0.004900143,0.001099865,True
1564,493f6f942eca3576ac0253ad50581fbe0469e8e417d3f97011c676f7789871fd,119553,"""instance""",8.3716e-05,"['taskset', '-c', '2', '<project>/build/release/pclp', 'solve', '--instance', '<project>/data/generated/gen_transitive_degree2-extra3.0_n200_uniform_neg30_r2.json', '--config', '<project>/experiments/runs/dual/f0d7f05ebd7d7425/resolved_config.json', '--output', '<project>/experiments/runs/dual/f0d7f05ebd7d7425/result.json']",False,forest-dual-largest-tree,0,0.000647068,0.006231558,transitive,0,0,24,gen_transitive_degree2-extra3.0_n200_uniform_neg30_r2,data/generated/gen_transitive_degree2-extra3.0_n200_uniform_neg30_r2.json,33066f249d9de9269c9ca834dee4cee012e6f7158251f772ba851440607d6445,794,20,,200,1698.8443579766538,21,generated,24424448,797,0.000142937,0.001716934,0.000474814,23007,0,,1,f0d7f05ebd7d7425,0.009626589991967194,optimal,0.004904828,0.001135319,True
1564,493f6f942eca3576ac0253ad50581fbe0469e8e417d3f97011c676f7789871fd,63956,"""instance""",0.00013178,"['taskset', '-c', '2', '<project>/build/release/pclp', 'solve', '--instance', '<project>/data/generated/gen_transitive_degree2-extra3.0_n200_uniform_neg30_r2.json', '--config', '<project>/experiments/runs/dual/903139374264d97a/resolved_config.json', '--output', '<project>/experiments/runs/dual/903139374264d97a/result.json']",False,forest-primal,1872,0.001570523,0.017483786,transitive,0,0,28,gen_transitive_degree2-extra3.0_n200_uniform_neg30_r2,data/generated/gen_transitive_degree2-extra3.0_n200_uniform_neg30_r2.json,33066f249d9de9269c9ca834dee4cee012e6f7158251f772ba851440607d6445,1999,20,,200,1698.8443579766538,21,generated,24424448,2006,0.000220398,0.001744636,0.002457089,106087,0,,0,903139374264d97a,0.0228649740020046,optimal,0.015362875,0.006958723,True
1564,493f6f942eca3576ac0253ad50581fbe0469e8e417d3f97011c676f7789871fd,63956,"""instance""",0.000128757,"['taskset', '-c', '2', '<project>/build/release/pclp', 'solve', '--instance', '<project>/data/generated/gen_transitive_degree2-extra3.0_n200_uniform_neg30_r2.json', '--config', '<project>/experiments/runs/dual/0154b84187eecc6d/resolved_config.json', '--output', '<project>/experiments/runs/dual/0154b84187eecc6d/result.json']",False,forest-primal,1872,0.001611017,0.018051813,transitive,0,0,28,gen_transitive_degree2-extra3.0_n200_uniform_neg30_r2,data/generated/gen_transitive_degree2-extra3.0_n200_uniform_neg30_r2.json,33066f249d9de9269c9ca834dee4cee012e6f7158251f772ba851440607d6445,1999,20,,200,1698.8443579766538,21,generated,24424448,2006,0.000209633,0.00181127,0.002523697,106087,0,,1,0154b84187eecc6d,0.02344887499930337,optimal,0.015781499,0.007156195,True
1564,493f6f942eca3576ac0253ad50581fbe0469e8e417d3f97011c676f7789871fd,0,"""instance""",7.2007e-05,"['taskset', '-c', '2', '<project>/build/release/pclp', 'solve', '--instance', '<project>/data/generated/gen_transitive_degree2-extra3.0_n200_uniform_neg30_r2.json', '--config', '<project>/experiments/runs/dual/bc87e40f769ee20e/resolved_config.json', '--output', '<project>/experiments/runs/dual/bc87e40f769ee20e/result.json']",False,parametric,0,0.0,0.003282222,transitive,620,41,0,gen_transitive_degree2-extra3.0_n200_uniform_neg30_r2,data/generated/gen_transitive_degree2-extra3.0_n200_uniform_neg30_r2.json,33066f249d9de9269c9ca834dee4cee012e6f7158251f772ba851440607d6445,0,20,,200,1698.8443579766538,40,generated,24424448,0,0.000154742,0.0,0.0,0,0,,0,bc87e40f769ee20e,0.006755224007065408,optimal,0.001952979,0.0,True
1564,493f6f942eca3576ac0253ad50581fbe0469e8e417d3f97011c676f7789871fd,0,"""instance""",8.0207e-05,"['taskset', '-c', '2', '<project>/build/release/pclp', 'solve', '--instance', '<project>/data/generated/gen_transitive_degree2-extra3.0_n200_uniform_neg30_r2.json', '--config', '<project>/experiments/runs/dual/5b15993b12991db8/resolved_config.json', '--output', '<project>/experiments/runs/dual/5b15993b12991db8/result.json']",False,parametric,0,0.0,0.003310357,transitive,620,41,0,gen_transitive_degree2-extra3.0_n200_uniform_neg30_r2,data/generated/gen_transitive_degree2-extra3.0_n200_uniform_neg30_r2.json,33066f249d9de9269c9ca834dee4cee012e6f7158251f772ba851440607d6445,0,20,,200,1698.8443579766538,40,generated,24424448,0,0.000148193,0.0,0.0,0,0,,1,5b15993b12991db8,0.007041379998554476,optimal,0.001958372,0.0,True
3033,493f6f942eca3576ac0253ad50581fbe0469e8e417d3f97011c676f7789871fd,2183401,"""instance""",0.000145278,"['taskset', '-c', '2', '<project>/build/release/pclp', 'solve', '--instance', '<project>/data/processed/pckp_M_538_3033.json', '--config', '<project>/experiments/runs/dual/c2b1f9551776a605/resolved_config.json', '--output', '<project>/experiments/runs/dual/c2b1f9551776a605/result.json']",False,forest-dual,0,0.011370468,0.093020248,pckp-historical,0,0,24,pckp_M_538_3033,data/processed/pckp_M_538_3033.json,cb9daef8b29c7cc729289304092084ccb8bcf4bd98d50151e62803780c888a2b,5248,3,,538,23003393.24714806,4,DATA/INSTANCES/PCKP_BB/instances,24424448,5268,0.000283277,0.026190111,0.009110436,960408,0,,0,c2b1f9551776a605,0.09829832598916255,optimal,0.090468406,0.039173236,True
3033,493f6f942eca3576ac0253ad50581fbe0469e8e417d3f97011c676f7789871fd,2183401,"""instance""",0.000148833,"['taskset', '-c', '2', '<project>/build/release/pclp', 'solve', '--instance', '<project>/data/processed/pckp_M_538_3033.json', '--config', '<project>/experiments/runs/dual/61c05b1228fd40a3/resolved_config.json', '--output', '<project>/experiments/runs/dual/61c05b1228fd40a3/result.json']",False,forest-dual,0,0.011241581,0.091631749,pckp-historical,0,0,24,pckp_M_538_3033,data/processed/pckp_M_538_3033.json,cb9daef8b29c7cc729289304092084ccb8bcf4bd98d50151e62803780c888a2b,5248,3,,538,23003393.24714806,4,DATA/INSTANCES/PCKP_BB/instances,24424448,5268,0.000275278,0.025853629,0.009073301,960408,0,,1,61c05b1228fd40a3,0.09673370800737757,optimal,0.089075255,0.038329535,True
3033,493f6f942eca3576ac0253ad50581fbe0469e8e417d3f97011c676f7789871fd,2814436,"""instance""",0.000139547,"['taskset', '-c', '2', '<project>/build/release/pclp', 'solve', '--instance', '<project>/data/processed/pckp_M_538_3033.json', '--config', '<project>/experiments/runs/dual/6fd440a514f20d8a/resolved_config.json', '--output', '<project>/experiments/runs/dual/6fd440a514f20d8a/result.json']",False,forest-dual-largest-tree,0,0.015096067,0.131415802,pckp-historical,0,0,29,pckp_M_538_3033,data/processed/pckp_M_538_3033.json,cb9daef8b29c7cc729289304092084ccb8bcf4bd98d50151e62803780c888a2b,6565,3,,538,23003393.24714806,4,DATA/INSTANCES/PCKP_BB/instances,24424448,6590,0.000278586,0.03250956,0.019495525,1382652,0,,0,6fd440a514f20d8a,0.1375497550034197,optimal,0.128766945,0.055803394,True
3033,493f6f942eca3576ac0253ad50581fbe0469e8e417d3f97011c676f7789871fd,2814436,"""instance""",0.000144448,"['taskset', '-c', '2', '<project>/build/release/pclp', 'solve', '--instance', '<project>/data/processed/pckp_M_538_3033.json', '--config', '<project>/experiments/runs/dual/941c6e58dde0e357/resolved_config.json', '--output', '<project>/experiments/runs/dual/941c6e58dde0e357/result.json']",False,forest-dual-largest-tree,0,0.014988122,0.130035688,pckp-historical,0,0,29,pckp_M_538_3033,data/processed/pckp_M_538_3033.json,cb9daef8b29c7cc729289304092084ccb8bcf4bd98d50151e62803780c888a2b,6565,3,,538,23003393.24714806,4,DATA/INSTANCES/PCKP_BB/instances,24424448,6590,0.000286187,0.032098753,0.018829633,1382652,0,,1,941c6e58dde0e357,0.13617724299547262,optimal,0.127380864,0.055617041,True
3033,493f6f942eca3576ac0253ad50581fbe0469e8e417d3f97011c676f7789871fd,90763,"""instance""",0.000157738,"['taskset', '-c', '2', '<project>/build/release/pclp', 'solve', '--instance', '<project>/data/processed/pckp_M_538_3033.json', '--config', '<project>/experiments/runs/dual/fcec58e0198184a6/resolved_config.json', '--output', '<project>/experiments/runs/dual/fcec58e0198184a6/result.json']",False,forest-primal,1811,0.005877418,0.048292436,pckp-historical,0,0,11,pckp_M_538_3033,data/processed/pckp_M_538_3033.json,cb9daef8b29c7cc729289304092084ccb8bcf4bd98d50151e62803780c888a2b,1812,3,,538,23003393.24714806,4,DATA/INSTANCES/PCKP_BB/instances,24424448,1819,0.000298963,0.001706972,0.004153542,741878,0,,0,fcec58e0198184a6,0.053568300005281344,optimal,0.045470265,0.030576189,True
3033,493f6f942eca3576ac0253ad50581fbe0469e8e417d3f97011c676f7789871fd,90763,"""instance""",0.000151603,"['taskset', '-c', '2', '<project>/build/release/pclp', 'solve', '--instance', '<project>/data/processed/pckp_M_538_3033.json', '--config', '<project>/experiments/runs/dual/20f4d47f2ab155ba/resolved_config.json', '--output', '<project>/experiments/runs/dual/20f4d47f2ab155ba/result.json']",False,forest-primal,1811,0.005641004,0.046603491,pckp-historical,0,0,11,pckp_M_538_3033,data/processed/pckp_M_538_3033.json,cb9daef8b29c7cc729289304092084ccb8bcf4bd98d50151e62803780c888a2b,1812,3,,538,23003393.24714806,4,DATA/INSTANCES/PCKP_BB/instances,24424448,1819,0.000288532,0.001645277,0.003910922,741878,0,,1,20f4d47f2ab155ba,0.051979876996483654,optimal,0.04389273,0.029657541,True
3033,493f6f942eca3576ac0253ad50581fbe0469e8e417d3f97011c676f7789871fd,0,"""instance""",0.000140306,"['taskset', '-c', '2', '<project>/build/release/pclp', 'solve', '--instance', '<project>/data/processed/pckp_M_538_3033.json', '--config', '<project>/experiments/runs/dual/81dcd61dd6670b90/resolved_config.json', '--output', '<project>/experiments/runs/dual/81dcd61dd6670b90/result.json']",False,parametric,0,0.0,0.006641203,pckp-historical,1812,7,0,pckp_M_538_3033,data/processed/pckp_M_538_3033.json,cb9daef8b29c7cc729289304092084ccb8bcf4bd98d50151e62803780c888a2b,0,3,,538,23003393.24714806,6,DATA/INSTANCES/PCKP_BB/instances,24424448,0,0.000277039,0.0,0.0,0,0,,0,81dcd61dd6670b90,0.011185066003235988,optimal,0.004111858,0.0,True
3033,493f6f942eca3576ac0253ad50581fbe0469e8e417d3f97011c676f7789871fd,0,"""instance""",0.000145234,"['taskset', '-c', '2', '<project>/build/release/pclp', 'solve', '--instance', '<project>/data/processed/pckp_M_538_3033.json', '--config', '<project>/experiments/runs/dual/935473d98e27256a/resolved_config.json', '--output', '<project>/experiments/runs/dual/935473d98e27256a/result.json']",False,parametric,0,0.0,0.006873555,pckp-historical,1812,7,0,pckp_M_538_3033,data/processed/pckp_M_538_3033.json,cb9daef8b29c7cc729289304092084ccb8bcf4bd98d50151e62803780c888a2b,0,3,,538,23003393.24714806,6,DATA/INSTANCES/PCKP_BB/instances,24424448,0,0.000302975,0.0,0.0,0,0,,1,935473d98e27256a,0.011101149008027278,optimal,0.004299148,0.0,True
