arcs,build_source_hash,candidates_examined,capacity_mode,certification_seconds,command,complete_sequence,configuration,degenerate_pivots,direction_seconds,end_to_end_seconds,family,flow_augmentations,flow_solves,full_rebuilds,instance,instance_path,instance_sha256,local_rebuilds,macroitems,message,nodes,objective,oracle_calls,origin,peak_rss_bytes,pivots,preprocessing_seconds,pricing_seconds,ratio_test_seconds,rebuilt_nodes,removed_arcs,repeat_of_replica_0,replica,run_id,runner_seconds,status,total_seconds,update_seconds,verified
199,493f6f942eca3576ac0253ad50581fbe0469e8e417d3f97011c676f7789871fd,0,"""instance""",2.8025e-05,"['taskset', '-c', '2', '<project>/build/release/pclp', 'solve', '--instance', '<project>/data/generated/gen_chain_plain_n200_uniform_neg0_r0.json', '--config', '<project>/experiments/runs/main/1fd7a2b088488317/resolved_config.json', '--output', '<project>/experiments/runs/main/1fd7a2b088488317/result.json']",True,dinkelbach,0,0.0,0.003833888,chain,2484,35,0,gen_chain_plain_n200_uniform_neg0_r0,data/generated/gen_chain_plain_n200_uniform_neg0_r0.json,a64afecb955d45918592f70c593d6f1d6f83ce1cbbc7b275d7dd1fc1806b2b0b,0,7,,200,3034.8419037199124,7,generated,22863872,0,5.2819e-05,0.0,0.0,0,0,,0,1fd7a2b088488317,0.0070863809960428625,optimal,0.003451284,0.0,True
199,493f6f942eca3576ac0253ad50581fbe0469e8e417d3f97011c676f7789871fd,0,"""instance""",2.57e-05,"['taskset', '-c', '2', '<project>/build/release/pclp', 'solve', '--instance', '<project>/data/generated/gen_chain_plain_n200_uniform_neg0_r0.json', '--config', '<project>/experiments/runs/main/fa5b5efeb0547906/resolved_config.json', '--output', '<project>/experiments/runs/main/fa5b5efeb0547906/result.json']",True,dinkelbach,0,0.0,0.003617806,chain,2484,35,0,gen_chain_plain_n200_uniform_neg0_r0,data/generated/gen_chain_plain_n200_uniform_neg0_r0.json,a64afecb955d45918592f70c593d6f1d6f83ce1cbbc7b275d7dd1fc1806b2b0b,0,7,,200,3034.8419037199124,7,generated,22863872,0,4.9265e-05,0.0,0.0,0,0,,1,fa5b5efeb0547906,0.0067849659972125664,optimal,0.003266015,0.0,True
199,493f6f942eca3576ac0253ad50581fbe0469e8e417d3f97011c676f7789871fd,0,"""instance""",2.5752e-05,"['taskset', '-c', '2', '<project>/build/release/pclp', 'solve', '--instance', '<project>/data/generated/gen_chain_plain_n200_uniform_neg0_r0.json', '--config', '<project>/experiments/runs/main/7153ca01ee293174/resolved_config.json', '--output', '<project>/experiments/runs/main/7153ca01ee293174/result.json']",True,dinkelbach,0,0.0,0.003722435,chain,2484,35,0,gen_chain_plain_n200_uniform_neg0_r0,data/generated/gen_chain_plain_n200_uniform_neg0_r0.json,a64afecb955d45918592f70c593d6f1d6f83ce1cbbc7b275d7dd1fc1806b2b0b,0,7,,200,3034.8419037199124,7,generated,22863872,0,4.811e-05,0.0,0.0,0,0,,2,7153ca01ee293174,0.00671323700225912,optimal,0.003358653,0.0,True
199,493f6f942eca3576ac0253ad50581fbe0469e8e417d3f97011c676f7789871fd,79485,"""instance""",2.6609e-05,"['taskset', '-c', '2', '<project>/build/release/pclp', 'solve', '--instance', '<project>/data/generated/gen_chain_plain_n200_uniform_neg0_r0.json', '--config', '<project>/experiments/runs/main/9fa86f4a811d3d0f/resolved_config.json', '--output', '<project>/experiments/runs/main/9fa86f4a811d3d0f/result.json']",True,forest-reference,474,0.000149541,0.003326828,chain,0,0,536,gen_chain_plain_n200_uniform_neg0_r0,data/generated/gen_chain_plain_n200_uniform_neg0_r0.json,a64afecb955d45918592f70c593d6f1d6f83ce1cbbc7b275d7dd1fc1806b2b0b,0,7,,200,3034.8419037199124,7,generated,22863872,529,4.7233e-05,0.00063847,0.000345192,80021,0,,0,9fa86f4a811d3d0f,0.006878487998619676,optimal,0.002985632,0.001589078,True
199,493f6f942eca3576ac0253ad50581fbe0469e8e417d3f97011c676f7789871fd,79485,"""instance""",2.4519e-05,"['taskset', '-c', '2', '<project>/build/release/pclp', 'solve', '--instance', '<project>/data/generated/gen_chain_plain_n200_uniform_neg0_r0.json', '--config', '<project>/experiments/runs/main/3ffddcdaa85aaf48/resolved_config.json', '--output', '<project>/experiments/runs/main/3ffddcdaa85aaf48/result.json']",True,forest-reference,474,0.000154419,0.003379002,chain,0,0,536,gen_chain_plain_n200_uniform_neg0_r0,data/generated/gen_chain_plain_n200_uniform_neg0_r0.json,a64afecb955d45918592f70c593d6f1d6f83ce1cbbc7b275d7dd1fc1806b2b0b,0,7,,200,3034.8419037199124,7,generated,22863872,529,4.5932e-05,0.000648159,0.000342801,80021,0,,1,3ffddcdaa85aaf48,0.007259054007590748,optimal,0.003040224,0.001638105,True
199,493f6f942eca3576ac0253ad50581fbe0469e8e417d3f97011c676f7789871fd,79485,"""instance""",2.519e-05,"['taskset', '-c', '2', '<project>/build/release/pclp', 'solve', '--instance', '<project>/data/generated/gen_chain_plain_n200_uniform_neg0_r0.json', '--config', '<project>/experiments/runs/main/fd91943628ad69a3/resolved_config.json', '--output', '<project>/experiments/runs/main/fd91943628ad69a3/result.json']",True,forest-reference,474,0.0001636,0.003623795,chain,0,0,536,gen_chain_plain_n200_uniform_neg0_r0,data/generated/gen_chain_plain_n200_uniform_neg0_r0.json,a64afecb955d45918592f70c593d6f1d6f83ce1cbbc7b275d7dd1fc1806b2b0b,0,7,,200,3034.8419037199124,7,generated,22863872,529,5.2223e-05,0.000689292,0.000375736,80021,0,,2,fd91943628ad69a3,0.007516649013268761,optimal,0.003250534,0.001740781,True
199,493f6f942eca3576ac0253ad50581fbe0469e8e417d3f97011c676f7789871fd,17723,"""instance""",3.8471e-05,"['taskset', '-c', '2', '<project>/build/release/pclp', 'solve', '--instance', '<project>/data/generated/gen_chain_plain_n200_uniform_neg0_r0.json', '--config', '<project>/experiments/runs/main/4845a75370f228e4/resolved_config.json', '--output', '<project>/experiments/runs/main/4845a75370f228e4/result.json']",True,forest-tuned,370,0.000195429,0.001908063,chain,0,0,8,gen_chain_plain_n200_uniform_neg0_r0,data/generated/gen_chain_plain_n200_uniform_neg0_r0.json,a64afecb955d45918592f70c593d6f1d6f83ce1cbbc7b275d7dd1fc1806b2b0b,383,7,,200,3034.8419037199124,7,generated,22863872,384,5.5377e-05,0.00023931,0.000121771,16268,0,,0,4845a75370f228e4,0.00605426800029818,optimal,0.001476097,0.000559884,True
199,493f6f942eca3576ac0253ad50581fbe0469e8e417d3f97011c676f7789871fd,17723,"""instance""",3.0089e-05,"['taskset', '-c', '2', '<project>/build/release/pclp', 'solve', '--instance', '<project>/data/generated/gen_chain_plain_n200_uniform_neg0_r0.json', '--config', '<project>/experiments/runs/main/6e2aa66ca09d159b/resolved_config.json', '--output', '<project>/experiments/runs/main/6e2aa66ca09d159b/result.json']",True,forest-tuned,370,0.000166612,0.001640972,chain,0,0,8,gen_chain_plain_n200_uniform_neg0_r0,data/generated/gen_chain_plain_n200_uniform_neg0_r0.json,a64afecb955d45918592f70c593d6f1d6f83ce1cbbc7b275d7dd1fc1806b2b0b,383,7,,200,3034.8419037199124,7,generated,22863872,384,5.2891e-05,0.000207173,0.000103725,16268,0,,1,6e2aa66ca09d159b,0.007688469995628111,optimal,0.001282549,0.000484138,True
199,493f6f942eca3576ac0253ad50581fbe0469e8e417d3f97011c676f7789871fd,17723,"""instance""",2.8776e-05,"['taskset', '-c', '2', '<project>/build/release/pclp', 'solve', '--instance', '<project>/data/generated/gen_chain_plain_n200_uniform_neg0_r0.json', '--config', '<project>/experiments/runs/main/b1ef95114ec289a0/resolved_config.json', '--output', '<project>/experiments/runs/main/b1ef95114ec289a0/result.json']",True,forest-tuned,370,0.00016649,0.001674763,chain,0,0,8,gen_chain_plain_n200_uniform_neg0_r0,data/generated/gen_chain_plain_n200_uniform_neg0_r0.json,a64afecb955d45918592f70c593d6f1d6f83ce1cbbc7b275d7dd1fc1806b2b0b,383,7,,200,3034.8419037199124,7,generated,22863872,384,5.0197e-05,0.000207009,0.000107307,16268,0,,2,b1ef95114ec289a0,0.005384995994972996,optimal,0.001284631,0.000491502,True
199,493f6f942eca3576ac0253ad50581fbe0469e8e417d3f97011c676f7789871fd,0,"""instance""",2.4589e-05,"['taskset', '-c', '2', '<project>/build/release/pclp', 'solve', '--instance', '<project>/data/generated/gen_chain_plain_n200_uniform_neg0_r0.json', '--config', '<project>/experiments/runs/main/15f7087985dd9e87/resolved_config.json', '--output', '<project>/experiments/runs/main/15f7087985dd9e87/result.json']",False,parametric,0,0.0,0.001338893,chain,635,14,0,gen_chain_plain_n200_uniform_neg0_r0,data/generated/gen_chain_plain_n200_uniform_neg0_r0.json,a64afecb955d45918592f70c593d6f1d6f83ce1cbbc7b275d7dd1fc1806b2b0b,0,7,,200,3034.8419037199124,14,generated,22863872,0,4.7385e-05,0.0,0.0,0,0,,0,15f7087985dd9e87,0.004605091002304107,optimal,0.000997939,0.0,True
199,493f6f942eca3576ac0253ad50581fbe0469e8e417d3f97011c676f7789871fd,0,"""instance""",2.9016e-05,"['taskset', '-c', '2', '<project>/build/release/pclp', 'solve', '--instance', '<project>/data/generated/gen_chain_plain_n200_uniform_neg0_r0.json', '--config', '<project>/experiments/runs/main/ebe6f16fbb6b6772/resolved_config.json', '--output', '<project>/experiments/runs/main/ebe6f16fbb6b6772/result.json']",False,parametric,0,0.0,0.001353174,chain,635,14,0,gen_chain_plain_n200_uniform_neg0_r0,data/generated/gen_chain_plain_n200_uniform_neg0_r0.json,a64afecb955d45918592f70c593d6f1d6f83ce1cbbc7b275d7dd1fc1806b2b0b,0,7,,200,3034.8419037199124,14,generated,22863872,0,4.734e-05,0.0,0.0,0,0,,1,ebe6f16fbb6b6772,0.004503821997786872,optimal,0.001006171,0.0,True
199,493f6f942eca3576ac0253ad50581fbe0469e8e417d3f97011c676f7789871fd,0,"""instance""",2.5805e-05,"['taskset', '-c', '2', '<project>/build/release/pclp', 'solve', '--instance', '<project>/data/generated/gen_chain_plain_n200_uniform_neg0_r0.json', '--config', '<project>/experiments/runs/main/a61930d328c4b8c6/resolved_config.json', '--output', '<project>/experiments/runs/main/a61930d328c4b8c6/result.json']",False,parametric,0,0.0,0.001358636,chain,635,14,0,gen_chain_plain_n200_uniform_neg0_r0,data/generated/gen_chain_plain_n200_uniform_neg0_r0.json,a64afecb955d45918592f70c593d6f1d6f83ce1cbbc7b275d7dd1fc1806b2b0b,0,7,,200,3034.8419037199124,14,generated,22863872,0,4.9484e-05,0.0,0.0,0,0,,2,a61930d328c4b8c6,0.0045419270027196035,optimal,0.001021581,0.0,True
199,493f6f942eca3576ac0253ad50581fbe0469e8e417d3f97011c676f7789871fd,0,"""instance""",2.3002e-05,"['taskset', '-c', '2', '<project>/build/release/pclp', 'solve', '--instance', '<project>/data/generated/gen_chain_plain_n200_uniform_neg0_r1.json', '--config', '<project>/experiments/runs/main/dd6c25c70185a7f4/resolved_config.json', '--output', '<project>/experiments/runs/main/dd6c25c70185a7f4/result.json']",True,dinkelbach,0,0.0,0.002229549,chain,847,11,0,gen_chain_plain_n200_uniform_neg0_r1,data/generated/gen_chain_plain_n200_uniform_neg0_r1.json,473e3bfa9188d64384b291b53998e9c5cafc208bfc09eab680b7eed1ccb8c489,0,3,,200,442.04541595092024,3,generated,22863872,0,4.5546e-05,0.0,0.0,0,0,,0,dd6c25c70185a7f4,0.005249337002169341,optimal,0.001872558,0.0,True
199,493f6f942eca3576ac0253ad50581fbe0469e8e417d3f97011c676f7789871fd,0,"""instance""",2.2578e-05,"['taskset', '-c', '2', '<project>/build/release/pclp', 'solve', '--instance', '<project>/data/generated/gen_chain_plain_n200_uniform_neg0_r1.json', '--config', '<project>/experiments/runs/main/6450a6813fa5f2c4/resolved_config.json', '--output', '<project>/experiments/runs/main/6450a6813fa5f2c4/result.json']",True,dinkelbach,0,0.0,0.001921545,chain,847,11,0,gen_chain_plain_n200_uniform_neg0_r1,data/generated/gen_chain_plain_n200_uniform_neg0_r1.json,473e3bfa9188d64384b291b53998e9c5cafc208bfc09eab680b7eed1ccb8c489,0,3,,200,442.04541595092024,3,generated,22863872,0,4.4124e-05,0.0,0.0,0,0,,1,6450a6813fa5f2c4,0.004924805005430244,optimal,0.001537317,0.0,True
199,493f6f942eca3576ac0253ad50581fbe0469e8e417d3f97011c676f7789871fd,0,"""instance""",2.4937e-05,"['taskset', '-c', '2', '<project>/build/release/pclp', 'solve', '--instance', '<project>/data/generated/gen_chain_plain_n200_uniform_neg0_r1.json', '--config', '<project>/experiments/runs/main/872f23ae9605c417/resolved_config.json', '--output', '<project>/experiments/runs/main/872f23ae9605c417/result.json']",True,dinkelbach,0,0.0,0.002272022,chain,847,11,0,gen_chain_plain_n200_uniform_neg0_r1,data/generated/gen_chain_plain_n200_uniform_neg0_r1.json,473e3bfa9188d64384b291b53998e9c5cafc208bfc09eab680b7eed1ccb8c489,0,3,,200,442.04541595092024,3,generated,22863872,0,4.5054e-05,0.0,0.0,0,0,,2,872f23ae9605c417,0.005258866993244737,optimal,0.001908991,0.0,True
199,493f6f942eca3576ac0253ad50581fbe0469e8e417d3f97011c676f7789871fd,56199,"""instance""",2.5445e-05,"['taskset', '-c', '2', '<project>/build/release/pclp', 'solve', '--instance', '<project>/data/generated/gen_chain_plain_n200_uniform_neg0_r1.json', '--config', '<project>/experiments/runs/main/eaad95d0cd08ac2b/resolved_config.json', '--output', '<project>/experiments/runs/main/eaad95d0cd08ac2b/result.json']",True,forest-reference,267,0.000138023,0.00270966,chain,0,0,322,gen_chain_plain_n200_uniform_neg0_r1,data/generated/gen_chain_plain_n200_uniform_neg0_r1.json,473e3bfa9188d64384b291b53998e9c5cafc208bfc09eab680b7eed1ccb8c489,0,3,,200,442.04541595092024,3,generated,22863872,319,4.6043e-05,0.000471728,0.000268781,56521,0,,0,eaad95d0cd08ac2b,0.0062640230025863275,optimal,0.002321548,0.001243531,True
199,493f6f942eca3576ac0253ad50581fbe0469e8e417d3f97011c676f7789871fd,56199,"""instance""",2.5925e-05,"['taskset', '-c', '2', '<project>/build/release/pclp', 'solve', '--instance', '<project>/data/generated/gen_chain_plain_n200_uniform_neg0_r1.json', '--config', '<project>/experiments/runs/main/c032899c0608a09c/resolved_config.json', '--output', '<project>/experiments/runs/main/c032899c0608a09c/result.json']",True,forest-reference,267,0.000139933,0.002679237,chain,0,0,322,gen_chain_plain_n200_uniform_neg0_r1,data/generated/gen_chain_plain_n200_uniform_neg0_r1.json,473e3bfa9188d64384b291b53998e9c5cafc208bfc09eab680b7eed1ccb8c489,0,3,,200,442.04541595092024,3,generated,22863872,319,4.4543e-05,0.00046208,0.000251888,56521,0,,1,c032899c0608a09c,0.005854169998201542,optimal,0.002315296,0.001264499,True
199,493f6f942eca3576ac0253ad50581fbe0469e8e417d3f97011c676f7789871fd,56199,"""instance""",2.9518e-05,"['taskset', '-c', '2', '<project>/build/release/pclp', 'solve', '--instance', '<project>/data/generated/gen_chain_plain_n200_uniform_neg0_r1.json', '--config', '<project>/experiments/runs/main/fbb7d2f63dd4f92d/resolved_config.json', '--output', '<project>/experiments/runs/main/fbb7d2f63dd4f92d/result.json']",True,forest-reference,267,0.000133838,0.002665303,chain,0,0,322,gen_chain_plain_n200_uniform_neg0_r1,data/generated/gen_chain_plain_n200_uniform_neg0_r1.json,473e3bfa9188d64384b291b53998e9c5cafc208bfc09eab680b7eed1ccb8c489,0,3,,200,442.04541595092024,3,generated,22863872,319,4.2944e-05,0.000470228,0.00024718,56521,0,,2,fbb7d2f63dd4f92d,0.005774424993433058,optimal,0.002296357,0.001249258,True
199,493f6f942eca3576ac0253ad50581fbe0469e8e417d3f97011c676f7789871fd,2867,"""instance""",2.9442e-05,"['taskset', '-c', '2', '<project>/build/release/pclp', 'solve', '--instance', '<project>/data/generated/gen_chain_plain_n200_uniform_neg0_r1.json', '--config', '<project>/experiments/runs/main/de015636eb7f45a1/resolved_config.json', '--output', '<project>/experiments/runs/main/de015636eb7f45a1/result.json']",True,forest-tuned,45,3.1072e-05,0.000691476,chain,0,0,3,gen_chain_plain_n200_uniform_neg0_r1,data/generated/gen_chain_plain_n200_uniform_neg0_r1.json,473e3bfa9188d64384b291b53998e9c5cafc208bfc09eab680b7eed1ccb8c489,47,3,,200,442.04541595092024,3,generated,22863872,47,4.4545e-05,2.9037e-05,1.7432e-05,3377,0,,0,de015636eb7f45a1,0.003790820002905093,optimal,0.000318951,9.1699e-05,True
199,493f6f942eca3576ac0253ad50581fbe0469e8e417d3f97011c676f7789871fd,2867,"""instance""",3.6448e-05,"['taskset', '-c', '2', '<project>/build/release/pclp', 'solve', '--instance', '<project>/data/generated/gen_chain_plain_n200_uniform_neg0_r1.json', '--config', '<project>/experiments/runs/main/d5f5c3f33db803c0/resolved_config.json', '--output', '<project>/experiments/runs/main/d5f5c3f33db803c0/result.json']",True,forest-tuned,45,3.108e-05,0.000698345,chain,0,0,3,gen_chain_plain_n200_uniform_neg0_r1,data/generated/gen_chain_plain_n200_uniform_neg0_r1.json,473e3bfa9188d64384b291b53998e9c5cafc208bfc09eab680b7eed1ccb8c489,47,3,,200,442.04541595092024,3,generated,22863872,47,4.5657e-05,2.9252e-05,1.7106e-05,3377,0,,1,d5f5c3f33db803c0,0.0037646959972335026,optimal,0.000331783,9.7676e-05,True
199,493f6f942eca3576ac0253ad50581fbe0469e8e417d3f97011c676f7789871fd,2867,"""instance""",2.7295e-05,"['taskset', '-c', '2', '<project>/build/release/pclp', 'solve', '--instance', '<project>/data/generated/gen_chain_plain_n200_uniform_neg0_r1.json', '--config', '<project>/experiments/runs/main/b590a5d205331e76/resolved_config.json', '--output', '<project>/experiments/runs/main/b590a5d205331e76/result.json']",True,forest-tuned,45,3.7564e-05,0.000700448,chain,0,0,3,gen_chain_plain_n200_uniform_neg0_r1,data/generated/gen_chain_plain_n200_uniform_neg0_r1.json,473e3bfa9188d64384b291b53998e9c5cafc208bfc09eab680b7eed1ccb8c489,47,3,,200,442.04541595092024,3,generated,22863872,47,4.5031e-05,3.122e-05,1.6985e-05,3377,0,,2,b590a5d205331e76,0.003698002008604817,optimal,0.000334872,9.7337e-05,True
199,493f6f942eca3576ac0253ad50581fbe0469e8e417d3f97011c676f7789871fd,0,"""instance""",2.2431e-05,"['taskset', '-c', '2', '<project>/build/release/pclp', 'solve', '--instance', '<project>/data/generated/gen_chain_plain_n200_uniform_neg0_r1.json', '--config', '<project>/experiments/runs/main/0ded94a5a66439d7/resolved_config.json', '--output', '<project>/experiments/runs/main/0ded94a5a66439d7/result.json']",False,parametric,0,0.0,0.001463955,chain,528,6,0,gen_chain_plain_n200_uniform_neg0_r1,data/generated/gen_chain_plain_n200_uniform_neg0_r1.json,473e3bfa9188d64384b291b53998e9c5cafc208bfc09eab680b7eed1ccb8c489,0,3,,200,442.04541595092024,6,generated,22863872,0,4.5974e-05,0.0,0.0,0,0,,0,0ded94a5a66439d7,0.004577500993036665,optimal,0.001095624,0.0,True
199,493f6f942eca3576ac0253ad50581fbe0469e8e417d3f97011c676f7789871fd,0,"""instance""",3.1926e-05,"['taskset', '-c', '2', '<project>/build/release/pclp', 'solve', '--instance', '<project>/data/generated/gen_chain_plain_n200_uniform_neg0_r1.json', '--config', '<project>/experiments/runs/main/b7231e28a51369fe/resolved_config.json', '--output', '<project>/experiments/runs/main/b7231e28a51369fe/result.json']",False,parametric,0,0.0,0.001527458,chain,528,6,0,gen_chain_plain_n200_uniform_neg0_r1,data/generated/gen_chain_plain_n200_uniform_neg0_r1.json,473e3bfa9188d64384b291b53998e9c5cafc208bfc09eab680b7eed1ccb8c489,0,3,,200,442.04541595092024,6,generated,22863872,0,4.9153e-05,0.0,0.0,0,0,,1,b7231e28a51369fe,0.005585644990787841,optimal,0.001137264,0.0,True
199,493f6f942eca3576ac0253ad50581fbe0469e8e417d3f97011c676f7789871fd,0,"""instance""",2.5245e-05,"['taskset', '-c', '2', '<project>/build/release/pclp', 'solve', '--instance', '<project>/data/generated/gen_chain_plain_n200_uniform_neg0_r1.json', '--config', '<project>/experiments/runs/main/2c033be6ae7a00ca/resolved_config.json', '--output', '<project>/experiments/runs/main/2c033be6ae7a00ca/result.json']",False,parametric,0,0.0,0.001492592,chain,528,6,0,gen_chain_plain_n200_uniform_neg0_r1,data/generated/gen_chain_plain_n200_uniform_neg0_r1.json,473e3bfa9188d64384b291b53998e9c5cafc208bfc09eab680b7eed1ccb8c489,0,3,,200,442.04541595092024,6,generated,22863872,0,6.8824e-05,0.0,0.0,0,0,,2,2c033be6ae7a00ca,0.004817276989342645,optimal,0.001118956,0.0,True
199,493f6f942eca3576ac0253ad50581fbe0469e8e417d3f97011c676f7789871fd,0,"""instance""",2.4806e-05,"['taskset', '-c', '2', '<project>/build/release/pclp', 'solve', '--instance', '<project>/data/generated/gen_chain_plain_n200_uniform_neg0_r2.json', '--config', '<project>/experiments/runs/main/b697ff447e1002d1/resolved_config.json', '--output', '<project>/experiments/runs/main/b697ff447e1002d1/result.json']",True,dinkelbach,0,0.0,0.003491607,chain,2100,28,0,gen_chain_plain_n200_uniform_neg0_r2,data/generated/gen_chain_plain_n200_uniform_neg0_r2.json,299d59d31fc851cd9a14d82eaa75efa0a9d57cda4c7626724d8c3a493e1cb7e5,0,6,,200,2007.2983870967741,6,generated,22863872,0,5.7217e-05,0.0,0.0,0,0,,0,b697ff447e1002d1,0.0067528769868658856,optimal,0.003133392,0.0,True
199,493f6f942eca3576ac0253ad50581fbe0469e8e417d3f97011c676f7789871fd,0,"""instance""",2.4243e-05,"['taskset', '-c', '2', '<project>/build/release/pclp', 'solve', '--instance', '<project>/data/generated/gen_chain_plain_n200_uniform_neg0_r2.json', '--config', '<project>/experiments/runs/main/18f86bb32d40a0be/resolved_config.json', '--output', '<project>/experiments/runs/main/18f86bb32d40a0be/result.json']",True,dinkelbach,0,0.0,0.00346658,chain,2100,28,0,gen_chain_plain_n200_uniform_neg0_r2,data/generated/gen_chain_plain_n200_uniform_neg0_r2.json,299d59d31fc851cd9a14d82eaa75efa0a9d57cda4c7626724d8c3a493e1cb7e5,0,6,,200,2007.2983870967741,6,generated,22863872,0,4.9593e-05,0.0,0.0,0,0,,1,18f86bb32d40a0be,0.006782279000617564,optimal,0.003103464,0.0,True
199,493f6f942eca3576ac0253ad50581fbe0469e8e417d3f97011c676f7789871fd,0,"""instance""",2.5546e-05,"['taskset', '-c', '2', '<project>/build/release/pclp', 'solve', '--instance', '<project>/data/generated/gen_chain_plain_n200_uniform_neg0_r2.json', '--config', '<project>/experiments/runs/main/62e82c29f2384fb0/resolved_config.json', '--output', '<project>/experiments/runs/main/62e82c29f2384fb0/result.json']",True,dinkelbach,0,0.0,0.003518096,chain,2100,28,0,gen_chain_plain_n200_uniform_neg0_r2,data/generated/gen_chain_plain_n200_uniform_neg0_r2.json,299d59d31fc851cd9a14d82eaa75efa0a9d57cda4c7626724d8c3a493e1cb7e5,0,6,,200,2007.2983870967741,6,generated,22863872,0,5.2454e-05,0.0,0.0,0,0,,2,62e82c29f2384fb0,0.0067150590039091185,optimal,0.003146716,0.0,True
199,493f6f942eca3576ac0253ad50581fbe0469e8e417d3f97011c676f7789871fd,88314,"""instance""",2.5366e-05,"['taskset', '-c', '2', '<project>/build/release/pclp', 'solve', '--instance', '<project>/data/generated/gen_chain_plain_n200_uniform_neg0_r2.json', '--config', '<project>/experiments/runs/main/e9fb3199805e7991/resolved_config.json', '--output', '<project>/experiments/runs/main/e9fb3199805e7991/result.json']",True,forest-reference,462,0.000166417,0.003796366,chain,0,0,512,gen_chain_plain_n200_uniform_neg0_r2,data/generated/gen_chain_plain_n200_uniform_neg0_r2.json,299d59d31fc851cd9a14d82eaa75efa0a9d57cda4c7626724d8c3a493e1cb7e5,0,6,,200,2007.2983870967741,6,generated,22863872,506,5.0172e-05,0.000696912,0.000377898,88826,0,,0,e9fb3199805e7991,0.00674907500797417,optimal,0.003338674,0.001832361,True
199,493f6f942eca3576ac0253ad50581fbe0469e8e417d3f97011c676f7789871fd,88314,"""instance""",2.7055e-05,"['taskset', '-c', '2', '<project>/build/release/pclp', 'solve', '--instance', '<project>/data/generated/gen_chain_plain_n200_uniform_neg0_r2.json', '--config', '<project>/experiments/runs/main/474df29745e18f95/resolved_config.json', '--output', '<project>/experiments/runs/main/474df29745e18f95/result.json']",True,forest-reference,462,0.000173494,0.003743635,chain,0,0,512,gen_chain_plain_n200_uniform_neg0_r2,data/generated/gen_chain_plain_n200_uniform_neg0_r2.json,299d59d31fc851cd9a14d82eaa75efa0a9d57cda4c7626724d8c3a493e1cb7e5,0,6,,200,2007.2983870967741,6,generated,22863872,506,4.8831e-05,0.000717868,0.000407652,88826,0,,1,474df29745e18f95,0.007010239001829177,optimal,0.003400361,0.001834137,True
199,493f6f942eca3576ac0253ad50581fbe0469e8e417d3f97011c676f7789871fd,88314,"""instance""",2.9511e-05,"['taskset', '-c', '2', '<project>/build/release/pclp', 'solve', '--instance', '<project>/data/generated/gen_chain_plain_n200_uniform_neg0_r2.json', '--config', '<project>/experiments/runs/main/23b9cd8a0c813ee3/resolved_config.json', '--output', '<project>/experiments/runs/main/23b9cd8a0c813ee3/result.json']",True,forest-reference,462,0.000175734,0.006753551,chain,0,0,512,gen_chain_plain_n200_uniform_neg0_r2,data/generated/gen_chain_plain_n200_uniform_neg0_r2.json,299d59d31fc851cd9a14d82eaa75efa0a9d57cda4c7626724d8c3a493e1cb7e5,0,6,,200,2007.2983870967741,6,generated,22863872,506,5.1359e-05,0.000714046,0.003394059,88826,0,,2,23b9cd8a0c813ee3,0.018231093999929726,optimal,0.006394478,0.001824389,True
199,493f6f942eca3576ac0253ad50581fbe0469e8e417d3f97011c676f7789871fd,13819,"""instance""",2.6344e-05,"['taskset', '-c', '2', '<project>/build/release/pclp', 'solve', '--instance', '<project>/data/generated/gen_chain_plain_n200_uniform_neg0_r2.json', '--config', '<project>/experiments/runs/main/b0dd9a4549e84c96/resolved_config.json', '--output', '<project>/experiments/runs/main/b0dd9a4549e84c96/result.json']",True,forest-tuned,284,0.00016172,0.001606046,chain,0,0,7,gen_chain_plain_n200_uniform_neg0_r2,data/generated/gen_chain_plain_n200_uniform_neg0_r2.json,299d59d31fc851cd9a14d82eaa75efa0a9d57cda4c7626724d8c3a493e1cb7e5,293,6,,200,2007.2983870967741,6,generated,22863872,294,4.9417e-05,0.000155108,8.5184e-05,20124,0,,0,b0dd9a4549e84c96,0.004761160991620272,optimal,0.00123011,0.000548706,True
199,493f6f942eca3576ac0253ad50581fbe0469e8e417d3f97011c676f7789871fd,13819,"""instance""",2.6171e-05,"['taskset', '-c', '2', '<project>/build/release/pclp', 'solve', '--instance', '<project>/data/generated/gen_chain_plain_n200_uniform_neg0_r2.json', '--config', '<project>/experiments/runs/main/f9dbf5727993e244/resolved_config.json', '--output', '<project>/experiments/runs/main/f9dbf5727993e244/result.json']",True,forest-tuned,284,0.000161803,0.001601046,chain,0,0,7,gen_chain_plain_n200_uniform_neg0_r2,data/generated/gen_chain_plain_n200_uniform_neg0_r2.json,299d59d31fc851cd9a14d82eaa75efa0a9d57cda4c7626724d8c3a493e1cb7e5,293,6,,200,2007.2983870967741,6,generated,22863872,294,5.1317e-05,0.000156203,8.3786e-05,20124,0,,1,f9dbf5727993e244,0.005113122999318875,optimal,0.001231989,0.000548608,True
199,493f6f942eca3576ac0253ad50581fbe0469e8e417d3f97011c676f7789871fd,13819,"""instance""",2.8137e-05,"['taskset', '-c', '2', '<project>/build/release/pclp', 'solve', '--instance', '<project>/data/generated/gen_chain_plain_n200_uniform_neg0_r2.json', '--config', '<project>/experiments/runs/main/a36da3dd6b71d5a1/resolved_config.json', '--output', '<project>/experiments/runs/main/a36da3dd6b71d5a1/result.json']",True,forest-tuned,284,0.000168699,0.001620362,chain,0,0,7,gen_chain_plain_n200_uniform_neg0_r2,data/generated/gen_chain_plain_n200_uniform_neg0_r2.json,299d59d31fc851cd9a14d82eaa75efa0a9d57cda4c7626724d8c3a493e1cb7e5,293,6,,200,2007.2983870967741,6,generated,22863872,294,4.9663e-05,0.000160392,9.1209e-05,20124,0,,2,a36da3dd6b71d5a1,0.004996003000997007,optimal,0.001267605,0.000560706,True
199,493f6f942eca3576ac0253ad50581fbe0469e8e417d3f97011c676f7789871fd,0,"""instance""",2.4684e-05,"['taskset', '-c', '2', '<project>/build/release/pclp', 'solve', '--instance', '<project>/data/generated/gen_chain_plain_n200_uniform_neg0_r2.json', '--config', '<project>/experiments/runs/main/3b79db05cde30202/resolved_config.json', '--output', '<project>/experiments/runs/main/3b79db05cde30202/result.json']",False,parametric,0,0.0,0.001440943,chain,580,12,0,gen_chain_plain_n200_uniform_neg0_r2,data/generated/gen_chain_plain_n200_uniform_neg0_r2.json,299d59d31fc851cd9a14d82eaa75efa0a9d57cda4c7626724d8c3a493e1cb7e5,0,6,,200,2007.2983870967741,12,generated,22863872,0,5.1336e-05,0.0,0.0,0,0,,0,3b79db05cde30202,0.004491155006689951,optimal,0.001071456,0.0,True
199,493f6f942eca3576ac0253ad50581fbe0469e8e417d3f97011c676f7789871fd,0,"""instance""",2.439e-05,"['taskset', '-c', '2', '<project>/build/release/pclp', 'solve', '--instance', '<project>/data/generated/gen_chain_plain_n200_uniform_neg0_r2.json', '--config', '<project>/experiments/runs/main/9a1804ce52fa6e10/resolved_config.json', '--output', '<project>/experiments/runs/main/9a1804ce52fa6e10/result.json']",False,parametric,0,0.0,0.00146965,chain,580,12,0,gen_chain_plain_n200_uniform_neg0_r2,data/generated/gen_chain_plain_n200_uniform_neg0_r2.json,299d59d31fc851cd9a14d82eaa75efa0a9d57cda4c7626724d8c3a493e1cb7e5,0,6,,200,2007.2983870967741,12,generated,22863872,0,5.3002e-05,0.0,0.0,0,0,,1,9a1804ce52fa6e10,0.004319544997997582,optimal,0.00110582,0.0,True
199,493f6f942eca3576ac0253ad50581fbe0469e8e417d3f97011c676f7789871fd,0,"""instance""",2.4799e-05,"['taskset', '-c', '2', '<project>/build/release/pclp', 'solve', '--instance', '<project>/data/generated/gen_chain_plain_n200_uniform_neg0_r2.json', '--config', '<project>/experiments/runs/main/b8afc75ecc5a52ad/resolved_config.json', '--output', '<project>/experiments/runs/main/b8afc75ecc5a52ad/result.json']",False,parametric,0,0.0,0.001436269,chain,580,12,0,gen_chain_plain_n200_uniform_neg0_r2,data/generated/gen_chain_plain_n200_uniform_neg0_r2.json,299d59d31fc851cd9a14d82eaa75efa0a9d57cda4c7626724d8c3a493e1cb7e5,0,6,,200,2007.2983870967741,12,generated,22863872,0,5.0478e-05,0.0,0.0,0,0,,2,b8afc75ecc5a52ad,0.004483480995986611,optimal,0.001085072,0.0,True
2009,493f6f942eca3576ac0253ad50581fbe0469e8e417d3f97011c676f7789871fd,0,"""instance""",0.000196568,"['taskset', '-c', '2', '<project>/build/release/pclp', 'solve', '--instance', '<project>/data/generated/gen_cyclic_components10_n2000_uniform_neg30_r0.json', '--config', '<project>/experiments/runs/main/69b08c93740ff2e4/resolved_config.json', '--output', '<project>/experiments/runs/main/69b08c93740ff2e4/result.json']",True,dinkelbach,0,0.0,0.003201278,cyclic,18,3,0,gen_cyclic_components10_n2000_uniform_neg30_r0,data/generated/gen_cyclic_components10_n2000_uniform_neg30_r0.json,0e5478e1b4047ae5800d9858ca0dc3451d9582e813b9a356c2940944a19835e5,0,1,,2000,14832.75,1,generated,28123136,0,0.00028644,0.0,0.0,0,0,,0,69b08c93740ff2e4,0.007645008998224512,optimal,0.000511843,0.0,True
2009,493f6f942eca3576ac0253ad50581fbe0469e8e417d3f97011c676f7789871fd,0,"""instance""",0.000197487,"['taskset', '-c', '2', '<project>/build/release/pclp', 'solve', '--instance', '<project>/data/generated/gen_cyclic_components10_n2000_uniform_neg30_r0.json', '--config', '<project>/experiments/runs/main/1c7cbc4da4723cfa/resolved_config.json', '--output', '<project>/experiments/runs/main/1c7cbc4da4723cfa/result.json']",True,dinkelbach,0,0.0,0.003287763,cyclic,18,3,0,gen_cyclic_components10_n2000_uniform_neg30_r0,data/generated/gen_cyclic_components10_n2000_uniform_neg30_r0.json,0e5478e1b4047ae5800d9858ca0dc3451d9582e813b9a356c2940944a19835e5,0,1,,2000,14832.75,1,generated,28123136,0,0.000273799,0.0,0.0,0,0,,1,1c7cbc4da4723cfa,0.007428737997543067,optimal,0.00050196,0.0,True
2009,493f6f942eca3576ac0253ad50581fbe0469e8e417d3f97011c676f7789871fd,0,"""instance""",0.000207037,"['taskset', '-c', '2', '<project>/build/release/pclp', 'solve', '--instance', '<project>/data/generated/gen_cyclic_components10_n2000_uniform_neg30_r0.json', '--config', '<project>/experiments/runs/main/89fb292bb6801e9c/resolved_config.json', '--output', '<project>/experiments/runs/main/89fb292bb6801e9c/result.json']",True,dinkelbach,0,0.0,0.00331971,cyclic,18,3,0,gen_cyclic_components10_n2000_uniform_neg30_r0,data/generated/gen_cyclic_components10_n2000_uniform_neg30_r0.json,0e5478e1b4047ae5800d9858ca0dc3451d9582e813b9a356c2940944a19835e5,0,1,,2000,14832.75,1,generated,28123136,0,0.00028298,0.0,0.0,0,0,,2,89fb292bb6801e9c,0.007634710011188872,optimal,0.000520354,0.0,True
2009,493f6f942eca3576ac0253ad50581fbe0469e8e417d3f97011c676f7789871fd,90,"""instance""",0.00025957,"['taskset', '-c', '2', '<project>/build/release/pclp', 'solve', '--instance', '<project>/data/generated/gen_cyclic_components10_n2000_uniform_neg30_r0.json', '--config', '<project>/experiments/runs/main/7f94f2b27247f181/resolved_config.json', '--output', '<project>/experiments/runs/main/7f94f2b27247f181/result.json']",True,forest-reference,3,1.26e-06,0.004127058,cyclic,0,0,10,gen_cyclic_components10_n2000_uniform_neg30_r0,data/generated/gen_cyclic_components10_n2000_uniform_neg30_r0.json,0e5478e1b4047ae5800d9858ca0dc3451d9582e813b9a356c2940944a19835e5,0,1,,2000,14832.75,1,generated,28123136,9,0.000327859,1.969e-06,1.979e-06,100,0,,0,7f94f2b27247f181,0.0109119849948911,optimal,0.000615596,5.964e-06,True
2009,493f6f942eca3576ac0253ad50581fbe0469e8e417d3f97011c676f7789871fd,90,"""instance""",0.000277402,"['taskset', '-c', '2', '<project>/build/release/pclp', 'solve', '--instance', '<project>/data/generated/gen_cyclic_components10_n2000_uniform_neg30_r0.json', '--config', '<project>/experiments/runs/main/d26fb1883c666a05/resolved_config.json', '--output', '<project>/experiments/runs/main/d26fb1883c666a05/result.json']",True,forest-reference,3,1.584e-06,0.004640213,cyclic,0,0,10,gen_cyclic_components10_n2000_uniform_neg30_r0,data/generated/gen_cyclic_components10_n2000_uniform_neg30_r0.json,0e5478e1b4047ae5800d9858ca0dc3451d9582e813b9a356c2940944a19835e5,0,1,,2000,14832.75,1,generated,28123136,9,0.000365333,2.535e-06,2.591e-06,100,0,,1,d26fb1883c666a05,0.010115913988556713,optimal,0.000675741,7.594e-06,True
2009,493f6f942eca3576ac0253ad50581fbe0469e8e417d3f97011c676f7789871fd,90,"""instance""",0.000209193,"['taskset', '-c', '2', '<project>/build/release/pclp', 'solve', '--instance', '<project>/data/generated/gen_cyclic_components10_n2000_uniform_neg30_r0.json', '--config', '<project>/experiments/runs/main/0538efa02242d832/resolved_config.json', '--output', '<project>/experiments/runs/main/0538efa02242d832/result.json']",True,forest-reference,3,1.094e-06,0.00427158,cyclic,0,0,10,gen_cyclic_components10_n2000_uniform_neg30_r0,data/generated/gen_cyclic_components10_n2000_uniform_neg30_r0.json,0e5478e1b4047ae5800d9858ca0dc3451d9582e813b9a356c2940944a19835e5,0,1,,2000,14832.75,1,generated,28123136,9,0.000309935,1.673e-06,1.562e-06,100,0,,2,0538efa02242d832,0.009787809001863934,optimal,0.000541725,4.782e-06,True
2009,493f6f942eca3576ac0253ad50581fbe0469e8e417d3f97011c676f7789871fd,9,"""instance""",0.000293361,"['taskset', '-c', '2', '<project>/build/release/pclp', 'solve', '--instance', '<project>/data/generated/gen_cyclic_components10_n2000_uniform_neg30_r0.json', '--config', '<project>/experiments/runs/main/d7fe737993cc42fe/resolved_config.json', '--output', '<project>/experiments/runs/main/d7fe737993cc42fe/result.json']",True,forest-tuned,0,0.0,0.00438354,cyclic,0,0,1,gen_cyclic_components10_n2000_uniform_neg30_r0,data/generated/gen_cyclic_components10_n2000_uniform_neg30_r0.json,0e5478e1b4047ae5800d9858ca0dc3451d9582e813b9a356c2940944a19835e5,0,1,,2000,14832.75,1,generated,28123136,0,0.000283186,7.98e-07,0.0,10,0,,0,d7fe737993cc42fe,0.009509360999800265,optimal,0.000594944,1.495e-06,True
2009,493f6f942eca3576ac0253ad50581fbe0469e8e417d3f97011c676f7789871fd,9,"""instance""",0.000222053,"['taskset', '-c', '2', '<project>/build/release/pclp', 'solve', '--instance', '<project>/data/generated/gen_cyclic_components10_n2000_uniform_neg30_r0.json', '--config', '<project>/experiments/runs/main/e545d98fb697200c/resolved_config.json', '--output', '<project>/experiments/runs/main/e545d98fb697200c/result.json']",True,forest-tuned,0,0.0,0.003782392,cyclic,0,0,1,gen_cyclic_components10_n2000_uniform_neg30_r0,data/generated/gen_cyclic_components10_n2000_uniform_neg30_r0.json,0e5478e1b4047ae5800d9858ca0dc3451d9582e813b9a356c2940944a19835e5,0,1,,2000,14832.75,1,generated,28123136,0,0.000269857,4.58e-07,0.0,10,0,,1,e545d98fb697200c,0.008400653998251073,optimal,0.000505506,1.169e-06,True
2009,493f6f942eca3576ac0253ad50581fbe0469e8e417d3f97011c676f7789871fd,9,"""instance""",0.000213848,"['taskset', '-c', '2', '<project>/build/release/pclp', 'solve', '--instance', '<project>/data/generated/gen_cyclic_components10_n2000_uniform_neg30_r0.json', '--config', '<project>/experiments/runs/main/abed64364d454b53/resolved_config.json', '--output', '<project>/experiments/runs/main/abed64364d454b53/result.json']",True,forest-tuned,0,0.0,0.003237515,cyclic,0,0,1,gen_cyclic_components10_n2000_uniform_neg30_r0,data/generated/gen_cyclic_components10_n2000_uniform_neg30_r0.json,0e5478e1b4047ae5800d9858ca0dc3451d9582e813b9a356c2940944a19835e5,0,1,,2000,14832.75,1,generated,28123136,0,0.00027385,4.77e-07,0.0,10,0,,2,abed64364d454b53,0.007587938001961447,optimal,0.000502616,2.151e-06,True
2009,493f6f942eca3576ac0253ad50581fbe0469e8e417d3f97011c676f7789871fd,0,"""instance""",0.00020547,"['taskset', '-c', '2', '<project>/build/release/pclp', 'solve', '--instance', '<project>/data/generated/gen_cyclic_components10_n2000_uniform_neg30_r0.json', '--config', '<project>/experiments/runs/main/312421d9b1a66942/resolved_config.json', '--output', '<project>/experiments/runs/main/312421d9b1a66942/result.json']",False,parametric,0,0.0,0.003401149,cyclic,9,2,0,gen_cyclic_components10_n2000_uniform_neg30_r0,data/generated/gen_cyclic_components10_n2000_uniform_neg30_r0.json,0e5478e1b4047ae5800d9858ca0dc3451d9582e813b9a356c2940944a19835e5,0,1,,2000,14832.75,2,generated,28123136,0,0.000287374,0.0,0.0,0,0,,0,312421d9b1a66942,0.007752559002256021,optimal,0.000520904,0.0,True
2009,493f6f942eca3576ac0253ad50581fbe0469e8e417d3f97011c676f7789871fd,0,"""instance""",0.000211513,"['taskset', '-c', '2', '<project>/build/release/pclp', 'solve', '--instance', '<project>/data/generated/gen_cyclic_components10_n2000_uniform_neg30_r0.json', '--config', '<project>/experiments/runs/main/6420b33505446199/resolved_config.json', '--output', '<project>/experiments/runs/main/6420b33505446199/result.json']",False,parametric,0,0.0,0.00338689,cyclic,9,2,0,gen_cyclic_components10_n2000_uniform_neg30_r0,data/generated/gen_cyclic_components10_n2000_uniform_neg30_r0.json,0e5478e1b4047ae5800d9858ca0dc3451d9582e813b9a356c2940944a19835e5,0,1,,2000,14832.75,2,generated,28123136,0,0.000304097,0.0,0.0,0,0,,1,6420b33505446199,0.008300603993120603,optimal,0.000548639,0.0,True
2009,493f6f942eca3576ac0253ad50581fbe0469e8e417d3f97011c676f7789871fd,0,"""instance""",0.000223397,"['taskset', '-c', '2', '<project>/build/release/pclp', 'solve', '--instance', '<project>/data/generated/gen_cyclic_components10_n2000_uniform_neg30_r0.json', '--config', '<project>/experiments/runs/main/05caf484fb522995/resolved_config.json', '--output', '<project>/experiments/runs/main/05caf484fb522995/result.json']",False,parametric,0,0.0,0.005001662,cyclic,9,2,0,gen_cyclic_components10_n2000_uniform_neg30_r0,data/generated/gen_cyclic_components10_n2000_uniform_neg30_r0.json,0e5478e1b4047ae5800d9858ca0dc3451d9582e813b9a356c2940944a19835e5,0,1,,2000,14832.75,2,generated,28123136,0,0.00040367,0.0,0.0,0,0,,2,05caf484fb522995,0.00994276900019031,optimal,0.00066932,0.0,True
2009,493f6f942eca3576ac0253ad50581fbe0469e8e417d3f97011c676f7789871fd,0,"""instance""",0.000198044,"['taskset', '-c', '2', '<project>/build/release/pclp', 'solve', '--instance', '<project>/data/generated/gen_cyclic_components10_n2000_uniform_neg30_r1.json', '--config', '<project>/experiments/runs/main/97e0e9e2e9e0eccb/resolved_config.json', '--output', '<project>/experiments/runs/main/97e0e9e2e9e0eccb/result.json']",False,dinkelbach,0,0.0,0.003573841,cyclic,21,23,0,gen_cyclic_components10_n2000_uniform_neg30_r1,data/generated/gen_cyclic_components10_n2000_uniform_neg30_r1.json,08c87d07f95c865b6be8e4d8ba584a9432509240e3ff8360b30f38a79c3e196f,0,4,,2000,424.6683254283966,5,generated,28123136,0,0.000295171,0.0,0.0,0,0,,0,97e0e9e2e9e0eccb,0.008975192002253607,optimal,0.000537073,0.0,True
2009,493f6f942eca3576ac0253ad50581fbe0469e8e417d3f97011c676f7789871fd,0,"""instance""",0.000201388,"['taskset', '-c', '2', '<project>/build/release/pclp', 'solve', '--instance', '<project>/data/generated/gen_cyclic_components10_n2000_uniform_neg30_r1.json', '--config', '<project>/experiments/runs/main/3a0f38e9ef093998/resolved_config.json', '--output', '<project>/experiments/runs/main/3a0f38e9ef093998/result.json']",False,dinkelbach,0,0.0,0.003567032,cyclic,21,23,0,gen_cyclic_components10_n2000_uniform_neg30_r1,data/generated/gen_cyclic_components10_n2000_uniform_neg30_r1.json,08c87d07f95c865b6be8e4d8ba584a9432509240e3ff8360b30f38a79c3e196f,0,4,,2000,424.6683254283966,5,generated,28123136,0,0.000289627,0.0,0.0,0,0,,1,3a0f38e9ef093998,0.007837657001800835,optimal,0.000537072,0.0,True
2009,493f6f942eca3576ac0253ad50581fbe0469e8e417d3f97011c676f7789871fd,0,"""instance""",0.000198342,"['taskset', '-c', '2', '<project>/build/release/pclp', 'solve', '--instance', '<project>/data/generated/gen_cyclic_components10_n2000_uniform_neg30_r1.json', '--config', '<project>/experiments/runs/main/358f8926c6928b4a/resolved_config.json', '--output', '<project>/experiments/runs/main/358f8926c6928b4a/result.json']",False,dinkelbach,0,0.0,0.003579813,cyclic,21,23,0,gen_cyclic_components10_n2000_uniform_neg30_r1,data/generated/gen_cyclic_components10_n2000_uniform_neg30_r1.json,08c87d07f95c865b6be8e4d8ba584a9432509240e3ff8360b30f38a79c3e196f,0,4,,2000,424.6683254283966,5,generated,28123136,0,0.000287281,0.0,0.0,0,0,,2,358f8926c6928b4a,0.008168416999978945,optimal,0.000528103,0.0,True
2009,493f6f942eca3576ac0253ad50581fbe0469e8e417d3f97011c676f7789871fd,76,"""instance""",0.000211112,"['taskset', '-c', '2', '<project>/build/release/pclp', 'solve', '--instance', '<project>/data/generated/gen_cyclic_components10_n2000_uniform_neg30_r1.json', '--config', '<project>/experiments/runs/main/84a21bf329579677/resolved_config.json', '--output', '<project>/experiments/runs/main/84a21bf329579677/result.json']",False,forest-reference,3,7.16e-07,0.003616739,cyclic,0,0,12,gen_cyclic_components10_n2000_uniform_neg30_r1,data/generated/gen_cyclic_components10_n2000_uniform_neg30_r1.json,08c87d07f95c865b6be8e4d8ba584a9432509240e3ff8360b30f38a79c3e196f,0,4,,2000,424.6683254283966,5,generated,28123136,7,0.000291018,1.55e-06,1.233e-06,88,0,,0,84a21bf329579677,0.0081802519998746,optimal,0.0005274500000000001,3.578e-06,True
2009,493f6f942eca3576ac0253ad50581fbe0469e8e417d3f97011c676f7789871fd,76,"""instance""",0.000213612,"['taskset', '-c', '2', '<project>/build/release/pclp', 'solve', '--instance', '<project>/data/generated/gen_cyclic_components10_n2000_uniform_neg30_r1.json', '--config', '<project>/experiments/runs/main/159d1f52a35548b1/resolved_config.json', '--output', '<project>/experiments/runs/main/159d1f52a35548b1/result.json']",False,forest-reference,3,7.73e-07,0.003572345,cyclic,0,0,12,gen_cyclic_components10_n2000_uniform_neg30_r1,data/generated/gen_cyclic_components10_n2000_uniform_neg30_r1.json,08c87d07f95c865b6be8e4d8ba584a9432509240e3ff8360b30f38a79c3e196f,0,4,,2000,424.6683254283966,5,generated,28123136,7,0.000287273,1.611e-06,1.181e-06,88,0,,1,159d1f52a35548b1,0.008247566991485655,optimal,0.000526195,3.738e-06,True
2009,493f6f942eca3576ac0253ad50581fbe0469e8e417d3f97011c676f7789871fd,76,"""instance""",0.000213198,"['taskset', '-c', '2', '<project>/build/release/pclp', 'solve', '--instance', '<project>/data/generated/gen_cyclic_components10_n2000_uniform_neg30_r1.json', '--config', '<project>/experiments/runs/main/a8016998dddf9165/resolved_config.json', '--output', '<project>/experiments/runs/main/a8016998dddf9165/result.json']",False,forest-reference,3,8.26e-07,0.003583951,cyclic,0,0,12,gen_cyclic_components10_n2000_uniform_neg30_r1,data/generated/gen_cyclic_components10_n2000_uniform_neg30_r1.json,08c87d07f95c865b6be8e4d8ba584a9432509240e3ff8360b30f38a79c3e196f,0,4,,2000,424.6683254283966,5,generated,28123136,7,0.000287381,1.671e-06,1.311e-06,88,0,,2,a8016998dddf9165,0.007636681999429129,optimal,0.000526321,3.806e-06,True
2009,493f6f942eca3576ac0253ad50581fbe0469e8e417d3f97011c676f7789871fd,125,"""instance""",0.000209404,"['taskset', '-c', '2', '<project>/build/release/pclp', 'solve', '--instance', '<project>/data/generated/gen_cyclic_components10_n2000_uniform_neg30_r1.json', '--config', '<project>/experiments/runs/main/d285fb508ce7085e/resolved_config.json', '--output', '<project>/experiments/runs/main/d285fb508ce7085e/result.json']",False,forest-tuned,10,2.403e-06,0.00361682,cyclic,0,0,5,gen_cyclic_components10_n2000_uniform_neg30_r1,data/generated/gen_cyclic_components10_n2000_uniform_neg30_r1.json,08c87d07f95c865b6be8e4d8ba584a9432509240e3ff8360b30f38a79c3e196f,19,4,,2000,424.6683254283966,5,generated,28123136,19,0.000290334,3.89e-06,3.508e-06,108,0,,0,d285fb508ce7085e,0.008832114996039309,optimal,0.000540707,6.952e-06,True
2009,493f6f942eca3576ac0253ad50581fbe0469e8e417d3f97011c676f7789871fd,125,"""instance""",0.00021137,"['taskset', '-c', '2', '<project>/build/release/pclp', 'solve', '--instance', '<project>/data/generated/gen_cyclic_components10_n2000_uniform_neg30_r1.json', '--config', '<project>/experiments/runs/main/0855df61effd4092/resolved_config.json', '--output', '<project>/experiments/runs/main/0855df61effd4092/result.json']",False,forest-tuned,10,2.966e-06,0.003606416,cyclic,0,0,5,gen_cyclic_components10_n2000_uniform_neg30_r1,data/generated/gen_cyclic_components10_n2000_uniform_neg30_r1.json,08c87d07f95c865b6be8e4d8ba584a9432509240e3ff8360b30f38a79c3e196f,19,4,,2000,424.6683254283966,5,generated,28123136,19,0.00029261,4.307e-06,3.918e-06,108,0,,1,0855df61effd4092,0.007969347992911935,optimal,0.000548588,7.178e-06,True
2009,493f6f942eca3576ac0253ad50581fbe0469e8e417d3f97011c676f7789871fd,125,"""instance""",0.000209796,"['taskset', '-c', '2', '<project>/build/release/pclp', 'solve', '--instance', '<project>/data/generated/gen_cyclic_components10_n2000_uniform_neg30_r1.json', '--config', '<project>/experiments/runs/main/4e50e773ab2ca8a6/resolved_config.json', '--output', '<project>/experiments/runs/main/4e50e773ab2ca8a6/result.json']",False,forest-tuned,10,2.364e-06,0.003654942,cyclic,0,0,5,gen_cyclic_components10_n2000_uniform_neg30_r1,data/generated/gen_cyclic_components10_n2000_uniform_neg30_r1.json,08c87d07f95c865b6be8e4d8ba584a9432509240e3ff8360b30f38a79c3e196f,19,4,,2000,424.6683254283966,5,generated,28123136,19,0.000289236,3.976e-06,3.615e-06,108,0,,2,4e50e773ab2ca8a6,0.00827555000432767,optimal,0.000542951,6.922e-06,True
2009,493f6f942eca3576ac0253ad50581fbe0469e8e417d3f97011c676f7789871fd,0,"""instance""",0.000192505,"['taskset', '-c', '2', '<project>/build/release/pclp', 'solve', '--instance', '<project>/data/generated/gen_cyclic_components10_n2000_uniform_neg30_r1.json', '--config', '<project>/experiments/runs/main/aa07957fc89685e1/resolved_config.json', '--output', '<project>/experiments/runs/main/aa07957fc89685e1/result.json']",False,parametric,0,0.0,0.003757681,cyclic,11,9,0,gen_cyclic_components10_n2000_uniform_neg30_r1,data/generated/gen_cyclic_components10_n2000_uniform_neg30_r1.json,08c87d07f95c865b6be8e4d8ba584a9432509240e3ff8360b30f38a79c3e196f,0,4,,2000,424.6683254283966,8,generated,28123136,0,0.00028789,0.0,0.0,0,0,,0,aa07957fc89685e1,0.008456308001768775,optimal,0.000513039,0.0,True
2009,493f6f942eca3576ac0253ad50581fbe0469e8e417d3f97011c676f7789871fd,0,"""instance""",0.000192777,"['taskset', '-c', '2', '<project>/build/release/pclp', 'solve', '--instance', '<project>/data/generated/gen_cyclic_components10_n2000_uniform_neg30_r1.json', '--config', '<project>/experiments/runs/main/aa0186ea34702a2a/resolved_config.json', '--output', '<project>/experiments/runs/main/aa0186ea34702a2a/result.json']",False,parametric,0,0.0,0.003504,cyclic,11,9,0,gen_cyclic_components10_n2000_uniform_neg30_r1,data/generated/gen_cyclic_components10_n2000_uniform_neg30_r1.json,08c87d07f95c865b6be8e4d8ba584a9432509240e3ff8360b30f38a79c3e196f,0,4,,2000,424.6683254283966,8,generated,28123136,0,0.000280874,0.0,0.0,0,0,,1,aa0186ea34702a2a,0.007428384997183457,optimal,0.000508092,0.0,True
2009,493f6f942eca3576ac0253ad50581fbe0469e8e417d3f97011c676f7789871fd,0,"""instance""",0.000191334,"['taskset', '-c', '2', '<project>/build/release/pclp', 'solve', '--instance', '<project>/data/generated/gen_cyclic_components10_n2000_uniform_neg30_r1.json', '--config', '<project>/experiments/runs/main/5f5a789b3a730695/resolved_config.json', '--output', '<project>/experiments/runs/main/5f5a789b3a730695/result.json']",False,parametric,0,0.0,0.003446437,cyclic,11,9,0,gen_cyclic_components10_n2000_uniform_neg30_r1,data/generated/gen_cyclic_components10_n2000_uniform_neg30_r1.json,08c87d07f95c865b6be8e4d8ba584a9432509240e3ff8360b30f38a79c3e196f,0,4,,2000,424.6683254283966,8,generated,28123136,0,0.000281715,0.0,0.0,0,0,,2,5f5a789b3a730695,0.007553605988505296,optimal,0.000505369,0.0,True
2009,493f6f942eca3576ac0253ad50581fbe0469e8e417d3f97011c676f7789871fd,0,"""instance""",0.000186775,"['taskset', '-c', '2', '<project>/build/release/pclp', 'solve', '--instance', '<project>/data/generated/gen_cyclic_components10_n2000_uniform_neg30_r2.json', '--config', '<project>/experiments/runs/main/1faa18c9d8a3a07b/resolved_config.json', '--output', '<project>/experiments/runs/main/1faa18c9d8a3a07b/result.json']",True,dinkelbach,0,0.0,0.00311933,cyclic,24,7,0,gen_cyclic_components10_n2000_uniform_neg30_r2,data/generated/gen_cyclic_components10_n2000_uniform_neg30_r2.json,6d1f2ca6a660c1959137bc6bb2f3814dda28b4c4239e890d931a5be73eb0d217,0,2,,2000,9193.18523279063,2,generated,28123136,0,0.000274837,0.0,0.0,0,0,,0,1faa18c9d8a3a07b,0.007214879005914554,optimal,0.000497677,0.0,True
2009,493f6f942eca3576ac0253ad50581fbe0469e8e417d3f97011c676f7789871fd,0,"""instance""",0.000187669,"['taskset', '-c', '2', '<project>/build/release/pclp', 'solve', '--instance', '<project>/data/generated/gen_cyclic_components10_n2000_uniform_neg30_r2.json', '--config', '<project>/experiments/runs/main/731fcdceccd31ec9/resolved_config.json', '--output', '<project>/experiments/runs/main/731fcdceccd31ec9/result.json']",True,dinkelbach,0,0.0,0.003146109,cyclic,24,7,0,gen_cyclic_components10_n2000_uniform_neg30_r2,data/generated/gen_cyclic_components10_n2000_uniform_neg30_r2.json,6d1f2ca6a660c1959137bc6bb2f3814dda28b4c4239e890d931a5be73eb0d217,0,2,,2000,9193.18523279063,2,generated,28123136,0,0.000263246,0.0,0.0,0,0,,1,731fcdceccd31ec9,0.007377727000857703,optimal,0.000486099,0.0,True
2009,493f6f942eca3576ac0253ad50581fbe0469e8e417d3f97011c676f7789871fd,0,"""instance""",0.000194306,"['taskset', '-c', '2', '<project>/build/release/pclp', 'solve', '--instance', '<project>/data/generated/gen_cyclic_components10_n2000_uniform_neg30_r2.json', '--config', '<project>/experiments/runs/main/20ff66e2076d1bac/resolved_config.json', '--output', '<project>/experiments/runs/main/20ff66e2076d1bac/result.json']",True,dinkelbach,0,0.0,0.003191202,cyclic,24,7,0,gen_cyclic_components10_n2000_uniform_neg30_r2,data/generated/gen_cyclic_components10_n2000_uniform_neg30_r2.json,6d1f2ca6a660c1959137bc6bb2f3814dda28b4c4239e890d931a5be73eb0d217,0,2,,2000,9193.18523279063,2,generated,28123136,0,0.00028018,0.0,0.0,0,0,,2,20ff66e2076d1bac,0.008527482001227327,optimal,0.000510339,0.0,True
2009,493f6f942eca3576ac0253ad50581fbe0469e8e417d3f97011c676f7789871fd,78,"""instance""",0.000209888,"['taskset', '-c', '2', '<project>/build/release/pclp', 'solve', '--instance', '<project>/data/generated/gen_cyclic_components10_n2000_uniform_neg30_r2.json', '--config', '<project>/experiments/runs/main/042736656b54b1e0/resolved_config.json', '--output', '<project>/experiments/runs/main/042736656b54b1e0/result.json']",True,forest-reference,5,1.172e-06,0.003283482,cyclic,0,0,11,gen_cyclic_components10_n2000_uniform_neg30_r2,data/generated/gen_cyclic_components10_n2000_uniform_neg30_r2.json,6d1f2ca6a660c1959137bc6bb2f3814dda28b4c4239e890d931a5be73eb0d217,0,2,,2000,9193.18523279063,2,generated,28123136,9,0.000277229,1.632e-06,1.908e-06,89,0,,0,042736656b54b1e0,0.009742674010340124,optimal,0.000513111,4.809e-06,True
2009,493f6f942eca3576ac0253ad50581fbe0469e8e417d3f97011c676f7789871fd,78,"""instance""",0.000220773,"['taskset', '-c', '2', '<project>/build/release/pclp', 'solve', '--instance', '<project>/data/generated/gen_cyclic_components10_n2000_uniform_neg30_r2.json', '--config', '<project>/experiments/runs/main/07c60e4f911f34ea/resolved_config.json', '--output', '<project>/experiments/runs/main/07c60e4f911f34ea/result.json']",True,forest-reference,5,1.027e-06,0.003214821,cyclic,0,0,11,gen_cyclic_components10_n2000_uniform_neg30_r2,data/generated/gen_cyclic_components10_n2000_uniform_neg30_r2.json,6d1f2ca6a660c1959137bc6bb2f3814dda28b4c4239e890d931a5be73eb0d217,0,2,,2000,9193.18523279063,2,generated,28123136,9,0.00027214,1.594e-06,1.752e-06,89,0,,1,07c60e4f911f34ea,0.007410594989778474,optimal,0.000518315,4.582e-06,True
2009,493f6f942eca3576ac0253ad50581fbe0469e8e417d3f97011c676f7789871fd,78,"""instance""",0.000211236,"['taskset', '-c', '2', '<project>/build/release/pclp', 'solve', '--instance', '<project>/data/generated/gen_cyclic_components10_n2000_uniform_neg30_r2.json', '--config', '<project>/experiments/runs/main/52f4fe1a44e79539/resolved_config.json', '--output', '<project>/experiments/runs/main/52f4fe1a44e79539/result.json']",True,forest-reference,5,1.064e-06,0.003197319,cyclic,0,0,11,gen_cyclic_components10_n2000_uniform_neg30_r2,data/generated/gen_cyclic_components10_n2000_uniform_neg30_r2.json,6d1f2ca6a660c1959137bc6bb2f3814dda28b4c4239e890d931a5be73eb0d217,0,2,,2000,9193.18523279063,2,generated,28123136,9,0.000275616,1.792e-06,1.654e-06,89,0,,2,52f4fe1a44e79539,0.007245492000947706,optimal,0.000511038,4.316e-06,True
2009,493f6f942eca3576ac0253ad50581fbe0469e8e417d3f97011c676f7789871fd,21,"""instance""",0.000206986,"['taskset', '-c', '2', '<project>/build/release/pclp', 'solve', '--instance', '<project>/data/generated/gen_cyclic_components10_n2000_uniform_neg30_r2.json', '--config', '<project>/experiments/runs/main/65a701ef6ede97d5/resolved_config.json', '--output', '<project>/experiments/runs/main/65a701ef6ede97d5/result.json']",True,forest-tuned,1,8.65e-07,0.003182648,cyclic,0,0,2,gen_cyclic_components10_n2000_uniform_neg30_r2,data/generated/gen_cyclic_components10_n2000_uniform_neg30_r2.json,6d1f2ca6a660c1959137bc6bb2f3814dda28b4c4239e890d931a5be73eb0d217,2,2,,2000,9193.18523279063,2,generated,28123136,2,0.000272348,9.04e-07,6.82e-07,26,0,,0,65a701ef6ede97d5,0.00728059999528341,optimal,0.000501721,2.389e-06,True
2009,493f6f942eca3576ac0253ad50581fbe0469e8e417d3f97011c676f7789871fd,21,"""instance""",0.000204421,"['taskset', '-c', '2', '<project>/build/release/pclp', 'solve', '--instance', '<project>/data/generated/gen_cyclic_components10_n2000_uniform_neg30_r2.json', '--config', '<project>/experiments/runs/main/b7976ce4520663fc/resolved_config.json', '--output', '<project>/experiments/runs/main/b7976ce4520663fc/result.json']",True,forest-tuned,1,5.97e-07,0.003203394,cyclic,0,0,2,gen_cyclic_components10_n2000_uniform_neg30_r2,data/generated/gen_cyclic_components10_n2000_uniform_neg30_r2.json,6d1f2ca6a660c1959137bc6bb2f3814dda28b4c4239e890d931a5be73eb0d217,2,2,,2000,9193.18523279063,2,generated,28123136,2,0.000270631,9.65e-07,1.12e-06,26,0,,1,b7976ce4520663fc,0.00780337699688971,optimal,0.000495487,2.328e-06,True
2009,493f6f942eca3576ac0253ad50581fbe0469e8e417d3f97011c676f7789871fd,21,"""instance""",0.00019928,"['taskset', '-c', '2', '<project>/build/release/pclp', 'solve', '--instance', '<project>/data/generated/gen_cyclic_components10_n2000_uniform_neg30_r2.json', '--config', '<project>/experiments/runs/main/e2529210ee22e808/resolved_config.json', '--output', '<project>/experiments/runs/main/e2529210ee22e808/result.json']",True,forest-tuned,1,6.61e-07,0.003172861,cyclic,0,0,2,gen_cyclic_components10_n2000_uniform_neg30_r2,data/generated/gen_cyclic_components10_n2000_uniform_neg30_r2.json,6d1f2ca6a660c1959137bc6bb2f3814dda28b4c4239e890d931a5be73eb0d217,2,2,,2000,9193.18523279063,2,generated,28123136,2,0.000266286,9.92e-07,7.75e-07,26,0,,2,e2529210ee22e808,0.007527137000579387,optimal,0.000487462,2.267e-06,True
2009,493f6f942eca3576ac0253ad50581fbe0469e8e417d3f97011c676f7789871fd,0,"""instance""",0.000192719,"['taskset', '-c', '2', '<project>/build/release/pclp', 'solve', '--instance', '<project>/data/generated/gen_cyclic_components10_n2000_uniform_neg30_r2.json', '--config', '<project>/experiments/runs/main/635390b564297f4c/resolved_config.json', '--output', '<project>/experiments/runs/main/635390b564297f4c/result.json']",False,parametric,0,0.0,0.003233979,cyclic,15,4,0,gen_cyclic_components10_n2000_uniform_neg30_r2,data/generated/gen_cyclic_components10_n2000_uniform_neg30_r2.json,6d1f2ca6a660c1959137bc6bb2f3814dda28b4c4239e890d931a5be73eb0d217,0,2,,2000,9193.18523279063,4,generated,28123136,0,0.000278028,0.0,0.0,0,0,,0,635390b564297f4c,0.009654701003455557,optimal,0.000504548,0.0,True
2009,493f6f942eca3576ac0253ad50581fbe0469e8e417d3f97011c676f7789871fd,0,"""instance""",0.000193596,"['taskset', '-c', '2', '<project>/build/release/pclp', 'solve', '--instance', '<project>/data/generated/gen_cyclic_components10_n2000_uniform_neg30_r2.json', '--config', '<project>/experiments/runs/main/c90ecdb2a8598d7c/resolved_config.json', '--output', '<project>/experiments/runs/main/c90ecdb2a8598d7c/result.json']",False,parametric,0,0.0,0.003255102,cyclic,15,4,0,gen_cyclic_components10_n2000_uniform_neg30_r2,data/generated/gen_cyclic_components10_n2000_uniform_neg30_r2.json,6d1f2ca6a660c1959137bc6bb2f3814dda28b4c4239e890d931a5be73eb0d217,0,2,,2000,9193.18523279063,4,generated,28123136,0,0.000280679,0.0,0.0,0,0,,1,c90ecdb2a8598d7c,0.007791423995513469,optimal,0.000508555,0.0,True
2009,493f6f942eca3576ac0253ad50581fbe0469e8e417d3f97011c676f7789871fd,0,"""instance""",0.000210024,"['taskset', '-c', '2', '<project>/build/release/pclp', 'solve', '--instance', '<project>/data/generated/gen_cyclic_components10_n2000_uniform_neg30_r2.json', '--config', '<project>/experiments/runs/main/de7e15028e422c35/resolved_config.json', '--output', '<project>/experiments/runs/main/de7e15028e422c35/result.json']",False,parametric,0,0.0,0.003397224,cyclic,15,4,0,gen_cyclic_components10_n2000_uniform_neg30_r2,data/generated/gen_cyclic_components10_n2000_uniform_neg30_r2.json,6d1f2ca6a660c1959137bc6bb2f3814dda28b4c4239e890d931a5be73eb0d217,0,2,,2000,9193.18523279063,4,generated,28123136,0,0.000286066,0.0,0.0,0,0,,2,de7e15028e422c35,0.008953833996201865,optimal,0.000530836,0.0,True
209,493f6f942eca3576ac0253ad50581fbe0469e8e417d3f97011c676f7789871fd,0,"""instance""",2.1097e-05,"['taskset', '-c', '2', '<project>/build/release/pclp', 'solve', '--instance', '<project>/data/generated/gen_cyclic_components10_n200_uniform_neg30_r0.json', '--config', '<project>/experiments/runs/main/25bbe061ec062f7a/resolved_config.json', '--output', '<project>/experiments/runs/main/25bbe061ec062f7a/result.json']",True,dinkelbach,0,0.0,0.000470436,cyclic,26,12,0,gen_cyclic_components10_n200_uniform_neg30_r0,data/generated/gen_cyclic_components10_n200_uniform_neg30_r0.json,7b8b23f3cedbee8a04cc7ba5ade25e62dfbe3c33688e9af88ab69062f01640d3,0,3,,200,1771.4353546910754,3,generated,22863872,0,4.5703e-05,0.0,0.0,0,0,,0,25bbe061ec062f7a,0.0038878920022398233,optimal,9.4423e-05,0.0,True
209,493f6f942eca3576ac0253ad50581fbe0469e8e417d3f97011c676f7789871fd,0,"""instance""",2.1806e-05,"['taskset', '-c', '2', '<project>/build/release/pclp', 'solve', '--instance', '<project>/data/generated/gen_cyclic_components10_n200_uniform_neg30_r0.json', '--config', '<project>/experiments/runs/main/491b13cd636911fb/resolved_config.json', '--output', '<project>/experiments/runs/main/491b13cd636911fb/result.json']",True,dinkelbach,0,0.0,0.00047638,cyclic,26,12,0,gen_cyclic_components10_n200_uniform_neg30_r0,data/generated/gen_cyclic_components10_n200_uniform_neg30_r0.json,7b8b23f3cedbee8a04cc7ba5ade25e62dfbe3c33688e9af88ab69062f01640d3,0,3,,200,1771.4353546910754,3,generated,22863872,0,4.7331e-05,0.0,0.0,0,0,,1,491b13cd636911fb,0.004137444993830286,optimal,9.8956e-05,0.0,True
209,493f6f942eca3576ac0253ad50581fbe0469e8e417d3f97011c676f7789871fd,0,"""instance""",2.1613e-05,"['taskset', '-c', '2', '<project>/build/release/pclp', 'solve', '--instance', '<project>/data/generated/gen_cyclic_components10_n200_uniform_neg30_r0.json', '--config', '<project>/experiments/runs/main/5996d62a8d5d91f7/resolved_config.json', '--output', '<project>/experiments/runs/main/5996d62a8d5d91f7/result.json']",True,dinkelbach,0,0.0,0.000473486,cyclic,26,12,0,gen_cyclic_components10_n200_uniform_neg30_r0,data/generated/gen_cyclic_components10_n200_uniform_neg30_r0.json,7b8b23f3cedbee8a04cc7ba5ade25e62dfbe3c33688e9af88ab69062f01640d3,0,3,,200,1771.4353546910754,3,generated,22863872,0,4.5042e-05,0.0,0.0,0,0,,2,5996d62a8d5d91f7,0.003758484002901241,optimal,9.5844e-05,0.0,True
209,493f6f942eca3576ac0253ad50581fbe0469e8e417d3f97011c676f7789871fd,66,"""instance""",2.5352e-05,"['taskset', '-c', '2', '<project>/build/release/pclp', 'solve', '--instance', '<project>/data/generated/gen_cyclic_components10_n200_uniform_neg30_r0.json', '--config', '<project>/experiments/runs/main/4a298513f56a4096/resolved_config.json', '--output', '<project>/experiments/runs/main/4a298513f56a4096/result.json']",True,forest-reference,2,9.29e-07,0.000479968,cyclic,0,0,11,gen_cyclic_components10_n200_uniform_neg30_r0,data/generated/gen_cyclic_components10_n200_uniform_neg30_r0.json,7b8b23f3cedbee8a04cc7ba5ade25e62dfbe3c33688e9af88ab69062f01640d3,0,3,,200,1771.4353546910754,3,generated,22863872,8,5.274e-05,1.758e-06,1.399e-06,77,0,,0,4a298513f56a4096,0.0035843599907821044,optimal,0.000100768,4.084e-06,True
209,493f6f942eca3576ac0253ad50581fbe0469e8e417d3f97011c676f7789871fd,66,"""instance""",2.4775e-05,"['taskset', '-c', '2', '<project>/build/release/pclp', 'solve', '--instance', '<project>/data/generated/gen_cyclic_components10_n200_uniform_neg30_r0.json', '--config', '<project>/experiments/runs/main/0e453db31bb01143/resolved_config.json', '--output', '<project>/experiments/runs/main/0e453db31bb01143/result.json']",True,forest-reference,2,9.18e-07,0.000475684,cyclic,0,0,11,gen_cyclic_components10_n200_uniform_neg30_r0,data/generated/gen_cyclic_components10_n200_uniform_neg30_r0.json,7b8b23f3cedbee8a04cc7ba5ade25e62dfbe3c33688e9af88ab69062f01640d3,0,3,,200,1771.4353546910754,3,generated,22863872,8,4.8285e-05,1.656e-06,1.301e-06,77,0,,1,0e453db31bb01143,0.0035715520061785355,optimal,9.6849e-05,4.157e-06,True
209,493f6f942eca3576ac0253ad50581fbe0469e8e417d3f97011c676f7789871fd,66,"""instance""",2.4165e-05,"['taskset', '-c', '2', '<project>/build/release/pclp', 'solve', '--instance', '<project>/data/generated/gen_cyclic_components10_n200_uniform_neg30_r0.json', '--config', '<project>/experiments/runs/main/1920572c74529692/resolved_config.json', '--output', '<project>/experiments/runs/main/1920572c74529692/result.json']",True,forest-reference,2,7.92e-07,0.00047529,cyclic,0,0,11,gen_cyclic_components10_n200_uniform_neg30_r0,data/generated/gen_cyclic_components10_n200_uniform_neg30_r0.json,7b8b23f3cedbee8a04cc7ba5ade25e62dfbe3c33688e9af88ab69062f01640d3,0,3,,200,1771.4353546910754,3,generated,22863872,8,4.6458e-05,1.637e-06,1.255e-06,77,0,,2,1920572c74529692,0.003957635010010563,optimal,9.1898e-05,3.925e-06,True
209,493f6f942eca3576ac0253ad50581fbe0469e8e417d3f97011c676f7789871fd,60,"""instance""",2.3697e-05,"['taskset', '-c', '2', '<project>/build/release/pclp', 'solve', '--instance', '<project>/data/generated/gen_cyclic_components10_n200_uniform_neg30_r0.json', '--config', '<project>/experiments/runs/main/04efc581639296b0/resolved_config.json', '--output', '<project>/experiments/runs/main/04efc581639296b0/result.json']",True,forest-tuned,7,1.484e-06,0.0007317,cyclic,0,0,3,gen_cyclic_components10_n200_uniform_neg30_r0,data/generated/gen_cyclic_components10_n200_uniform_neg30_r0.json,7b8b23f3cedbee8a04cc7ba5ade25e62dfbe3c33688e9af88ab69062f01640d3,10,3,,200,1771.4353546910754,3,generated,22863872,10,4.566e-05,2.273e-06,2.411e-06,68,0,,0,04efc581639296b0,0.005267831002129242,optimal,9.9078e-05,4.539e-06,True
209,493f6f942eca3576ac0253ad50581fbe0469e8e417d3f97011c676f7789871fd,60,"""instance""",2.5415e-05,"['taskset', '-c', '2', '<project>/build/release/pclp', 'solve', '--instance', '<project>/data/generated/gen_cyclic_components10_n200_uniform_neg30_r0.json', '--config', '<project>/experiments/runs/main/f41252bab484e72b/resolved_config.json', '--output', '<project>/experiments/runs/main/f41252bab484e72b/result.json']",True,forest-tuned,7,1.687e-06,0.00048813,cyclic,0,0,3,gen_cyclic_components10_n200_uniform_neg30_r0,data/generated/gen_cyclic_components10_n200_uniform_neg30_r0.json,7b8b23f3cedbee8a04cc7ba5ade25e62dfbe3c33688e9af88ab69062f01640d3,10,3,,200,1771.4353546910754,3,generated,22863872,10,4.9415e-05,2.406e-06,2.806e-06,68,0,,1,f41252bab484e72b,0.003694716011523269,optimal,0.000106185,4.893e-06,True
209,493f6f942eca3576ac0253ad50581fbe0469e8e417d3f97011c676f7789871fd,60,"""instance""",2.3889e-05,"['taskset', '-c', '2', '<project>/build/release/pclp', 'solve', '--instance', '<project>/data/generated/gen_cyclic_components10_n200_uniform_neg30_r0.json', '--config', '<project>/experiments/runs/main/3c073aaf7417f2c0/resolved_config.json', '--output', '<project>/experiments/runs/main/3c073aaf7417f2c0/result.json']",True,forest-tuned,7,1.6e-06,0.00047758,cyclic,0,0,3,gen_cyclic_components10_n200_uniform_neg30_r0,data/generated/gen_cyclic_components10_n200_uniform_neg30_r0.json,7b8b23f3cedbee8a04cc7ba5ade25e62dfbe3c33688e9af88ab69062f01640d3,10,3,,200,1771.4353546910754,3,generated,22863872,10,4.3952e-05,2.362e-06,2.255e-06,68,0,,2,3c073aaf7417f2c0,0.0038217479886952788,optimal,9.5117e-05,4.365e-06,True
209,493f6f942eca3576ac0253ad50581fbe0469e8e417d3f97011c676f7789871fd,0,"""instance""",2.1537e-05,"['taskset', '-c', '2', '<project>/build/release/pclp', 'solve', '--instance', '<project>/data/generated/gen_cyclic_components10_n200_uniform_neg30_r0.json', '--config', '<project>/experiments/runs/main/ac9a5c2ec623b00d/resolved_config.json', '--output', '<project>/experiments/runs/main/ac9a5c2ec623b00d/result.json']",False,parametric,0,0.0,0.000472586,cyclic,14,6,0,gen_cyclic_components10_n200_uniform_neg30_r0,data/generated/gen_cyclic_components10_n200_uniform_neg30_r0.json,7b8b23f3cedbee8a04cc7ba5ade25e62dfbe3c33688e9af88ab69062f01640d3,0,3,,200,1771.4353546910754,6,generated,22863872,0,4.5271e-05,0.0,0.0,0,0,,0,ac9a5c2ec623b00d,0.00344179300009273,optimal,8.9558e-05,0.0,True
209,493f6f942eca3576ac0253ad50581fbe0469e8e417d3f97011c676f7789871fd,0,"""instance""",2.1622e-05,"['taskset', '-c', '2', '<project>/build/release/pclp', 'solve', '--instance', '<project>/data/generated/gen_cyclic_components10_n200_uniform_neg30_r0.json', '--config', '<project>/experiments/runs/main/0142e9a11994fd99/resolved_config.json', '--output', '<project>/experiments/runs/main/0142e9a11994fd99/result.json']",False,parametric,0,0.0,0.000462932,cyclic,14,6,0,gen_cyclic_components10_n200_uniform_neg30_r0,data/generated/gen_cyclic_components10_n200_uniform_neg30_r0.json,7b8b23f3cedbee8a04cc7ba5ade25e62dfbe3c33688e9af88ab69062f01640d3,0,3,,200,1771.4353546910754,6,generated,22863872,0,4.5792e-05,0.0,0.0,0,0,,1,0142e9a11994fd99,0.0035111180040985346,optimal,8.9447e-05,0.0,True
209,493f6f942eca3576ac0253ad50581fbe0469e8e417d3f97011c676f7789871fd,0,"""instance""",2.0676e-05,"['taskset', '-c', '2', '<project>/build/release/pclp', 'solve', '--instance', '<project>/data/generated/gen_cyclic_components10_n200_uniform_neg30_r0.json', '--config', '<project>/experiments/runs/main/7b06c3ab2b9381cd/resolved_config.json', '--output', '<project>/experiments/runs/main/7b06c3ab2b9381cd/result.json']",False,parametric,0,0.0,0.000454928,cyclic,14,6,0,gen_cyclic_components10_n200_uniform_neg30_r0,data/generated/gen_cyclic_components10_n200_uniform_neg30_r0.json,7b8b23f3cedbee8a04cc7ba5ade25e62dfbe3c33688e9af88ab69062f01640d3,0,3,,200,1771.4353546910754,6,generated,22863872,0,4.4515e-05,0.0,0.0,0,0,,2,7b06c3ab2b9381cd,0.003481139996438287,optimal,8.8347e-05,0.0,True
209,493f6f942eca3576ac0253ad50581fbe0469e8e417d3f97011c676f7789871fd,0,"""instance""",2.5251e-05,"['taskset', '-c', '2', '<project>/build/release/pclp', 'solve', '--instance', '<project>/data/generated/gen_cyclic_components10_n200_uniform_neg30_r1.json', '--config', '<project>/experiments/runs/main/2ac07ecbc0be19e3/resolved_config.json', '--output', '<project>/experiments/runs/main/2ac07ecbc0be19e3/result.json']",False,dinkelbach,0,0.0,0.000509728,cyclic,41,18,0,gen_cyclic_components10_n200_uniform_neg30_r1,data/generated/gen_cyclic_components10_n200_uniform_neg30_r1.json,cf6716c04fd442d224e0f31bb2bd1e61988d6f9518a9175cf783dba2391941e2,0,3,,200,75.4501,4,generated,23355392,0,5.9674e-05,0.0,0.0,0,0,,0,2ac07ecbc0be19e3,0.0035268670035293326,optimal,0.000126669,0.0,True
209,493f6f942eca3576ac0253ad50581fbe0469e8e417d3f97011c676f7789871fd,0,"""instance""",1.833e-05,"['taskset', '-c', '2', '<project>/build/release/pclp', 'solve', '--instance', '<project>/data/generated/gen_cyclic_components10_n200_uniform_neg30_r1.json', '--config', '<project>/experiments/runs/main/88e70d8290da10f3/resolved_config.json', '--output', '<project>/experiments/runs/main/88e70d8290da10f3/result.json']",False,dinkelbach,0,0.0,0.000495538,cyclic,41,18,0,gen_cyclic_components10_n200_uniform_neg30_r1,data/generated/gen_cyclic_components10_n200_uniform_neg30_r1.json,cf6716c04fd442d224e0f31bb2bd1e61988d6f9518a9175cf783dba2391941e2,0,3,,200,75.4501,4,generated,23519232,0,4.6374e-05,0.0,0.0,0,0,,1,88e70d8290da10f3,0.0033922820002771914,optimal,0.000114532,0.0,True
209,493f6f942eca3576ac0253ad50581fbe0469e8e417d3f97011c676f7789871fd,0,"""instance""",1.7918e-05,"['taskset', '-c', '2', '<project>/build/release/pclp', 'solve', '--instance', '<project>/data/generated/gen_cyclic_components10_n200_uniform_neg30_r1.json', '--config', '<project>/experiments/runs/main/225752fc6eb2ca89/resolved_config.json', '--output', '<project>/experiments/runs/main/225752fc6eb2ca89/result.json']",False,dinkelbach,0,0.0,0.000479048,cyclic,41,18,0,gen_cyclic_components10_n200_uniform_neg30_r1,data/generated/gen_cyclic_components10_n200_uniform_neg30_r1.json,cf6716c04fd442d224e0f31bb2bd1e61988d6f9518a9175cf783dba2391941e2,0,3,,200,75.4501,4,generated,23519232,0,4.3775e-05,0.0,0.0,0,0,,2,225752fc6eb2ca89,0.0033380840031895787,optimal,0.000100122,0.0,True
209,493f6f942eca3576ac0253ad50581fbe0469e8e417d3f97011c676f7789871fd,123,"""instance""",1.8855e-05,"['taskset', '-c', '2', '<project>/build/release/pclp', 'solve', '--instance', '<project>/data/generated/gen_cyclic_components10_n200_uniform_neg30_r1.json', '--config', '<project>/experiments/runs/main/ab4129d9ca41afe0/resolved_config.json', '--output', '<project>/experiments/runs/main/ab4129d9ca41afe0/result.json']",False,forest-reference,13,1.091e-06,0.000474552,cyclic,0,0,17,gen_cyclic_components10_n200_uniform_neg30_r1,data/generated/gen_cyclic_components10_n200_uniform_neg30_r1.json,cf6716c04fd442d224e0f31bb2bd1e61988d6f9518a9175cf783dba2391941e2,0,3,,200,75.4501,4,generated,22863872,13,4.3361e-05,2.157e-06,2.154e-06,140,0,,0,ab4129d9ca41afe0,0.003710122997290455,optimal,8.7073e-05,5.381e-06,True
209,493f6f942eca3576ac0253ad50581fbe0469e8e417d3f97011c676f7789871fd,123,"""instance""",1.8848e-05,"['taskset', '-c', '2', '<project>/build/release/pclp', 'solve', '--instance', '<project>/data/generated/gen_cyclic_components10_n200_uniform_neg30_r1.json', '--config', '<project>/experiments/runs/main/c018520e64d3d4a5/resolved_config.json', '--output', '<project>/experiments/runs/main/c018520e64d3d4a5/result.json']",False,forest-reference,13,1.085e-06,0.000488922,cyclic,0,0,17,gen_cyclic_components10_n200_uniform_neg30_r1,data/generated/gen_cyclic_components10_n200_uniform_neg30_r1.json,cf6716c04fd442d224e0f31bb2bd1e61988d6f9518a9175cf783dba2391941e2,0,3,,200,75.4501,4,generated,22863872,13,4.4779e-05,2.041e-06,2.158e-06,140,0,,1,c018520e64d3d4a5,0.0033804709964897484,optimal,8.8191e-05,5.331e-06,True
209,493f6f942eca3576ac0253ad50581fbe0469e8e417d3f97011c676f7789871fd,123,"""instance""",1.9587e-05,"['taskset', '-c', '2', '<project>/build/release/pclp', 'solve', '--instance', '<project>/data/generated/gen_cyclic_components10_n200_uniform_neg30_r1.json', '--config', '<project>/experiments/runs/main/3603a0690ef1f320/resolved_config.json', '--output', '<project>/experiments/runs/main/3603a0690ef1f320/result.json']",False,forest-reference,13,1.154e-06,0.000494781,cyclic,0,0,17,gen_cyclic_components10_n200_uniform_neg30_r1,data/generated/gen_cyclic_components10_n200_uniform_neg30_r1.json,cf6716c04fd442d224e0f31bb2bd1e61988d6f9518a9175cf783dba2391941e2,0,3,,200,75.4501,4,generated,22863872,13,4.6403e-05,2.196e-06,2.07e-06,140,0,,2,3603a0690ef1f320,0.0034373569942545146,optimal,9.2625e-05,6.539e-06,True
209,493f6f942eca3576ac0253ad50581fbe0469e8e417d3f97011c676f7789871fd,101,"""instance""",1.9826e-05,"['taskset', '-c', '2', '<project>/build/release/pclp', 'solve', '--instance', '<project>/data/generated/gen_cyclic_components10_n200_uniform_neg30_r1.json', '--config', '<project>/experiments/runs/main/6e7b566b2697fe1c/resolved_config.json', '--output', '<project>/experiments/runs/main/6e7b566b2697fe1c/result.json']",False,forest-tuned,10,2.215e-06,0.000533646,cyclic,0,0,4,gen_cyclic_components10_n200_uniform_neg30_r1,data/generated/gen_cyclic_components10_n200_uniform_neg30_r1.json,cf6716c04fd442d224e0f31bb2bd1e61988d6f9518a9175cf783dba2391941e2,17,3,,200,75.4501,4,generated,23027712,17,4.5887e-05,3.012e-06,3.868e-06,128,0,,0,6e7b566b2697fe1c,0.003481459993054159,optimal,0.000101385,7.192e-06,True
209,493f6f942eca3576ac0253ad50581fbe0469e8e417d3f97011c676f7789871fd,101,"""instance""",1.9919e-05,"['taskset', '-c', '2', '<project>/build/release/pclp', 'solve', '--instance', '<project>/data/generated/gen_cyclic_components10_n200_uniform_neg30_r1.json', '--config', '<project>/experiments/runs/main/863079d244134340/resolved_config.json', '--output', '<project>/experiments/runs/main/863079d244134340/result.json']",False,forest-tuned,10,2.269e-06,0.000490593,cyclic,0,0,4,gen_cyclic_components10_n200_uniform_neg30_r1,data/generated/gen_cyclic_components10_n200_uniform_neg30_r1.json,cf6716c04fd442d224e0f31bb2bd1e61988d6f9518a9175cf783dba2391941e2,17,3,,200,75.4501,4,generated,23027712,17,4.4201e-05,2.926e-06,3.278e-06,128,0,,1,863079d244134340,0.0035785390064120293,optimal,0.000100049,7.138e-06,True
209,493f6f942eca3576ac0253ad50581fbe0469e8e417d3f97011c676f7789871fd,101,"""instance""",1.9071e-05,"['taskset', '-c', '2', '<project>/build/release/pclp', 'solve', '--instance', '<project>/data/generated/gen_cyclic_components10_n200_uniform_neg30_r1.json', '--config', '<project>/experiments/runs/main/b42e0f0cce9f4649/resolved_config.json', '--output', '<project>/experiments/runs/main/b42e0f0cce9f4649/result.json']",False,forest-tuned,10,2.095e-06,0.000476508,cyclic,0,0,4,gen_cyclic_components10_n200_uniform_neg30_r1,data/generated/gen_cyclic_components10_n200_uniform_neg30_r1.json,cf6716c04fd442d224e0f31bb2bd1e61988d6f9518a9175cf783dba2391941e2,17,3,,200,75.4501,4,generated,23191552,17,4.4273e-05,3.036e-06,3.388e-06,128,0,,2,b42e0f0cce9f4649,0.003322725009638816,optimal,9.6949e-05,6.963e-06,True
209,493f6f942eca3576ac0253ad50581fbe0469e8e417d3f97011c676f7789871fd,0,"""instance""",1.7538e-05,"['taskset', '-c', '2', '<project>/build/release/pclp', 'solve', '--instance', '<project>/data/generated/gen_cyclic_components10_n200_uniform_neg30_r1.json', '--config', '<project>/experiments/runs/main/2b4310e3002f899e/resolved_config.json', '--output', '<project>/experiments/runs/main/2b4310e3002f899e/result.json']",False,parametric,0,0.0,0.000457554,cyclic,8,7,0,gen_cyclic_components10_n200_uniform_neg30_r1,data/generated/gen_cyclic_components10_n200_uniform_neg30_r1.json,cf6716c04fd442d224e0f31bb2bd1e61988d6f9518a9175cf783dba2391941e2,0,3,,200,75.4501,6,generated,23519232,0,4.3425e-05,0.0,0.0,0,0,,0,2b4310e3002f899e,0.00333639100426808,optimal,7.8876e-05,0.0,True
209,493f6f942eca3576ac0253ad50581fbe0469e8e417d3f97011c676f7789871fd,0,"""instance""",1.7718e-05,"['taskset', '-c', '2', '<project>/build/release/pclp', 'solve', '--instance', '<project>/data/generated/gen_cyclic_components10_n200_uniform_neg30_r1.json', '--config', '<project>/experiments/runs/main/0883538abe7404dd/resolved_config.json', '--output', '<project>/experiments/runs/main/0883538abe7404dd/result.json']",False,parametric,0,0.0,0.00047361,cyclic,8,7,0,gen_cyclic_components10_n200_uniform_neg30_r1,data/generated/gen_cyclic_components10_n200_uniform_neg30_r1.json,cf6716c04fd442d224e0f31bb2bd1e61988d6f9518a9175cf783dba2391941e2,0,3,,200,75.4501,6,generated,23519232,0,4.7003e-05,0.0,0.0,0,0,,1,0883538abe7404dd,0.003798689998802729,optimal,8.2489e-05,0.0,True
209,493f6f942eca3576ac0253ad50581fbe0469e8e417d3f97011c676f7789871fd,0,"""instance""",1.8243e-05,"['taskset', '-c', '2', '<project>/build/release/pclp', 'solve', '--instance', '<project>/data/generated/gen_cyclic_components10_n200_uniform_neg30_r1.json', '--config', '<project>/experiments/runs/main/f42289cac1805f90/resolved_config.json', '--output', '<project>/experiments/runs/main/f42289cac1805f90/result.json']",False,parametric,0,0.0,0.000463031,cyclic,8,7,0,gen_cyclic_components10_n200_uniform_neg30_r1,data/generated/gen_cyclic_components10_n200_uniform_neg30_r1.json,cf6716c04fd442d224e0f31bb2bd1e61988d6f9518a9175cf783dba2391941e2,0,3,,200,75.4501,6,generated,23519232,0,4.3777e-05,0.0,0.0,0,0,,2,f42289cac1805f90,0.0036640510079450905,optimal,7.9647e-05,0.0,True
209,493f6f942eca3576ac0253ad50581fbe0469e8e417d3f97011c676f7789871fd,0,"""instance""",2.0837e-05,"['taskset', '-c', '2', '<project>/build/release/pclp', 'solve', '--instance', '<project>/data/generated/gen_cyclic_components10_n200_uniform_neg30_r2.json', '--config', '<project>/experiments/runs/main/5357455cb82beef1/resolved_config.json', '--output', '<project>/experiments/runs/main/5357455cb82beef1/result.json']",True,dinkelbach,0,0.0,0.000452103,cyclic,18,3,0,gen_cyclic_components10_n200_uniform_neg30_r2,data/generated/gen_cyclic_components10_n200_uniform_neg30_r2.json,778101f2de0f87dc33a408e189783171eaf0ee2eec100b3f2ab5e2bfdeb6473c,0,1,,200,825.75,1,generated,23519232,0,4.5023e-05,0.0,0.0,0,0,,0,5357455cb82beef1,0.003496546996757388,optimal,8.2763e-05,0.0,True
209,493f6f942eca3576ac0253ad50581fbe0469e8e417d3f97011c676f7789871fd,0,"""instance""",2.1456e-05,"['taskset', '-c', '2', '<project>/build/release/pclp', 'solve', '--instance', '<project>/data/generated/gen_cyclic_components10_n200_uniform_neg30_r2.json', '--config', '<project>/experiments/runs/main/46edac98ac8daaf4/resolved_config.json', '--output', '<project>/experiments/runs/main/46edac98ac8daaf4/result.json']",True,dinkelbach,0,0.0,0.000474854,cyclic,18,3,0,gen_cyclic_components10_n200_uniform_neg30_r2,data/generated/gen_cyclic_components10_n200_uniform_neg30_r2.json,778101f2de0f87dc33a408e189783171eaf0ee2eec100b3f2ab5e2bfdeb6473c,0,1,,200,825.75,1,generated,23519232,0,4.6596e-05,0.0,0.0,0,0,,1,46edac98ac8daaf4,0.003615115987486206,optimal,8.6724e-05,0.0,True
209,493f6f942eca3576ac0253ad50581fbe0469e8e417d3f97011c676f7789871fd,0,"""instance""",2.3104e-05,"['taskset', '-c', '2', '<project>/build/release/pclp', 'solve', '--instance', '<project>/data/generated/gen_cyclic_components10_n200_uniform_neg30_r2.json', '--config', '<project>/experiments/runs/main/6b7bf73180682cce/resolved_config.json', '--output', '<project>/experiments/runs/main/6b7bf73180682cce/result.json']",True,dinkelbach,0,0.0,0.00046219,cyclic,18,3,0,gen_cyclic_components10_n200_uniform_neg30_r2,data/generated/gen_cyclic_components10_n200_uniform_neg30_r2.json,778101f2de0f87dc33a408e189783171eaf0ee2eec100b3f2ab5e2bfdeb6473c,0,1,,200,825.75,1,generated,23605248,0,4.5461e-05,0.0,0.0,0,0,,2,6b7bf73180682cce,0.0035691459925146773,optimal,9.459e-05,0.0,True
209,493f6f942eca3576ac0253ad50581fbe0469e8e417d3f97011c676f7789871fd,90,"""instance""",2.3537e-05,"['taskset', '-c', '2', '<project>/build/release/pclp', 'solve', '--instance', '<project>/data/generated/gen_cyclic_components10_n200_uniform_neg30_r2.json', '--config', '<project>/experiments/runs/main/d65d9ce939373e32/resolved_config.json', '--output', '<project>/experiments/runs/main/d65d9ce939373e32/result.json']",True,forest-reference,2,1.284e-06,0.000470356,cyclic,0,0,10,gen_cyclic_components10_n200_uniform_neg30_r2,data/generated/gen_cyclic_components10_n200_uniform_neg30_r2.json,778101f2de0f87dc33a408e189783171eaf0ee2eec100b3f2ab5e2bfdeb6473c,0,1,,200,825.75,1,generated,23519232,9,4.6013e-05,1.731e-06,1.882e-06,100,0,,0,d65d9ce939373e32,0.004017448998638429,optimal,9.0091e-05,4.873e-06,True
209,493f6f942eca3576ac0253ad50581fbe0469e8e417d3f97011c676f7789871fd,90,"""instance""",2.4939e-05,"['taskset', '-c', '2', '<project>/build/release/pclp', 'solve', '--instance', '<project>/data/generated/gen_cyclic_components10_n200_uniform_neg30_r2.json', '--config', '<project>/experiments/runs/main/62e24f2fdde732f6/resolved_config.json', '--output', '<project>/experiments/runs/main/62e24f2fdde732f6/result.json']",True,forest-reference,2,1.363e-06,0.000563599,cyclic,0,0,10,gen_cyclic_components10_n200_uniform_neg30_r2,data/generated/gen_cyclic_components10_n200_uniform_neg30_r2.json,778101f2de0f87dc33a408e189783171eaf0ee2eec100b3f2ab5e2bfdeb6473c,0,1,,200,825.75,1,generated,23519232,9,5.5166e-05,2.137e-06,2.143e-06,100,0,,1,62e24f2fdde732f6,0.006650398005149327,optimal,0.000106395,6.378e-06,True
209,493f6f942eca3576ac0253ad50581fbe0469e8e417d3f97011c676f7789871fd,90,"""instance""",2.3307e-05,"['taskset', '-c', '2', '<project>/build/release/pclp', 'solve', '--instance', '<project>/data/generated/gen_cyclic_components10_n200_uniform_neg30_r2.json', '--config', '<project>/experiments/runs/main/cc6da8bda25e4061/resolved_config.json', '--output', '<project>/experiments/runs/main/cc6da8bda25e4061/result.json']",True,forest-reference,2,1.168e-06,0.000482732,cyclic,0,0,10,gen_cyclic_components10_n200_uniform_neg30_r2,data/generated/gen_cyclic_components10_n200_uniform_neg30_r2.json,778101f2de0f87dc33a408e189783171eaf0ee2eec100b3f2ab5e2bfdeb6473c,0,1,,200,825.75,1,generated,23519232,9,4.9655e-05,1.85e-06,1.653e-06,100,0,,2,cc6da8bda25e4061,0.005185811998671852,optimal,9.6955e-05,5.308e-06,True
209,493f6f942eca3576ac0253ad50581fbe0469e8e417d3f97011c676f7789871fd,9,"""instance""",2.3763e-05,"['taskset', '-c', '2', '<project>/build/release/pclp', 'solve', '--instance', '<project>/data/generated/gen_cyclic_components10_n200_uniform_neg30_r2.json', '--config', '<project>/experiments/runs/main/7da5cc0b9d2017d3/resolved_config.json', '--output', '<project>/experiments/runs/main/7da5cc0b9d2017d3/result.json']",True,forest-tuned,0,0.0,0.000465002,cyclic,0,0,1,gen_cyclic_components10_n200_uniform_neg30_r2,data/generated/gen_cyclic_components10_n200_uniform_neg30_r2.json,778101f2de0f87dc33a408e189783171eaf0ee2eec100b3f2ab5e2bfdeb6473c,0,1,,200,825.75,1,generated,23519232,0,4.6058e-05,4.38e-07,0.0,10,0,,0,7da5cc0b9d2017d3,0.0035520179953891784,optimal,8.0664e-05,1.136e-06,True
209,493f6f942eca3576ac0253ad50581fbe0469e8e417d3f97011c676f7789871fd,9,"""instance""",2.3579e-05,"['taskset', '-c', '2', '<project>/build/release/pclp', 'solve', '--instance', '<project>/data/generated/gen_cyclic_components10_n200_uniform_neg30_r2.json', '--config', '<project>/experiments/runs/main/5640ce8c9be5393a/resolved_config.json', '--output', '<project>/experiments/runs/main/5640ce8c9be5393a/result.json']",True,forest-tuned,0,0.0,0.000451075,cyclic,0,0,1,gen_cyclic_components10_n200_uniform_neg30_r2,data/generated/gen_cyclic_components10_n200_uniform_neg30_r2.json,778101f2de0f87dc33a408e189783171eaf0ee2eec100b3f2ab5e2bfdeb6473c,0,1,,200,825.75,1,generated,23519232,0,4.5409e-05,5.51e-07,0.0,10,0,,1,5640ce8c9be5393a,0.0036347499990370125,optimal,7.9821e-05,1.177e-06,True
209,493f6f942eca3576ac0253ad50581fbe0469e8e417d3f97011c676f7789871fd,9,"""instance""",2.4086e-05,"['taskset', '-c', '2', '<project>/build/release/pclp', 'solve', '--instance', '<project>/data/generated/gen_cyclic_components10_n200_uniform_neg30_r2.json', '--config', '<project>/experiments/runs/main/1bb71d72c1b4b059/resolved_config.json', '--output', '<project>/experiments/runs/main/1bb71d72c1b4b059/result.json']",True,forest-tuned,0,0.0,0.000475928,cyclic,0,0,1,gen_cyclic_components10_n200_uniform_neg30_r2,data/generated/gen_cyclic_components10_n200_uniform_neg30_r2.json,778101f2de0f87dc33a408e189783171eaf0ee2eec100b3f2ab5e2bfdeb6473c,0,1,,200,825.75,1,generated,23519232,0,5.4573e-05,5.84e-07,0.0,10,0,,2,1bb71d72c1b4b059,0.0045142070011934265,optimal,8.9668e-05,1.216e-06,True
209,493f6f942eca3576ac0253ad50581fbe0469e8e417d3f97011c676f7789871fd,0,"""instance""",2.1295e-05,"['taskset', '-c', '2', '<project>/build/release/pclp', 'solve', '--instance', '<project>/data/generated/gen_cyclic_components10_n200_uniform_neg30_r2.json', '--config', '<project>/experiments/runs/main/4162df9f934e9495/resolved_config.json', '--output', '<project>/experiments/runs/main/4162df9f934e9495/result.json']",False,parametric,0,0.0,0.000452267,cyclic,9,2,0,gen_cyclic_components10_n200_uniform_neg30_r2,data/generated/gen_cyclic_components10_n200_uniform_neg30_r2.json,778101f2de0f87dc33a408e189783171eaf0ee2eec100b3f2ab5e2bfdeb6473c,0,1,,200,825.75,2,generated,23605248,0,4.4121e-05,0.0,0.0,0,0,,0,4162df9f934e9495,0.003296299997600727,optimal,8.0743e-05,0.0,True
209,493f6f942eca3576ac0253ad50581fbe0469e8e417d3f97011c676f7789871fd,0,"""instance""",2.0989e-05,"['taskset', '-c', '2', '<project>/build/release/pclp', 'solve', '--instance', '<project>/data/generated/gen_cyclic_components10_n200_uniform_neg30_r2.json', '--config', '<project>/experiments/runs/main/46f199501cd4d6d4/resolved_config.json', '--output', '<project>/experiments/runs/main/46f199501cd4d6d4/result.json']",False,parametric,0,0.0,0.000437597,cyclic,9,2,0,gen_cyclic_components10_n200_uniform_neg30_r2,data/generated/gen_cyclic_components10_n200_uniform_neg30_r2.json,778101f2de0f87dc33a408e189783171eaf0ee2eec100b3f2ab5e2bfdeb6473c,0,1,,200,825.75,2,generated,23605248,0,4.3679e-05,0.0,0.0,0,0,,1,46f199501cd4d6d4,0.0034975570015376434,optimal,7.942e-05,0.0,True
209,493f6f942eca3576ac0253ad50581fbe0469e8e417d3f97011c676f7789871fd,0,"""instance""",2.1337e-05,"['taskset', '-c', '2', '<project>/build/release/pclp', 'solve', '--instance', '<project>/data/generated/gen_cyclic_components10_n200_uniform_neg30_r2.json', '--config', '<project>/experiments/runs/main/89f5ed5a7cd21676/resolved_config.json', '--output', '<project>/experiments/runs/main/89f5ed5a7cd21676/result.json']",False,parametric,0,0.0,0.000465125,cyclic,9,2,0,gen_cyclic_components10_n200_uniform_neg30_r2,data/generated/gen_cyclic_components10_n200_uniform_neg30_r2.json,778101f2de0f87dc33a408e189783171eaf0ee2eec100b3f2ab5e2bfdeb6473c,0,1,,200,825.75,2,generated,23695360,0,5.3111e-05,0.0,0.0,0,0,,2,89f5ed5a7cd21676,0.00381944898981601,optimal,9.0327e-05,0.0,True
31979,493f6f942eca3576ac0253ad50581fbe0469e8e417d3f97011c676f7789871fd,0,"""instance""",0.000917494,"['taskset', '-c', '2', '<project>/build/release/pclp', 'solve', '--instance', '<project>/data/generated/gen_dense_density0.1_n800_uniform_neg30_r0.json', '--config', '<project>/experiments/runs/main/cab41e6018e997f3/resolved_config.json', '--output', '<project>/experiments/runs/main/cab41e6018e997f3/result.json']",False,dinkelbach,0,0.0,0.656609709,dense,32213,110,0,gen_dense_density0.1_n800_uniform_neg30_r0,data/generated/gen_dense_density0.1_n800_uniform_neg30_r0.json,a4f603074fc44d53ac349f4abd7c3e033cba8af3dab02149a4e09212f678cf6a,0,18,,800,6881.598944591029,19,generated,27942912,0,0.001820336,0.0,0.0,0,0,,0,cab41e6018e997f3,0.6670338330004597,optimal,0.637092717,0.0,True
31979,493f6f942eca3576ac0253ad50581fbe0469e8e417d3f97011c676f7789871fd,0,"""instance""",0.000908817,"['taskset', '-c', '2', '<project>/build/release/pclp', 'solve', '--instance', '<project>/data/generated/gen_dense_density0.1_n800_uniform_neg30_r0.json', '--config', '<project>/experiments/runs/main/416924dff3ec50d6/resolved_config.json', '--output', '<project>/experiments/runs/main/416924dff3ec50d6/result.json']",False,dinkelbach,0,0.0,0.683640418,dense,32213,110,0,gen_dense_density0.1_n800_uniform_neg30_r0,data/generated/gen_dense_density0.1_n800_uniform_neg30_r0.json,a4f603074fc44d53ac349f4abd7c3e033cba8af3dab02149a4e09212f678cf6a,0,18,,800,6881.598944591029,19,generated,27967488,0,0.001821051,0.0,0.0,0,0,,1,416924dff3ec50d6,0.6938626810006099,optimal,0.66421055,0.0,True
31979,493f6f942eca3576ac0253ad50581fbe0469e8e417d3f97011c676f7789871fd,0,"""instance""",0.000924455,"['taskset', '-c', '2', '<project>/build/release/pclp', 'solve', '--instance', '<project>/data/generated/gen_dense_density0.1_n800_uniform_neg30_r0.json', '--config', '<project>/experiments/runs/main/8e507c08d9605933/resolved_config.json', '--output', '<project>/experiments/runs/main/8e507c08d9605933/result.json']",False,dinkelbach,0,0.0,0.664067505,dense,32213,110,0,gen_dense_density0.1_n800_uniform_neg30_r0,data/generated/gen_dense_density0.1_n800_uniform_neg30_r0.json,a4f603074fc44d53ac349f4abd7c3e033cba8af3dab02149a4e09212f678cf6a,0,18,,800,6881.598944591029,19,generated,28114944,0,0.001868274,0.0,0.0,0,0,,2,8e507c08d9605933,0.6743393710057717,optimal,0.64404754,0.0,True
31979,493f6f942eca3576ac0253ad50581fbe0469e8e417d3f97011c676f7789871fd,156301896,"""instance""",0.0,"['taskset', '-c', '2', '<project>/build/release/pclp', 'solve', '--instance', '<project>/data/generated/gen_dense_density0.1_n800_uniform_neg30_r0.json', '--config', '<project>/experiments/runs/main/f545188a82b78b57/resolved_config.json', '--output', '<project>/experiments/runs/main/f545188a82b78b57/result.json']",False,forest-reference,197069,0.340799214,30.020685425,dense,0,0,197080,gen_dense_density0.1_n800_uniform_neg30_r0,data/generated/gen_dense_density0.1_n800_uniform_neg30_r0.json,a4f603074fc44d53ac349f4abd7c3e033cba8af3dab02149a4e09212f678cf6a,0,4,residual oracle did not certify optimality,800,0.0,5,generated,24051712,197075,0.002100483,1.080253878,24.433768869,156499768,0,,0,f545188a82b78b57,30.02801223899587,time_limit,30.000376674,3.92686699,False
31979,493f6f942eca3576ac0253ad50581fbe0469e8e417d3f97011c676f7789871fd,,"""instance""",,,,forest-reference,,,,dense,,,,gen_dense_density0.1_n800_uniform_neg30_r0,data/generated/gen_dense_density0.1_n800_uniform_neg30_r0.json,a4f603074fc44d53ac349f4abd7c3e033cba8af3dab02149a4e09212f678cf6a,,,residual oracle did not certify optimality,800,,,generated,,,,,,,,True,1,0dcde216b4f17f27,30.02801223899587,time_limit,,,False
31979,493f6f942eca3576ac0253ad50581fbe0469e8e417d3f97011c676f7789871fd,,"""instance""",,,,forest-reference,,,,dense,,,,gen_dense_density0.1_n800_uniform_neg30_r0,data/generated/gen_dense_density0.1_n800_uniform_neg30_r0.json,a4f603074fc44d53ac349f4abd7c3e033cba8af3dab02149a4e09212f678cf6a,,,residual oracle did not certify optimality,800,,,generated,,,,,,,,True,2,ab9843e4aad57458,30.02801223899587,time_limit,,,False
31979,493f6f942eca3576ac0253ad50581fbe0469e8e417d3f97011c676f7789871fd,2471298,"""instance""",0.001278967,"['taskset', '-c', '2', '<project>/build/release/pclp', 'solve', '--instance', '<project>/data/generated/gen_dense_density0.1_n800_uniform_neg30_r0.json', '--config', '<project>/experiments/runs/main/d1c204e8254b9647/resolved_config.json', '--output', '<project>/experiments/runs/main/d1c204e8254b9647/result.json']",False,forest-tuned,26618,0.09684688600000001,0.938166027,dense,0,0,123,gen_dense_density0.1_n800_uniform_neg30_r0,data/generated/gen_dense_density0.1_n800_uniform_neg30_r0.json,a4f603074fc44d53ac349f4abd7c3e033cba8af3dab02149a4e09212f678cf6a,26618,18,,800,6881.598944591029,19,generated,24051712,26722,0.00268061,0.045128077,0.140238405,11074332,0,,0,d1c204e8254b9647,0.9511910470027942,optimal,0.907466939,0.575504512,True
31979,493f6f942eca3576ac0253ad50581fbe0469e8e417d3f97011c676f7789871fd,2471298,"""instance""",0.000933378,"['taskset', '-c', '2', '<project>/build/release/pclp', 'solve', '--instance', '<project>/data/generated/gen_dense_density0.1_n800_uniform_neg30_r0.json', '--config', '<project>/experiments/runs/main/4644c419a8ea7cb7/resolved_config.json', '--output', '<project>/experiments/runs/main/4644c419a8ea7cb7/result.json']",False,forest-tuned,26618,0.068106511,0.618690022,dense,0,0,123,gen_dense_density0.1_n800_uniform_neg30_r0,data/generated/gen_dense_density0.1_n800_uniform_neg30_r0.json,a4f603074fc44d53ac349f4abd7c3e033cba8af3dab02149a4e09212f678cf6a,26618,18,,800,6881.598944591029,19,generated,26435584,26722,0.001917394,0.028968672,0.082082705,11074332,0,,1,4644c419a8ea7cb7,0.6284981699864147,optimal,0.598550092,0.379578765,True
31979,493f6f942eca3576ac0253ad50581fbe0469e8e417d3f97011c676f7789871fd,2471298,"""instance""",0.000950299,"['taskset', '-c', '2', '<project>/build/release/pclp', 'solve', '--instance', '<project>/data/generated/gen_dense_density0.1_n800_uniform_neg30_r0.json', '--config', '<project>/experiments/runs/main/8e31053f9da818aa/resolved_config.json', '--output', '<project>/experiments/runs/main/8e31053f9da818aa/result.json']",False,forest-tuned,26618,0.070827927,0.660969661,dense,0,0,123,gen_dense_density0.1_n800_uniform_neg30_r0,data/generated/gen_dense_density0.1_n800_uniform_neg30_r0.json,a4f603074fc44d53ac349f4abd7c3e033cba8af3dab02149a4e09212f678cf6a,26618,18,,800,6881.598944591029,19,generated,27746304,26722,0.001813397,0.031074055,0.087805493,11074332,0,,2,8e31053f9da818aa,0.6716059129976202,optimal,0.640796529,0.408860062,True
31979,493f6f942eca3576ac0253ad50581fbe0469e8e417d3f97011c676f7789871fd,0,"""instance""",0.000925351,"['taskset', '-c', '2', '<project>/build/release/pclp', 'solve', '--instance', '<project>/data/generated/gen_dense_density0.1_n800_uniform_neg30_r0.json', '--config', '<project>/experiments/runs/main/6fb51c55196de3b2/resolved_config.json', '--output', '<project>/experiments/runs/main/6fb51c55196de3b2/result.json']",False,parametric,0,0.0,0.110520198,dense,4216,37,0,gen_dense_density0.1_n800_uniform_neg30_r0,data/generated/gen_dense_density0.1_n800_uniform_neg30_r0.json,a4f603074fc44d53ac349f4abd7c3e033cba8af3dab02149a4e09212f678cf6a,0,18,,800,6881.598944591029,36,generated,28114944,0,0.001819835,0.0,0.0,0,0,,0,6fb51c55196de3b2,0.11989052599528804,optimal,0.090932667,0.0,True
31979,493f6f942eca3576ac0253ad50581fbe0469e8e417d3f97011c676f7789871fd,0,"""instance""",0.000928516,"['taskset', '-c', '2', '<project>/build/release/pclp', 'solve', '--instance', '<project>/data/generated/gen_dense_density0.1_n800_uniform_neg30_r0.json', '--config', '<project>/experiments/runs/main/9e557c809271401d/resolved_config.json', '--output', '<project>/experiments/runs/main/9e557c809271401d/result.json']",False,parametric,0,0.0,0.113350604,dense,4216,37,0,gen_dense_density0.1_n800_uniform_neg30_r0,data/generated/gen_dense_density0.1_n800_uniform_neg30_r0.json,a4f603074fc44d53ac349f4abd7c3e033cba8af3dab02149a4e09212f678cf6a,0,18,,800,6881.598944591029,36,generated,28114944,0,0.001882557,0.0,0.0,0,0,,1,9e557c809271401d,0.12214978800329845,optimal,0.093500521,0.0,True
31979,493f6f942eca3576ac0253ad50581fbe0469e8e417d3f97011c676f7789871fd,0,"""instance""",0.000956886,"['taskset', '-c', '2', '<project>/build/release/pclp', 'solve', '--instance', '<project>/data/generated/gen_dense_density0.1_n800_uniform_neg30_r0.json', '--config', '<project>/experiments/runs/main/fbb9cc3516d774b1/resolved_config.json', '--output', '<project>/experiments/runs/main/fbb9cc3516d774b1/result.json']",False,parametric,0,0.0,0.114485165,dense,4216,37,0,gen_dense_density0.1_n800_uniform_neg30_r0,data/generated/gen_dense_density0.1_n800_uniform_neg30_r0.json,a4f603074fc44d53ac349f4abd7c3e033cba8af3dab02149a4e09212f678cf6a,0,18,,800,6881.598944591029,36,generated,28114944,0,0.001933069,0.0,0.0,0,0,,2,fbb9cc3516d774b1,0.1239837519970024,optimal,0.094410319,0.0,True
31773,493f6f942eca3576ac0253ad50581fbe0469e8e417d3f97011c676f7789871fd,0,"""instance""",0.000937472,"['taskset', '-c', '2', '<project>/build/release/pclp', 'solve', '--instance', '<project>/data/generated/gen_dense_density0.1_n800_uniform_neg30_r1.json', '--config', '<project>/experiments/runs/main/e9f98feabd062485/resolved_config.json', '--output', '<project>/experiments/runs/main/e9f98feabd062485/result.json']",False,dinkelbach,0,0.0,0.45815395,dense,29202,62,0,gen_dense_density0.1_n800_uniform_neg30_r1,data/generated/gen_dense_density0.1_n800_uniform_neg30_r1.json,9d136e749a55792710b738680a9d6a5e99e524ace0bed16f4ca3b490dcaa1538,0,8,,800,221.0457052238806,9,generated,28123136,0,0.001975077,0.0,0.0,0,0,,0,e9f98feabd062485,0.4673648810130544,optimal,0.438302216,0.0,True
31773,493f6f942eca3576ac0253ad50581fbe0469e8e417d3f97011c676f7789871fd,0,"""instance""",0.000873308,"['taskset', '-c', '2', '<project>/build/release/pclp', 'solve', '--instance', '<project>/data/generated/gen_dense_density0.1_n800_uniform_neg30_r1.json', '--config', '<project>/experiments/runs/main/536371322e149d4e/resolved_config.json', '--output', '<project>/experiments/runs/main/536371322e149d4e/result.json']",False,dinkelbach,0,0.0,0.428440416,dense,29202,62,0,gen_dense_density0.1_n800_uniform_neg30_r1,data/generated/gen_dense_density0.1_n800_uniform_neg30_r1.json,9d136e749a55792710b738680a9d6a5e99e524ace0bed16f4ca3b490dcaa1538,0,8,,800,221.0457052238806,9,generated,28123136,0,0.001804017,0.0,0.0,0,0,,1,536371322e149d4e,0.437995015992783,optimal,0.409513167,0.0,True
31773,493f6f942eca3576ac0253ad50581fbe0469e8e417d3f97011c676f7789871fd,0,"""instance""",0.000872997,"['taskset', '-c', '2', '<project>/build/release/pclp', 'solve', '--instance', '<project>/data/generated/gen_dense_density0.1_n800_uniform_neg30_r1.json', '--config', '<project>/experiments/runs/main/0aa10208f805bb2a/resolved_config.json', '--output', '<project>/experiments/runs/main/0aa10208f805bb2a/result.json']",False,dinkelbach,0,0.0,0.41340111,dense,29202,62,0,gen_dense_density0.1_n800_uniform_neg30_r1,data/generated/gen_dense_density0.1_n800_uniform_neg30_r1.json,9d136e749a55792710b738680a9d6a5e99e524ace0bed16f4ca3b490dcaa1538,0,8,,800,221.0457052238806,9,generated,28123136,0,0.001901094,0.0,0.0,0,0,,2,0aa10208f805bb2a,0.4219259499950567,optimal,0.394063475,0.0,True
31773,493f6f942eca3576ac0253ad50581fbe0469e8e417d3f97011c676f7789871fd,155096004,"""instance""",0.0,"['taskset', '-c', '2', '<project>/build/release/pclp', 'solve', '--instance', '<project>/data/generated/gen_dense_density0.1_n800_uniform_neg30_r1.json', '--config', '<project>/experiments/runs/main/fc55bf06b3bd2079/resolved_config.json', '--output', '<project>/experiments/runs/main/fc55bf06b3bd2079/result.json']",False,forest-reference,195210,0.38229244,30.019481398,dense,0,0,195224,gen_dense_density0.1_n800_uniform_neg30_r1,data/generated/gen_dense_density0.1_n800_uniform_neg30_r1.json,9d136e749a55792710b738680a9d6a5e99e524ace0bed16f4ca3b490dcaa1538,0,3,residual oracle did not certify optimality,800,0.0,4,generated,28123136,195220,0.001917921,1.002899472,24.237952632,155292022,0,,0,fc55bf06b3bd2079,30.02625253998849,time_limit,30.00037684,4.126001956,False
31773,493f6f942eca3576ac0253ad50581fbe0469e8e417d3f97011c676f7789871fd,,"""instance""",,,,forest-reference,,,,dense,,,,gen_dense_density0.1_n800_uniform_neg30_r1,data/generated/gen_dense_density0.1_n800_uniform_neg30_r1.json,9d136e749a55792710b738680a9d6a5e99e524ace0bed16f4ca3b490dcaa1538,,,residual oracle did not certify optimality,800,,,generated,,,,,,,,True,1,43fe778d5fa693d7,30.02625253998849,time_limit,,,False
31773,493f6f942eca3576ac0253ad50581fbe0469e8e417d3f97011c676f7789871fd,,"""instance""",,,,forest-reference,,,,dense,,,,gen_dense_density0.1_n800_uniform_neg30_r1,data/generated/gen_dense_density0.1_n800_uniform_neg30_r1.json,9d136e749a55792710b738680a9d6a5e99e524ace0bed16f4ca3b490dcaa1538,,,residual oracle did not certify optimality,800,,,generated,,,,,,,,True,2,876b344d68659648,30.02625253998849,time_limit,,,False
31773,493f6f942eca3576ac0253ad50581fbe0469e8e417d3f97011c676f7789871fd,2311236,"""instance""",0.000934289,"['taskset', '-c', '2', '<project>/build/release/pclp', 'solve', '--instance', '<project>/data/generated/gen_dense_density0.1_n800_uniform_neg30_r1.json', '--config', '<project>/experiments/runs/main/51630f64b7ce46e6/resolved_config.json', '--output', '<project>/experiments/runs/main/51630f64b7ce46e6/result.json']",False,forest-tuned,24155,0.081709745,0.736589273,dense,0,0,103,gen_dense_density0.1_n800_uniform_neg30_r1,data/generated/gen_dense_density0.1_n800_uniform_neg30_r1.json,9d136e749a55792710b738680a9d6a5e99e524ace0bed16f4ca3b490dcaa1538,24118,8,,800,221.0457052238806,9,generated,28123136,24212,0.001867283,0.029906039,0.095114145,12561008,0,,0,51630f64b7ce46e6,0.7458158709923737,optimal,0.718133692,0.469892505,True
31773,493f6f942eca3576ac0253ad50581fbe0469e8e417d3f97011c676f7789871fd,2311236,"""instance""",0.00090743,"['taskset', '-c', '2', '<project>/build/release/pclp', 'solve', '--instance', '<project>/data/generated/gen_dense_density0.1_n800_uniform_neg30_r1.json', '--config', '<project>/experiments/runs/main/20080ba70d2f55e2/resolved_config.json', '--output', '<project>/experiments/runs/main/20080ba70d2f55e2/result.json']",False,forest-tuned,24155,0.082290333,0.732208562,dense,0,0,103,gen_dense_density0.1_n800_uniform_neg30_r1,data/generated/gen_dense_density0.1_n800_uniform_neg30_r1.json,9d136e749a55792710b738680a9d6a5e99e524ace0bed16f4ca3b490dcaa1538,24118,8,,800,221.0457052238806,9,generated,28123136,24212,0.001871603,0.029932744,0.093166,12561008,0,,1,20080ba70d2f55e2,0.7445144880039152,optimal,0.712174872,0.465458913,True
31773,493f6f942eca3576ac0253ad50581fbe0469e8e417d3f97011c676f7789871fd,2311236,"""instance""",0.00093973,"['taskset', '-c', '2', '<project>/build/release/pclp', 'solve', '--instance', '<project>/data/generated/gen_dense_density0.1_n800_uniform_neg30_r1.json', '--config', '<project>/experiments/runs/main/9d5cbbac300cd21e/resolved_config.json', '--output', '<project>/experiments/runs/main/9d5cbbac300cd21e/result.json']",False,forest-tuned,24155,0.086969229,0.756791136,dense,0,0,103,gen_dense_density0.1_n800_uniform_neg30_r1,data/generated/gen_dense_density0.1_n800_uniform_neg30_r1.json,9d136e749a55792710b738680a9d6a5e99e524ace0bed16f4ca3b490dcaa1538,24118,8,,800,221.0457052238806,9,generated,28123136,24212,0.001848073,0.031173135,0.095786295,12561008,0,,2,9d5cbbac300cd21e,0.7665375169890467,optimal,0.73620742,0.479422696,True
31773,493f6f942eca3576ac0253ad50581fbe0469e8e417d3f97011c676f7789871fd,0,"""instance""",0.000875631,"['taskset', '-c', '2', '<project>/build/release/pclp', 'solve', '--instance', '<project>/data/generated/gen_dense_density0.1_n800_uniform_neg30_r1.json', '--config', '<project>/experiments/runs/main/f5ab26d0972a1974/resolved_config.json', '--output', '<project>/experiments/runs/main/f5ab26d0972a1974/result.json']",False,parametric,0,0.0,0.059493087,dense,2162,17,0,gen_dense_density0.1_n800_uniform_neg30_r1,data/generated/gen_dense_density0.1_n800_uniform_neg30_r1.json,9d136e749a55792710b738680a9d6a5e99e524ace0bed16f4ca3b490dcaa1538,0,8,,800,221.0457052238806,16,generated,28123136,0,0.001799599,0.0,0.0,0,0,,0,f5ab26d0972a1974,0.06849532898922917,optimal,0.039877476,0.0,True
31773,493f6f942eca3576ac0253ad50581fbe0469e8e417d3f97011c676f7789871fd,0,"""instance""",0.000899609,"['taskset', '-c', '2', '<project>/build/release/pclp', 'solve', '--instance', '<project>/data/generated/gen_dense_density0.1_n800_uniform_neg30_r1.json', '--config', '<project>/experiments/runs/main/ca093f633d72be41/resolved_config.json', '--output', '<project>/experiments/runs/main/ca093f633d72be41/result.json']",False,parametric,0,0.0,0.059835746,dense,2162,17,0,gen_dense_density0.1_n800_uniform_neg30_r1,data/generated/gen_dense_density0.1_n800_uniform_neg30_r1.json,9d136e749a55792710b738680a9d6a5e99e524ace0bed16f4ca3b490dcaa1538,0,8,,800,221.0457052238806,16,generated,28123136,0,0.001826051,0.0,0.0,0,0,,1,ca093f633d72be41,0.06959889599238522,optimal,0.040549213,0.0,True
31773,493f6f942eca3576ac0253ad50581fbe0469e8e417d3f97011c676f7789871fd,0,"""instance""",0.000916527,"['taskset', '-c', '2', '<project>/build/release/pclp', 'solve', '--instance', '<project>/data/generated/gen_dense_density0.1_n800_uniform_neg30_r1.json', '--config', '<project>/experiments/runs/main/9bb39178bb489751/resolved_config.json', '--output', '<project>/experiments/runs/main/9bb39178bb489751/result.json']",False,parametric,0,0.0,0.061899474,dense,2162,17,0,gen_dense_density0.1_n800_uniform_neg30_r1,data/generated/gen_dense_density0.1_n800_uniform_neg30_r1.json,9d136e749a55792710b738680a9d6a5e99e524ace0bed16f4ca3b490dcaa1538,0,8,,800,221.0457052238806,16,generated,28123136,0,0.00184889,0.0,0.0,0,0,,2,9bb39178bb489751,0.0717690690071322,optimal,0.041848503,0.0,True
31919,493f6f942eca3576ac0253ad50581fbe0469e8e417d3f97011c676f7789871fd,0,"""instance""",0.000890151,"['taskset', '-c', '2', '<project>/build/release/pclp', 'solve', '--instance', '<project>/data/generated/gen_dense_density0.1_n800_uniform_neg30_r2.json', '--config', '<project>/experiments/runs/main/c8302e47a487ddc1/resolved_config.json', '--output', '<project>/experiments/runs/main/c8302e47a487ddc1/result.json']",False,dinkelbach,0,0.0,0.673900815,dense,42000,120,0,gen_dense_density0.1_n800_uniform_neg30_r2,data/generated/gen_dense_density0.1_n800_uniform_neg30_r2.json,034adfbd296d7e8da211d7df15f3c48a388bcc0c5d9ca9cfe6616c45c0d53034,0,17,,800,4419.770519077196,18,generated,28123136,0,0.002697104,0.0,0.0,0,0,,0,c8302e47a487ddc1,0.6836992180033121,optimal,0.649154698,0.0,True
31919,493f6f942eca3576ac0253ad50581fbe0469e8e417d3f97011c676f7789871fd,0,"""instance""",0.000935881,"['taskset', '-c', '2', '<project>/build/release/pclp', 'solve', '--instance', '<project>/data/generated/gen_dense_density0.1_n800_uniform_neg30_r2.json', '--config', '<project>/experiments/runs/main/0138aadc3b3f1dc0/resolved_config.json', '--output', '<project>/experiments/runs/main/0138aadc3b3f1dc0/result.json']",False,dinkelbach,0,0.0,0.679524088,dense,42000,120,0,gen_dense_density0.1_n800_uniform_neg30_r2,data/generated/gen_dense_density0.1_n800_uniform_neg30_r2.json,034adfbd296d7e8da211d7df15f3c48a388bcc0c5d9ca9cfe6616c45c0d53034,0,17,,800,4419.770519077196,18,generated,28123136,0,0.001835248,0.0,0.0,0,0,,1,0138aadc3b3f1dc0,0.6903691699990304,optimal,0.654664912,0.0,True
31919,493f6f942eca3576ac0253ad50581fbe0469e8e417d3f97011c676f7789871fd,0,"""instance""",0.00084288,"['taskset', '-c', '2', '<project>/build/release/pclp', 'solve', '--instance', '<project>/data/generated/gen_dense_density0.1_n800_uniform_neg30_r2.json', '--config', '<project>/experiments/runs/main/b936076524f97649/resolved_config.json', '--output', '<project>/experiments/runs/main/b936076524f97649/result.json']",False,dinkelbach,0,0.0,0.637972231,dense,42000,120,0,gen_dense_density0.1_n800_uniform_neg30_r2,data/generated/gen_dense_density0.1_n800_uniform_neg30_r2.json,034adfbd296d7e8da211d7df15f3c48a388bcc0c5d9ca9cfe6616c45c0d53034,0,17,,800,4419.770519077196,18,generated,28123136,0,0.001896432,0.0,0.0,0,0,,2,b936076524f97649,0.6475234579993412,optimal,0.613500628,0.0,True
31919,493f6f942eca3576ac0253ad50581fbe0469e8e417d3f97011c676f7789871fd,179957710,"""instance""",0.0,"['taskset', '-c', '2', '<project>/build/release/pclp', 'solve', '--instance', '<project>/data/generated/gen_dense_density0.1_n800_uniform_neg30_r2.json', '--config', '<project>/experiments/runs/main/0b32deefcd8ac16f/resolved_config.json', '--output', '<project>/experiments/runs/main/0b32deefcd8ac16f/result.json']",False,forest-reference,227780,0.349598144,30.018757277,dense,0,0,227807,gen_dense_density0.1_n800_uniform_neg30_r2,data/generated/gen_dense_density0.1_n800_uniform_neg30_r2.json,034adfbd296d7e8da211d7df15f3c48a388bcc0c5d9ca9cfe6616c45c0d53034,0,8,residual oracle did not certify optimality,800,0.0,9,generated,28123136,227798,0.001836433,1.163564112,24.070917346999998,180186302,0,,0,0b32deefcd8ac16f,30.02715940499911,time_limit,30.000304649,4.183727069,False
31919,493f6f942eca3576ac0253ad50581fbe0469e8e417d3f97011c676f7789871fd,,"""instance""",,,,forest-reference,,,,dense,,,,gen_dense_density0.1_n800_uniform_neg30_r2,data/generated/gen_dense_density0.1_n800_uniform_neg30_r2.json,034adfbd296d7e8da211d7df15f3c48a388bcc0c5d9ca9cfe6616c45c0d53034,,,residual oracle did not certify optimality,800,,,generated,,,,,,,,True,1,3f193f9de383c183,30.02715940499911,time_limit,,,False
31919,493f6f942eca3576ac0253ad50581fbe0469e8e417d3f97011c676f7789871fd,,"""instance""",,,,forest-reference,,,,dense,,,,gen_dense_density0.1_n800_uniform_neg30_r2,data/generated/gen_dense_density0.1_n800_uniform_neg30_r2.json,034adfbd296d7e8da211d7df15f3c48a388bcc0c5d9ca9cfe6616c45c0d53034,,,residual oracle did not certify optimality,800,,,generated,,,,,,,,True,2,5def83820d803d3f,30.02715940499911,time_limit,,,False
31919,493f6f942eca3576ac0253ad50581fbe0469e8e417d3f97011c676f7789871fd,3068800,"""instance""",0.000922776,"['taskset', '-c', '2', '<project>/build/release/pclp', 'solve', '--instance', '<project>/data/generated/gen_dense_density0.1_n800_uniform_neg30_r2.json', '--config', '<project>/experiments/runs/main/5a3e63bce66ceb1c/resolved_config.json', '--output', '<project>/experiments/runs/main/5a3e63bce66ceb1c/result.json']",False,forest-tuned,30402,0.086091418,0.738394308,dense,0,0,137,gen_dense_density0.1_n800_uniform_neg30_r2,data/generated/gen_dense_density0.1_n800_uniform_neg30_r2.json,034adfbd296d7e8da211d7df15f3c48a388bcc0c5d9ca9cfe6616c45c0d53034,30405,17,,800,4419.770519077196,18,generated,28123136,30524,0.002078853,0.036227518,0.10009547,13187263,0,,0,5a3e63bce66ceb1c,0.7479335710086161,optimal,0.716986513,0.448100601,True
31919,493f6f942eca3576ac0253ad50581fbe0469e8e417d3f97011c676f7789871fd,3068800,"""instance""",0.000899975,"['taskset', '-c', '2', '<project>/build/release/pclp', 'solve', '--instance', '<project>/data/generated/gen_dense_density0.1_n800_uniform_neg30_r2.json', '--config', '<project>/experiments/runs/main/0d2680a7e1d483b0/resolved_config.json', '--output', '<project>/experiments/runs/main/0d2680a7e1d483b0/result.json']",False,forest-tuned,30402,0.092990244,0.791282893,dense,0,0,137,gen_dense_density0.1_n800_uniform_neg30_r2,data/generated/gen_dense_density0.1_n800_uniform_neg30_r2.json,034adfbd296d7e8da211d7df15f3c48a388bcc0c5d9ca9cfe6616c45c0d53034,30405,17,,800,4419.770519077196,18,generated,28123136,30524,0.002093608,0.039054813,0.104456446,13187263,0,,1,0d2680a7e1d483b0,0.8008662300126161,optimal,0.77078143,0.484344441,True
31919,493f6f942eca3576ac0253ad50581fbe0469e8e417d3f97011c676f7789871fd,3068800,"""instance""",0.000928149,"['taskset', '-c', '2', '<project>/build/release/pclp', 'solve', '--instance', '<project>/data/generated/gen_dense_density0.1_n800_uniform_neg30_r2.json', '--config', '<project>/experiments/runs/main/d8c4d2df180a183d/resolved_config.json', '--output', '<project>/experiments/runs/main/d8c4d2df180a183d/result.json']",False,forest-tuned,30402,0.087119509,0.741497574,dense,0,0,137,gen_dense_density0.1_n800_uniform_neg30_r2,data/generated/gen_dense_density0.1_n800_uniform_neg30_r2.json,034adfbd296d7e8da211d7df15f3c48a388bcc0c5d9ca9cfe6616c45c0d53034,30405,17,,800,4419.770519077196,18,generated,28123136,30524,0.001836217,0.036681332,0.09932043,13187263,0,,2,d8c4d2df180a183d,0.7514231870009098,optimal,0.722424748,0.452291916,True
31919,493f6f942eca3576ac0253ad50581fbe0469e8e417d3f97011c676f7789871fd,0,"""instance""",0.000878836,"['taskset', '-c', '2', '<project>/build/release/pclp', 'solve', '--instance', '<project>/data/generated/gen_dense_density0.1_n800_uniform_neg30_r2.json', '--config', '<project>/experiments/runs/main/80e5613045dc1bb8/resolved_config.json', '--output', '<project>/experiments/runs/main/80e5613045dc1bb8/result.json']",False,parametric,0,0.0,0.091438455,dense,4140,35,0,gen_dense_density0.1_n800_uniform_neg30_r2,data/generated/gen_dense_density0.1_n800_uniform_neg30_r2.json,034adfbd296d7e8da211d7df15f3c48a388bcc0c5d9ca9cfe6616c45c0d53034,0,17,,800,4419.770519077196,34,generated,28123136,0,0.001715264,0.0,0.0,0,0,,0,80e5613045dc1bb8,0.10355676698964089,optimal,0.071985014,0.0,True
31919,493f6f942eca3576ac0253ad50581fbe0469e8e417d3f97011c676f7789871fd,0,"""instance""",0.000913293,"['taskset', '-c', '2', '<project>/build/release/pclp', 'solve', '--instance', '<project>/data/generated/gen_dense_density0.1_n800_uniform_neg30_r2.json', '--config', '<project>/experiments/runs/main/df185b1407a8d572/resolved_config.json', '--output', '<project>/experiments/runs/main/df185b1407a8d572/result.json']",False,parametric,0,0.0,0.094916107,dense,4140,35,0,gen_dense_density0.1_n800_uniform_neg30_r2,data/generated/gen_dense_density0.1_n800_uniform_neg30_r2.json,034adfbd296d7e8da211d7df15f3c48a388bcc0c5d9ca9cfe6616c45c0d53034,0,17,,800,4419.770519077196,34,generated,28123136,0,0.001820986,0.0,0.0,0,0,,1,df185b1407a8d572,0.10494581400416791,optimal,0.075494494,0.0,True
31919,493f6f942eca3576ac0253ad50581fbe0469e8e417d3f97011c676f7789871fd,0,"""instance""",0.000927065,"['taskset', '-c', '2', '<project>/build/release/pclp', 'solve', '--instance', '<project>/data/generated/gen_dense_density0.1_n800_uniform_neg30_r2.json', '--config', '<project>/experiments/runs/main/76bfd8802f2c9562/resolved_config.json', '--output', '<project>/experiments/runs/main/76bfd8802f2c9562/result.json']",False,parametric,0,0.0,0.095872208,dense,4140,35,0,gen_dense_density0.1_n800_uniform_neg30_r2,data/generated/gen_dense_density0.1_n800_uniform_neg30_r2.json,034adfbd296d7e8da211d7df15f3c48a388bcc0c5d9ca9cfe6616c45c0d53034,0,17,,800,4419.770519077196,34,generated,28123136,0,0.00189911,0.0,0.0,0,0,,2,76bfd8802f2c9562,0.10539121700276155,optimal,0.075841956,0.0,True
2494,493f6f942eca3576ac0253ad50581fbe0469e8e417d3f97011c676f7789871fd,0,"""instance""",0.000241333,"['taskset', '-c', '2', '<project>/build/release/pclp', 'solve', '--instance', '<project>/data/generated/gen_diamonds_module4_n2000_uniform_neg30_r0.json', '--config', '<project>/experiments/runs/main/24e2e028d348de70/resolved_config.json', '--output', '<project>/experiments/runs/main/24e2e028d348de70/result.json']",False,dinkelbach,0,0.0,0.225684109,diamonds,50436,69,0,gen_diamonds_module4_n2000_uniform_neg30_r0,data/generated/gen_diamonds_module4_n2000_uniform_neg30_r0.json,26ab40c7d930b53fba5c2221d44a24d5fcfe0f1d3df5f0d00b2b4e3238fed864,0,11,,2000,14644.151636073424,12,generated,28123136,0,0.000456548,0.0,0.0,0,0,,0,24e2e028d348de70,0.2304485820059199,optimal,0.222771455,0.0,True
2494,493f6f942eca3576ac0253ad50581fbe0469e8e417d3f97011c676f7789871fd,0,"""instance""",0.000243487,"['taskset', '-c', '2', '<project>/build/release/pclp', 'solve', '--instance', '<project>/data/generated/gen_diamonds_module4_n2000_uniform_neg30_r0.json', '--config', '<project>/experiments/runs/main/4e45caf80e0e9f93/resolved_config.json', '--output', '<project>/experiments/runs/main/4e45caf80e0e9f93/result.json']",False,dinkelbach,0,0.0,0.230296602,diamonds,50436,69,0,gen_diamonds_module4_n2000_uniform_neg30_r0,data/generated/gen_diamonds_module4_n2000_uniform_neg30_r0.json,26ab40c7d930b53fba5c2221d44a24d5fcfe0f1d3df5f0d00b2b4e3238fed864,0,11,,2000,14644.151636073424,12,generated,28123136,0,0.000491986,0.0,0.0,0,0,,1,4e45caf80e0e9f93,0.23719681000511628,optimal,0.227385855,0.0,True
2494,493f6f942eca3576ac0253ad50581fbe0469e8e417d3f97011c676f7789871fd,0,"""instance""",0.000242324,"['taskset', '-c', '2', '<project>/build/release/pclp', 'solve', '--instance', '<project>/data/generated/gen_diamonds_module4_n2000_uniform_neg30_r0.json', '--config', '<project>/experiments/runs/main/06bbfa03079fbfc7/resolved_config.json', '--output', '<project>/experiments/runs/main/06bbfa03079fbfc7/result.json']",False,dinkelbach,0,0.0,0.231252961,diamonds,50436,69,0,gen_diamonds_module4_n2000_uniform_neg30_r0,data/generated/gen_diamonds_module4_n2000_uniform_neg30_r0.json,26ab40c7d930b53fba5c2221d44a24d5fcfe0f1d3df5f0d00b2b4e3238fed864,0,11,,2000,14644.151636073424,12,generated,28123136,0,0.000468488,0.0,0.0,0,0,,2,06bbfa03079fbfc7,0.23963058700610418,optimal,0.2284317,0.0,True
2494,493f6f942eca3576ac0253ad50581fbe0469e8e417d3f97011c676f7789871fd,24957382,"""instance""",0.000268842,"['taskset', '-c', '2', '<project>/build/release/pclp', 'solve', '--instance', '<project>/data/generated/gen_diamonds_module4_n2000_uniform_neg30_r0.json', '--config', '<project>/experiments/runs/main/f13e6a1756b2d72f/resolved_config.json', '--output', '<project>/experiments/runs/main/f13e6a1756b2d72f/result.json']",False,forest-reference,12753,0.05273026,0.918349415,diamonds,0,0,12836,gen_diamonds_module4_n2000_uniform_neg30_r0,data/generated/gen_diamonds_module4_n2000_uniform_neg30_r0.json,26ab40c7d930b53fba5c2221d44a24d5fcfe0f1d3df5f0d00b2b4e3238fed864,0,11,,2000,14644.151636073424,12,generated,28123136,12824,0.000508979,0.202464012,0.1092159,24970218,0,,0,f13e6a1756b2d72f,0.9247020820039324,optimal,0.915125619,0.53414616,True
2494,493f6f942eca3576ac0253ad50581fbe0469e8e417d3f97011c676f7789871fd,24957382,"""instance""",0.000280658,"['taskset', '-c', '2', '<project>/build/release/pclp', 'solve', '--instance', '<project>/data/generated/gen_diamonds_module4_n2000_uniform_neg30_r0.json', '--config', '<project>/experiments/runs/main/e9791085c78b8050/resolved_config.json', '--output', '<project>/experiments/runs/main/e9791085c78b8050/result.json']",False,forest-reference,12753,0.048666981,0.864361009,diamonds,0,0,12836,gen_diamonds_module4_n2000_uniform_neg30_r0,data/generated/gen_diamonds_module4_n2000_uniform_neg30_r0.json,26ab40c7d930b53fba5c2221d44a24d5fcfe0f1d3df5f0d00b2b4e3238fed864,0,11,,2000,14644.151636073424,12,generated,28123136,12824,0.000444113,0.192241556,0.102354358,24970218,0,,1,e9791085c78b8050,0.8693060949881328,optimal,0.86149175,0.502294816,True
2494,493f6f942eca3576ac0253ad50581fbe0469e8e417d3f97011c676f7789871fd,24957382,"""instance""",0.000268781,"['taskset', '-c', '2', '<project>/build/release/pclp', 'solve', '--instance', '<project>/data/generated/gen_diamonds_module4_n2000_uniform_neg30_r0.json', '--config', '<project>/experiments/runs/main/8839336dfd7b1f0c/resolved_config.json', '--output', '<project>/experiments/runs/main/8839336dfd7b1f0c/result.json']",False,forest-reference,12753,0.048079593,0.86781258,diamonds,0,0,12836,gen_diamonds_module4_n2000_uniform_neg30_r0,data/generated/gen_diamonds_module4_n2000_uniform_neg30_r0.json,26ab40c7d930b53fba5c2221d44a24d5fcfe0f1d3df5f0d00b2b4e3238fed864,0,11,,2000,14644.151636073424,12,generated,28123136,12824,0.000468101,0.192340861,0.102997355,24970218,0,,2,8839336dfd7b1f0c,0.8748451199935516,optimal,0.864818718,0.505287317,True
2494,493f6f942eca3576ac0253ad50581fbe0469e8e417d3f97011c676f7789871fd,134704,"""instance""",0.000229679,"['taskset', '-c', '2', '<project>/build/release/pclp', 'solve', '--instance', '<project>/data/generated/gen_diamonds_module4_n2000_uniform_neg30_r0.json', '--config', '<project>/experiments/runs/main/d2b956bfb22a76b6/resolved_config.json', '--output', '<project>/experiments/runs/main/d2b956bfb22a76b6/result.json']",False,forest-tuned,1516,0.006458356,0.10356912,diamonds,0,0,18,gen_diamonds_module4_n2000_uniform_neg30_r0,data/generated/gen_diamonds_module4_n2000_uniform_neg30_r0.json,26ab40c7d930b53fba5c2221d44a24d5fcfe0f1d3df5f0d00b2b4e3238fed864,1538,11,,2000,14644.151636073424,12,generated,28123136,1544,0.000454781,0.001436025,0.006086955,2696965,0,,0,d2b956bfb22a76b6,0.10970210500818212,optimal,0.100612343,0.080318958,True
2494,493f6f942eca3576ac0253ad50581fbe0469e8e417d3f97011c676f7789871fd,134704,"""instance""",0.000226797,"['taskset', '-c', '2', '<project>/build/release/pclp', 'solve', '--instance', '<project>/data/generated/gen_diamonds_module4_n2000_uniform_neg30_r0.json', '--config', '<project>/experiments/runs/main/5b56adce4499192d/resolved_config.json', '--output', '<project>/experiments/runs/main/5b56adce4499192d/result.json']",False,forest-tuned,1516,0.006740301,0.104101069,diamonds,0,0,18,gen_diamonds_module4_n2000_uniform_neg30_r0,data/generated/gen_diamonds_module4_n2000_uniform_neg30_r0.json,26ab40c7d930b53fba5c2221d44a24d5fcfe0f1d3df5f0d00b2b4e3238fed864,1538,11,,2000,14644.151636073424,12,generated,28123136,1544,0.000431132,0.001449704,0.006128686,2696965,0,,1,5b56adce4499192d,0.11004932801006362,optimal,0.101107491,0.080488798,True
2494,493f6f942eca3576ac0253ad50581fbe0469e8e417d3f97011c676f7789871fd,134704,"""instance""",0.000225631,"['taskset', '-c', '2', '<project>/build/release/pclp', 'solve', '--instance', '<project>/data/generated/gen_diamonds_module4_n2000_uniform_neg30_r0.json', '--config', '<project>/experiments/runs/main/9da0145055ff8f21/resolved_config.json', '--output', '<project>/experiments/runs/main/9da0145055ff8f21/result.json']",False,forest-tuned,1516,0.006640996,0.102941195,diamonds,0,0,18,gen_diamonds_module4_n2000_uniform_neg30_r0,data/generated/gen_diamonds_module4_n2000_uniform_neg30_r0.json,26ab40c7d930b53fba5c2221d44a24d5fcfe0f1d3df5f0d00b2b4e3238fed864,1538,11,,2000,14644.151636073424,12,generated,28123136,1544,0.000446533,0.001420172,0.006083709,2696965,0,,2,9da0145055ff8f21,0.10904709200258367,optimal,0.10011234199999999,0.07967814,True
2494,493f6f942eca3576ac0253ad50581fbe0469e8e417d3f97011c676f7789871fd,0,"""instance""",0.00024045,"['taskset', '-c', '2', '<project>/build/release/pclp', 'solve', '--instance', '<project>/data/generated/gen_diamonds_module4_n2000_uniform_neg30_r0.json', '--config', '<project>/experiments/runs/main/ecb982701e829004/resolved_config.json', '--output', '<project>/experiments/runs/main/ecb982701e829004/result.json']",False,parametric,0,0.0,0.046341601,diamonds,6898,23,0,gen_diamonds_module4_n2000_uniform_neg30_r0,data/generated/gen_diamonds_module4_n2000_uniform_neg30_r0.json,26ab40c7d930b53fba5c2221d44a24d5fcfe0f1d3df5f0d00b2b4e3238fed864,0,11,,2000,14644.151636073424,22,generated,28123136,0,0.000430432,0.0,0.0,0,0,,0,ecb982701e829004,0.052468599009444006,optimal,0.043433484,0.0,True
2494,493f6f942eca3576ac0253ad50581fbe0469e8e417d3f97011c676f7789871fd,0,"""instance""",0.000239029,"['taskset', '-c', '2', '<project>/build/release/pclp', 'solve', '--instance', '<project>/data/generated/gen_diamonds_module4_n2000_uniform_neg30_r0.json', '--config', '<project>/experiments/runs/main/45d45ad23b1ddedc/resolved_config.json', '--output', '<project>/experiments/runs/main/45d45ad23b1ddedc/result.json']",False,parametric,0,0.0,0.047660525,diamonds,6898,23,0,gen_diamonds_module4_n2000_uniform_neg30_r0,data/generated/gen_diamonds_module4_n2000_uniform_neg30_r0.json,26ab40c7d930b53fba5c2221d44a24d5fcfe0f1d3df5f0d00b2b4e3238fed864,0,11,,2000,14644.151636073424,22,generated,28123136,0,0.00053136,0.0,0.0,0,0,,1,45d45ad23b1ddedc,0.05418820699560456,optimal,0.044690394,0.0,True
2494,493f6f942eca3576ac0253ad50581fbe0469e8e417d3f97011c676f7789871fd,0,"""instance""",0.000244681,"['taskset', '-c', '2', '<project>/build/release/pclp', 'solve', '--instance', '<project>/data/generated/gen_diamonds_module4_n2000_uniform_neg30_r0.json', '--config', '<project>/experiments/runs/main/1ee5f840a29e1111/resolved_config.json', '--output', '<project>/experiments/runs/main/1ee5f840a29e1111/result.json']",False,parametric,0,0.0,0.048221978,diamonds,6898,23,0,gen_diamonds_module4_n2000_uniform_neg30_r0,data/generated/gen_diamonds_module4_n2000_uniform_neg30_r0.json,26ab40c7d930b53fba5c2221d44a24d5fcfe0f1d3df5f0d00b2b4e3238fed864,0,11,,2000,14644.151636073424,22,generated,28123136,0,0.000438974,0.0,0.0,0,0,,2,1ee5f840a29e1111,0.05448003299534321,optimal,0.045095284,0.0,True
2494,493f6f942eca3576ac0253ad50581fbe0469e8e417d3f97011c676f7789871fd,0,"""instance""",0.000224783,"['taskset', '-c', '2', '<project>/build/release/pclp', 'solve', '--instance', '<project>/data/generated/gen_diamonds_module4_n2000_uniform_neg30_r1.json', '--config', '<project>/experiments/runs/main/b3d431ee9833d923/resolved_config.json', '--output', '<project>/experiments/runs/main/b3d431ee9833d923/result.json']",False,dinkelbach,0,0.0,0.313379804,diamonds,81424,72,0,gen_diamonds_module4_n2000_uniform_neg30_r1,data/generated/gen_diamonds_module4_n2000_uniform_neg30_r1.json,d9ea1a41f005ebaac835e135d85562869321e143c43710a567b38dd04cbe8484,0,9,,2000,208.08599999999998,10,generated,28123136,0,0.000449483,0.0,0.0,0,0,,0,b3d431ee9833d923,0.3195681140059605,optimal,0.310239535,0.0,True
2494,493f6f942eca3576ac0253ad50581fbe0469e8e417d3f97011c676f7789871fd,0,"""instance""",0.000213444,"['taskset', '-c', '2', '<project>/build/release/pclp', 'solve', '--instance', '<project>/data/generated/gen_diamonds_module4_n2000_uniform_neg30_r1.json', '--config', '<project>/experiments/runs/main/dad8a6ee25d68762/resolved_config.json', '--output', '<project>/experiments/runs/main/dad8a6ee25d68762/result.json']",False,dinkelbach,0,0.0,0.307373294,diamonds,81424,72,0,gen_diamonds_module4_n2000_uniform_neg30_r1,data/generated/gen_diamonds_module4_n2000_uniform_neg30_r1.json,d9ea1a41f005ebaac835e135d85562869321e143c43710a567b38dd04cbe8484,0,9,,2000,208.08599999999998,10,generated,28123136,0,0.000442709,0.0,0.0,0,0,,1,dad8a6ee25d68762,0.31447218100947794,optimal,0.304244269,0.0,True
2494,493f6f942eca3576ac0253ad50581fbe0469e8e417d3f97011c676f7789871fd,0,"""instance""",0.000215455,"['taskset', '-c', '2', '<project>/build/release/pclp', 'solve', '--instance', '<project>/data/generated/gen_diamonds_module4_n2000_uniform_neg30_r1.json', '--config', '<project>/experiments/runs/main/4edcece3e74062f3/resolved_config.json', '--output', '<project>/experiments/runs/main/4edcece3e74062f3/result.json']",False,dinkelbach,0,0.0,0.307708277,diamonds,81424,72,0,gen_diamonds_module4_n2000_uniform_neg30_r1,data/generated/gen_diamonds_module4_n2000_uniform_neg30_r1.json,d9ea1a41f005ebaac835e135d85562869321e143c43710a567b38dd04cbe8484,0,9,,2000,208.08599999999998,10,generated,28123136,0,0.000473836,0.0,0.0,0,0,,2,4edcece3e74062f3,0.314706039003795,optimal,0.304770978,0.0,True
2494,493f6f942eca3576ac0253ad50581fbe0469e8e417d3f97011c676f7789871fd,36698207,"""instance""",0.000209266,"['taskset', '-c', '2', '<project>/build/release/pclp', 'solve', '--instance', '<project>/data/generated/gen_diamonds_module4_n2000_uniform_neg30_r1.json', '--config', '<project>/experiments/runs/main/64ac7983b1e2c4c8/resolved_config.json', '--output', '<project>/experiments/runs/main/64ac7983b1e2c4c8/result.json']",False,forest-reference,18484,0.096471791,1.322118229,diamonds,0,0,18600,gen_diamonds_module4_n2000_uniform_neg30_r1,data/generated/gen_diamonds_module4_n2000_uniform_neg30_r1.json,d9ea1a41f005ebaac835e135d85562869321e143c43710a567b38dd04cbe8484,0,9,,2000,208.08599999999998,10,generated,28123136,18590,0.000514078,0.288479818,0.140928034,36716807,0,,0,64ac7983b1e2c4c8,1.328355535006267,optimal,1.318974273,0.758426802,True
2494,493f6f942eca3576ac0253ad50581fbe0469e8e417d3f97011c676f7789871fd,36698207,"""instance""",0.000202916,"['taskset', '-c', '2', '<project>/build/release/pclp', 'solve', '--instance', '<project>/data/generated/gen_diamonds_module4_n2000_uniform_neg30_r1.json', '--config', '<project>/experiments/runs/main/f94a9b8d6bf985c0/resolved_config.json', '--output', '<project>/experiments/runs/main/f94a9b8d6bf985c0/result.json']",False,forest-reference,18484,0.093045897,1.312881645,diamonds,0,0,18600,gen_diamonds_module4_n2000_uniform_neg30_r1,data/generated/gen_diamonds_module4_n2000_uniform_neg30_r1.json,d9ea1a41f005ebaac835e135d85562869321e143c43710a567b38dd04cbe8484,0,9,,2000,208.08599999999998,10,generated,28123136,18590,0.000442069,0.288311245,0.140785178,36716807,0,,1,f94a9b8d6bf985c0,1.3198951340018539,optimal,1.309784126,0.753193351,True
2494,493f6f942eca3576ac0253ad50581fbe0469e8e417d3f97011c676f7789871fd,36698207,"""instance""",0.000207508,"['taskset', '-c', '2', '<project>/build/release/pclp', 'solve', '--instance', '<project>/data/generated/gen_diamonds_module4_n2000_uniform_neg30_r1.json', '--config', '<project>/experiments/runs/main/a96b394d9eaf5fdb/resolved_config.json', '--output', '<project>/experiments/runs/main/a96b394d9eaf5fdb/result.json']",False,forest-reference,18484,0.095445791,1.325607062,diamonds,0,0,18600,gen_diamonds_module4_n2000_uniform_neg30_r1,data/generated/gen_diamonds_module4_n2000_uniform_neg30_r1.json,d9ea1a41f005ebaac835e135d85562869321e143c43710a567b38dd04cbe8484,0,9,,2000,208.08599999999998,10,generated,28123136,18590,0.000421451,0.287944737,0.140678642,36716807,0,,2,a96b394d9eaf5fdb,1.3319082270027138,optimal,1.322600521,0.763879952,True
2494,493f6f942eca3576ac0253ad50581fbe0469e8e417d3f97011c676f7789871fd,208717,"""instance""",0.000198456,"['taskset', '-c', '2', '<project>/build/release/pclp', 'solve', '--instance', '<project>/data/generated/gen_diamonds_module4_n2000_uniform_neg30_r1.json', '--config', '<project>/experiments/runs/main/4ff8a1e820a89dac/resolved_config.json', '--output', '<project>/experiments/runs/main/4ff8a1e820a89dac/result.json']",False,forest-tuned,2891,0.007782865,0.155125609,diamonds,0,0,21,gen_diamonds_module4_n2000_uniform_neg30_r1,data/generated/gen_diamonds_module4_n2000_uniform_neg30_r1.json,d9ea1a41f005ebaac835e135d85562869321e143c43710a567b38dd04cbe8484,2894,9,,2000,208.08599999999998,10,generated,28123136,2905,0.000454392,0.002173256,0.008632737,4266352,0,,0,4ff8a1e820a89dac,0.16140541600179859,optimal,0.152125522,0.124096103,True
2494,493f6f942eca3576ac0253ad50581fbe0469e8e417d3f97011c676f7789871fd,208717,"""instance""",0.000208709,"['taskset', '-c', '2', '<project>/build/release/pclp', 'solve', '--instance', '<project>/data/generated/gen_diamonds_module4_n2000_uniform_neg30_r1.json', '--config', '<project>/experiments/runs/main/8c8b284cdd9fc64a/resolved_config.json', '--output', '<project>/experiments/runs/main/8c8b284cdd9fc64a/result.json']",False,forest-tuned,2891,0.007658302,0.154749582,diamonds,0,0,21,gen_diamonds_module4_n2000_uniform_neg30_r1,data/generated/gen_diamonds_module4_n2000_uniform_neg30_r1.json,d9ea1a41f005ebaac835e135d85562869321e143c43710a567b38dd04cbe8484,2894,9,,2000,208.08599999999998,10,generated,28123136,2905,0.000504482,0.002197706,0.008692549,4266352,0,,1,8c8b284cdd9fc64a,0.16010151599766687,optimal,0.151763755,0.123967551,True
2494,493f6f942eca3576ac0253ad50581fbe0469e8e417d3f97011c676f7789871fd,208717,"""instance""",0.000210784,"['taskset', '-c', '2', '<project>/build/release/pclp', 'solve', '--instance', '<project>/data/generated/gen_diamonds_module4_n2000_uniform_neg30_r1.json', '--config', '<project>/experiments/runs/main/05e5de7e0a83f725/resolved_config.json', '--output', '<project>/experiments/runs/main/05e5de7e0a83f725/result.json']",False,forest-tuned,2891,0.00757672,0.159639834,diamonds,0,0,21,gen_diamonds_module4_n2000_uniform_neg30_r1,data/generated/gen_diamonds_module4_n2000_uniform_neg30_r1.json,d9ea1a41f005ebaac835e135d85562869321e143c43710a567b38dd04cbe8484,2894,9,,2000,208.08599999999998,10,generated,28123136,2905,0.000478916,0.002243906,0.008895454,4266352,0,,2,05e5de7e0a83f725,0.16642339000827633,optimal,0.156610025,0.128432122,True
2494,493f6f942eca3576ac0253ad50581fbe0469e8e417d3f97011c676f7789871fd,0,"""instance""",0.000207763,"['taskset', '-c', '2', '<project>/build/release/pclp', 'solve', '--instance', '<project>/data/generated/gen_diamonds_module4_n2000_uniform_neg30_r1.json', '--config', '<project>/experiments/runs/main/ac505a65e7f63b37/resolved_config.json', '--output', '<project>/experiments/runs/main/ac505a65e7f63b37/result.json']",False,parametric,0,0.0,0.029292553,diamonds,4046,19,0,gen_diamonds_module4_n2000_uniform_neg30_r1,data/generated/gen_diamonds_module4_n2000_uniform_neg30_r1.json,d9ea1a41f005ebaac835e135d85562869321e143c43710a567b38dd04cbe8484,0,9,,2000,208.08599999999998,18,generated,28123136,0,0.000465345,0.0,0.0,0,0,,0,ac505a65e7f63b37,0.034965699989697896,optimal,0.02614262,0.0,True
2494,493f6f942eca3576ac0253ad50581fbe0469e8e417d3f97011c676f7789871fd,0,"""instance""",0.000213518,"['taskset', '-c', '2', '<project>/build/release/pclp', 'solve', '--instance', '<project>/data/generated/gen_diamonds_module4_n2000_uniform_neg30_r1.json', '--config', '<project>/experiments/runs/main/5e66740d659488f6/resolved_config.json', '--output', '<project>/experiments/runs/main/5e66740d659488f6/result.json']",False,parametric,0,0.0,0.028908182,diamonds,4046,19,0,gen_diamonds_module4_n2000_uniform_neg30_r1,data/generated/gen_diamonds_module4_n2000_uniform_neg30_r1.json,d9ea1a41f005ebaac835e135d85562869321e143c43710a567b38dd04cbe8484,0,9,,2000,208.08599999999998,18,generated,28123136,0,0.000455967,0.0,0.0,0,0,,1,5e66740d659488f6,0.03324957098811865,optimal,0.025774603,0.0,True
2494,493f6f942eca3576ac0253ad50581fbe0469e8e417d3f97011c676f7789871fd,0,"""instance""",0.000221526,"['taskset', '-c', '2', '<project>/build/release/pclp', 'solve', '--instance', '<project>/data/generated/gen_diamonds_module4_n2000_uniform_neg30_r1.json', '--config', '<project>/experiments/runs/main/b788008aa19b3744/resolved_config.json', '--output', '<project>/experiments/runs/main/b788008aa19b3744/result.json']",False,parametric,0,0.0,0.029103043,diamonds,4046,19,0,gen_diamonds_module4_n2000_uniform_neg30_r1,data/generated/gen_diamonds_module4_n2000_uniform_neg30_r1.json,d9ea1a41f005ebaac835e135d85562869321e143c43710a567b38dd04cbe8484,0,9,,2000,208.08599999999998,18,generated,28123136,0,0.000465617,0.0,0.0,0,0,,2,b788008aa19b3744,0.03528821299551055,optimal,0.026004151,0.0,True
2494,493f6f942eca3576ac0253ad50581fbe0469e8e417d3f97011c676f7789871fd,0,"""instance""",0.0003183,"['taskset', '-c', '2', '<project>/build/release/pclp', 'solve', '--instance', '<project>/data/generated/gen_diamonds_module4_n2000_uniform_neg30_r2.json', '--config', '<project>/experiments/runs/main/74cc21670744bbf5/resolved_config.json', '--output', '<project>/experiments/runs/main/74cc21670744bbf5/result.json']",False,dinkelbach,0,0.0,0.11997668,diamonds,28870,41,0,gen_diamonds_module4_n2000_uniform_neg30_r2,data/generated/gen_diamonds_module4_n2000_uniform_neg30_r2.json,d9072a869a358e6692923d7ac78f50b3bc86e1803540d743dbe1df81809ba78f,0,7,,2000,9370.386526206268,8,generated,28123136,0,0.000462431,0.0,0.0,0,0,,0,74cc21670744bbf5,0.12635108100948855,optimal,0.117210803,0.0,True
2494,493f6f942eca3576ac0253ad50581fbe0469e8e417d3f97011c676f7789871fd,0,"""instance""",0.000241131,"['taskset', '-c', '2', '<project>/build/release/pclp', 'solve', '--instance', '<project>/data/generated/gen_diamonds_module4_n2000_uniform_neg30_r2.json', '--config', '<project>/experiments/runs/main/e311cfbb69a98295/resolved_config.json', '--output', '<project>/experiments/runs/main/e311cfbb69a98295/result.json']",False,dinkelbach,0,0.0,0.119625096,diamonds,28870,41,0,gen_diamonds_module4_n2000_uniform_neg30_r2,data/generated/gen_diamonds_module4_n2000_uniform_neg30_r2.json,d9072a869a358e6692923d7ac78f50b3bc86e1803540d743dbe1df81809ba78f,0,7,,2000,9370.386526206268,8,generated,28123136,0,0.000470165,0.0,0.0,0,0,,1,e311cfbb69a98295,0.12599788900115527,optimal,0.11674398,0.0,True
2494,493f6f942eca3576ac0253ad50581fbe0469e8e417d3f97011c676f7789871fd,0,"""instance""",0.000247301,"['taskset', '-c', '2', '<project>/build/release/pclp', 'solve', '--instance', '<project>/data/generated/gen_diamonds_module4_n2000_uniform_neg30_r2.json', '--config', '<project>/experiments/runs/main/c490e053f350e8c1/resolved_config.json', '--output', '<project>/experiments/runs/main/c490e053f350e8c1/result.json']",False,dinkelbach,0,0.0,0.119568983,diamonds,28870,41,0,gen_diamonds_module4_n2000_uniform_neg30_r2,data/generated/gen_diamonds_module4_n2000_uniform_neg30_r2.json,d9072a869a358e6692923d7ac78f50b3bc86e1803540d743dbe1df81809ba78f,0,7,,2000,9370.386526206268,8,generated,28123136,0,0.000521862,0.0,0.0,0,0,,2,c490e053f350e8c1,0.12636424299853388,optimal,0.116029481,0.0,True
2494,493f6f942eca3576ac0253ad50581fbe0469e8e417d3f97011c676f7789871fd,21235849,"""instance""",0.00026657,"['taskset', '-c', '2', '<project>/build/release/pclp', 'solve', '--instance', '<project>/data/generated/gen_diamonds_module4_n2000_uniform_neg30_r2.json', '--config', '<project>/experiments/runs/main/b71ae2f8c38a88d5/resolved_config.json', '--output', '<project>/experiments/runs/main/b71ae2f8c38a88d5/result.json']",False,forest-reference,10913,0.057468215,0.775569718,diamonds,0,0,11054,gen_diamonds_module4_n2000_uniform_neg30_r2,data/generated/gen_diamonds_module4_n2000_uniform_neg30_r2.json,d9072a869a358e6692923d7ac78f50b3bc86e1803540d743dbe1df81809ba78f,0,7,,2000,9370.386526206268,8,generated,28123136,11046,0.00046261,0.174341065,0.082665368,21246903,0,,0,b71ae2f8c38a88d5,0.7805838639906142,optimal,0.772563632,0.437897474,True
2494,493f6f942eca3576ac0253ad50581fbe0469e8e417d3f97011c676f7789871fd,21235849,"""instance""",0.000261706,"['taskset', '-c', '2', '<project>/build/release/pclp', 'solve', '--instance', '<project>/data/generated/gen_diamonds_module4_n2000_uniform_neg30_r2.json', '--config', '<project>/experiments/runs/main/fdfd5325053ffdb1/resolved_config.json', '--output', '<project>/experiments/runs/main/fdfd5325053ffdb1/result.json']",False,forest-reference,10913,0.05715602,0.761176415,diamonds,0,0,11054,gen_diamonds_module4_n2000_uniform_neg30_r2,data/generated/gen_diamonds_module4_n2000_uniform_neg30_r2.json,d9072a869a358e6692923d7ac78f50b3bc86e1803540d743dbe1df81809ba78f,0,7,,2000,9370.386526206268,8,generated,28123136,11046,0.000464422,0.170690261,0.081397894,21246903,0,,1,fdfd5325053ffdb1,0.7685522170067998,optimal,0.758370957,0.429256414,True
2494,493f6f942eca3576ac0253ad50581fbe0469e8e417d3f97011c676f7789871fd,21235849,"""instance""",0.00026967,"['taskset', '-c', '2', '<project>/build/release/pclp', 'solve', '--instance', '<project>/data/generated/gen_diamonds_module4_n2000_uniform_neg30_r2.json', '--config', '<project>/experiments/runs/main/3ef28c60d4d95fd3/resolved_config.json', '--output', '<project>/experiments/runs/main/3ef28c60d4d95fd3/result.json']",False,forest-reference,10913,0.055972989,0.758592973,diamonds,0,0,11054,gen_diamonds_module4_n2000_uniform_neg30_r2,data/generated/gen_diamonds_module4_n2000_uniform_neg30_r2.json,d9072a869a358e6692923d7ac78f50b3bc86e1803540d743dbe1df81809ba78f,0,7,,2000,9370.386526206268,8,generated,28123136,11046,0.000429122,0.170656944,0.081448311,21246903,0,,2,3ef28c60d4d95fd3,0.7651197289960692,optimal,0.755710986,0.427745498,True
2494,493f6f942eca3576ac0253ad50581fbe0469e8e417d3f97011c676f7789871fd,50847,"""instance""",0.000236615,"['taskset', '-c', '2', '<project>/build/release/pclp', 'solve', '--instance', '<project>/data/generated/gen_diamonds_module4_n2000_uniform_neg30_r2.json', '--config', '<project>/experiments/runs/main/f798eeee9c095857/resolved_config.json', '--output', '<project>/experiments/runs/main/f798eeee9c095857/result.json']",False,forest-tuned,519,0.003037102,0.034743171,diamonds,0,0,10,gen_diamonds_module4_n2000_uniform_neg30_r2,data/generated/gen_diamonds_module4_n2000_uniform_neg30_r2.json,d9072a869a358e6692923d7ac78f50b3bc86e1803540d743dbe1df81809ba78f,523,7,,2000,9370.386526206268,8,generated,28123136,525,0.00041707,0.000510635,0.002495456,788321,0,,0,f798eeee9c095857,0.04120642399357166,optimal,0.031796245,0.02279554,True
2494,493f6f942eca3576ac0253ad50581fbe0469e8e417d3f97011c676f7789871fd,50847,"""instance""",0.000225916,"['taskset', '-c', '2', '<project>/build/release/pclp', 'solve', '--instance', '<project>/data/generated/gen_diamonds_module4_n2000_uniform_neg30_r2.json', '--config', '<project>/experiments/runs/main/0e5a8b5c4b531fc7/resolved_config.json', '--output', '<project>/experiments/runs/main/0e5a8b5c4b531fc7/result.json']",False,forest-tuned,519,0.003079806,0.034929409,diamonds,0,0,10,gen_diamonds_module4_n2000_uniform_neg30_r2,data/generated/gen_diamonds_module4_n2000_uniform_neg30_r2.json,d9072a869a358e6692923d7ac78f50b3bc86e1803540d743dbe1df81809ba78f,523,7,,2000,9370.386526206268,8,generated,28123136,525,0.000408745,0.00051855,0.002534985,788321,0,,1,0e5a8b5c4b531fc7,0.04121382100856863,optimal,0.032034243,0.022958682,True
2494,493f6f942eca3576ac0253ad50581fbe0469e8e417d3f97011c676f7789871fd,50847,"""instance""",0.00023594,"['taskset', '-c', '2', '<project>/build/release/pclp', 'solve', '--instance', '<project>/data/generated/gen_diamonds_module4_n2000_uniform_neg30_r2.json', '--config', '<project>/experiments/runs/main/073e7265ff805b22/resolved_config.json', '--output', '<project>/experiments/runs/main/073e7265ff805b22/result.json']",False,forest-tuned,519,0.003085771,0.035668985,diamonds,0,0,10,gen_diamonds_module4_n2000_uniform_neg30_r2,data/generated/gen_diamonds_module4_n2000_uniform_neg30_r2.json,d9072a869a358e6692923d7ac78f50b3bc86e1803540d743dbe1df81809ba78f,523,7,,2000,9370.386526206268,8,generated,28123136,525,0.000424778,0.000528188,0.002592142,788321,0,,2,073e7265ff805b22,0.04136140999617055,optimal,0.032744556,0.02348714,True
2494,493f6f942eca3576ac0253ad50581fbe0469e8e417d3f97011c676f7789871fd,0,"""instance""",0.000236207,"['taskset', '-c', '2', '<project>/build/release/pclp', 'solve', '--instance', '<project>/data/generated/gen_diamonds_module4_n2000_uniform_neg30_r2.json', '--config', '<project>/experiments/runs/main/4dd360b1f6a2e937/resolved_config.json', '--output', '<project>/experiments/runs/main/4dd360b1f6a2e937/result.json']",False,parametric,0,0.0,0.035501438,diamonds,6694,15,0,gen_diamonds_module4_n2000_uniform_neg30_r2,data/generated/gen_diamonds_module4_n2000_uniform_neg30_r2.json,d9072a869a358e6692923d7ac78f50b3bc86e1803540d743dbe1df81809ba78f,0,7,,2000,9370.386526206268,14,generated,28123136,0,0.000499232,0.0,0.0,0,0,,0,4dd360b1f6a2e937,0.04173895400890615,optimal,0.032446882,0.0,True
2494,493f6f942eca3576ac0253ad50581fbe0469e8e417d3f97011c676f7789871fd,0,"""instance""",0.000238378,"['taskset', '-c', '2', '<project>/build/release/pclp', 'solve', '--instance', '<project>/data/generated/gen_diamonds_module4_n2000_uniform_neg30_r2.json', '--config', '<project>/experiments/runs/main/3937cad13bcf0afc/resolved_config.json', '--output', '<project>/experiments/runs/main/3937cad13bcf0afc/result.json']",False,parametric,0,0.0,0.034858305,diamonds,6694,15,0,gen_diamonds_module4_n2000_uniform_neg30_r2,data/generated/gen_diamonds_module4_n2000_uniform_neg30_r2.json,d9072a869a358e6692923d7ac78f50b3bc86e1803540d743dbe1df81809ba78f,0,7,,2000,9370.386526206268,14,generated,28123136,0,0.000452286,0.0,0.0,0,0,,1,3937cad13bcf0afc,0.04078076800215058,optimal,0.031953593,0.0,True
2494,493f6f942eca3576ac0253ad50581fbe0469e8e417d3f97011c676f7789871fd,0,"""instance""",0.00023826,"['taskset', '-c', '2', '<project>/build/release/pclp', 'solve', '--instance', '<project>/data/generated/gen_diamonds_module4_n2000_uniform_neg30_r2.json', '--config', '<project>/experiments/runs/main/93b31214ee420dca/resolved_config.json', '--output', '<project>/experiments/runs/main/93b31214ee420dca/result.json']",False,parametric,0,0.0,0.034766215,diamonds,6694,15,0,gen_diamonds_module4_n2000_uniform_neg30_r2,data/generated/gen_diamonds_module4_n2000_uniform_neg30_r2.json,d9072a869a358e6692923d7ac78f50b3bc86e1803540d743dbe1df81809ba78f,0,7,,2000,9370.386526206268,14,generated,28123136,0,0.000420454,0.0,0.0,0,0,,2,93b31214ee420dca,0.04080392800096888,optimal,0.031906172,0.0,True
19993,493f6f942eca3576ac0253ad50581fbe0469e8e417d3f97011c676f7789871fd,0,"""instance""",0.0,"['taskset', '-c', '2', '<project>/build/release/pclp', 'solve', '--instance', '<project>/data/generated/gen_disconnected_components6_n20000_uniform_neg30_r0.json', '--config', '<project>/experiments/runs/main/2d9657f0cf51c390/resolved_config.json', '--output', '<project>/experiments/runs/main/2d9657f0cf51c390/result.json']",False,dinkelbach,0,0.0,30.027030509,disconnected,0,0,0,gen_disconnected_components6_n20000_uniform_neg30_r0,data/generated/gen_disconnected_components6_n20000_uniform_neg30_r0.json,d706d664f447a4fbb77d11b9c96a73c7ac59ccb772904ac52e1c5e7c96f4dd58,0,0,time limit reached before a maximum flow,20000,0.0,522,generated,35192832,0,0.003818995,0.0,0.0,0,0,,0,2d9657f0cf51c390,30.034928375986055,time_limit,30.002971799,0.0,False
19993,493f6f942eca3576ac0253ad50581fbe0469e8e417d3f97011c676f7789871fd,,"""instance""",,,,dinkelbach,,,,disconnected,,,,gen_disconnected_components6_n20000_uniform_neg30_r0,data/generated/gen_disconnected_components6_n20000_uniform_neg30_r0.json,d706d664f447a4fbb77d11b9c96a73c7ac59ccb772904ac52e1c5e7c96f4dd58,,,time limit reached before a maximum flow,20000,,,generated,,,,,,,,True,1,bce4488a2f4a3872,30.034928375986055,time_limit,,,False
19993,493f6f942eca3576ac0253ad50581fbe0469e8e417d3f97011c676f7789871fd,,"""instance""",,,,dinkelbach,,,,disconnected,,,,gen_disconnected_components6_n20000_uniform_neg30_r0,data/generated/gen_disconnected_components6_n20000_uniform_neg30_r0.json,d706d664f447a4fbb77d11b9c96a73c7ac59ccb772904ac52e1c5e7c96f4dd58,,,time limit reached before a maximum flow,20000,,,generated,,,,,,,,True,2,938aa4c62c2478a3,30.034928375986055,time_limit,,,False
19993,493f6f942eca3576ac0253ad50581fbe0469e8e417d3f97011c676f7789871fd,1252681420,"""instance""",0.0,"['taskset', '-c', '2', '<project>/build/release/pclp', 'solve', '--instance', '<project>/data/generated/gen_disconnected_components6_n20000_uniform_neg30_r0.json', '--config', '<project>/experiments/runs/main/3d8b5af297a88ce2/resolved_config.json', '--output', '<project>/experiments/runs/main/3d8b5af297a88ce2/result.json']",False,forest-reference,62388,1.147769713,30.024140314,disconnected,0,0,62883,gen_disconnected_components6_n20000_uniform_neg30_r0,data/generated/gen_disconnected_components6_n20000_uniform_neg30_r0.json,d706d664f447a4fbb77d11b9c96a73c7ac59ccb772904ac52e1c5e7c96f4dd58,0,19,residual oracle did not certify optimality,20000,0.0,26,generated,35192832,62857,0.004105295,6.894625752,4.532456897,1252764147,0,,0,3d8b5af297a88ce2,30.032332105009118,time_limit,30.000833084,17.226091809,False
19993,493f6f942eca3576ac0253ad50581fbe0469e8e417d3f97011c676f7789871fd,,"""instance""",,,,forest-reference,,,,disconnected,,,,gen_disconnected_components6_n20000_uniform_neg30_r0,data/generated/gen_disconnected_components6_n20000_uniform_neg30_r0.json,d706d664f447a4fbb77d11b9c96a73c7ac59ccb772904ac52e1c5e7c96f4dd58,,,residual oracle did not certify optimality,20000,,,generated,,,,,,,,True,1,a1ca6d111aa54f73,30.032332105009118,time_limit,,,False
19993,493f6f942eca3576ac0253ad50581fbe0469e8e417d3f97011c676f7789871fd,,"""instance""",,,,forest-reference,,,,disconnected,,,,gen_disconnected_components6_n20000_uniform_neg30_r0,data/generated/gen_disconnected_components6_n20000_uniform_neg30_r0.json,d706d664f447a4fbb77d11b9c96a73c7ac59ccb772904ac52e1c5e7c96f4dd58,,,residual oracle did not certify optimality,20000,,,generated,,,,,,,,True,2,c83af8c62ef852f8,30.032332105009118,time_limit,,,False
19993,493f6f942eca3576ac0253ad50581fbe0469e8e417d3f97011c676f7789871fd,276544515,"""instance""",0.0,"['taskset', '-c', '2', '<project>/build/release/pclp', 'solve', '--instance', '<project>/data/generated/gen_disconnected_components6_n20000_uniform_neg30_r0.json', '--config', '<project>/experiments/runs/main/1cfa42df1baa331e/resolved_config.json', '--output', '<project>/experiments/runs/main/1cfa42df1baa331e/result.json']",False,forest-tuned,810420,13.51758587,30.023308489,disconnected,0,0,3208,gen_disconnected_components6_n20000_uniform_neg30_r0,data/generated/gen_disconnected_components6_n20000_uniform_neg30_r0.json,d706d664f447a4fbb77d11b9c96a73c7ac59ccb772904ac52e1c5e7c96f4dd58,807489,41,residual oracle did not certify optimality,20000,0.0,42,generated,35192832,810655,0.003886207,2.292865451,9.09261908,72651465,0,,0,1cfa42df1baa331e,30.031410836993018,time_limit,30.000384108,2.61963176,False
19993,493f6f942eca3576ac0253ad50581fbe0469e8e417d3f97011c676f7789871fd,,"""instance""",,,,forest-tuned,,,,disconnected,,,,gen_disconnected_components6_n20000_uniform_neg30_r0,data/generated/gen_disconnected_components6_n20000_uniform_neg30_r0.json,d706d664f447a4fbb77d11b9c96a73c7ac59ccb772904ac52e1c5e7c96f4dd58,,,residual oracle did not certify optimality,20000,,,generated,,,,,,,,True,1,3b54b800ce9b4131,30.031410836993018,time_limit,,,False
19993,493f6f942eca3576ac0253ad50581fbe0469e8e417d3f97011c676f7789871fd,,"""instance""",,,,forest-tuned,,,,disconnected,,,,gen_disconnected_components6_n20000_uniform_neg30_r0,data/generated/gen_disconnected_components6_n20000_uniform_neg30_r0.json,d706d664f447a4fbb77d11b9c96a73c7ac59ccb772904ac52e1c5e7c96f4dd58,,,residual oracle did not certify optimality,20000,,,generated,,,,,,,,True,2,825af56f9a104794,30.031410836993018,time_limit,,,False
19993,493f6f942eca3576ac0253ad50581fbe0469e8e417d3f97011c676f7789871fd,0,"""instance""",0.002230685,"['taskset', '-c', '2', '<project>/build/release/pclp', 'solve', '--instance', '<project>/data/generated/gen_disconnected_components6_n20000_uniform_neg30_r0.json', '--config', '<project>/experiments/runs/main/33271c67859041e7/resolved_config.json', '--output', '<project>/experiments/runs/main/33271c67859041e7/result.json']",False,parametric,0,0.0,2.919308263,disconnected,104409,3785,0,gen_disconnected_components6_n20000_uniform_neg30_r0,data/generated/gen_disconnected_components6_n20000_uniform_neg30_r0.json,d706d664f447a4fbb77d11b9c96a73c7ac59ccb772904ac52e1c5e7c96f4dd58,0,1892,,20000,349636.4769736842,3784,generated,35192832,0,0.004158751,0.0,0.0,0,0,,0,33271c67859041e7,2.9350434109946946,optimal,2.890930901,0.0,True
19993,493f6f942eca3576ac0253ad50581fbe0469e8e417d3f97011c676f7789871fd,0,"""instance""",0.00192181,"['taskset', '-c', '2', '<project>/build/release/pclp', 'solve', '--instance', '<project>/data/generated/gen_disconnected_components6_n20000_uniform_neg30_r0.json', '--config', '<project>/experiments/runs/main/6ea0af96fb047bce/resolved_config.json', '--output', '<project>/experiments/runs/main/6ea0af96fb047bce/result.json']",False,parametric,0,0.0,2.789026363,disconnected,104409,3785,0,gen_disconnected_components6_n20000_uniform_neg30_r0,data/generated/gen_disconnected_components6_n20000_uniform_neg30_r0.json,d706d664f447a4fbb77d11b9c96a73c7ac59ccb772904ac52e1c5e7c96f4dd58,0,1892,,20000,349636.4769736842,3784,generated,35192832,0,0.003963419,0.0,0.0,0,0,,1,6ea0af96fb047bce,2.804240473997197,optimal,2.761918659,0.0,True
19993,493f6f942eca3576ac0253ad50581fbe0469e8e417d3f97011c676f7789871fd,0,"""instance""",0.001942084,"['taskset', '-c', '2', '<project>/build/release/pclp', 'solve', '--instance', '<project>/data/generated/gen_disconnected_components6_n20000_uniform_neg30_r0.json', '--config', '<project>/experiments/runs/main/ed9d16aa46f61514/resolved_config.json', '--output', '<project>/experiments/runs/main/ed9d16aa46f61514/result.json']",False,parametric,0,0.0,2.704282715,disconnected,104409,3785,0,gen_disconnected_components6_n20000_uniform_neg30_r0,data/generated/gen_disconnected_components6_n20000_uniform_neg30_r0.json,d706d664f447a4fbb77d11b9c96a73c7ac59ccb772904ac52e1c5e7c96f4dd58,0,1892,,20000,349636.4769736842,3784,generated,35192832,0,0.004066511,0.0,0.0,0,0,,2,ed9d16aa46f61514,2.7191369740030495,optimal,2.676912357,0.0,True
19993,493f6f942eca3576ac0253ad50581fbe0469e8e417d3f97011c676f7789871fd,0,"""instance""",0.0,"['taskset', '-c', '2', '<project>/build/release/pclp', 'solve', '--instance', '<project>/data/generated/gen_disconnected_components6_n20000_uniform_neg30_r1.json', '--config', '<project>/experiments/runs/main/83c17cf77e25adfb/resolved_config.json', '--output', '<project>/experiments/runs/main/83c17cf77e25adfb/result.json']",False,dinkelbach,0,0.0,30.03468185,disconnected,0,0,0,gen_disconnected_components6_n20000_uniform_neg30_r1,data/generated/gen_disconnected_components6_n20000_uniform_neg30_r1.json,c31aafb57794909943c8c478b1a4d86ea1b1537c46bf6f2f647d177d210aea13,0,0,time limit reached before a maximum flow,20000,0.0,319,generated,35192832,0,0.003742058,0.0,0.0,0,0,,0,83c17cf77e25adfb,30.04280858200218,time_limit,30.008252397,0.0,False
19993,493f6f942eca3576ac0253ad50581fbe0469e8e417d3f97011c676f7789871fd,,"""instance""",,,,dinkelbach,,,,disconnected,,,,gen_disconnected_components6_n20000_uniform_neg30_r1,data/generated/gen_disconnected_components6_n20000_uniform_neg30_r1.json,c31aafb57794909943c8c478b1a4d86ea1b1537c46bf6f2f647d177d210aea13,,,time limit reached before a maximum flow,20000,,,generated,,,,,,,,True,1,fb66794119828735,30.04280858200218,time_limit,,,False
19993,493f6f942eca3576ac0253ad50581fbe0469e8e417d3f97011c676f7789871fd,,"""instance""",,,,dinkelbach,,,,disconnected,,,,gen_disconnected_components6_n20000_uniform_neg30_r1,data/generated/gen_disconnected_components6_n20000_uniform_neg30_r1.json,c31aafb57794909943c8c478b1a4d86ea1b1537c46bf6f2f647d177d210aea13,,,time limit reached before a maximum flow,20000,,,generated,,,,,,,,True,2,c9ab6cf6bdc36c6d,30.04280858200218,time_limit,,,False
19993,493f6f942eca3576ac0253ad50581fbe0469e8e417d3f97011c676f7789871fd,1177914545,"""instance""",0.0,"['taskset', '-c', '2', '<project>/build/release/pclp', 'solve', '--instance', '<project>/data/generated/gen_disconnected_components6_n20000_uniform_neg30_r1.json', '--config', '<project>/experiments/runs/main/55d26ab9416486a4/resolved_config.json', '--output', '<project>/experiments/runs/main/55d26ab9416486a4/result.json']",False,forest-reference,58543,1.093185704,30.025859111,disconnected,0,0,59004,gen_disconnected_components6_n20000_uniform_neg30_r1,data/generated/gen_disconnected_components6_n20000_uniform_neg30_r1.json,c31aafb57794909943c8c478b1a4d86ea1b1537c46bf6f2f647d177d210aea13,0,17,residual oracle did not certify optimality,20000,0.0,18,generated,35192832,58986,0.00396087,6.862826728,4.735307336,1177993467,0,,0,55d26ab9416486a4,30.034598871003254,time_limit,30.000730485,17.123383347,False
19993,493f6f942eca3576ac0253ad50581fbe0469e8e417d3f97011c676f7789871fd,,"""instance""",,,,forest-reference,,,,disconnected,,,,gen_disconnected_components6_n20000_uniform_neg30_r1,data/generated/gen_disconnected_components6_n20000_uniform_neg30_r1.json,c31aafb57794909943c8c478b1a4d86ea1b1537c46bf6f2f647d177d210aea13,,,residual oracle did not certify optimality,20000,,,generated,,,,,,,,True,1,eb43ce990b10c77c,30.034598871003254,time_limit,,,False
19993,493f6f942eca3576ac0253ad50581fbe0469e8e417d3f97011c676f7789871fd,,"""instance""",,,,forest-reference,,,,disconnected,,,,gen_disconnected_components6_n20000_uniform_neg30_r1,data/generated/gen_disconnected_components6_n20000_uniform_neg30_r1.json,c31aafb57794909943c8c478b1a4d86ea1b1537c46bf6f2f647d177d210aea13,,,residual oracle did not certify optimality,20000,,,generated,,,,,,,,True,2,6eef7d24cf1c75de,30.034598871003254,time_limit,,,False
19993,493f6f942eca3576ac0253ad50581fbe0469e8e417d3f97011c676f7789871fd,267349440,"""instance""",0.0,"['taskset', '-c', '2', '<project>/build/release/pclp', 'solve', '--instance', '<project>/data/generated/gen_disconnected_components6_n20000_uniform_neg30_r1.json', '--config', '<project>/experiments/runs/main/93eec8a833ad0e29/resolved_config.json', '--output', '<project>/experiments/runs/main/93eec8a833ad0e29/result.json']",False,forest-tuned,781054,12.403114875,30.025502366,disconnected,0,0,3092,gen_disconnected_components6_n20000_uniform_neg30_r1,data/generated/gen_disconnected_components6_n20000_uniform_neg30_r1.json,c31aafb57794909943c8c478b1a4d86ea1b1537c46bf6f2f647d177d210aea13,778258,40,residual oracle did not certify optimality,20000,0.0,41,generated,35192832,781309,0.003619459,2.221563504,10.493143442000001,71314974,0,,0,93eec8a833ad0e29,30.03331270700437,time_limit,30.000410345,2.6325620269999996,False
19993,493f6f942eca3576ac0253ad50581fbe0469e8e417d3f97011c676f7789871fd,,"""instance""",,,,forest-tuned,,,,disconnected,,,,gen_disconnected_components6_n20000_uniform_neg30_r1,data/generated/gen_disconnected_components6_n20000_uniform_neg30_r1.json,c31aafb57794909943c8c478b1a4d86ea1b1537c46bf6f2f647d177d210aea13,,,residual oracle did not certify optimality,20000,,,generated,,,,,,,,True,1,6b1520ee0b067016,30.03331270700437,time_limit,,,False
19993,493f6f942eca3576ac0253ad50581fbe0469e8e417d3f97011c676f7789871fd,,"""instance""",,,,forest-tuned,,,,disconnected,,,,gen_disconnected_components6_n20000_uniform_neg30_r1,data/generated/gen_disconnected_components6_n20000_uniform_neg30_r1.json,c31aafb57794909943c8c478b1a4d86ea1b1537c46bf6f2f647d177d210aea13,,,residual oracle did not certify optimality,20000,,,generated,,,,,,,,True,2,3669afb65339da70,30.03331270700437,time_limit,,,False
19993,493f6f942eca3576ac0253ad50581fbe0469e8e417d3f97011c676f7789871fd,0,"""instance""",0.001796807,"['taskset', '-c', '2', '<project>/build/release/pclp', 'solve', '--instance', '<project>/data/generated/gen_disconnected_components6_n20000_uniform_neg30_r1.json', '--config', '<project>/experiments/runs/main/9d68cf066ea59f1e/resolved_config.json', '--output', '<project>/experiments/runs/main/9d68cf066ea59f1e/result.json']",False,parametric,0,0.0,4.215606554,disconnected,107608,8397,0,gen_disconnected_components6_n20000_uniform_neg30_r1,data/generated/gen_disconnected_components6_n20000_uniform_neg30_r1.json,c31aafb57794909943c8c478b1a4d86ea1b1537c46bf6f2f647d177d210aea13,0,4198,,20000,45430.52811111111,8396,generated,35192832,0,0.003743909,0.0,0.0,0,0,,0,9d68cf066ea59f1e,4.230882823991124,optimal,4.18693889,0.0,True
19993,493f6f942eca3576ac0253ad50581fbe0469e8e417d3f97011c676f7789871fd,0,"""instance""",0.001840311,"['taskset', '-c', '2', '<project>/build/release/pclp', 'solve', '--instance', '<project>/data/generated/gen_disconnected_components6_n20000_uniform_neg30_r1.json', '--config', '<project>/experiments/runs/main/8c6f82ababe67bf4/resolved_config.json', '--output', '<project>/experiments/runs/main/8c6f82ababe67bf4/result.json']",False,parametric,0,0.0,4.194158676,disconnected,107608,8397,0,gen_disconnected_components6_n20000_uniform_neg30_r1,data/generated/gen_disconnected_components6_n20000_uniform_neg30_r1.json,c31aafb57794909943c8c478b1a4d86ea1b1537c46bf6f2f647d177d210aea13,0,4198,,20000,45430.52811111111,8396,generated,37154816,0,0.004007698,0.0,0.0,0,0,,1,8c6f82ababe67bf4,4.212154413995449,optimal,4.165876811,0.0,True
19993,493f6f942eca3576ac0253ad50581fbe0469e8e417d3f97011c676f7789871fd,0,"""instance""",0.001815968,"['taskset', '-c', '2', '<project>/build/release/pclp', 'solve', '--instance', '<project>/data/generated/gen_disconnected_components6_n20000_uniform_neg30_r1.json', '--config', '<project>/experiments/runs/main/6d9c1e3055b3544f/resolved_config.json', '--output', '<project>/experiments/runs/main/6d9c1e3055b3544f/result.json']",False,parametric,0,0.0,4.287261899,disconnected,107608,8397,0,gen_disconnected_components6_n20000_uniform_neg30_r1,data/generated/gen_disconnected_components6_n20000_uniform_neg30_r1.json,c31aafb57794909943c8c478b1a4d86ea1b1537c46bf6f2f647d177d210aea13,0,4198,,20000,45430.52811111111,8396,generated,37154816,0,0.003661352,0.0,0.0,0,0,,2,6d9c1e3055b3544f,4.304198587997234,optimal,4.253378324,0.0,True
19993,493f6f942eca3576ac0253ad50581fbe0469e8e417d3f97011c676f7789871fd,0,"""instance""",0.0,"['taskset', '-c', '2', '<project>/build/release/pclp', 'solve', '--instance', '<project>/data/generated/gen_disconnected_components6_n20000_uniform_neg30_r2.json', '--config', '<project>/experiments/runs/main/bf01095bf3102ea0/resolved_config.json', '--output', '<project>/experiments/runs/main/bf01095bf3102ea0/result.json']",False,dinkelbach,0,0.0,30.027353994,disconnected,0,0,0,gen_disconnected_components6_n20000_uniform_neg30_r2,data/generated/gen_disconnected_components6_n20000_uniform_neg30_r2.json,3e84d68ffb405b66df1b36acfd28df64c68ab2ead66a6c4410f4b3e7363ae8ab,0,0,time limit reached before a maximum flow,20000,0.0,574,generated,37154816,0,0.003692208,0.0,0.0,0,0,,0,bf01095bf3102ea0,30.03648304998933,time_limit,30.003540148,0.0,False
19993,493f6f942eca3576ac0253ad50581fbe0469e8e417d3f97011c676f7789871fd,,"""instance""",,,,dinkelbach,,,,disconnected,,,,gen_disconnected_components6_n20000_uniform_neg30_r2,data/generated/gen_disconnected_components6_n20000_uniform_neg30_r2.json,3e84d68ffb405b66df1b36acfd28df64c68ab2ead66a6c4410f4b3e7363ae8ab,,,time limit reached before a maximum flow,20000,,,generated,,,,,,,,True,1,56e358fee72bf3fc,30.03648304998933,time_limit,,,False
19993,493f6f942eca3576ac0253ad50581fbe0469e8e417d3f97011c676f7789871fd,,"""instance""",,,,dinkelbach,,,,disconnected,,,,gen_disconnected_components6_n20000_uniform_neg30_r2,data/generated/gen_disconnected_components6_n20000_uniform_neg30_r2.json,3e84d68ffb405b66df1b36acfd28df64c68ab2ead66a6c4410f4b3e7363ae8ab,,,time limit reached before a maximum flow,20000,,,generated,,,,,,,,True,2,3d27f562f71de6b2,30.03648304998933,time_limit,,,False
19993,493f6f942eca3576ac0253ad50581fbe0469e8e417d3f97011c676f7789871fd,1272654547,"""instance""",0.0,"['taskset', '-c', '2', '<project>/build/release/pclp', 'solve', '--instance', '<project>/data/generated/gen_disconnected_components6_n20000_uniform_neg30_r2.json', '--config', '<project>/experiments/runs/main/00f3055203b95ce9/resolved_config.json', '--output', '<project>/experiments/runs/main/00f3055203b95ce9/result.json']",False,forest-reference,63359,1.144199146,30.024608079,disconnected,0,0,63941,gen_disconnected_components6_n20000_uniform_neg30_r2,data/generated/gen_disconnected_components6_n20000_uniform_neg30_r2.json,3e84d68ffb405b66df1b36acfd28df64c68ab2ead66a6c4410f4b3e7363ae8ab,0,25,residual oracle did not certify optimality,20000,0.0,27,generated,37154816,63914,0.003793131,6.862278034,4.529446307,1272738324,0,,0,00f3055203b95ce9,30.033778351004003,time_limit,30.000630099,17.256975547,False
19993,493f6f942eca3576ac0253ad50581fbe0469e8e417d3f97011c676f7789871fd,,"""instance""",,,,forest-reference,,,,disconnected,,,,gen_disconnected_components6_n20000_uniform_neg30_r2,data/generated/gen_disconnected_components6_n20000_uniform_neg30_r2.json,3e84d68ffb405b66df1b36acfd28df64c68ab2ead66a6c4410f4b3e7363ae8ab,,,residual oracle did not certify optimality,20000,,,generated,,,,,,,,True,1,52c6d012ab306494,30.033778351004003,time_limit,,,False
19993,493f6f942eca3576ac0253ad50581fbe0469e8e417d3f97011c676f7789871fd,,"""instance""",,,,forest-reference,,,,disconnected,,,,gen_disconnected_components6_n20000_uniform_neg30_r2,data/generated/gen_disconnected_components6_n20000_uniform_neg30_r2.json,3e84d68ffb405b66df1b36acfd28df64c68ab2ead66a6c4410f4b3e7363ae8ab,,,residual oracle did not certify optimality,20000,,,generated,,,,,,,,True,2,5813e279b1bfb81f,30.033778351004003,time_limit,,,False
19993,493f6f942eca3576ac0253ad50581fbe0469e8e417d3f97011c676f7789871fd,284114117,"""instance""",0.0,"['taskset', '-c', '2', '<project>/build/release/pclp', 'solve', '--instance', '<project>/data/generated/gen_disconnected_components6_n20000_uniform_neg30_r2.json', '--config', '<project>/experiments/runs/main/a9a04746038ed70f/resolved_config.json', '--output', '<project>/experiments/runs/main/a9a04746038ed70f/result.json']",False,forest-tuned,834996,13.278468647,30.025084745,disconnected,0,0,3305,gen_disconnected_components6_n20000_uniform_neg30_r2,data/generated/gen_disconnected_components6_n20000_uniform_neg30_r2.json,3e84d68ffb405b66df1b36acfd28df64c68ab2ead66a6c4410f4b3e7363ae8ab,831906,42,residual oracle did not certify optimality,20000,0.0,43,generated,37154816,835168,0.004145875,2.316300919,9.409508197,74732740,0,,0,a9a04746038ed70f,30.034256091006682,time_limit,30.000400019,2.668475441,False
19993,493f6f942eca3576ac0253ad50581fbe0469e8e417d3f97011c676f7789871fd,,"""instance""",,,,forest-tuned,,,,disconnected,,,,gen_disconnected_components6_n20000_uniform_neg30_r2,data/generated/gen_disconnected_components6_n20000_uniform_neg30_r2.json,3e84d68ffb405b66df1b36acfd28df64c68ab2ead66a6c4410f4b3e7363ae8ab,,,residual oracle did not certify optimality,20000,,,generated,,,,,,,,True,1,1a75346078fedfab,30.034256091006682,time_limit,,,False
19993,493f6f942eca3576ac0253ad50581fbe0469e8e417d3f97011c676f7789871fd,,"""instance""",,,,forest-tuned,,,,disconnected,,,,gen_disconnected_components6_n20000_uniform_neg30_r2,data/generated/gen_disconnected_components6_n20000_uniform_neg30_r2.json,3e84d68ffb405b66df1b36acfd28df64c68ab2ead66a6c4410f4b3e7363ae8ab,,,residual oracle did not certify optimality,20000,,,generated,,,,,,,,True,2,ceaf80372946df59,30.034256091006682,time_limit,,,False
19993,493f6f942eca3576ac0253ad50581fbe0469e8e417d3f97011c676f7789871fd,0,"""instance""",0.002251236,"['taskset', '-c', '2', '<project>/build/release/pclp', 'solve', '--instance', '<project>/data/generated/gen_disconnected_components6_n20000_uniform_neg30_r2.json', '--config', '<project>/experiments/runs/main/ab75f921b6d9f9b2/resolved_config.json', '--output', '<project>/experiments/runs/main/ab75f921b6d9f9b2/result.json']",False,parametric,0,0.0,2.410037735,disconnected,89107,3079,0,gen_disconnected_components6_n20000_uniform_neg30_r2,data/generated/gen_disconnected_components6_n20000_uniform_neg30_r2.json,3e84d68ffb405b66df1b36acfd28df64c68ab2ead66a6c4410f4b3e7363ae8ab,0,1539,,20000,253058.0,3078,generated,37154816,0,0.003740456,0.0,0.0,0,0,,0,ab75f921b6d9f9b2,2.4257914980116766,optimal,2.38178404,0.0,True
19993,493f6f942eca3576ac0253ad50581fbe0469e8e417d3f97011c676f7789871fd,0,"""instance""",0.002286275,"['taskset', '-c', '2', '<project>/build/release/pclp', 'solve', '--instance', '<project>/data/generated/gen_disconnected_components6_n20000_uniform_neg30_r2.json', '--config', '<project>/experiments/runs/main/16e7c7bf3db670bf/resolved_config.json', '--output', '<project>/experiments/runs/main/16e7c7bf3db670bf/result.json']",False,parametric,0,0.0,2.422819867,disconnected,89107,3079,0,gen_disconnected_components6_n20000_uniform_neg30_r2,data/generated/gen_disconnected_components6_n20000_uniform_neg30_r2.json,3e84d68ffb405b66df1b36acfd28df64c68ab2ead66a6c4410f4b3e7363ae8ab,0,1539,,20000,253058.0,3078,generated,37154816,0,0.003876118,0.0,0.0,0,0,,1,16e7c7bf3db670bf,2.4381976630102145,optimal,2.395406841,0.0,True
19993,493f6f942eca3576ac0253ad50581fbe0469e8e417d3f97011c676f7789871fd,0,"""instance""",0.00194457,"['taskset', '-c', '2', '<project>/build/release/pclp', 'solve', '--instance', '<project>/data/generated/gen_disconnected_components6_n20000_uniform_neg30_r2.json', '--config', '<project>/experiments/runs/main/90cbe8e37ebfcd5b/resolved_config.json', '--output', '<project>/experiments/runs/main/90cbe8e37ebfcd5b/result.json']",False,parametric,0,0.0,2.481504397,disconnected,89107,3079,0,gen_disconnected_components6_n20000_uniform_neg30_r2,data/generated/gen_disconnected_components6_n20000_uniform_neg30_r2.json,3e84d68ffb405b66df1b36acfd28df64c68ab2ead66a6c4410f4b3e7363ae8ab,0,1539,,20000,253058.0,3078,generated,37154816,0,0.004122715,0.0,0.0,0,0,,2,90cbe8e37ebfcd5b,2.4966815860097995,optimal,2.454209018,0.0,True
0,493f6f942eca3576ac0253ad50581fbe0469e8e417d3f97011c676f7789871fd,0,"""instance""",0.001500019,"['taskset', '-c', '2', '<project>/build/release/pclp', 'solve', '--instance', '<project>/data/generated/gen_empty_plain_n20000_uniform_neg0_r0.json', '--config', '<project>/experiments/runs/main/75afd695be19114b/resolved_config.json', '--output', '<project>/experiments/runs/main/75afd695be19114b/result.json']",True,dinkelbach,0,0.0,3.059912859,empty,0,6751,0,gen_empty_plain_n20000_uniform_neg0_r0,data/generated/gen_empty_plain_n20000_uniform_neg0_r0.json,f28cbe5e4336236ecd9d7d11810a55c42811195b85ea5cafdd78c76bed3ed595,0,623,,20000,565434.09375,623,generated,37154816,0,0.003044843,0.0,0.0,0,0,,0,75afd695be19114b,3.07107657600136,optimal,3.045808244,0.0,True
0,493f6f942eca3576ac0253ad50581fbe0469e8e417d3f97011c676f7789871fd,0,"""instance""",0.001478448,"['taskset', '-c', '2', '<project>/build/release/pclp', 'solve', '--instance', '<project>/data/generated/gen_empty_plain_n20000_uniform_neg0_r0.json', '--config', '<project>/experiments/runs/main/a2918a2284ed75b4/resolved_config.json', '--output', '<project>/experiments/runs/main/a2918a2284ed75b4/result.json']",True,dinkelbach,0,0.0,2.966925414,empty,0,6751,0,gen_empty_plain_n20000_uniform_neg0_r0,data/generated/gen_empty_plain_n20000_uniform_neg0_r0.json,f28cbe5e4336236ecd9d7d11810a55c42811195b85ea5cafdd78c76bed3ed595,0,623,,20000,565434.09375,623,generated,37154816,0,0.002628998,0.0,0.0,0,0,,1,a2918a2284ed75b4,2.9783690059994115,optimal,2.953787211,0.0,True
0,493f6f942eca3576ac0253ad50581fbe0469e8e417d3f97011c676f7789871fd,0,"""instance""",0.001439207,"['taskset', '-c', '2', '<project>/build/release/pclp', 'solve', '--instance', '<project>/data/generated/gen_empty_plain_n20000_uniform_neg0_r0.json', '--config', '<project>/experiments/runs/main/ce8d10358aafec68/resolved_config.json', '--output', '<project>/experiments/runs/main/ce8d10358aafec68/result.json']",True,dinkelbach,0,0.0,2.899753856,empty,0,6751,0,gen_empty_plain_n20000_uniform_neg0_r0,data/generated/gen_empty_plain_n20000_uniform_neg0_r0.json,f28cbe5e4336236ecd9d7d11810a55c42811195b85ea5cafdd78c76bed3ed595,0,623,,20000,565434.09375,623,generated,37154816,0,0.002977016,0.0,0.0,0,0,,2,ce8d10358aafec68,2.911700106007629,optimal,2.886410099,0.0,True
0,493f6f942eca3576ac0253ad50581fbe0469e8e417d3f97011c676f7789871fd,1369017646,"""instance""",0.0,"['taskset', '-c', '2', '<project>/build/release/pclp', 'solve', '--instance', '<project>/data/generated/gen_empty_plain_n20000_uniform_neg0_r0.json', '--config', '<project>/experiments/runs/main/71b1257f5d949c36/resolved_config.json', '--output', '<project>/experiments/runs/main/71b1257f5d949c36/result.json']",False,forest-reference,0,1.364430804,30.011733917,empty,0,0,89063,gen_empty_plain_n20000_uniform_neg0_r0,data/generated/gen_empty_plain_n20000_uniform_neg0_r0.json,f28cbe5e4336236ecd9d7d11810a55c42811195b85ea5cafdd78c76bed3ed595,0,296,residual oracle did not certify optimality,20000,0.0,8892,generated,37154816,80171,0.002915354,9.592715061,0.318697161,1369117817,0,,0,71b1257f5d949c36,30.02022926400241,time_limit,30.000615952,16.249151207,False
0,493f6f942eca3576ac0253ad50581fbe0469e8e417d3f97011c676f7789871fd,,"""instance""",,,,forest-reference,,,,empty,,,,gen_empty_plain_n20000_uniform_neg0_r0,data/generated/gen_empty_plain_n20000_uniform_neg0_r0.json,f28cbe5e4336236ecd9d7d11810a55c42811195b85ea5cafdd78c76bed3ed595,,,residual oracle did not certify optimality,20000,,,generated,,,,,,,,True,1,b0086fb0afa8dc75,30.02022926400241,time_limit,,,False
0,493f6f942eca3576ac0253ad50581fbe0469e8e417d3f97011c676f7789871fd,,"""instance""",,,,forest-reference,,,,empty,,,,gen_empty_plain_n20000_uniform_neg0_r0,data/generated/gen_empty_plain_n20000_uniform_neg0_r0.json,f28cbe5e4336236ecd9d7d11810a55c42811195b85ea5cafdd78c76bed3ed595,,,residual oracle did not certify optimality,20000,,,generated,,,,,,,,True,2,6193ea349b38915a,30.02022926400241,time_limit,,,False
0,493f6f942eca3576ac0253ad50581fbe0469e8e417d3f97011c676f7789871fd,6485944,"""instance""",0.00172374,"['taskset', '-c', '2', '<project>/build/release/pclp', 'solve', '--instance', '<project>/data/generated/gen_empty_plain_n20000_uniform_neg0_r0.json', '--config', '<project>/experiments/runs/main/8cd279b533f3960e/resolved_config.json', '--output', '<project>/experiments/runs/main/8cd279b533f3960e/result.json']",True,forest-tuned,0,0.0,0.484441267,empty,0,0,623,gen_empty_plain_n20000_uniform_neg0_r0,data/generated/gen_empty_plain_n20000_uniform_neg0_r0.json,f28cbe5e4336236ecd9d7d11810a55c42811195b85ea5cafdd78c76bed3ed595,0,623,,20000,565434.09375,623,generated,37154816,0,0.00300097,0.041541558,0.0,6486567,0,,0,8cd279b533f3960e,0.49592302000382915,optimal,0.469697552,0.098599392,True
0,493f6f942eca3576ac0253ad50581fbe0469e8e417d3f97011c676f7789871fd,6485944,"""instance""",0.001839061,"['taskset', '-c', '2', '<project>/build/release/pclp', 'solve', '--instance', '<project>/data/generated/gen_empty_plain_n20000_uniform_neg0_r0.json', '--config', '<project>/experiments/runs/main/7a06c48d88858e47/resolved_config.json', '--output', '<project>/experiments/runs/main/7a06c48d88858e47/result.json']",True,forest-tuned,0,0.0,0.51341169,empty,0,0,623,gen_empty_plain_n20000_uniform_neg0_r0,data/generated/gen_empty_plain_n20000_uniform_neg0_r0.json,f28cbe5e4336236ecd9d7d11810a55c42811195b85ea5cafdd78c76bed3ed595,0,623,,20000,565434.09375,623,generated,37154816,0,0.002852458,0.043589093,0.0,6486567,0,,1,7a06c48d88858e47,0.5253664440097054,optimal,0.498819385,0.105345536,True
0,493f6f942eca3576ac0253ad50581fbe0469e8e417d3f97011c676f7789871fd,6485944,"""instance""",0.001839879,"['taskset', '-c', '2', '<project>/build/release/pclp', 'solve', '--instance', '<project>/data/generated/gen_empty_plain_n20000_uniform_neg0_r0.json', '--config', '<project>/experiments/runs/main/a83c7783debf9236/resolved_config.json', '--output', '<project>/experiments/runs/main/a83c7783debf9236/result.json']",True,forest-tuned,0,0.0,0.543686158,empty,0,0,623,gen_empty_plain_n20000_uniform_neg0_r0,data/generated/gen_empty_plain_n20000_uniform_neg0_r0.json,f28cbe5e4336236ecd9d7d11810a55c42811195b85ea5cafdd78c76bed3ed595,0,623,,20000,565434.09375,623,generated,37154816,0,0.003168841,0.046420793,0.0,6486567,0,,2,a83c7783debf9236,0.555765261000488,optimal,0.528464447,0.111356241,True
0,493f6f942eca3576ac0253ad50581fbe0469e8e417d3f97011c676f7789871fd,0,"""instance""",0.001797854,"['taskset', '-c', '2', '<project>/build/release/pclp', 'solve', '--instance', '<project>/data/generated/gen_empty_plain_n20000_uniform_neg0_r0.json', '--config', '<project>/experiments/runs/main/7d319693a3aee11f/resolved_config.json', '--output', '<project>/experiments/runs/main/7d319693a3aee11f/result.json']",False,parametric,0,0.0,0.443518129,empty,0,1246,0,gen_empty_plain_n20000_uniform_neg0_r0,data/generated/gen_empty_plain_n20000_uniform_neg0_r0.json,f28cbe5e4336236ecd9d7d11810a55c42811195b85ea5cafdd78c76bed3ed595,0,623,,20000,565434.09375,1246,generated,37154816,0,0.002784525,0.0,0.0,0,0,,0,7d319693a3aee11f,0.45541047300503124,optimal,0.42976219,0.0,True
0,493f6f942eca3576ac0253ad50581fbe0469e8e417d3f97011c676f7789871fd,0,"""instance""",0.001767747,"['taskset', '-c', '2', '<project>/build/release/pclp', 'solve', '--instance', '<project>/data/generated/gen_empty_plain_n20000_uniform_neg0_r0.json', '--config', '<project>/experiments/runs/main/11c8db59d58aebe3/resolved_config.json', '--output', '<project>/experiments/runs/main/11c8db59d58aebe3/result.json']",False,parametric,0,0.0,0.370404416,empty,0,1246,0,gen_empty_plain_n20000_uniform_neg0_r0,data/generated/gen_empty_plain_n20000_uniform_neg0_r0.json,f28cbe5e4336236ecd9d7d11810a55c42811195b85ea5cafdd78c76bed3ed595,0,623,,20000,565434.09375,1246,generated,37154816,0,0.002896609,0.0,0.0,0,0,,1,11c8db59d58aebe3,0.3816422120144125,optimal,0.356593423,0.0,True
0,493f6f942eca3576ac0253ad50581fbe0469e8e417d3f97011c676f7789871fd,0,"""instance""",0.001697287,"['taskset', '-c', '2', '<project>/build/release/pclp', 'solve', '--instance', '<project>/data/generated/gen_empty_plain_n20000_uniform_neg0_r0.json', '--config', '<project>/experiments/runs/main/0d716d8e1d28fc18/resolved_config.json', '--output', '<project>/experiments/runs/main/0d716d8e1d28fc18/result.json']",False,parametric,0,0.0,0.356513258,empty,0,1246,0,gen_empty_plain_n20000_uniform_neg0_r0,data/generated/gen_empty_plain_n20000_uniform_neg0_r0.json,f28cbe5e4336236ecd9d7d11810a55c42811195b85ea5cafdd78c76bed3ed595,0,623,,20000,565434.09375,1246,generated,37154816,0,0.002887762,0.0,0.0,0,0,,2,0d716d8e1d28fc18,0.3687417799956165,optimal,0.342875337,0.0,True
0,493f6f942eca3576ac0253ad50581fbe0469e8e417d3f97011c676f7789871fd,0,"""instance""",0.0,"['taskset', '-c', '2', '<project>/build/release/pclp', 'solve', '--instance', '<project>/data/generated/gen_empty_plain_n20000_uniform_neg0_r1.json', '--config', '<project>/experiments/runs/main/4d9aed88f41e56bf/resolved_config.json', '--output', '<project>/experiments/runs/main/4d9aed88f41e56bf/result.json']",False,dinkelbach,0,0.0,30.014343298,empty,0,0,0,gen_empty_plain_n20000_uniform_neg0_r1,data/generated/gen_empty_plain_n20000_uniform_neg0_r1.json,dac7148eb68174adf8f8e98b1ee56cc8a70a21a303b2847e5107fd87b40f586e,0,0,time limit reached before a maximum flow,20000,0.0,5131,generated,40599552,0,0.003046915,0.0,0.0,0,0,,0,4d9aed88f41e56bf,30.02226989599876,time_limit,30.000757744,0.0,False
0,493f6f942eca3576ac0253ad50581fbe0469e8e417d3f97011c676f7789871fd,,"""instance""",,,,dinkelbach,,,,empty,,,,gen_empty_plain_n20000_uniform_neg0_r1,data/generated/gen_empty_plain_n20000_uniform_neg0_r1.json,dac7148eb68174adf8f8e98b1ee56cc8a70a21a303b2847e5107fd87b40f586e,,,time limit reached before a maximum flow,20000,,,generated,,,,,,,,True,1,046ca258f4800ecb,30.02226989599876,time_limit,,,False
0,493f6f942eca3576ac0253ad50581fbe0469e8e417d3f97011c676f7789871fd,,"""instance""",,,,dinkelbach,,,,empty,,,,gen_empty_plain_n20000_uniform_neg0_r1,data/generated/gen_empty_plain_n20000_uniform_neg0_r1.json,dac7148eb68174adf8f8e98b1ee56cc8a70a21a303b2847e5107fd87b40f586e,,,time limit reached before a maximum flow,20000,,,generated,,,,,,,,True,2,a11f9357b8b7abae,30.02226989599876,time_limit,,,False
0,493f6f942eca3576ac0253ad50581fbe0469e8e417d3f97011c676f7789871fd,1460555986,"""instance""",0.0,"['taskset', '-c', '2', '<project>/build/release/pclp', 'solve', '--instance', '<project>/data/generated/gen_empty_plain_n20000_uniform_neg0_r1.json', '--config', '<project>/experiments/runs/main/7757687914327372/resolved_config.json', '--output', '<project>/experiments/runs/main/7757687914327372/result.json']",False,forest-reference,0,1.49023736,30.01571273,empty,0,0,98858,gen_empty_plain_n20000_uniform_neg0_r1,data/generated/gen_empty_plain_n20000_uniform_neg0_r1.json,dac7148eb68174adf8f8e98b1ee56cc8a70a21a303b2847e5107fd87b40f586e,0,7231,residual oracle did not certify optimality,20000,0.0,10589,generated,37154816,88269,0.002834791,8.091810237,0.332003874,1460664255,0,,0,7757687914327372,30.027147369008162,time_limit,30.000497263,17.283139434,False
0,493f6f942eca3576ac0253ad50581fbe0469e8e417d3f97011c676f7789871fd,,"""instance""",,,,forest-reference,,,,empty,,,,gen_empty_plain_n20000_uniform_neg0_r1,data/generated/gen_empty_plain_n20000_uniform_neg0_r1.json,dac7148eb68174adf8f8e98b1ee56cc8a70a21a303b2847e5107fd87b40f586e,,,residual oracle did not certify optimality,20000,,,generated,,,,,,,,True,1,15c7ca6889c58fed,30.027147369008162,time_limit,,,False
0,493f6f942eca3576ac0253ad50581fbe0469e8e417d3f97011c676f7789871fd,,"""instance""",,,,forest-reference,,,,empty,,,,gen_empty_plain_n20000_uniform_neg0_r1,data/generated/gen_empty_plain_n20000_uniform_neg0_r1.json,dac7148eb68174adf8f8e98b1ee56cc8a70a21a303b2847e5107fd87b40f586e,,,residual oracle did not certify optimality,20000,,,generated,,,,,,,,True,2,f85e0c32f4d750c2,30.027147369008162,time_limit,,,False
0,493f6f942eca3576ac0253ad50581fbe0469e8e417d3f97011c676f7789871fd,135925722,"""instance""",0.001856753,"['taskset', '-c', '2', '<project>/build/release/pclp', 'solve', '--instance', '<project>/data/generated/gen_empty_plain_n20000_uniform_neg0_r1.json', '--config', '<project>/experiments/runs/main/57e873e5b56bfa9f/resolved_config.json', '--output', '<project>/experiments/runs/main/57e873e5b56bfa9f/result.json']",True,forest-tuned,0,0.0,8.471878731,empty,0,0,13607,gen_empty_plain_n20000_uniform_neg0_r1,data/generated/gen_empty_plain_n20000_uniform_neg0_r1.json,dac7148eb68174adf8f8e98b1ee56cc8a70a21a303b2847e5107fd87b40f586e,0,13607,,20000,61990.5996,13607,generated,37154816,0,0.002661214,0.766375866,0.0,135939329,0,,0,57e873e5b56bfa9f,8.495759305995307,optimal,8.453812118,1.792773512,True
0,493f6f942eca3576ac0253ad50581fbe0469e8e417d3f97011c676f7789871fd,135925722,"""instance""",0.001840522,"['taskset', '-c', '2', '<project>/build/release/pclp', 'solve', '--instance', '<project>/data/generated/gen_empty_plain_n20000_uniform_neg0_r1.json', '--config', '<project>/experiments/runs/main/5e675fdee23436ee/resolved_config.json', '--output', '<project>/experiments/runs/main/5e675fdee23436ee/result.json']",True,forest-tuned,0,0.0,8.528184399,empty,0,0,13607,gen_empty_plain_n20000_uniform_neg0_r1,data/generated/gen_empty_plain_n20000_uniform_neg0_r1.json,dac7148eb68174adf8f8e98b1ee56cc8a70a21a303b2847e5107fd87b40f586e,0,13607,,20000,61990.5996,13607,generated,40599552,0,0.002956585,0.770980689,0.0,135939329,0,,1,5e675fdee23436ee,8.548410283998237,optimal,8.509627636,1.796266967,True
0,493f6f942eca3576ac0253ad50581fbe0469e8e417d3f97011c676f7789871fd,135925722,"""instance""",0.001758555,"['taskset', '-c', '2', '<project>/build/release/pclp', 'solve', '--instance', '<project>/data/generated/gen_empty_plain_n20000_uniform_neg0_r1.json', '--config', '<project>/experiments/runs/main/b83776ff78e8b151/resolved_config.json', '--output', '<project>/experiments/runs/main/b83776ff78e8b151/result.json']",True,forest-tuned,0,0.0,8.092095237,empty,0,0,13607,gen_empty_plain_n20000_uniform_neg0_r1,data/generated/gen_empty_plain_n20000_uniform_neg0_r1.json,dac7148eb68174adf8f8e98b1ee56cc8a70a21a303b2847e5107fd87b40f586e,0,13607,,20000,61990.5996,13607,generated,40599552,0,0.002883582,0.731235778,0.0,135939329,0,,2,b83776ff78e8b151,8.11263061700447,optimal,8.074292665,1.704448837,True
0,493f6f942eca3576ac0253ad50581fbe0469e8e417d3f97011c676f7789871fd,0,"""instance""",0.001837028,"['taskset', '-c', '2', '<project>/build/release/pclp', 'solve', '--instance', '<project>/data/generated/gen_empty_plain_n20000_uniform_neg0_r1.json', '--config', '<project>/experiments/runs/main/f087331e23914587/resolved_config.json', '--output', '<project>/experiments/runs/main/f087331e23914587/result.json']",False,parametric,0,0.0,6.188742124,empty,0,27220,0,gen_empty_plain_n20000_uniform_neg0_r1,data/generated/gen_empty_plain_n20000_uniform_neg0_r1.json,dac7148eb68174adf8f8e98b1ee56cc8a70a21a303b2847e5107fd87b40f586e,0,13607,,20000,61990.5996,27220,generated,40599552,0,0.003046329,0.0,0.0,0,0,,0,f087331e23914587,6.226148811998428,optimal,6.16913198,0.0,True
0,493f6f942eca3576ac0253ad50581fbe0469e8e417d3f97011c676f7789871fd,0,"""instance""",0.001729942,"['taskset', '-c', '2', '<project>/build/release/pclp', 'solve', '--instance', '<project>/data/generated/gen_empty_plain_n20000_uniform_neg0_r1.json', '--config', '<project>/experiments/runs/main/1ba950bec199582a/resolved_config.json', '--output', '<project>/experiments/runs/main/1ba950bec199582a/result.json']",False,parametric,0,0.0,6.074504477,empty,0,27220,0,gen_empty_plain_n20000_uniform_neg0_r1,data/generated/gen_empty_plain_n20000_uniform_neg0_r1.json,dac7148eb68174adf8f8e98b1ee56cc8a70a21a303b2847e5107fd87b40f586e,0,13607,,20000,61990.5996,27220,generated,40599552,0,0.002809675,0.0,0.0,0,0,,1,1ba950bec199582a,6.095366308989469,optimal,6.05588509,0.0,True
0,493f6f942eca3576ac0253ad50581fbe0469e8e417d3f97011c676f7789871fd,0,"""instance""",0.001763545,"['taskset', '-c', '2', '<project>/build/release/pclp', 'solve', '--instance', '<project>/data/generated/gen_empty_plain_n20000_uniform_neg0_r1.json', '--config', '<project>/experiments/runs/main/defd2c9608fe393c/resolved_config.json', '--output', '<project>/experiments/runs/main/defd2c9608fe393c/result.json']",False,parametric,0,0.0,6.053773251,empty,0,27220,0,gen_empty_plain_n20000_uniform_neg0_r1,data/generated/gen_empty_plain_n20000_uniform_neg0_r1.json,dac7148eb68174adf8f8e98b1ee56cc8a70a21a303b2847e5107fd87b40f586e,0,13607,,20000,61990.5996,27220,generated,40599552,0,0.002989422,0.0,0.0,0,0,,2,defd2c9608fe393c,6.0738198129984085,optimal,6.03477912,0.0,True
0,493f6f942eca3576ac0253ad50581fbe0469e8e417d3f97011c676f7789871fd,0,"""instance""",0.001483113,"['taskset', '-c', '2', '<project>/build/release/pclp', 'solve', '--instance', '<project>/data/generated/gen_empty_plain_n20000_uniform_neg0_r2.json', '--config', '<project>/experiments/runs/main/0daf5e1ddeaa2c1b/resolved_config.json', '--output', '<project>/experiments/runs/main/0daf5e1ddeaa2c1b/result.json']",True,dinkelbach,0,0.0,2.831521973,empty,0,6895,0,gen_empty_plain_n20000_uniform_neg0_r2,data/generated/gen_empty_plain_n20000_uniform_neg0_r2.json,51af8f25ae0577eca6b3720851b5032cfd7a5e983e8313f7b7536e553483e37c,0,623,,20000,419046.9,623,generated,40599552,0,0.003179798,0.0,0.0,0,0,,0,0daf5e1ddeaa2c1b,2.8425337660009973,optimal,2.817281779,0.0,True
0,493f6f942eca3576ac0253ad50581fbe0469e8e417d3f97011c676f7789871fd,0,"""instance""",0.001481162,"['taskset', '-c', '2', '<project>/build/release/pclp', 'solve', '--instance', '<project>/data/generated/gen_empty_plain_n20000_uniform_neg0_r2.json', '--config', '<project>/experiments/runs/main/f717c95a0eaefb43/resolved_config.json', '--output', '<project>/experiments/runs/main/f717c95a0eaefb43/result.json']",True,dinkelbach,0,0.0,3.025253726,empty,0,6895,0,gen_empty_plain_n20000_uniform_neg0_r2,data/generated/gen_empty_plain_n20000_uniform_neg0_r2.json,51af8f25ae0577eca6b3720851b5032cfd7a5e983e8313f7b7536e553483e37c,0,623,,20000,419046.9,623,generated,40599552,0,0.002867442,0.0,0.0,0,0,,1,f717c95a0eaefb43,3.0357571670028847,optimal,3.012702138,0.0,True
0,493f6f942eca3576ac0253ad50581fbe0469e8e417d3f97011c676f7789871fd,0,"""instance""",0.001452476,"['taskset', '-c', '2', '<project>/build/release/pclp', 'solve', '--instance', '<project>/data/generated/gen_empty_plain_n20000_uniform_neg0_r2.json', '--config', '<project>/experiments/runs/main/8f728697376b8046/resolved_config.json', '--output', '<project>/experiments/runs/main/8f728697376b8046/result.json']",True,dinkelbach,0,0.0,3.334513855,empty,0,6895,0,gen_empty_plain_n20000_uniform_neg0_r2,data/generated/gen_empty_plain_n20000_uniform_neg0_r2.json,51af8f25ae0577eca6b3720851b5032cfd7a5e983e8313f7b7536e553483e37c,0,623,,20000,419046.9,623,generated,40599552,0,0.002927527,0.0,0.0,0,0,,2,8f728697376b8046,3.3448592250060756,optimal,3.32072346,0.0,True
0,493f6f942eca3576ac0253ad50581fbe0469e8e417d3f97011c676f7789871fd,1327474330,"""instance""",0.00138559,"['taskset', '-c', '2', '<project>/build/release/pclp', 'solve', '--instance', '<project>/data/generated/gen_empty_plain_n20000_uniform_neg0_r2.json', '--config', '<project>/experiments/runs/main/071c185b2db2d7d7/resolved_config.json', '--output', '<project>/experiments/runs/main/071c185b2db2d7d7/result.json']",True,forest-reference,0,1.450119201,29.045293841,empty,0,0,126422,gen_empty_plain_n20000_uniform_neg0_r2,data/generated/gen_empty_plain_n20000_uniform_neg0_r2.json,51af8f25ae0577eca6b3720851b5032cfd7a5e983e8313f7b7536e553483e37c,0,623,,20000,419046.9,20000,generated,40599552,106422,0.003011774,7.249132921,0.285977596,1327600752,0,,0,071c185b2db2d7d7,29.056913178006653,optimal,29.031390736,16.407226225,True
0,493f6f942eca3576ac0253ad50581fbe0469e8e417d3f97011c676f7789871fd,1327474330,"""instance""",0.001380941,"['taskset', '-c', '2', '<project>/build/release/pclp', 'solve', '--instance', '<project>/data/generated/gen_empty_plain_n20000_uniform_neg0_r2.json', '--config', '<project>/experiments/runs/main/60c17d9f46594a5f/resolved_config.json', '--output', '<project>/experiments/runs/main/60c17d9f46594a5f/result.json']",True,forest-reference,0,1.470835206,29.80668824,empty,0,0,126422,gen_empty_plain_n20000_uniform_neg0_r2,data/generated/gen_empty_plain_n20000_uniform_neg0_r2.json,51af8f25ae0577eca6b3720851b5032cfd7a5e983e8313f7b7536e553483e37c,0,623,,20000,419046.9,20000,generated,40599552,106422,0.002936745,7.503484588,0.303899192,1327600752,0,,1,60c17d9f46594a5f,29.81769983599952,optimal,29.793161163,16.789688179,True
0,493f6f942eca3576ac0253ad50581fbe0469e8e417d3f97011c676f7789871fd,1327474330,"""instance""",0.001583751,"['taskset', '-c', '2', '<project>/build/release/pclp', 'solve', '--instance', '<project>/data/generated/gen_empty_plain_n20000_uniform_neg0_r2.json', '--config', '<project>/experiments/runs/main/84e9a1b704919393/resolved_config.json', '--output', '<project>/experiments/runs/main/84e9a1b704919393/result.json']",True,forest-reference,0,1.484248009,29.421288734,empty,0,0,126422,gen_empty_plain_n20000_uniform_neg0_r2,data/generated/gen_empty_plain_n20000_uniform_neg0_r2.json,51af8f25ae0577eca6b3720851b5032cfd7a5e983e8313f7b7536e553483e37c,0,623,,20000,419046.9,20000,generated,40599552,106422,0.002867518,7.381617803,0.296484219,1327600752,0,,2,84e9a1b704919393,29.433016252005473,optimal,29.408103666,16.564007566,True
0,493f6f942eca3576ac0253ad50581fbe0469e8e417d3f97011c676f7789871fd,8367509,"""instance""",0.001704549,"['taskset', '-c', '2', '<project>/build/release/pclp', 'solve', '--instance', '<project>/data/generated/gen_empty_plain_n20000_uniform_neg0_r2.json', '--config', '<project>/experiments/runs/main/45c5eaa765271263/resolved_config.json', '--output', '<project>/experiments/runs/main/45c5eaa765271263/result.json']",True,forest-tuned,0,0.0,0.578102821,empty,0,0,623,gen_empty_plain_n20000_uniform_neg0_r2,data/generated/gen_empty_plain_n20000_uniform_neg0_r2.json,51af8f25ae0577eca6b3720851b5032cfd7a5e983e8313f7b7536e553483e37c,0,623,,20000,419046.9,623,generated,40599552,0,0.003027824,0.051942191,0.0,8368132,0,,0,45c5eaa765271263,0.5950320950068999,optimal,0.563538147,0.117610604,True
0,493f6f942eca3576ac0253ad50581fbe0469e8e417d3f97011c676f7789871fd,8367509,"""instance""",0.001721046,"['taskset', '-c', '2', '<project>/build/release/pclp', 'solve', '--instance', '<project>/data/generated/gen_empty_plain_n20000_uniform_neg0_r2.json', '--config', '<project>/experiments/runs/main/d5c8574851ddf6ad/resolved_config.json', '--output', '<project>/experiments/runs/main/d5c8574851ddf6ad/result.json']",True,forest-tuned,0,0.0,0.592342131,empty,0,0,623,gen_empty_plain_n20000_uniform_neg0_r2,data/generated/gen_empty_plain_n20000_uniform_neg0_r2.json,51af8f25ae0577eca6b3720851b5032cfd7a5e983e8313f7b7536e553483e37c,0,623,,20000,419046.9,623,generated,40599552,0,0.00283433,0.053125342,0.0,8368132,0,,1,d5c8574851ddf6ad,0.6033716689998982,optimal,0.578316193,0.120864788,True
0,493f6f942eca3576ac0253ad50581fbe0469e8e417d3f97011c676f7789871fd,8367509,"""instance""",0.001802945,"['taskset', '-c', '2', '<project>/build/release/pclp', 'solve', '--instance', '<project>/data/generated/gen_empty_plain_n20000_uniform_neg0_r2.json', '--config', '<project>/experiments/runs/main/070b85d11930b1d8/resolved_config.json', '--output', '<project>/experiments/runs/main/070b85d11930b1d8/result.json']",True,forest-tuned,0,0.0,0.612428761,empty,0,0,623,gen_empty_plain_n20000_uniform_neg0_r2,data/generated/gen_empty_plain_n20000_uniform_neg0_r2.json,51af8f25ae0577eca6b3720851b5032cfd7a5e983e8313f7b7536e553483e37c,0,623,,20000,419046.9,623,generated,40599552,0,0.002864741,0.055280434,0.0,8368132,0,,2,070b85d11930b1d8,0.6244553970027482,optimal,0.59816814,0.124961883,True
0,493f6f942eca3576ac0253ad50581fbe0469e8e417d3f97011c676f7789871fd,0,"""instance""",0.001845803,"['taskset', '-c', '2', '<project>/build/release/pclp', 'solve', '--instance', '<project>/data/generated/gen_empty_plain_n20000_uniform_neg0_r2.json', '--config', '<project>/experiments/runs/main/c501d4a79c0e1472/resolved_config.json', '--output', '<project>/experiments/runs/main/c501d4a79c0e1472/result.json']",False,parametric,0,0.0,0.457909233,empty,0,1246,0,gen_empty_plain_n20000_uniform_neg0_r2,data/generated/gen_empty_plain_n20000_uniform_neg0_r2.json,51af8f25ae0577eca6b3720851b5032cfd7a5e983e8313f7b7536e553483e37c,0,623,,20000,419046.9,1246,generated,40599552,0,0.004204707,0.0,0.0,0,0,,0,c501d4a79c0e1472,0.46939129500242416,optimal,0.437898192,0.0,True
0,493f6f942eca3576ac0253ad50581fbe0469e8e417d3f97011c676f7789871fd,0,"""instance""",0.001754389,"['taskset', '-c', '2', '<project>/build/release/pclp', 'solve', '--instance', '<project>/data/generated/gen_empty_plain_n20000_uniform_neg0_r2.json', '--config', '<project>/experiments/runs/main/5feed5238cffe6ac/resolved_config.json', '--output', '<project>/experiments/runs/main/5feed5238cffe6ac/result.json']",False,parametric,0,0.0,0.443350064,empty,0,1246,0,gen_empty_plain_n20000_uniform_neg0_r2,data/generated/gen_empty_plain_n20000_uniform_neg0_r2.json,51af8f25ae0577eca6b3720851b5032cfd7a5e983e8313f7b7536e553483e37c,0,623,,20000,419046.9,1246,generated,40599552,0,0.004228975,0.0,0.0,0,0,,1,5feed5238cffe6ac,0.4532038229954196,optimal,0.423770872,0.0,True
0,493f6f942eca3576ac0253ad50581fbe0469e8e417d3f97011c676f7789871fd,0,"""instance""",0.001833372,"['taskset', '-c', '2', '<project>/build/release/pclp', 'solve', '--instance', '<project>/data/generated/gen_empty_plain_n20000_uniform_neg0_r2.json', '--config', '<project>/experiments/runs/main/efaabd3d1b49c316/resolved_config.json', '--output', '<project>/experiments/runs/main/efaabd3d1b49c316/result.json']",False,parametric,0,0.0,0.37053977,empty,0,1246,0,gen_empty_plain_n20000_uniform_neg0_r2,data/generated/gen_empty_plain_n20000_uniform_neg0_r2.json,51af8f25ae0577eca6b3720851b5032cfd7a5e983e8313f7b7536e553483e37c,0,623,,20000,419046.9,1246,generated,40599552,0,0.002698464,0.0,0.0,0,0,,2,efaabd3d1b49c316,0.3805157769966172,optimal,0.357069989,0.0,True
0,493f6f942eca3576ac0253ad50581fbe0469e8e417d3f97011c676f7789871fd,0,"""instance""",0.00018625,"['taskset', '-c', '2', '<project>/build/release/pclp', 'solve', '--instance', '<project>/data/generated/gen_empty_plain_n2000_uniform_neg30_r0.json', '--config', '<project>/experiments/runs/main/5392728c694a386d/resolved_config.json', '--output', '<project>/experiments/runs/main/5392728c694a386d/result.json']",False,dinkelbach,0,0.0,0.226053915,empty,0,5907,0,gen_empty_plain_n2000_uniform_neg30_r0,data/generated/gen_empty_plain_n2000_uniform_neg30_r0.json,35817d1c1aafd47a030dfa03b1ebfca0690ff6596363b8ec045a4e63a6ce7876,0,507,,2000,48078.02777777778,508,generated,28123136,0,0.000289671,0.0,0.0,0,0,,0,5392728c694a386d,0.23187523501110263,optimal,0.224519618,0.0,True
0,493f6f942eca3576ac0253ad50581fbe0469e8e417d3f97011c676f7789871fd,0,"""instance""",0.000191798,"['taskset', '-c', '2', '<project>/build/release/pclp', 'solve', '--instance', '<project>/data/generated/gen_empty_plain_n2000_uniform_neg30_r0.json', '--config', '<project>/experiments/runs/main/e4a31ad65fb22737/resolved_config.json', '--output', '<project>/experiments/runs/main/e4a31ad65fb22737/result.json']",False,dinkelbach,0,0.0,0.223077541,empty,0,5907,0,gen_empty_plain_n2000_uniform_neg30_r0,data/generated/gen_empty_plain_n2000_uniform_neg30_r0.json,35817d1c1aafd47a030dfa03b1ebfca0690ff6596363b8ec045a4e63a6ce7876,0,507,,2000,48078.02777777778,508,generated,28123136,0,0.000258615,0.0,0.0,0,0,,1,e4a31ad65fb22737,0.22990914800902829,optimal,0.221417526,0.0,True
0,493f6f942eca3576ac0253ad50581fbe0469e8e417d3f97011c676f7789871fd,0,"""instance""",0.000187425,"['taskset', '-c', '2', '<project>/build/release/pclp', 'solve', '--instance', '<project>/data/generated/gen_empty_plain_n2000_uniform_neg30_r0.json', '--config', '<project>/experiments/runs/main/cc7192499c36a5eb/resolved_config.json', '--output', '<project>/experiments/runs/main/cc7192499c36a5eb/result.json']",False,dinkelbach,0,0.0,0.222080737,empty,0,5907,0,gen_empty_plain_n2000_uniform_neg30_r0,data/generated/gen_empty_plain_n2000_uniform_neg30_r0.json,35817d1c1aafd47a030dfa03b1ebfca0690ff6596363b8ec045a4e63a6ce7876,0,507,,2000,48078.02777777778,508,generated,28123136,0,0.000282868,0.0,0.0,0,0,,2,cc7192499c36a5eb,0.22840144598740153,optimal,0.220559165,0.0,True
0,493f6f942eca3576ac0253ad50581fbe0469e8e417d3f97011c676f7789871fd,13605008,"""instance""",0.000182246,"['taskset', '-c', '2', '<project>/build/release/pclp', 'solve', '--instance', '<project>/data/generated/gen_empty_plain_n2000_uniform_neg30_r0.json', '--config', '<project>/experiments/runs/main/ebd8369c4ed9b97b/resolved_config.json', '--output', '<project>/experiments/runs/main/ebd8369c4ed9b97b/result.json']",False,forest-reference,0,0.011981041,0.321879006,empty,0,0,10402,gen_empty_plain_n2000_uniform_neg30_r0,data/generated/gen_empty_plain_n2000_uniform_neg30_r0.json,35817d1c1aafd47a030dfa03b1ebfca0690ff6596363b8ec045a4e63a6ce7876,0,507,,2000,48078.02777777778,1419,generated,28123136,8983,0.000264182,0.088908899,0.003973478,13615410,0,,0,ebd8369c4ed9b97b,0.3274235110002337,optimal,0.320429363,0.181370797,True
0,493f6f942eca3576ac0253ad50581fbe0469e8e417d3f97011c676f7789871fd,13605008,"""instance""",0.000189392,"['taskset', '-c', '2', '<project>/build/release/pclp', 'solve', '--instance', '<project>/data/generated/gen_empty_plain_n2000_uniform_neg30_r0.json', '--config', '<project>/experiments/runs/main/29a7ef9eeea4edf7/resolved_config.json', '--output', '<project>/experiments/runs/main/29a7ef9eeea4edf7/result.json']",False,forest-reference,0,0.012326428,0.325298679,empty,0,0,10402,gen_empty_plain_n2000_uniform_neg30_r0,data/generated/gen_empty_plain_n2000_uniform_neg30_r0.json,35817d1c1aafd47a030dfa03b1ebfca0690ff6596363b8ec045a4e63a6ce7876,0,507,,2000,48078.02777777778,1419,generated,28123136,8983,0.000307807,0.089681328,0.004041946,13615410,0,,1,29a7ef9eeea4edf7,0.33207249399856664,optimal,0.323704232,0.183153505,True
0,493f6f942eca3576ac0253ad50581fbe0469e8e417d3f97011c676f7789871fd,13605008,"""instance""",0.000191709,"['taskset', '-c', '2', '<project>/build/release/pclp', 'solve', '--instance', '<project>/data/generated/gen_empty_plain_n2000_uniform_neg30_r0.json', '--config', '<project>/experiments/runs/main/7d6727f643a30aa6/resolved_config.json', '--output', '<project>/experiments/runs/main/7d6727f643a30aa6/result.json']",False,forest-reference,0,0.012453829,0.325475109,empty,0,0,10402,gen_empty_plain_n2000_uniform_neg30_r0,data/generated/gen_empty_plain_n2000_uniform_neg30_r0.json,35817d1c1aafd47a030dfa03b1ebfca0690ff6596363b8ec045a4e63a6ce7876,0,507,,2000,48078.02777777778,1419,generated,28123136,8983,0.00028345,0.089739717,0.004009276,13615410,0,,2,7d6727f643a30aa6,0.33236359000147786,optimal,0.324002974,0.183321984,True
0,493f6f942eca3576ac0253ad50581fbe0469e8e417d3f97011c676f7789871fd,672675,"""instance""",0.000183495,"['taskset', '-c', '2', '<project>/build/release/pclp', 'solve', '--instance', '<project>/data/generated/gen_empty_plain_n2000_uniform_neg30_r0.json', '--config', '<project>/experiments/runs/main/666f1dbfe3e02f9f/resolved_config.json', '--output', '<project>/experiments/runs/main/666f1dbfe3e02f9f/result.json']",False,forest-tuned,0,0.0,0.047098431,empty,0,0,508,gen_empty_plain_n2000_uniform_neg30_r0,data/generated/gen_empty_plain_n2000_uniform_neg30_r0.json,35817d1c1aafd47a030dfa03b1ebfca0690ff6596363b8ec045a4e63a6ce7876,0,507,,2000,48078.02777777778,508,generated,28123136,0,0.000263022,0.004440506,0.0,673183,0,,0,666f1dbfe3e02f9f,0.0517881769919768,optimal,0.04554378,0.009394057,True
0,493f6f942eca3576ac0253ad50581fbe0469e8e417d3f97011c676f7789871fd,672675,"""instance""",0.000179482,"['taskset', '-c', '2', '<project>/build/release/pclp', 'solve', '--instance', '<project>/data/generated/gen_empty_plain_n2000_uniform_neg30_r0.json', '--config', '<project>/experiments/runs/main/68a065be251bb1be/resolved_config.json', '--output', '<project>/experiments/runs/main/68a065be251bb1be/result.json']",False,forest-tuned,0,0.0,0.047068045,empty,0,0,508,gen_empty_plain_n2000_uniform_neg30_r0,data/generated/gen_empty_plain_n2000_uniform_neg30_r0.json,35817d1c1aafd47a030dfa03b1ebfca0690ff6596363b8ec045a4e63a6ce7876,0,507,,2000,48078.02777777778,508,generated,28123136,0,0.000271102,0.004512214,0.0,673183,0,,1,68a065be251bb1be,0.05299440100498032,optimal,0.045546182,0.009348653,True
0,493f6f942eca3576ac0253ad50581fbe0469e8e417d3f97011c676f7789871fd,672675,"""instance""",0.000187041,"['taskset', '-c', '2', '<project>/build/release/pclp', 'solve', '--instance', '<project>/data/generated/gen_empty_plain_n2000_uniform_neg30_r0.json', '--config', '<project>/experiments/runs/main/82642d547b6f71b5/resolved_config.json', '--output', '<project>/experiments/runs/main/82642d547b6f71b5/result.json']",False,forest-tuned,0,0.0,0.048428178,empty,0,0,508,gen_empty_plain_n2000_uniform_neg30_r0,data/generated/gen_empty_plain_n2000_uniform_neg30_r0.json,35817d1c1aafd47a030dfa03b1ebfca0690ff6596363b8ec045a4e63a6ce7876,0,507,,2000,48078.02777777778,508,generated,28123136,0,0.000292157,0.004655315,0.0,673183,0,,2,82642d547b6f71b5,0.05300854999222793,optimal,0.046826612,0.009605327,True
0,493f6f942eca3576ac0253ad50581fbe0469e8e417d3f97011c676f7789871fd,0,"""instance""",0.000187881,"['taskset', '-c', '2', '<project>/build/release/pclp', 'solve', '--instance', '<project>/data/generated/gen_empty_plain_n2000_uniform_neg30_r0.json', '--config', '<project>/experiments/runs/main/a5d718024844ec91/resolved_config.json', '--output', '<project>/experiments/runs/main/a5d718024844ec91/result.json']",False,parametric,0,0.0,0.026865358,empty,0,1015,0,gen_empty_plain_n2000_uniform_neg30_r0,data/generated/gen_empty_plain_n2000_uniform_neg30_r0.json,35817d1c1aafd47a030dfa03b1ebfca0690ff6596363b8ec045a4e63a6ce7876,0,507,,2000,48078.02777777778,1014,generated,28123136,0,0.000273372,0.0,0.0,0,0,,0,a5d718024844ec91,0.032565232992055826,optimal,0.025317094,0.0,True
0,493f6f942eca3576ac0253ad50581fbe0469e8e417d3f97011c676f7789871fd,0,"""instance""",0.000192438,"['taskset', '-c', '2', '<project>/build/release/pclp', 'solve', '--instance', '<project>/data/generated/gen_empty_plain_n2000_uniform_neg30_r0.json', '--config', '<project>/experiments/runs/main/ef779da0f632c22d/resolved_config.json', '--output', '<project>/experiments/runs/main/ef779da0f632c22d/result.json']",False,parametric,0,0.0,0.027596869,empty,0,1015,0,gen_empty_plain_n2000_uniform_neg30_r0,data/generated/gen_empty_plain_n2000_uniform_neg30_r0.json,35817d1c1aafd47a030dfa03b1ebfca0690ff6596363b8ec045a4e63a6ce7876,0,507,,2000,48078.02777777778,1014,generated,28123136,0,0.000287977,0.0,0.0,0,0,,1,ef779da0f632c22d,0.03297489199030679,optimal,0.026092975,0.0,True
0,493f6f942eca3576ac0253ad50581fbe0469e8e417d3f97011c676f7789871fd,0,"""instance""",0.000183549,"['taskset', '-c', '2', '<project>/build/release/pclp', 'solve', '--instance', '<project>/data/generated/gen_empty_plain_n2000_uniform_neg30_r0.json', '--config', '<project>/experiments/runs/main/0b452d5b09e5f73e/resolved_config.json', '--output', '<project>/experiments/runs/main/0b452d5b09e5f73e/result.json']",False,parametric,0,0.0,0.026937625,empty,0,1015,0,gen_empty_plain_n2000_uniform_neg30_r0,data/generated/gen_empty_plain_n2000_uniform_neg30_r0.json,35817d1c1aafd47a030dfa03b1ebfca0690ff6596363b8ec045a4e63a6ce7876,0,507,,2000,48078.02777777778,1014,generated,28123136,0,0.000265139,0.0,0.0,0,0,,2,0b452d5b09e5f73e,0.032689282001229,optimal,0.02537439,0.0,True
0,493f6f942eca3576ac0253ad50581fbe0469e8e417d3f97011c676f7789871fd,0,"""instance""",0.000180945,"['taskset', '-c', '2', '<project>/build/release/pclp', 'solve', '--instance', '<project>/data/generated/gen_empty_plain_n2000_uniform_neg30_r1.json', '--config', '<project>/experiments/runs/main/bc1cb1713c6b1c9b/resolved_config.json', '--output', '<project>/experiments/runs/main/bc1cb1713c6b1c9b/result.json']",False,dinkelbach,0,0.0,0.677730461,empty,0,18380,0,gen_empty_plain_n2000_uniform_neg30_r1,data/generated/gen_empty_plain_n2000_uniform_neg30_r1.json,bce815c51eda986721b82372ee4cb360fb837c049b12ef25633d190f898ec801,0,1354,,2000,5987.840785714286,1355,generated,28123136,0,0.000262237,0.0,0.0,0,0,,0,bc1cb1713c6b1c9b,0.6846182759909425,optimal,0.675962804,0.0,True
0,493f6f942eca3576ac0253ad50581fbe0469e8e417d3f97011c676f7789871fd,0,"""instance""",0.000174426,"['taskset', '-c', '2', '<project>/build/release/pclp', 'solve', '--instance', '<project>/data/generated/gen_empty_plain_n2000_uniform_neg30_r1.json', '--config', '<project>/experiments/runs/main/a635884edf3626b8/resolved_config.json', '--output', '<project>/experiments/runs/main/a635884edf3626b8/result.json']",False,dinkelbach,0,0.0,0.679981053,empty,0,18380,0,gen_empty_plain_n2000_uniform_neg30_r1,data/generated/gen_empty_plain_n2000_uniform_neg30_r1.json,bce815c51eda986721b82372ee4cb360fb837c049b12ef25633d190f898ec801,0,1354,,2000,5987.840785714286,1355,generated,28123136,0,0.000296196,0.0,0.0,0,0,,1,a635884edf3626b8,0.6882352190004895,optimal,0.678132036,0.0,True
0,493f6f942eca3576ac0253ad50581fbe0469e8e417d3f97011c676f7789871fd,0,"""instance""",0.000174725,"['taskset', '-c', '2', '<project>/build/release/pclp', 'solve', '--instance', '<project>/data/generated/gen_empty_plain_n2000_uniform_neg30_r1.json', '--config', '<project>/experiments/runs/main/933dee2c85e0bff5/resolved_config.json', '--output', '<project>/experiments/runs/main/933dee2c85e0bff5/result.json']",False,dinkelbach,0,0.0,0.689765067,empty,0,18380,0,gen_empty_plain_n2000_uniform_neg30_r1,data/generated/gen_empty_plain_n2000_uniform_neg30_r1.json,bce815c51eda986721b82372ee4cb360fb837c049b12ef25633d190f898ec801,0,1354,,2000,5987.840785714286,1355,generated,28123136,0,0.000296021,0.0,0.0,0,0,,2,933dee2c85e0bff5,0.6972472869965713,optimal,0.687966031,0.0,True
0,493f6f942eca3576ac0253ad50581fbe0469e8e417d3f97011c676f7789871fd,15448989,"""instance""",0.000181904,"['taskset', '-c', '2', '<project>/build/release/pclp', 'solve', '--instance', '<project>/data/generated/gen_empty_plain_n2000_uniform_neg30_r1.json', '--config', '<project>/experiments/runs/main/c82a33dbe6ee6e39/resolved_config.json', '--output', '<project>/experiments/runs/main/c82a33dbe6ee6e39/result.json']",False,forest-reference,0,0.013684804,0.368106528,empty,0,0,11616,gen_empty_plain_n2000_uniform_neg30_r1,data/generated/gen_empty_plain_n2000_uniform_neg30_r1.json,bce815c51eda986721b82372ee4cb360fb837c049b12ef25633d190f898ec801,0,1354,,2000,5987.840785714286,1407,generated,28123136,10209,0.000270222,0.102034387,0.004683376,15460605,0,,0,c82a33dbe6ee6e39,0.3754129169974476,optimal,0.366136017,0.210483639,True
0,493f6f942eca3576ac0253ad50581fbe0469e8e417d3f97011c676f7789871fd,15448989,"""instance""",0.000184149,"['taskset', '-c', '2', '<project>/build/release/pclp', 'solve', '--instance', '<project>/data/generated/gen_empty_plain_n2000_uniform_neg30_r1.json', '--config', '<project>/experiments/runs/main/0f591ecbf961e441/resolved_config.json', '--output', '<project>/experiments/runs/main/0f591ecbf961e441/result.json']",False,forest-reference,0,0.01348728,0.366260309,empty,0,0,11616,gen_empty_plain_n2000_uniform_neg30_r1,data/generated/gen_empty_plain_n2000_uniform_neg30_r1.json,bce815c51eda986721b82372ee4cb360fb837c049b12ef25633d190f898ec801,0,1354,,2000,5987.840785714286,1407,generated,28123136,10209,0.000268757,0.101664999,0.00466438,15460605,0,,1,0f591ecbf961e441,0.3731537879939424,optimal,0.364377191,0.209416153,True
0,493f6f942eca3576ac0253ad50581fbe0469e8e417d3f97011c676f7789871fd,15448989,"""instance""",0.000185881,"['taskset', '-c', '2', '<project>/build/release/pclp', 'solve', '--instance', '<project>/data/generated/gen_empty_plain_n2000_uniform_neg30_r1.json', '--config', '<project>/experiments/runs/main/40db3b867953095b/resolved_config.json', '--output', '<project>/experiments/runs/main/40db3b867953095b/result.json']",False,forest-reference,0,0.013387511,0.363483037,empty,0,0,11616,gen_empty_plain_n2000_uniform_neg30_r1,data/generated/gen_empty_plain_n2000_uniform_neg30_r1.json,bce815c51eda986721b82372ee4cb360fb837c049b12ef25633d190f898ec801,0,1354,,2000,5987.840785714286,1407,generated,28123136,10209,0.000272957,0.100912652,0.0045971070000000004,15460605,0,,2,40db3b867953095b,0.37048721400788054,optimal,0.361417588,0.207703772,True
0,493f6f942eca3576ac0253ad50581fbe0469e8e417d3f97011c676f7789871fd,1754084,"""instance""",0.000191773,"['taskset', '-c', '2', '<project>/build/release/pclp', 'solve', '--instance', '<project>/data/generated/gen_empty_plain_n2000_uniform_neg30_r1.json', '--config', '<project>/experiments/runs/main/88977d8378346faf/resolved_config.json', '--output', '<project>/experiments/runs/main/88977d8378346faf/result.json']",False,forest-tuned,0,0.0,0.119617651,empty,0,0,1355,gen_empty_plain_n2000_uniform_neg30_r1,data/generated/gen_empty_plain_n2000_uniform_neg30_r1.json,bce815c51eda986721b82372ee4cb360fb837c049b12ef25633d190f898ec801,0,1354,,2000,5987.840785714286,1355,generated,28123136,0,0.00027556,0.011697205,0.0,1755439,0,,0,88977d8378346faf,0.12796396599151194,optimal,0.117673035,0.024319496,True
0,493f6f942eca3576ac0253ad50581fbe0469e8e417d3f97011c676f7789871fd,1754084,"""instance""",0.000177224,"['taskset', '-c', '2', '<project>/build/release/pclp', 'solve', '--instance', '<project>/data/generated/gen_empty_plain_n2000_uniform_neg30_r1.json', '--config', '<project>/experiments/runs/main/8c53bb5bc6c26bab/resolved_config.json', '--output', '<project>/experiments/runs/main/8c53bb5bc6c26bab/result.json']",False,forest-tuned,0,0.0,0.116335293,empty,0,0,1355,gen_empty_plain_n2000_uniform_neg30_r1,data/generated/gen_empty_plain_n2000_uniform_neg30_r1.json,bce815c51eda986721b82372ee4cb360fb837c049b12ef25633d190f898ec801,0,1354,,2000,5987.840785714286,1355,generated,28123136,0,0.000269962,0.011429174,0.0,1755439,0,,1,8c53bb5bc6c26bab,0.12284853600431234,optimal,0.114380435,0.023609613,True
0,493f6f942eca3576ac0253ad50581fbe0469e8e417d3f97011c676f7789871fd,1754084,"""instance""",0.000178625,"['taskset', '-c', '2', '<project>/build/release/pclp', 'solve', '--instance', '<project>/data/generated/gen_empty_plain_n2000_uniform_neg30_r1.json', '--config', '<project>/experiments/runs/main/d56fe2009ea51b6a/resolved_config.json', '--output', '<project>/experiments/runs/main/d56fe2009ea51b6a/result.json']",False,forest-tuned,0,0.0,0.115287979,empty,0,0,1355,gen_empty_plain_n2000_uniform_neg30_r1,data/generated/gen_empty_plain_n2000_uniform_neg30_r1.json,bce815c51eda986721b82372ee4cb360fb837c049b12ef25633d190f898ec801,0,1354,,2000,5987.840785714286,1355,generated,28123136,0,0.000285093,0.011304065,0.0,1755439,0,,2,d56fe2009ea51b6a,0.12252080599137116,optimal,0.11335077,0.023382865,True
0,493f6f942eca3576ac0253ad50581fbe0469e8e417d3f97011c676f7789871fd,0,"""instance""",0.000189532,"['taskset', '-c', '2', '<project>/build/release/pclp', 'solve', '--instance', '<project>/data/generated/gen_empty_plain_n2000_uniform_neg30_r1.json', '--config', '<project>/experiments/runs/main/d7647b0d5dbb5f46/resolved_config.json', '--output', '<project>/experiments/runs/main/d7647b0d5dbb5f46/result.json']",False,parametric,0,0.0,0.065170248,empty,0,2709,0,gen_empty_plain_n2000_uniform_neg30_r1,data/generated/gen_empty_plain_n2000_uniform_neg30_r1.json,bce815c51eda986721b82372ee4cb360fb837c049b12ef25633d190f898ec801,0,1354,,2000,5987.840785714286,2708,generated,28123136,0,0.000281192,0.0,0.0,0,0,,0,d7647b0d5dbb5f46,0.07200237098732032,optimal,0.063356919,0.0,True
0,493f6f942eca3576ac0253ad50581fbe0469e8e417d3f97011c676f7789871fd,0,"""instance""",0.000184596,"['taskset', '-c', '2', '<project>/build/release/pclp', 'solve', '--instance', '<project>/data/generated/gen_empty_plain_n2000_uniform_neg30_r1.json', '--config', '<project>/experiments/runs/main/ac4b040d5c2d6ba3/resolved_config.json', '--output', '<project>/experiments/runs/main/ac4b040d5c2d6ba3/result.json']",False,parametric,0,0.0,0.065841512,empty,0,2709,0,gen_empty_plain_n2000_uniform_neg30_r1,data/generated/gen_empty_plain_n2000_uniform_neg30_r1.json,bce815c51eda986721b82372ee4cb360fb837c049b12ef25633d190f898ec801,0,1354,,2000,5987.840785714286,2708,generated,28123136,0,0.000265262,0.0,0.0,0,0,,1,ac4b040d5c2d6ba3,0.07303412699548062,optimal,0.063994109,0.0,True
0,493f6f942eca3576ac0253ad50581fbe0469e8e417d3f97011c676f7789871fd,0,"""instance""",0.000191625,"['taskset', '-c', '2', '<project>/build/release/pclp', 'solve', '--instance', '<project>/data/generated/gen_empty_plain_n2000_uniform_neg30_r1.json', '--config', '<project>/experiments/runs/main/bb88b3ceaaac55c3/resolved_config.json', '--output', '<project>/experiments/runs/main/bb88b3ceaaac55c3/result.json']",False,parametric,0,0.0,0.065726976,empty,0,2709,0,gen_empty_plain_n2000_uniform_neg30_r1,data/generated/gen_empty_plain_n2000_uniform_neg30_r1.json,bce815c51eda986721b82372ee4cb360fb837c049b12ef25633d190f898ec801,0,1354,,2000,5987.840785714286,2708,generated,28123136,0,0.000281282,0.0,0.0,0,0,,2,bb88b3ceaaac55c3,0.07135566699435003,optimal,0.063892276,0.0,True
0,493f6f942eca3576ac0253ad50581fbe0469e8e417d3f97011c676f7789871fd,0,"""instance""",0.00019413,"['taskset', '-c', '2', '<project>/build/release/pclp', 'solve', '--instance', '<project>/data/generated/gen_empty_plain_n2000_uniform_neg30_r2.json', '--config', '<project>/experiments/runs/main/92a1fc40bb76b970/resolved_config.json', '--output', '<project>/experiments/runs/main/92a1fc40bb76b970/result.json']",False,dinkelbach,0,0.0,0.181090884,empty,0,4898,0,gen_empty_plain_n2000_uniform_neg30_r2,data/generated/gen_empty_plain_n2000_uniform_neg30_r2.json,20b19a123addae775c7ef25f93e39318f7390835950a425bc692f1f13643546a,0,428,,2000,35535.975,429,generated,28123136,0,0.000277796,0.0,0.0,0,0,,0,92a1fc40bb76b970,0.18713863799348474,optimal,0.179593097,0.0,True
0,493f6f942eca3576ac0253ad50581fbe0469e8e417d3f97011c676f7789871fd,0,"""instance""",0.000179001,"['taskset', '-c', '2', '<project>/build/release/pclp', 'solve', '--instance', '<project>/data/generated/gen_empty_plain_n2000_uniform_neg30_r2.json', '--config', '<project>/experiments/runs/main/2d97999f1aad2d05/resolved_config.json', '--output', '<project>/experiments/runs/main/2d97999f1aad2d05/result.json']",False,dinkelbach,0,0.0,0.176848836,empty,0,4898,0,gen_empty_plain_n2000_uniform_neg30_r2,data/generated/gen_empty_plain_n2000_uniform_neg30_r2.json,20b19a123addae775c7ef25f93e39318f7390835950a425bc692f1f13643546a,0,428,,2000,35535.975,429,generated,28123136,0,0.000281073,0.0,0.0,0,0,,1,2d97999f1aad2d05,0.18240014399634674,optimal,0.17541222,0.0,True
0,493f6f942eca3576ac0253ad50581fbe0469e8e417d3f97011c676f7789871fd,0,"""instance""",0.000190285,"['taskset', '-c', '2', '<project>/build/release/pclp', 'solve', '--instance', '<project>/data/generated/gen_empty_plain_n2000_uniform_neg30_r2.json', '--config', '<project>/experiments/runs/main/c50b0358d528f372/resolved_config.json', '--output', '<project>/experiments/runs/main/c50b0358d528f372/result.json']",False,dinkelbach,0,0.0,0.176423509,empty,0,4898,0,gen_empty_plain_n2000_uniform_neg30_r2,data/generated/gen_empty_plain_n2000_uniform_neg30_r2.json,20b19a123addae775c7ef25f93e39318f7390835950a425bc692f1f13643546a,0,428,,2000,35535.975,429,generated,28123136,0,0.00027958,0.0,0.0,0,0,,2,c50b0358d528f372,0.1821844579972094,optimal,0.17497841,0.0,True
0,493f6f942eca3576ac0253ad50581fbe0469e8e417d3f97011c676f7789871fd,10921597,"""instance""",0.000182964,"['taskset', '-c', '2', '<project>/build/release/pclp', 'solve', '--instance', '<project>/data/generated/gen_empty_plain_n2000_uniform_neg30_r2.json', '--config', '<project>/experiments/runs/main/ff2c238b04e19809/resolved_config.json', '--output', '<project>/experiments/runs/main/ff2c238b04e19809/result.json']",False,forest-reference,0,0.008965967,0.254588639,empty,0,0,8209,gen_empty_plain_n2000_uniform_neg30_r2,data/generated/gen_empty_plain_n2000_uniform_neg30_r2.json,20b19a123addae775c7ef25f93e39318f7390835950a425bc692f1f13643546a,0,428,,2000,35535.975,1387,generated,28123136,6822,0.000278597,0.066665497,0.003003095,10929806,0,,0,ff2c238b04e19809,0.26140928399399854,optimal,0.25313923,0.142350061,True
0,493f6f942eca3576ac0253ad50581fbe0469e8e417d3f97011c676f7789871fd,10921597,"""instance""",0.000183011,"['taskset', '-c', '2', '<project>/build/release/pclp', 'solve', '--instance', '<project>/data/generated/gen_empty_plain_n2000_uniform_neg30_r2.json', '--config', '<project>/experiments/runs/main/9c8b8d8cc39e62bf/resolved_config.json', '--output', '<project>/experiments/runs/main/9c8b8d8cc39e62bf/result.json']",False,forest-reference,0,0.009677042,0.260411896,empty,0,0,8209,gen_empty_plain_n2000_uniform_neg30_r2,data/generated/gen_empty_plain_n2000_uniform_neg30_r2.json,20b19a123addae775c7ef25f93e39318f7390835950a425bc692f1f13643546a,0,428,,2000,35535.975,1387,generated,28123136,6822,0.000253554,0.068027549,0.003074976,10929806,0,,1,9c8b8d8cc39e62bf,0.2648941400111653,optimal,0.258937229,0.145395508,True
0,493f6f942eca3576ac0253ad50581fbe0469e8e417d3f97011c676f7789871fd,10921597,"""instance""",0.000183918,"['taskset', '-c', '2', '<project>/build/release/pclp', 'solve', '--instance', '<project>/data/generated/gen_empty_plain_n2000_uniform_neg30_r2.json', '--config', '<project>/experiments/runs/main/6a404c719b30f5dc/resolved_config.json', '--output', '<project>/experiments/runs/main/6a404c719b30f5dc/result.json']",False,forest-reference,0,0.009095308,0.263216636,empty,0,0,8209,gen_empty_plain_n2000_uniform_neg30_r2,data/generated/gen_empty_plain_n2000_uniform_neg30_r2.json,20b19a123addae775c7ef25f93e39318f7390835950a425bc692f1f13643546a,0,428,,2000,35535.975,1387,generated,28123136,6822,0.00027844,0.06894528,0.003108807,10929806,0,,2,6a404c719b30f5dc,0.2693304639979033,optimal,0.261758618,0.147411458,True
0,493f6f942eca3576ac0253ad50581fbe0469e8e417d3f97011c676f7789871fd,656165,"""instance""",0.000173498,"['taskset', '-c', '2', '<project>/build/release/pclp', 'solve', '--instance', '<project>/data/generated/gen_empty_plain_n2000_uniform_neg30_r2.json', '--config', '<project>/experiments/runs/main/9a70c0a04a5490d2/resolved_config.json', '--output', '<project>/experiments/runs/main/9a70c0a04a5490d2/result.json']",False,forest-tuned,0,0.0,0.044351802,empty,0,0,429,gen_empty_plain_n2000_uniform_neg30_r2,data/generated/gen_empty_plain_n2000_uniform_neg30_r2.json,20b19a123addae775c7ef25f93e39318f7390835950a425bc692f1f13643546a,0,428,,2000,35535.975,429,generated,28123136,0,0.000260133,0.004249536,0.0,656594,0,,0,9a70c0a04a5490d2,0.051835102000040933,optimal,0.042844348,0.008822386,True
0,493f6f942eca3576ac0253ad50581fbe0469e8e417d3f97011c676f7789871fd,656165,"""instance""",0.000188187,"['taskset', '-c', '2', '<project>/build/release/pclp', 'solve', '--instance', '<project>/data/generated/gen_empty_plain_n2000_uniform_neg30_r2.json', '--config', '<project>/experiments/runs/main/eed79033c2cbe010/resolved_config.json', '--output', '<project>/experiments/runs/main/eed79033c2cbe010/result.json']",False,forest-tuned,0,0.0,0.047798584,empty,0,0,429,gen_empty_plain_n2000_uniform_neg30_r2,data/generated/gen_empty_plain_n2000_uniform_neg30_r2.json,20b19a123addae775c7ef25f93e39318f7390835950a425bc692f1f13643546a,0,428,,2000,35535.975,429,generated,28123136,0,0.000324935,0.004633667,0.0,656594,0,,1,eed79033c2cbe010,0.05235953800729476,optimal,0.046141607,0.009422781,True
0,493f6f942eca3576ac0253ad50581fbe0469e8e417d3f97011c676f7789871fd,656165,"""instance""",0.000191372,"['taskset', '-c', '2', '<project>/build/release/pclp', 'solve', '--instance', '<project>/data/generated/gen_empty_plain_n2000_uniform_neg30_r2.json', '--config', '<project>/experiments/runs/main/6192550ef01ad487/resolved_config.json', '--output', '<project>/experiments/runs/main/6192550ef01ad487/result.json']",False,forest-tuned,0,0.0,0.046552927,empty,0,0,429,gen_empty_plain_n2000_uniform_neg30_r2,data/generated/gen_empty_plain_n2000_uniform_neg30_r2.json,20b19a123addae775c7ef25f93e39318f7390835950a425bc692f1f13643546a,0,428,,2000,35535.975,429,generated,28123136,0,0.000274657,0.004472679,0.0,656594,0,,2,6192550ef01ad487,0.0528706479963148,optimal,0.044948913,0.009226362,True
0,493f6f942eca3576ac0253ad50581fbe0469e8e417d3f97011c676f7789871fd,0,"""instance""",0.000187845,"['taskset', '-c', '2', '<project>/build/release/pclp', 'solve', '--instance', '<project>/data/generated/gen_empty_plain_n2000_uniform_neg30_r2.json', '--config', '<project>/experiments/runs/main/f5b8e7c7779bc04c/resolved_config.json', '--output', '<project>/experiments/runs/main/f5b8e7c7779bc04c/result.json']",False,parametric,0,0.0,0.024076124,empty,0,857,0,gen_empty_plain_n2000_uniform_neg30_r2,data/generated/gen_empty_plain_n2000_uniform_neg30_r2.json,20b19a123addae775c7ef25f93e39318f7390835950a425bc692f1f13643546a,0,428,,2000,35535.975,856,generated,28123136,0,0.000264152,0.0,0.0,0,0,,0,f5b8e7c7779bc04c,0.028888845001347363,optimal,0.022567598,0.0,True
0,493f6f942eca3576ac0253ad50581fbe0469e8e417d3f97011c676f7789871fd,0,"""instance""",0.000185353,"['taskset', '-c', '2', '<project>/build/release/pclp', 'solve', '--instance', '<project>/data/generated/gen_empty_plain_n2000_uniform_neg30_r2.json', '--config', '<project>/experiments/runs/main/248b1461eb106e9a/resolved_config.json', '--output', '<project>/experiments/runs/main/248b1461eb106e9a/result.json']",False,parametric,0,0.0,0.023445007,empty,0,857,0,gen_empty_plain_n2000_uniform_neg30_r2,data/generated/gen_empty_plain_n2000_uniform_neg30_r2.json,20b19a123addae775c7ef25f93e39318f7390835950a425bc692f1f13643546a,0,428,,2000,35535.975,856,generated,28123136,0,0.000279082,0.0,0.0,0,0,,1,248b1461eb106e9a,0.027779604992247187,optimal,0.021965777,0.0,True
0,493f6f942eca3576ac0253ad50581fbe0469e8e417d3f97011c676f7789871fd,0,"""instance""",0.000184391,"['taskset', '-c', '2', '<project>/build/release/pclp', 'solve', '--instance', '<project>/data/generated/gen_empty_plain_n2000_uniform_neg30_r2.json', '--config', '<project>/experiments/runs/main/7b118a8a0dd98628/resolved_config.json', '--output', '<project>/experiments/runs/main/7b118a8a0dd98628/result.json']",False,parametric,0,0.0,0.022680632,empty,0,857,0,gen_empty_plain_n2000_uniform_neg30_r2,data/generated/gen_empty_plain_n2000_uniform_neg30_r2.json,20b19a123addae775c7ef25f93e39318f7390835950a425bc692f1f13643546a,0,428,,2000,35535.975,856,generated,28123136,0,0.000258195,0.0,0.0,0,0,,2,7b118a8a0dd98628,0.027378828002838418,optimal,0.021246713,0.0,True
1991,493f6f942eca3576ac0253ad50581fbe0469e8e417d3f97011c676f7789871fd,0,"""instance""",0.000264607,"['taskset', '-c', '2', '<project>/build/release/pclp', 'solve', '--instance', '<project>/data/generated/gen_forest_components8_n2000_heterogeneous_neg30_r0.json', '--config', '<project>/experiments/runs/main/6676e343bff4ba62/resolved_config.json', '--output', '<project>/experiments/runs/main/6676e343bff4ba62/result.json']",False,dinkelbach,0,0.0,1.570327505,forest,1271420,3388,0,gen_forest_components8_n2000_heterogeneous_neg30_r0,data/generated/gen_forest_components8_n2000_heterogeneous_neg30_r0.json,645a106569f3ca77830fb8a7cae61da82a0a36c41300c76d0a2e760872dde0b7,0,300,,2000,65385.21364317841,301,generated,28123136,0,0.000372958,0.0,0.0,0,0,,0,6676e343bff4ba62,1.5769344159925822,optimal,1.567552837,0.0,True
1991,493f6f942eca3576ac0253ad50581fbe0469e8e417d3f97011c676f7789871fd,0,"""instance""",0.000271909,"['taskset', '-c', '2', '<project>/build/release/pclp', 'solve', '--instance', '<project>/data/generated/gen_forest_components8_n2000_heterogeneous_neg30_r0.json', '--config', '<project>/experiments/runs/main/2e8f259eaa0a01fb/resolved_config.json', '--output', '<project>/experiments/runs/main/2e8f259eaa0a01fb/result.json']",False,dinkelbach,0,0.0,1.586651761,forest,1271420,3388,0,gen_forest_components8_n2000_heterogeneous_neg30_r0,data/generated/gen_forest_components8_n2000_heterogeneous_neg30_r0.json,645a106569f3ca77830fb8a7cae61da82a0a36c41300c76d0a2e760872dde0b7,0,300,,2000,65385.21364317841,301,generated,28123136,0,0.000377842,0.0,0.0,0,0,,1,2e8f259eaa0a01fb,1.5929947970143985,optimal,1.583899059,0.0,True
1991,493f6f942eca3576ac0253ad50581fbe0469e8e417d3f97011c676f7789871fd,0,"""instance""",0.000254773,"['taskset', '-c', '2', '<project>/build/release/pclp', 'solve', '--instance', '<project>/data/generated/gen_forest_components8_n2000_heterogeneous_neg30_r0.json', '--config', '<project>/experiments/runs/main/6cf9cba99de7269d/resolved_config.json', '--output', '<project>/experiments/runs/main/6cf9cba99de7269d/result.json']",False,dinkelbach,0,0.0,1.567778918,forest,1271420,3388,0,gen_forest_components8_n2000_heterogeneous_neg30_r0,data/generated/gen_forest_components8_n2000_heterogeneous_neg30_r0.json,645a106569f3ca77830fb8a7cae61da82a0a36c41300c76d0a2e760872dde0b7,0,300,,2000,65385.21364317841,301,generated,28123136,0,0.000380462,0.0,0.0,0,0,,2,6cf9cba99de7269d,1.5744094110123115,optimal,1.56498356,0.0,True
1991,493f6f942eca3576ac0253ad50581fbe0469e8e417d3f97011c676f7789871fd,278345458,"""instance""",0.000265919,"['taskset', '-c', '2', '<project>/build/release/pclp', 'solve', '--instance', '<project>/data/generated/gen_forest_components8_n2000_heterogeneous_neg30_r0.json', '--config', '<project>/experiments/runs/main/6973bd7ced5f9372/resolved_config.json', '--output', '<project>/experiments/runs/main/6973bd7ced5f9372/result.json']",False,forest-reference,180748,0.291944389,8.255834266,forest,0,0,186435,gen_forest_components8_n2000_heterogeneous_neg30_r0,data/generated/gen_forest_components8_n2000_heterogeneous_neg30_r0.json,645a106569f3ca77830fb8a7cae61da82a0a36c41300c76d0a2e760872dde0b7,0,300,,2000,65385.21364317841,392,generated,28123136,186043,0.000493113,1.918438921,0.857090354,278531893,0,,0,6973bd7ced5f9372,8.263493735998054,optimal,8.253005456,5.084020389,True
1991,493f6f942eca3576ac0253ad50581fbe0469e8e417d3f97011c676f7789871fd,278345458,"""instance""",0.000281229,"['taskset', '-c', '2', '<project>/build/release/pclp', 'solve', '--instance', '<project>/data/generated/gen_forest_components8_n2000_heterogeneous_neg30_r0.json', '--config', '<project>/experiments/runs/main/b1ccf1409c7e5eb2/resolved_config.json', '--output', '<project>/experiments/runs/main/b1ccf1409c7e5eb2/result.json']",False,forest-reference,180748,0.271213063,8.242395612,forest,0,0,186435,gen_forest_components8_n2000_heterogeneous_neg30_r0,data/generated/gen_forest_components8_n2000_heterogeneous_neg30_r0.json,645a106569f3ca77830fb8a7cae61da82a0a36c41300c76d0a2e760872dde0b7,0,300,,2000,65385.21364317841,392,generated,28123136,186043,0.000337868,1.919235564,0.850791214,278531893,0,,1,b1ccf1409c7e5eb2,8.24962228401273,optimal,8.239675865,5.096114635,True
1991,493f6f942eca3576ac0253ad50581fbe0469e8e417d3f97011c676f7789871fd,278345458,"""instance""",0.000287744,"['taskset', '-c', '2', '<project>/build/release/pclp', 'solve', '--instance', '<project>/data/generated/gen_forest_components8_n2000_heterogeneous_neg30_r0.json', '--config', '<project>/experiments/runs/main/592b598c9af5c0b4/resolved_config.json', '--output', '<project>/experiments/runs/main/592b598c9af5c0b4/result.json']",False,forest-reference,180748,0.274930362,8.546510582,forest,0,0,186435,gen_forest_components8_n2000_heterogeneous_neg30_r0,data/generated/gen_forest_components8_n2000_heterogeneous_neg30_r0.json,645a106569f3ca77830fb8a7cae61da82a0a36c41300c76d0a2e760872dde0b7,0,300,,2000,65385.21364317841,392,generated,28123136,186043,0.000387117,1.989050891,0.884938696,278531893,0,,2,592b598c9af5c0b4,8.553370741996332,optimal,8.543479607,5.289122714,True
1991,493f6f942eca3576ac0253ad50581fbe0469e8e417d3f97011c676f7789871fd,11728908,"""instance""",0.000262612,"['taskset', '-c', '2', '<project>/build/release/pclp', 'solve', '--instance', '<project>/data/generated/gen_forest_components8_n2000_heterogeneous_neg30_r0.json', '--config', '<project>/experiments/runs/main/62e3c72108b9a603/resolved_config.json', '--output', '<project>/experiments/runs/main/62e3c72108b9a603/result.json']",False,forest-tuned,189835,0.331378443,1.160254909,forest,0,0,1043,gen_forest_components8_n2000_heterogeneous_neg30_r0,data/generated/gen_forest_components8_n2000_heterogeneous_neg30_r0.json,645a106569f3ca77830fb8a7cae61da82a0a36c41300c76d0a2e760872dde0b7,189298,300,,2000,65385.21364317841,301,generated,28123136,190040,0.000370343,0.149414132,0.267681334,5567465,0,,0,62e3c72108b9a603,1.166931809988455,optimal,1.157095626,0.267406616,True
1991,493f6f942eca3576ac0253ad50581fbe0469e8e417d3f97011c676f7789871fd,11728908,"""instance""",0.000257004,"['taskset', '-c', '2', '<project>/build/release/pclp', 'solve', '--instance', '<project>/data/generated/gen_forest_components8_n2000_heterogeneous_neg30_r0.json', '--config', '<project>/experiments/runs/main/d8658df290f9cff0/resolved_config.json', '--output', '<project>/experiments/runs/main/d8658df290f9cff0/result.json']",False,forest-tuned,189835,0.339681753,1.174311761,forest,0,0,1043,gen_forest_components8_n2000_heterogeneous_neg30_r0,data/generated/gen_forest_components8_n2000_heterogeneous_neg30_r0.json,645a106569f3ca77830fb8a7cae61da82a0a36c41300c76d0a2e760872dde0b7,189298,300,,2000,65385.21364317841,301,generated,28123136,190040,0.00043008,0.15061987,0.269357406,5567465,0,,1,d8658df290f9cff0,1.1817247810104163,optimal,1.17138457,0.269025085,True
1991,493f6f942eca3576ac0253ad50581fbe0469e8e417d3f97011c676f7789871fd,11728908,"""instance""",0.000264754,"['taskset', '-c', '2', '<project>/build/release/pclp', 'solve', '--instance', '<project>/data/generated/gen_forest_components8_n2000_heterogeneous_neg30_r0.json', '--config', '<project>/experiments/runs/main/8de5473580a0eee1/resolved_config.json', '--output', '<project>/experiments/runs/main/8de5473580a0eee1/result.json']",False,forest-tuned,189835,0.332066916,1.163712411,forest,0,0,1043,gen_forest_components8_n2000_heterogeneous_neg30_r0,data/generated/gen_forest_components8_n2000_heterogeneous_neg30_r0.json,645a106569f3ca77830fb8a7cae61da82a0a36c41300c76d0a2e760872dde0b7,189298,300,,2000,65385.21364317841,301,generated,28123136,190040,0.000406817,0.149683874,0.26761542,5567465,0,,2,8de5473580a0eee1,1.1709881819988368,optimal,1.160675552,0.269262615,True
1991,493f6f942eca3576ac0253ad50581fbe0469e8e417d3f97011c676f7789871fd,0,"""instance""",0.00023937,"['taskset', '-c', '2', '<project>/build/release/pclp', 'solve', '--instance', '<project>/data/generated/gen_forest_components8_n2000_heterogeneous_neg30_r0.json', '--config', '<project>/experiments/runs/main/57fa40bb8db3b9e7/resolved_config.json', '--output', '<project>/experiments/runs/main/57fa40bb8db3b9e7/result.json']",False,parametric,0,0.0,0.04394962,forest,8887,601,0,gen_forest_components8_n2000_heterogeneous_neg30_r0,data/generated/gen_forest_components8_n2000_heterogeneous_neg30_r0.json,645a106569f3ca77830fb8a7cae61da82a0a36c41300c76d0a2e760872dde0b7,0,300,,2000,65385.21364317841,600,generated,28123136,0,0.00033723,0.0,0.0,0,0,,0,57fa40bb8db3b9e7,0.05041132100450341,optimal,0.041365831,0.0,True
1991,493f6f942eca3576ac0253ad50581fbe0469e8e417d3f97011c676f7789871fd,0,"""instance""",0.000239891,"['taskset', '-c', '2', '<project>/build/release/pclp', 'solve', '--instance', '<project>/data/generated/gen_forest_components8_n2000_heterogeneous_neg30_r0.json', '--config', '<project>/experiments/runs/main/5e5b15f4fb06e3ad/resolved_config.json', '--output', '<project>/experiments/runs/main/5e5b15f4fb06e3ad/result.json']",False,parametric,0,0.0,0.044150003,forest,8887,601,0,gen_forest_components8_n2000_heterogeneous_neg30_r0,data/generated/gen_forest_components8_n2000_heterogeneous_neg30_r0.json,645a106569f3ca77830fb8a7cae61da82a0a36c41300c76d0a2e760872dde0b7,0,300,,2000,65385.21364317841,600,generated,28123136,0,0.000365034,0.0,0.0,0,0,,1,5e5b15f4fb06e3ad,0.050810458007617854,optimal,0.041463793,0.0,True
1991,493f6f942eca3576ac0253ad50581fbe0469e8e417d3f97011c676f7789871fd,0,"""instance""",0.000252954,"['taskset', '-c', '2', '<project>/build/release/pclp', 'solve', '--instance', '<project>/data/generated/gen_forest_components8_n2000_heterogeneous_neg30_r0.json', '--config', '<project>/experiments/runs/main/f91fadef493fa023/resolved_config.json', '--output', '<project>/experiments/runs/main/f91fadef493fa023/result.json']",False,parametric,0,0.0,0.045491357,forest,8887,601,0,gen_forest_components8_n2000_heterogeneous_neg30_r0,data/generated/gen_forest_components8_n2000_heterogeneous_neg30_r0.json,645a106569f3ca77830fb8a7cae61da82a0a36c41300c76d0a2e760872dde0b7,0,300,,2000,65385.21364317841,600,generated,28123136,0,0.000362949,0.0,0.0,0,0,,2,f91fadef493fa023,0.05047168199962471,optimal,0.042812337,0.0,True
1991,493f6f942eca3576ac0253ad50581fbe0469e8e417d3f97011c676f7789871fd,0,"""instance""",0.000244575,"['taskset', '-c', '2', '<project>/build/release/pclp', 'solve', '--instance', '<project>/data/generated/gen_forest_components8_n2000_heterogeneous_neg30_r1.json', '--config', '<project>/experiments/runs/main/a64534ba04df8431/resolved_config.json', '--output', '<project>/experiments/runs/main/a64534ba04df8431/result.json']",False,dinkelbach,0,0.0,1.533464349,forest,1730620,5543,0,gen_forest_components8_n2000_heterogeneous_neg30_r1,data/generated/gen_forest_components8_n2000_heterogeneous_neg30_r1.json,3754957dc7c8a6fb71260db2e99c220ab87ca8f5a31e7cd7f05ac8a5dacf409b,0,485,,2000,471036.046934825,486,generated,28123136,0,0.000376084,0.0,0.0,0,0,,0,a64534ba04df8431,1.539587837003637,optimal,1.530295228,0.0,True
1991,493f6f942eca3576ac0253ad50581fbe0469e8e417d3f97011c676f7789871fd,0,"""instance""",0.00024365,"['taskset', '-c', '2', '<project>/build/release/pclp', 'solve', '--instance', '<project>/data/generated/gen_forest_components8_n2000_heterogeneous_neg30_r1.json', '--config', '<project>/experiments/runs/main/e4c56c14fc4f2e0a/resolved_config.json', '--output', '<project>/experiments/runs/main/e4c56c14fc4f2e0a/result.json']",False,dinkelbach,0,0.0,1.559831799,forest,1730620,5543,0,gen_forest_components8_n2000_heterogeneous_neg30_r1,data/generated/gen_forest_components8_n2000_heterogeneous_neg30_r1.json,3754957dc7c8a6fb71260db2e99c220ab87ca8f5a31e7cd7f05ac8a5dacf409b,0,485,,2000,471036.046934825,486,generated,28123136,0,0.000333008,0.0,0.0,0,0,,1,e4c56c14fc4f2e0a,1.5680691650049994,optimal,1.557092204,0.0,True
1991,493f6f942eca3576ac0253ad50581fbe0469e8e417d3f97011c676f7789871fd,0,"""instance""",0.000244341,"['taskset', '-c', '2', '<project>/build/release/pclp', 'solve', '--instance', '<project>/data/generated/gen_forest_components8_n2000_heterogeneous_neg30_r1.json', '--config', '<project>/experiments/runs/main/df261223900f32d3/resolved_config.json', '--output', '<project>/experiments/runs/main/df261223900f32d3/result.json']",False,dinkelbach,0,0.0,1.588485269,forest,1730620,5543,0,gen_forest_components8_n2000_heterogeneous_neg30_r1,data/generated/gen_forest_components8_n2000_heterogeneous_neg30_r1.json,3754957dc7c8a6fb71260db2e99c220ab87ca8f5a31e7cd7f05ac8a5dacf409b,0,485,,2000,471036.046934825,486,generated,28123136,0,0.000337065,0.0,0.0,0,0,,2,df261223900f32d3,1.5953143499937141,optimal,1.585674502,0.0,True
1991,493f6f942eca3576ac0253ad50581fbe0469e8e417d3f97011c676f7789871fd,239907103,"""instance""",0.000250578,"['taskset', '-c', '2', '<project>/build/release/pclp', 'solve', '--instance', '<project>/data/generated/gen_forest_components8_n2000_heterogeneous_neg30_r1.json', '--config', '<project>/experiments/runs/main/07ee8c2f9a3780e5/resolved_config.json', '--output', '<project>/experiments/runs/main/07ee8c2f9a3780e5/result.json']",False,forest-reference,175058,0.22731964,6.314113688,forest,0,0,179711,gen_forest_components8_n2000_heterogeneous_neg30_r1,data/generated/gen_forest_components8_n2000_heterogeneous_neg30_r1.json,3754957dc7c8a6fb71260db2e99c220ab87ca8f5a31e7cd7f05ac8a5dacf409b,0,485,,2000,471036.046934825,506,generated,28123136,179205,0.000347358,1.516298111,0.585284396,240086814,0,,0,07ee8c2f9a3780e5,6.320730164996348,optimal,6.311285233,3.900195277,True
1991,493f6f942eca3576ac0253ad50581fbe0469e8e417d3f97011c676f7789871fd,239907103,"""instance""",0.000239561,"['taskset', '-c', '2', '<project>/build/release/pclp', 'solve', '--instance', '<project>/data/generated/gen_forest_components8_n2000_heterogeneous_neg30_r1.json', '--config', '<project>/experiments/runs/main/1efe8a2c7a01aa01/resolved_config.json', '--output', '<project>/experiments/runs/main/1efe8a2c7a01aa01/result.json']",False,forest-reference,175058,0.224093122,6.231694369,forest,0,0,179711,gen_forest_components8_n2000_heterogeneous_neg30_r1,data/generated/gen_forest_components8_n2000_heterogeneous_neg30_r1.json,3754957dc7c8a6fb71260db2e99c220ab87ca8f5a31e7cd7f05ac8a5dacf409b,0,485,,2000,471036.046934825,506,generated,28123136,179205,0.000378919,1.502925762,0.582101255,240086814,0,,1,1efe8a2c7a01aa01,6.239257327004452,optimal,6.228876451,3.83842385,True
1991,493f6f942eca3576ac0253ad50581fbe0469e8e417d3f97011c676f7789871fd,239907103,"""instance""",0.00023496,"['taskset', '-c', '2', '<project>/build/release/pclp', 'solve', '--instance', '<project>/data/generated/gen_forest_components8_n2000_heterogeneous_neg30_r1.json', '--config', '<project>/experiments/runs/main/4308b45dfc2f6467/resolved_config.json', '--output', '<project>/experiments/runs/main/4308b45dfc2f6467/result.json']",False,forest-reference,175058,0.22191123599999998,6.170242389,forest,0,0,179711,gen_forest_components8_n2000_heterogeneous_neg30_r1,data/generated/gen_forest_components8_n2000_heterogeneous_neg30_r1.json,3754957dc7c8a6fb71260db2e99c220ab87ca8f5a31e7cd7f05ac8a5dacf409b,0,485,,2000,471036.046934825,506,generated,28123136,179205,0.000361539,1.494753001,0.582555501,240086814,0,,2,4308b45dfc2f6467,6.1776971830113325,optimal,6.167456627,3.787856562,True
1991,493f6f942eca3576ac0253ad50581fbe0469e8e417d3f97011c676f7789871fd,23717252,"""instance""",0.000236799,"['taskset', '-c', '2', '<project>/build/release/pclp', 'solve', '--instance', '<project>/data/generated/gen_forest_components8_n2000_heterogeneous_neg30_r1.json', '--config', '<project>/experiments/runs/main/bb0956462d0e839a/resolved_config.json', '--output', '<project>/experiments/runs/main/bb0956462d0e839a/result.json']",False,forest-tuned,393969,0.6500810300000001,1.797573415,forest,0,0,2027,gen_forest_components8_n2000_heterogeneous_neg30_r1,data/generated/gen_forest_components8_n2000_heterogeneous_neg30_r1.json,3754957dc7c8a6fb71260db2e99c220ab87ca8f5a31e7cd7f05ac8a5dacf409b,392960,485,,2000,471036.046934825,486,generated,28123136,394501,0.000406742,0.267916303,0.428867153,5363902,0,,0,bb0956462d0e839a,1.8066410419996828,optimal,1.794461431,0.21961509999999998,True
1991,493f6f942eca3576ac0253ad50581fbe0469e8e417d3f97011c676f7789871fd,23717252,"""instance""",0.000242888,"['taskset', '-c', '2', '<project>/build/release/pclp', 'solve', '--instance', '<project>/data/generated/gen_forest_components8_n2000_heterogeneous_neg30_r1.json', '--config', '<project>/experiments/runs/main/b5caf0aff3e1bb78/resolved_config.json', '--output', '<project>/experiments/runs/main/b5caf0aff3e1bb78/result.json']",False,forest-tuned,393969,0.636186901,1.763306521,forest,0,0,2027,gen_forest_components8_n2000_heterogeneous_neg30_r1,data/generated/gen_forest_components8_n2000_heterogeneous_neg30_r1.json,3754957dc7c8a6fb71260db2e99c220ab87ca8f5a31e7cd7f05ac8a5dacf409b,392960,485,,2000,471036.046934825,486,generated,28123136,394501,0.000394319,0.263010436,0.420693188,5363902,0,,1,b5caf0aff3e1bb78,1.7697048560075928,optimal,1.760367746,0.214161717,True
1991,493f6f942eca3576ac0253ad50581fbe0469e8e417d3f97011c676f7789871fd,23717252,"""instance""",0.000248433,"['taskset', '-c', '2', '<project>/build/release/pclp', 'solve', '--instance', '<project>/data/generated/gen_forest_components8_n2000_heterogeneous_neg30_r1.json', '--config', '<project>/experiments/runs/main/7561d27676fe3591/resolved_config.json', '--output', '<project>/experiments/runs/main/7561d27676fe3591/result.json']",False,forest-tuned,393969,0.637850321,1.78158356,forest,0,0,2027,gen_forest_components8_n2000_heterogeneous_neg30_r1,data/generated/gen_forest_components8_n2000_heterogeneous_neg30_r1.json,3754957dc7c8a6fb71260db2e99c220ab87ca8f5a31e7cd7f05ac8a5dacf409b,392960,485,,2000,471036.046934825,486,generated,28123136,394501,0.000394458,0.26661962100000003,0.427957686,5363902,0,,2,7561d27676fe3591,1.786789118006709,optimal,1.77828228,0.21884758399999998,True
1991,493f6f942eca3576ac0253ad50581fbe0469e8e417d3f97011c676f7789871fd,0,"""instance""",0.000250369,"['taskset', '-c', '2', '<project>/build/release/pclp', 'solve', '--instance', '<project>/data/generated/gen_forest_components8_n2000_heterogeneous_neg30_r1.json', '--config', '<project>/experiments/runs/main/29a4031c59eece84/resolved_config.json', '--output', '<project>/experiments/runs/main/29a4031c59eece84/result.json']",False,parametric,0,0.0,0.05539596,forest,6784,971,0,gen_forest_components8_n2000_heterogeneous_neg30_r1,data/generated/gen_forest_components8_n2000_heterogeneous_neg30_r1.json,3754957dc7c8a6fb71260db2e99c220ab87ca8f5a31e7cd7f05ac8a5dacf409b,0,485,,2000,471036.046934825,970,generated,28123136,0,0.000353929,0.0,0.0,0,0,,0,29a4031c59eece84,0.06511720400885679,optimal,0.052386233,0.0,True
1991,493f6f942eca3576ac0253ad50581fbe0469e8e417d3f97011c676f7789871fd,0,"""instance""",0.00026936,"['taskset', '-c', '2', '<project>/build/release/pclp', 'solve', '--instance', '<project>/data/generated/gen_forest_components8_n2000_heterogeneous_neg30_r1.json', '--config', '<project>/experiments/runs/main/b0f6b1546a410663/resolved_config.json', '--output', '<project>/experiments/runs/main/b0f6b1546a410663/result.json']",False,parametric,0,0.0,0.058030099,forest,6784,971,0,gen_forest_components8_n2000_heterogeneous_neg30_r1,data/generated/gen_forest_components8_n2000_heterogeneous_neg30_r1.json,3754957dc7c8a6fb71260db2e99c220ab87ca8f5a31e7cd7f05ac8a5dacf409b,0,485,,2000,471036.046934825,970,generated,28123136,0,0.000381255,0.0,0.0,0,0,,1,b0f6b1546a410663,0.06641426500573289,optimal,0.055107971,0.0,True
1991,493f6f942eca3576ac0253ad50581fbe0469e8e417d3f97011c676f7789871fd,0,"""instance""",0.000278444,"['taskset', '-c', '2', '<project>/build/release/pclp', 'solve', '--instance', '<project>/data/generated/gen_forest_components8_n2000_heterogeneous_neg30_r1.json', '--config', '<project>/experiments/runs/main/25a522bb5ad8b737/resolved_config.json', '--output', '<project>/experiments/runs/main/25a522bb5ad8b737/result.json']",False,parametric,0,0.0,0.062214018,forest,6784,971,0,gen_forest_components8_n2000_heterogeneous_neg30_r1,data/generated/gen_forest_components8_n2000_heterogeneous_neg30_r1.json,3754957dc7c8a6fb71260db2e99c220ab87ca8f5a31e7cd7f05ac8a5dacf409b,0,485,,2000,471036.046934825,970,generated,28123136,0,0.000389713,0.0,0.0,0,0,,2,25a522bb5ad8b737,0.06753393899998628,optimal,0.059120694,0.0,True
1991,493f6f942eca3576ac0253ad50581fbe0469e8e417d3f97011c676f7789871fd,0,"""instance""",0.000282047,"['taskset', '-c', '2', '<project>/build/release/pclp', 'solve', '--instance', '<project>/data/generated/gen_forest_components8_n2000_heterogeneous_neg30_r2.json', '--config', '<project>/experiments/runs/main/387b37af0c5f1039/resolved_config.json', '--output', '<project>/experiments/runs/main/387b37af0c5f1039/result.json']",False,dinkelbach,0,0.0,1.097481167,forest,854682,3380,0,gen_forest_components8_n2000_heterogeneous_neg30_r2,data/generated/gen_forest_components8_n2000_heterogeneous_neg30_r2.json,6198dae74ec51b2103a233a8257d9d87b45255a3e2a9ec3f83c0a7d7ae3c8235,0,289,,2000,39747.61932997332,290,generated,28123136,0,0.00036366,0.0,0.0,0,0,,0,387b37af0c5f1039,1.1023236920009367,optimal,1.094632943,0.0,True
1991,493f6f942eca3576ac0253ad50581fbe0469e8e417d3f97011c676f7789871fd,0,"""instance""",0.000265895,"['taskset', '-c', '2', '<project>/build/release/pclp', 'solve', '--instance', '<project>/data/generated/gen_forest_components8_n2000_heterogeneous_neg30_r2.json', '--config', '<project>/experiments/runs/main/b2207670e7a3f314/resolved_config.json', '--output', '<project>/experiments/runs/main/b2207670e7a3f314/result.json']",False,dinkelbach,0,0.0,1.112688257,forest,854682,3380,0,gen_forest_components8_n2000_heterogeneous_neg30_r2,data/generated/gen_forest_components8_n2000_heterogeneous_neg30_r2.json,6198dae74ec51b2103a233a8257d9d87b45255a3e2a9ec3f83c0a7d7ae3c8235,0,289,,2000,39747.61932997332,290,generated,28123136,0,0.000401356,0.0,0.0,0,0,,1,b2207670e7a3f314,1.1218496630026493,optimal,1.109788252,0.0,True
1991,493f6f942eca3576ac0253ad50581fbe0469e8e417d3f97011c676f7789871fd,0,"""instance""",0.000248048,"['taskset', '-c', '2', '<project>/build/release/pclp', 'solve', '--instance', '<project>/data/generated/gen_forest_components8_n2000_heterogeneous_neg30_r2.json', '--config', '<project>/experiments/runs/main/374a8b68c76a79ac/resolved_config.json', '--output', '<project>/experiments/runs/main/374a8b68c76a79ac/result.json']",False,dinkelbach,0,0.0,1.116789378,forest,854682,3380,0,gen_forest_components8_n2000_heterogeneous_neg30_r2,data/generated/gen_forest_components8_n2000_heterogeneous_neg30_r2.json,6198dae74ec51b2103a233a8257d9d87b45255a3e2a9ec3f83c0a7d7ae3c8235,0,289,,2000,39747.61932997332,290,generated,28123136,0,0.000419637,0.0,0.0,0,0,,2,374a8b68c76a79ac,1.1223725799936801,optimal,1.114016677,0.0,True
1991,493f6f942eca3576ac0253ad50581fbe0469e8e417d3f97011c676f7789871fd,221842696,"""instance""",0.000210873,"['taskset', '-c', '2', '<project>/build/release/pclp', 'solve', '--instance', '<project>/data/generated/gen_forest_components8_n2000_heterogeneous_neg30_r2.json', '--config', '<project>/experiments/runs/main/46123f2553e49f44/resolved_config.json', '--output', '<project>/experiments/runs/main/46123f2553e49f44/result.json']",False,forest-reference,168910,0.213515881,5.693068495,forest,0,0,174882,gen_forest_components8_n2000_heterogeneous_neg30_r2,data/generated/gen_forest_components8_n2000_heterogeneous_neg30_r2.json,6198dae74ec51b2103a233a8257d9d87b45255a3e2a9ec3f83c0a7d7ae3c8235,0,289,,2000,39747.61932997332,596,generated,28123136,174286,0.000394884,1.387300189,0.536827825,222017578,0,,0,46123f2553e49f44,5.6999925400014035,optimal,5.690199546,3.46755968,True
1991,493f6f942eca3576ac0253ad50581fbe0469e8e417d3f97011c676f7789871fd,221842696,"""instance""",0.000203956,"['taskset', '-c', '2', '<project>/build/release/pclp', 'solve', '--instance', '<project>/data/generated/gen_forest_components8_n2000_heterogeneous_neg30_r2.json', '--config', '<project>/experiments/runs/main/7ee57b13663ffcfa/resolved_config.json', '--output', '<project>/experiments/runs/main/7ee57b13663ffcfa/result.json']",False,forest-reference,168910,0.200103065,5.2723688,forest,0,0,174882,gen_forest_components8_n2000_heterogeneous_neg30_r2,data/generated/gen_forest_components8_n2000_heterogeneous_neg30_r2.json,6198dae74ec51b2103a233a8257d9d87b45255a3e2a9ec3f83c0a7d7ae3c8235,0,289,,2000,39747.61932997332,596,generated,28123136,174286,0.000429723,1.281577295,0.500411102,222017578,0,,1,7ee57b13663ffcfa,5.2793885599967325,optimal,5.269604005,3.209004045,True
1991,493f6f942eca3576ac0253ad50581fbe0469e8e417d3f97011c676f7789871fd,221842696,"""instance""",0.000204996,"['taskset', '-c', '2', '<project>/build/release/pclp', 'solve', '--instance', '<project>/data/generated/gen_forest_components8_n2000_heterogeneous_neg30_r2.json', '--config', '<project>/experiments/runs/main/209d9634c2428c62/resolved_config.json', '--output', '<project>/experiments/runs/main/209d9634c2428c62/result.json']",False,forest-reference,168910,0.204299994,5.395947748,forest,0,0,174882,gen_forest_components8_n2000_heterogeneous_neg30_r2,data/generated/gen_forest_components8_n2000_heterogeneous_neg30_r2.json,6198dae74ec51b2103a233a8257d9d87b45255a3e2a9ec3f83c0a7d7ae3c8235,0,289,,2000,39747.61932997332,596,generated,28123136,174286,0.000381358,1.313833963,0.509200123,222017578,0,,2,209d9634c2428c62,5.402482108998811,optimal,5.393321804,3.285556188,True
1991,493f6f942eca3576ac0253ad50581fbe0469e8e417d3f97011c676f7789871fd,13568641,"""instance""",0.000235536,"['taskset', '-c', '2', '<project>/build/release/pclp', 'solve', '--instance', '<project>/data/generated/gen_forest_components8_n2000_heterogeneous_neg30_r2.json', '--config', '<project>/experiments/runs/main/b223efe004857d33/resolved_config.json', '--output', '<project>/experiments/runs/main/b223efe004857d33/result.json']",False,forest-tuned,225210,0.402023017,1.086151606,forest,0,0,1170,gen_forest_components8_n2000_heterogeneous_neg30_r2,data/generated/gen_forest_components8_n2000_heterogeneous_neg30_r2.json,6198dae74ec51b2103a233a8257d9d87b45255a3e2a9ec3f83c0a7d7ae3c8235,224617,289,,2000,39747.61932997332,290,generated,28123136,225497,0.000363867,0.153311738,0.249937873,3453384,0,,0,b223efe004857d33,1.0924380759970518,optimal,1.083356476,0.145534726,True
1991,493f6f942eca3576ac0253ad50581fbe0469e8e417d3f97011c676f7789871fd,13568641,"""instance""",0.000241646,"['taskset', '-c', '2', '<project>/build/release/pclp', 'solve', '--instance', '<project>/data/generated/gen_forest_components8_n2000_heterogeneous_neg30_r2.json', '--config', '<project>/experiments/runs/main/f2e1c96bf550d7bb/resolved_config.json', '--output', '<project>/experiments/runs/main/f2e1c96bf550d7bb/result.json']",False,forest-tuned,225210,0.371629115,1.062577218,forest,0,0,1170,gen_forest_components8_n2000_heterogeneous_neg30_r2,data/generated/gen_forest_components8_n2000_heterogeneous_neg30_r2.json,6198dae74ec51b2103a233a8257d9d87b45255a3e2a9ec3f83c0a7d7ae3c8235,224617,289,,2000,39747.61932997332,290,generated,28123136,225497,0.000383048,0.155450689,0.252693201,3453384,0,,1,f2e1c96bf550d7bb,1.0687761930021225,optimal,1.059534208,0.146507827,True
1991,493f6f942eca3576ac0253ad50581fbe0469e8e417d3f97011c676f7789871fd,13568641,"""instance""",0.000242673,"['taskset', '-c', '2', '<project>/build/release/pclp', 'solve', '--instance', '<project>/data/generated/gen_forest_components8_n2000_heterogeneous_neg30_r2.json', '--config', '<project>/experiments/runs/main/3eb412f658c93501/resolved_config.json', '--output', '<project>/experiments/runs/main/3eb412f658c93501/result.json']",False,forest-tuned,225210,0.38520778,1.086088866,forest,0,0,1170,gen_forest_components8_n2000_heterogeneous_neg30_r2,data/generated/gen_forest_components8_n2000_heterogeneous_neg30_r2.json,6198dae74ec51b2103a233a8257d9d87b45255a3e2a9ec3f83c0a7d7ae3c8235,224617,289,,2000,39747.61932997332,290,generated,28123136,225497,0.000359794,0.158046914,0.255020732,3453384,0,,2,3eb412f658c93501,1.0933633399981773,optimal,1.083278563,0.149942323,True
1991,493f6f942eca3576ac0253ad50581fbe0469e8e417d3f97011c676f7789871fd,0,"""instance""",0.00025659,"['taskset', '-c', '2', '<project>/build/release/pclp', 'solve', '--instance', '<project>/data/generated/gen_forest_components8_n2000_heterogeneous_neg30_r2.json', '--config', '<project>/experiments/runs/main/ba9939f5e1d36afd/resolved_config.json', '--output', '<project>/experiments/runs/main/ba9939f5e1d36afd/result.json']",False,parametric,0,0.0,0.046176775,forest,7655,579,0,gen_forest_components8_n2000_heterogeneous_neg30_r2,data/generated/gen_forest_components8_n2000_heterogeneous_neg30_r2.json,6198dae74ec51b2103a233a8257d9d87b45255a3e2a9ec3f83c0a7d7ae3c8235,0,289,,2000,39747.61932997332,578,generated,28123136,0,0.000352743,0.0,0.0,0,0,,0,ba9939f5e1d36afd,0.05142101499950513,optimal,0.043544318,0.0,True
1991,493f6f942eca3576ac0253ad50581fbe0469e8e417d3f97011c676f7789871fd,0,"""instance""",0.000263957,"['taskset', '-c', '2', '<project>/build/release/pclp', 'solve', '--instance', '<project>/data/generated/gen_forest_components8_n2000_heterogeneous_neg30_r2.json', '--config', '<project>/experiments/runs/main/90808c50601b5d95/resolved_config.json', '--output', '<project>/experiments/runs/main/90808c50601b5d95/result.json']",False,parametric,0,0.0,0.047048031,forest,7655,579,0,gen_forest_components8_n2000_heterogeneous_neg30_r2,data/generated/gen_forest_components8_n2000_heterogeneous_neg30_r2.json,6198dae74ec51b2103a233a8257d9d87b45255a3e2a9ec3f83c0a7d7ae3c8235,0,289,,2000,39747.61932997332,578,generated,28123136,0,0.000364474,0.0,0.0,0,0,,1,90808c50601b5d95,0.05279031700047199,optimal,0.04424911,0.0,True
1991,493f6f942eca3576ac0253ad50581fbe0469e8e417d3f97011c676f7789871fd,0,"""instance""",0.000275125,"['taskset', '-c', '2', '<project>/build/release/pclp', 'solve', '--instance', '<project>/data/generated/gen_forest_components8_n2000_heterogeneous_neg30_r2.json', '--config', '<project>/experiments/runs/main/2bf4c8b732d7d798/resolved_config.json', '--output', '<project>/experiments/runs/main/2bf4c8b732d7d798/result.json']",False,parametric,0,0.0,0.048797318,forest,7655,579,0,gen_forest_components8_n2000_heterogeneous_neg30_r2,data/generated/gen_forest_components8_n2000_heterogeneous_neg30_r2.json,6198dae74ec51b2103a233a8257d9d87b45255a3e2a9ec3f83c0a7d7ae3c8235,0,289,,2000,39747.61932997332,578,generated,28123136,0,0.000389687,0.0,0.0,0,0,,2,2bf4c8b732d7d798,0.0552009450038895,optimal,0.04590295,0.0,True
75197,493f6f942eca3576ac0253ad50581fbe0469e8e417d3f97011c676f7789871fd,0,"""instance""",0.0,"['taskset', '-c', '2', '<project>/build/release/pclp', 'solve', '--instance', '<project>/data/generated/gen_layered_levels20-density0.02-skip0.005_n8000_dispersed_neg30_r0.json', '--config', '<project>/experiments/runs/main/e35c8d92151b5c8a/resolved_config.json', '--output', '<project>/experiments/runs/main/e35c8d92151b5c8a/result.json']",False,dinkelbach,0,0.0,30.080153111,layered,0,0,0,gen_layered_levels20-density0.02-skip0.005_n8000_dispersed_neg30_r0,data/generated/gen_layered_levels20-density0.02-skip0.005_n8000_dispersed_neg30_r0.json,d3906c74d6b5ab8d9acf9fcf9d20d6dadd437ec0a097f4aa906c2341ba1a77bc,0,0,time limit reached before a maximum flow,8000,0.0,199,generated,30228480,0,0.004623826,0.0,0.0,0,0,,0,e35c8d92151b5c8a,30.090763522995985,time_limit,30.03496448,0.0,False
75197,493f6f942eca3576ac0253ad50581fbe0469e8e417d3f97011c676f7789871fd,,"""instance""",,,,dinkelbach,,,,layered,,,,gen_layered_levels20-density0.02-skip0.005_n8000_dispersed_neg30_r0,data/generated/gen_layered_levels20-density0.02-skip0.005_n8000_dispersed_neg30_r0.json,d3906c74d6b5ab8d9acf9fcf9d20d6dadd437ec0a097f4aa906c2341ba1a77bc,,,time limit reached before a maximum flow,8000,,,generated,,,,,,,,True,1,f642c10f8c4f2c1d,30.090763522995985,time_limit,,,False
75197,493f6f942eca3576ac0253ad50581fbe0469e8e417d3f97011c676f7789871fd,,"""instance""",,,,dinkelbach,,,,layered,,,,gen_layered_levels20-density0.02-skip0.005_n8000_dispersed_neg30_r0,data/generated/gen_layered_levels20-density0.02-skip0.005_n8000_dispersed_neg30_r0.json,d3906c74d6b5ab8d9acf9fcf9d20d6dadd437ec0a097f4aa906c2341ba1a77bc,,,time limit reached before a maximum flow,8000,,,generated,,,,,,,,True,2,233dbf2d39b15223,30.090763522995985,time_limit,,,False
75197,493f6f942eca3576ac0253ad50581fbe0469e8e417d3f97011c676f7789871fd,633311253,"""instance""",0.0,"['taskset', '-c', '2', '<project>/build/release/pclp', 'solve', '--instance', '<project>/data/generated/gen_layered_levels20-density0.02-skip0.005_n8000_dispersed_neg30_r0.json', '--config', '<project>/experiments/runs/main/59d4da5af7669733/resolved_config.json', '--output', '<project>/experiments/runs/main/59d4da5af7669733/result.json']",False,forest-reference,79303,0.588403941,30.051470469,layered,0,0,79720,gen_layered_levels20-density0.02-skip0.005_n8000_dispersed_neg30_r0,data/generated/gen_layered_levels20-density0.02-skip0.005_n8000_dispersed_neg30_r0.json,d3906c74d6b5ab8d9acf9fcf9d20d6dadd437ec0a097f4aa906c2341ba1a77bc,0,76,residual oracle did not certify optimality,8000,0.0,77,generated,28123136,79643,0.005590241,3.701300786,15.981318007,633398894,0,,0,59d4da5af7669733,30.06276740699832,time_limit,30.000708976,9.572526193,False
75197,493f6f942eca3576ac0253ad50581fbe0469e8e417d3f97011c676f7789871fd,,"""instance""",,,,forest-reference,,,,layered,,,,gen_layered_levels20-density0.02-skip0.005_n8000_dispersed_neg30_r0,data/generated/gen_layered_levels20-density0.02-skip0.005_n8000_dispersed_neg30_r0.json,d3906c74d6b5ab8d9acf9fcf9d20d6dadd437ec0a097f4aa906c2341ba1a77bc,,,residual oracle did not certify optimality,8000,,,generated,,,,,,,,True,1,1f9630c89c8e0bc1,30.06276740699832,time_limit,,,False
75197,493f6f942eca3576ac0253ad50581fbe0469e8e417d3f97011c676f7789871fd,,"""instance""",,,,forest-reference,,,,layered,,,,gen_layered_levels20-density0.02-skip0.005_n8000_dispersed_neg30_r0,data/generated/gen_layered_levels20-density0.02-skip0.005_n8000_dispersed_neg30_r0.json,d3906c74d6b5ab8d9acf9fcf9d20d6dadd437ec0a097f4aa906c2341ba1a77bc,,,residual oracle did not certify optimality,8000,,,generated,,,,,,,,True,2,6894ca7018eab3f1,30.06276740699832,time_limit,,,False
75197,493f6f942eca3576ac0253ad50581fbe0469e8e417d3f97011c676f7789871fd,169452007,"""instance""",0.0,"['taskset', '-c', '2', '<project>/build/release/pclp', 'solve', '--instance', '<project>/data/generated/gen_layered_levels20-density0.02-skip0.005_n8000_dispersed_neg30_r0.json', '--config', '<project>/experiments/runs/main/96e9570102ba3047/resolved_config.json', '--output', '<project>/experiments/runs/main/96e9570102ba3047/result.json']",False,forest-tuned,925550,6.193034976,30.053006797,layered,0,0,3732,gen_layered_levels20-density0.02-skip0.005_n8000_dispersed_neg30_r0,data/generated/gen_layered_levels20-density0.02-skip0.005_n8000_dispersed_neg30_r0.json,d3906c74d6b5ab8d9acf9fcf9d20d6dadd437ec0a097f4aa906c2341ba1a77bc,922304,115,residual oracle did not certify optimality,8000,0.0,116,generated,28123136,925920,0.004686779,1.632143983,4.647324545,456270920,0,,0,96e9570102ba3047,30.063030349003384,time_limit,30.000495847,15.656590843,False
75197,493f6f942eca3576ac0253ad50581fbe0469e8e417d3f97011c676f7789871fd,,"""instance""",,,,forest-tuned,,,,layered,,,,gen_layered_levels20-density0.02-skip0.005_n8000_dispersed_neg30_r0,data/generated/gen_layered_levels20-density0.02-skip0.005_n8000_dispersed_neg30_r0.json,d3906c74d6b5ab8d9acf9fcf9d20d6dadd437ec0a097f4aa906c2341ba1a77bc,,,residual oracle did not certify optimality,8000,,,generated,,,,,,,,True,1,cd7a99951ea894df,30.063030349003384,time_limit,,,False
75197,493f6f942eca3576ac0253ad50581fbe0469e8e417d3f97011c676f7789871fd,,"""instance""",,,,forest-tuned,,,,layered,,,,gen_layered_levels20-density0.02-skip0.005_n8000_dispersed_neg30_r0,data/generated/gen_layered_levels20-density0.02-skip0.005_n8000_dispersed_neg30_r0.json,d3906c74d6b5ab8d9acf9fcf9d20d6dadd437ec0a097f4aa906c2341ba1a77bc,,,residual oracle did not certify optimality,8000,,,generated,,,,,,,,True,2,a2a365fe33fb46d9,30.063030349003384,time_limit,,,False
75197,493f6f942eca3576ac0253ad50581fbe0469e8e417d3f97011c676f7789871fd,0,"""instance""",0.002447675,"['taskset', '-c', '2', '<project>/build/release/pclp', 'solve', '--instance', '<project>/data/generated/gen_layered_levels20-density0.02-skip0.005_n8000_dispersed_neg30_r0.json', '--config', '<project>/experiments/runs/main/c9f7870f7ec7112e/resolved_config.json', '--output', '<project>/experiments/runs/main/c9f7870f7ec7112e/result.json']",False,parametric,0,0.0,0.598221478,layered,36650,585,0,gen_layered_levels20-density0.02-skip0.005_n8000_dispersed_neg30_r0,data/generated/gen_layered_levels20-density0.02-skip0.005_n8000_dispersed_neg30_r0.json,d3906c74d6b5ab8d9acf9fcf9d20d6dadd437ec0a097f4aa906c2341ba1a77bc,0,292,,8000,65949.8939455344,584,generated,31223808,0,0.004591418,0.0,0.0,0,0,,0,c9f7870f7ec7112e,0.6162046090030344,optimal,0.54279553,0.0,True
75197,493f6f942eca3576ac0253ad50581fbe0469e8e417d3f97011c676f7789871fd,0,"""instance""",0.002568296,"['taskset', '-c', '2', '<project>/build/release/pclp', 'solve', '--instance', '<project>/data/generated/gen_layered_levels20-density0.02-skip0.005_n8000_dispersed_neg30_r0.json', '--config', '<project>/experiments/runs/main/b1b5f1a12c5d4191/resolved_config.json', '--output', '<project>/experiments/runs/main/b1b5f1a12c5d4191/result.json']",False,parametric,0,0.0,0.678869764,layered,36650,585,0,gen_layered_levels20-density0.02-skip0.005_n8000_dispersed_neg30_r0,data/generated/gen_layered_levels20-density0.02-skip0.005_n8000_dispersed_neg30_r0.json,d3906c74d6b5ab8d9acf9fcf9d20d6dadd437ec0a097f4aa906c2341ba1a77bc,0,292,,8000,65949.8939455344,584,generated,33943552,0,0.005475943,0.0,0.0,0,0,,1,b1b5f1a12c5d4191,0.6973274539923295,optimal,0.626371653,0.0,True
75197,493f6f942eca3576ac0253ad50581fbe0469e8e417d3f97011c676f7789871fd,0,"""instance""",0.002435028,"['taskset', '-c', '2', '<project>/build/release/pclp', 'solve', '--instance', '<project>/data/generated/gen_layered_levels20-density0.02-skip0.005_n8000_dispersed_neg30_r0.json', '--config', '<project>/experiments/runs/main/6f6e28e89fc20c48/resolved_config.json', '--output', '<project>/experiments/runs/main/6f6e28e89fc20c48/result.json']",False,parametric,0,0.0,0.636849965,layered,36650,585,0,gen_layered_levels20-density0.02-skip0.005_n8000_dispersed_neg30_r0,data/generated/gen_layered_levels20-density0.02-skip0.005_n8000_dispersed_neg30_r0.json,d3906c74d6b5ab8d9acf9fcf9d20d6dadd437ec0a097f4aa906c2341ba1a77bc,0,292,,8000,65949.8939455344,584,generated,35057664,0,0.005449538,0.0,0.0,0,0,,2,6f6e28e89fc20c48,0.6546078239916824,optimal,0.585585139,0.0,True
74892,493f6f942eca3576ac0253ad50581fbe0469e8e417d3f97011c676f7789871fd,0,"""instance""",0.002005332,"['taskset', '-c', '2', '<project>/build/release/pclp', 'solve', '--instance', '<project>/data/generated/gen_layered_levels20-density0.02-skip0.005_n8000_dispersed_neg30_r1.json', '--config', '<project>/experiments/runs/main/0ef5fc8df73c6b6e/resolved_config.json', '--output', '<project>/experiments/runs/main/0ef5fc8df73c6b6e/result.json']",False,dinkelbach,0,0.0,23.631082509,layered,8115420,3039,0,gen_layered_levels20-density0.02-skip0.005_n8000_dispersed_neg30_r1,data/generated/gen_layered_levels20-density0.02-skip0.005_n8000_dispersed_neg30_r1.json,ac8207f5bc83777792b21677fe6d333d28f5df656c1681f61e8b7a2a7655a76a,0,284,,8000,1135881.3879279725,285,generated,35192832,0,0.005005023,0.0,0.0,0,0,,0,0ef5fc8df73c6b6e,23.65007667300233,optimal,23.58324061,0.0,True
74892,493f6f942eca3576ac0253ad50581fbe0469e8e417d3f97011c676f7789871fd,0,"""instance""",0.00194104,"['taskset', '-c', '2', '<project>/build/release/pclp', 'solve', '--instance', '<project>/data/generated/gen_layered_levels20-density0.02-skip0.005_n8000_dispersed_neg30_r1.json', '--config', '<project>/experiments/runs/main/4df0eb8dcf0c679c/resolved_config.json', '--output', '<project>/experiments/runs/main/4df0eb8dcf0c679c/result.json']",False,dinkelbach,0,0.0,23.365127591,layered,8115420,3039,0,gen_layered_levels20-density0.02-skip0.005_n8000_dispersed_neg30_r1,data/generated/gen_layered_levels20-density0.02-skip0.005_n8000_dispersed_neg30_r1.json,ac8207f5bc83777792b21677fe6d333d28f5df656c1681f61e8b7a2a7655a76a,0,284,,8000,1135881.3879279725,285,generated,35192832,0,0.004777427,0.0,0.0,0,0,,1,4df0eb8dcf0c679c,23.383470020999084,optimal,23.315379662,0.0,True
74892,493f6f942eca3576ac0253ad50581fbe0469e8e417d3f97011c676f7789871fd,0,"""instance""",0.001904449,"['taskset', '-c', '2', '<project>/build/release/pclp', 'solve', '--instance', '<project>/data/generated/gen_layered_levels20-density0.02-skip0.005_n8000_dispersed_neg30_r1.json', '--config', '<project>/experiments/runs/main/2c55ade93e779d85/resolved_config.json', '--output', '<project>/experiments/runs/main/2c55ade93e779d85/result.json']",False,dinkelbach,0,0.0,23.317316727,layered,8115420,3039,0,gen_layered_levels20-density0.02-skip0.005_n8000_dispersed_neg30_r1,data/generated/gen_layered_levels20-density0.02-skip0.005_n8000_dispersed_neg30_r1.json,ac8207f5bc83777792b21677fe6d333d28f5df656c1681f61e8b7a2a7655a76a,0,284,,8000,1135881.3879279725,285,generated,35192832,0,0.004738883,0.0,0.0,0,0,,2,2c55ade93e779d85,23.337169129008544,optimal,23.268574725,0.0,True
74892,493f6f942eca3576ac0253ad50581fbe0469e8e417d3f97011c676f7789871fd,653737962,"""instance""",0.0,"['taskset', '-c', '2', '<project>/build/release/pclp', 'solve', '--instance', '<project>/data/generated/gen_layered_levels20-density0.02-skip0.005_n8000_dispersed_neg30_r1.json', '--config', '<project>/experiments/runs/main/f9e6b849c296a09e/resolved_config.json', '--output', '<project>/experiments/runs/main/f9e6b849c296a09e/result.json']",False,forest-reference,81683,0.598286309,30.050229981,layered,0,0,82287,gen_layered_levels20-density0.02-skip0.005_n8000_dispersed_neg30_r1,data/generated/gen_layered_levels20-density0.02-skip0.005_n8000_dispersed_neg30_r1.json,ac8207f5bc83777792b21677fe6d333d28f5df656c1681f61e8b7a2a7655a76a,0,80,residual oracle did not certify optimality,8000,0.0,81,generated,35192832,82206,0.005693218,3.762910745,16.080670561999998,653828168,0,,0,f9e6b849c296a09e,30.059980627993355,time_limit,30.000888479,9.404896625,False
74892,493f6f942eca3576ac0253ad50581fbe0469e8e417d3f97011c676f7789871fd,,"""instance""",,,,forest-reference,,,,layered,,,,gen_layered_levels20-density0.02-skip0.005_n8000_dispersed_neg30_r1,data/generated/gen_layered_levels20-density0.02-skip0.005_n8000_dispersed_neg30_r1.json,ac8207f5bc83777792b21677fe6d333d28f5df656c1681f61e8b7a2a7655a76a,,,residual oracle did not certify optimality,8000,,,generated,,,,,,,,True,1,109ac3c92dfec8a4,30.059980627993355,time_limit,,,False
74892,493f6f942eca3576ac0253ad50581fbe0469e8e417d3f97011c676f7789871fd,,"""instance""",,,,forest-reference,,,,layered,,,,gen_layered_levels20-density0.02-skip0.005_n8000_dispersed_neg30_r1,data/generated/gen_layered_levels20-density0.02-skip0.005_n8000_dispersed_neg30_r1.json,ac8207f5bc83777792b21677fe6d333d28f5df656c1681f61e8b7a2a7655a76a,,,residual oracle did not certify optimality,8000,,,generated,,,,,,,,True,2,3e18b3ebddb47e17,30.059980627993355,time_limit,,,False
74892,493f6f942eca3576ac0253ad50581fbe0469e8e417d3f97011c676f7789871fd,179991673,"""instance""",0.0,"['taskset', '-c', '2', '<project>/build/release/pclp', 'solve', '--instance', '<project>/data/generated/gen_layered_levels20-density0.02-skip0.005_n8000_dispersed_neg30_r1.json', '--config', '<project>/experiments/runs/main/6301b6b56a345fd1/resolved_config.json', '--output', '<project>/experiments/runs/main/6301b6b56a345fd1/result.json']",False,forest-tuned,968876,6.4182937209999995,30.047662933,layered,0,0,3909,gen_layered_levels20-density0.02-skip0.005_n8000_dispersed_neg30_r1,data/generated/gen_layered_levels20-density0.02-skip0.005_n8000_dispersed_neg30_r1.json,ac8207f5bc83777792b21677fe6d333d28f5df656c1681f61e8b7a2a7655a76a,965490,122,residual oracle did not certify optimality,8000,0.0,123,generated,35192832,969276,0.00504268,1.7510639319999999,4.778213001,441993536,0,,0,6301b6b56a345fd1,30.05798985499132,time_limit,30.000528091,15.215522123000001,False
74892,493f6f942eca3576ac0253ad50581fbe0469e8e417d3f97011c676f7789871fd,,"""instance""",,,,forest-tuned,,,,layered,,,,gen_layered_levels20-density0.02-skip0.005_n8000_dispersed_neg30_r1,data/generated/gen_layered_levels20-density0.02-skip0.005_n8000_dispersed_neg30_r1.json,ac8207f5bc83777792b21677fe6d333d28f5df656c1681f61e8b7a2a7655a76a,,,residual oracle did not certify optimality,8000,,,generated,,,,,,,,True,1,37c35dc4d55fbe25,30.05798985499132,time_limit,,,False
74892,493f6f942eca3576ac0253ad50581fbe0469e8e417d3f97011c676f7789871fd,,"""instance""",,,,forest-tuned,,,,layered,,,,gen_layered_levels20-density0.02-skip0.005_n8000_dispersed_neg30_r1,data/generated/gen_layered_levels20-density0.02-skip0.005_n8000_dispersed_neg30_r1.json,ac8207f5bc83777792b21677fe6d333d28f5df656c1681f61e8b7a2a7655a76a,,,residual oracle did not certify optimality,8000,,,generated,,,,,,,,True,2,e43fbbab00317298,30.05798985499132,time_limit,,,False
74892,493f6f942eca3576ac0253ad50581fbe0469e8e417d3f97011c676f7789871fd,0,"""instance""",0.002219097,"['taskset', '-c', '2', '<project>/build/release/pclp', 'solve', '--instance', '<project>/data/generated/gen_layered_levels20-density0.02-skip0.005_n8000_dispersed_neg30_r1.json', '--config', '<project>/experiments/runs/main/166f10be6ce679a5/resolved_config.json', '--output', '<project>/experiments/runs/main/166f10be6ce679a5/result.json']",False,parametric,0,0.0,0.753089318,layered,42879,569,0,gen_layered_levels20-density0.02-skip0.005_n8000_dispersed_neg30_r1,data/generated/gen_layered_levels20-density0.02-skip0.005_n8000_dispersed_neg30_r1.json,ac8207f5bc83777792b21677fe6d333d28f5df656c1681f61e8b7a2a7655a76a,0,284,,8000,1135881.3879279725,568,generated,35192832,0,0.006872829,0.0,0.0,0,0,,0,166f10be6ce679a5,0.770577660005074,optimal,0.679849862,0.0,True
74892,493f6f942eca3576ac0253ad50581fbe0469e8e417d3f97011c676f7789871fd,0,"""instance""",0.003481689,"['taskset', '-c', '2', '<project>/build/release/pclp', 'solve', '--instance', '<project>/data/generated/gen_layered_levels20-density0.02-skip0.005_n8000_dispersed_neg30_r1.json', '--config', '<project>/experiments/runs/main/24cc61ad7a833ecd/resolved_config.json', '--output', '<project>/experiments/runs/main/24cc61ad7a833ecd/result.json']",False,parametric,0,0.0,0.698655931,layered,42879,569,0,gen_layered_levels20-density0.02-skip0.005_n8000_dispersed_neg30_r1,data/generated/gen_layered_levels20-density0.02-skip0.005_n8000_dispersed_neg30_r1.json,ac8207f5bc83777792b21677fe6d333d28f5df656c1681f61e8b7a2a7655a76a,0,284,,8000,1135881.3879279725,568,generated,35192832,0,0.00498138,0.0,0.0,0,0,,1,24cc61ad7a833ecd,0.7213145349960541,optimal,0.648235014,0.0,True
74892,493f6f942eca3576ac0253ad50581fbe0469e8e417d3f97011c676f7789871fd,0,"""instance""",0.002992836,"['taskset', '-c', '2', '<project>/build/release/pclp', 'solve', '--instance', '<project>/data/generated/gen_layered_levels20-density0.02-skip0.005_n8000_dispersed_neg30_r1.json', '--config', '<project>/experiments/runs/main/829412e982000f51/resolved_config.json', '--output', '<project>/experiments/runs/main/829412e982000f51/result.json']",False,parametric,0,0.0,0.815434196,layered,42879,569,0,gen_layered_levels20-density0.02-skip0.005_n8000_dispersed_neg30_r1,data/generated/gen_layered_levels20-density0.02-skip0.005_n8000_dispersed_neg30_r1.json,ac8207f5bc83777792b21677fe6d333d28f5df656c1681f61e8b7a2a7655a76a,0,284,,8000,1135881.3879279725,568,generated,35192832,0,0.007319682,0.0,0.0,0,0,,2,829412e982000f51,0.8375679890013998,optimal,0.742171017,0.0,True
75044,493f6f942eca3576ac0253ad50581fbe0469e8e417d3f97011c676f7789871fd,0,"""instance""",0.001994428,"['taskset', '-c', '2', '<project>/build/release/pclp', 'solve', '--instance', '<project>/data/generated/gen_layered_levels20-density0.02-skip0.005_n8000_dispersed_neg30_r2.json', '--config', '<project>/experiments/runs/main/2972eeb10fb3b59e/resolved_config.json', '--output', '<project>/experiments/runs/main/2972eeb10fb3b59e/result.json']",False,dinkelbach,0,0.0,22.146120516,layered,6553482,1984,0,gen_layered_levels20-density0.02-skip0.005_n8000_dispersed_neg30_r2,data/generated/gen_layered_levels20-density0.02-skip0.005_n8000_dispersed_neg30_r2.json,05a66d82e7c73e9530aa98fdf1afded3f8e73d2154a67d81225b444fc0775424,0,191,,8000,44739.104105804436,192,generated,35192832,0,0.004862702,0.0,0.0,0,0,,0,2972eeb10fb3b59e,22.164630921004573,optimal,22.096515679,0.0,True
75044,493f6f942eca3576ac0253ad50581fbe0469e8e417d3f97011c676f7789871fd,0,"""instance""",0.001999759,"['taskset', '-c', '2', '<project>/build/release/pclp', 'solve', '--instance', '<project>/data/generated/gen_layered_levels20-density0.02-skip0.005_n8000_dispersed_neg30_r2.json', '--config', '<project>/experiments/runs/main/67aa1d962c4cf376/resolved_config.json', '--output', '<project>/experiments/runs/main/67aa1d962c4cf376/result.json']",False,dinkelbach,0,0.0,22.455663168,layered,6553482,1984,0,gen_layered_levels20-density0.02-skip0.005_n8000_dispersed_neg30_r2,data/generated/gen_layered_levels20-density0.02-skip0.005_n8000_dispersed_neg30_r2.json,05a66d82e7c73e9530aa98fdf1afded3f8e73d2154a67d81225b444fc0775424,0,191,,8000,44739.104105804436,192,generated,35192832,0,0.00492874,0.0,0.0,0,0,,1,67aa1d962c4cf376,22.474005985000986,optimal,22.408427416,0.0,True
75044,493f6f942eca3576ac0253ad50581fbe0469e8e417d3f97011c676f7789871fd,0,"""instance""",0.001923282,"['taskset', '-c', '2', '<project>/build/release/pclp', 'solve', '--instance', '<project>/data/generated/gen_layered_levels20-density0.02-skip0.005_n8000_dispersed_neg30_r2.json', '--config', '<project>/experiments/runs/main/fdc1809aac7dfd39/resolved_config.json', '--output', '<project>/experiments/runs/main/fdc1809aac7dfd39/result.json']",False,dinkelbach,0,0.0,22.000436603,layered,6553482,1984,0,gen_layered_levels20-density0.02-skip0.005_n8000_dispersed_neg30_r2,data/generated/gen_layered_levels20-density0.02-skip0.005_n8000_dispersed_neg30_r2.json,05a66d82e7c73e9530aa98fdf1afded3f8e73d2154a67d81225b444fc0775424,0,191,,8000,44739.104105804436,192,generated,35192832,0,0.004769364,0.0,0.0,0,0,,2,fdc1809aac7dfd39,22.0187001079903,optimal,21.953275325,0.0,True
75044,493f6f942eca3576ac0253ad50581fbe0469e8e417d3f97011c676f7789871fd,594069092,"""instance""",0.0,"['taskset', '-c', '2', '<project>/build/release/pclp', 'solve', '--instance', '<project>/data/generated/gen_layered_levels20-density0.02-skip0.005_n8000_dispersed_neg30_r2.json', '--config', '<project>/experiments/runs/main/54e26d4735999d7a/resolved_config.json', '--output', '<project>/experiments/runs/main/54e26d4735999d7a/result.json']",False,forest-reference,74086,0.547366573,30.067002601,layered,0,0,75376,gen_layered_levels20-density0.02-skip0.005_n8000_dispersed_neg30_r2,data/generated/gen_layered_levels20-density0.02-skip0.005_n8000_dispersed_neg30_r2.json,05a66d82e7c73e9530aa98fdf1afded3f8e73d2154a67d81225b444fc0775424,0,26,residual oracle did not certify optimality,8000,0.0,143,generated,35192832,75233,0.006911497,3.949266231,15.442373133,594152321,0,,0,54e26d4735999d7a,30.078179418997024,time_limit,30.000853972,9.870915799,False
75044,493f6f942eca3576ac0253ad50581fbe0469e8e417d3f97011c676f7789871fd,,"""instance""",,,,forest-reference,,,,layered,,,,gen_layered_levels20-density0.02-skip0.005_n8000_dispersed_neg30_r2,data/generated/gen_layered_levels20-density0.02-skip0.005_n8000_dispersed_neg30_r2.json,05a66d82e7c73e9530aa98fdf1afded3f8e73d2154a67d81225b444fc0775424,,,residual oracle did not certify optimality,8000,,,generated,,,,,,,,True,1,6bb7600ae71f93ef,30.078179418997024,time_limit,,,False
75044,493f6f942eca3576ac0253ad50581fbe0469e8e417d3f97011c676f7789871fd,,"""instance""",,,,forest-reference,,,,layered,,,,gen_layered_levels20-density0.02-skip0.005_n8000_dispersed_neg30_r2,data/generated/gen_layered_levels20-density0.02-skip0.005_n8000_dispersed_neg30_r2.json,05a66d82e7c73e9530aa98fdf1afded3f8e73d2154a67d81225b444fc0775424,,,residual oracle did not certify optimality,8000,,,generated,,,,,,,,True,2,738f69cab72c444e,30.078179418997024,time_limit,,,False
75044,493f6f942eca3576ac0253ad50581fbe0469e8e417d3f97011c676f7789871fd,124624295,"""instance""",0.0,"['taskset', '-c', '2', '<project>/build/release/pclp', 'solve', '--instance', '<project>/data/generated/gen_layered_levels20-density0.02-skip0.005_n8000_dispersed_neg30_r2.json', '--config', '<project>/experiments/runs/main/407984c3d8157c16/resolved_config.json', '--output', '<project>/experiments/runs/main/407984c3d8157c16/result.json']",False,forest-tuned,635189,4.51717201,30.046041286,layered,0,0,2557,gen_layered_levels20-density0.02-skip0.005_n8000_dispersed_neg30_r2,data/generated/gen_layered_levels20-density0.02-skip0.005_n8000_dispersed_neg30_r2.json,05a66d82e7c73e9530aa98fdf1afded3f8e73d2154a67d81225b444fc0775424,632912,74,residual oracle did not certify optimality,8000,0.0,75,generated,35192832,635394,0.004820084,1.368606232,4.861939715,465453765,0,,0,407984c3d8157c16,30.05624437199731,time_limit,30.000715132,17.606080283,False
75044,493f6f942eca3576ac0253ad50581fbe0469e8e417d3f97011c676f7789871fd,,"""instance""",,,,forest-tuned,,,,layered,,,,gen_layered_levels20-density0.02-skip0.005_n8000_dispersed_neg30_r2,data/generated/gen_layered_levels20-density0.02-skip0.005_n8000_dispersed_neg30_r2.json,05a66d82e7c73e9530aa98fdf1afded3f8e73d2154a67d81225b444fc0775424,,,residual oracle did not certify optimality,8000,,,generated,,,,,,,,True,1,72edafa7c1fb754b,30.05624437199731,time_limit,,,False
75044,493f6f942eca3576ac0253ad50581fbe0469e8e417d3f97011c676f7789871fd,,"""instance""",,,,forest-tuned,,,,layered,,,,gen_layered_levels20-density0.02-skip0.005_n8000_dispersed_neg30_r2,data/generated/gen_layered_levels20-density0.02-skip0.005_n8000_dispersed_neg30_r2.json,05a66d82e7c73e9530aa98fdf1afded3f8e73d2154a67d81225b444fc0775424,,,residual oracle did not certify optimality,8000,,,generated,,,,,,,,True,2,063480f4b2f5965e,30.05624437199731,time_limit,,,False
75044,493f6f942eca3576ac0253ad50581fbe0469e8e417d3f97011c676f7789871fd,0,"""instance""",0.002241301,"['taskset', '-c', '2', '<project>/build/release/pclp', 'solve', '--instance', '<project>/data/generated/gen_layered_levels20-density0.02-skip0.005_n8000_dispersed_neg30_r2.json', '--config', '<project>/experiments/runs/main/37a0a21f2b589ed0/resolved_config.json', '--output', '<project>/experiments/runs/main/37a0a21f2b589ed0/result.json']",False,parametric,0,0.0,0.47910688,layered,42758,383,0,gen_layered_levels20-density0.02-skip0.005_n8000_dispersed_neg30_r2,data/generated/gen_layered_levels20-density0.02-skip0.005_n8000_dispersed_neg30_r2.json,05a66d82e7c73e9530aa98fdf1afded3f8e73d2154a67d81225b444fc0775424,0,191,,8000,44739.104105804436,382,generated,35192832,0,0.004780448,0.0,0.0,0,0,,0,37a0a21f2b589ed0,0.4975271010043798,optimal,0.427608471,0.0,True
75044,493f6f942eca3576ac0253ad50581fbe0469e8e417d3f97011c676f7789871fd,0,"""instance""",0.002450999,"['taskset', '-c', '2', '<project>/build/release/pclp', 'solve', '--instance', '<project>/data/generated/gen_layered_levels20-density0.02-skip0.005_n8000_dispersed_neg30_r2.json', '--config', '<project>/experiments/runs/main/957da8aaad108650/resolved_config.json', '--output', '<project>/experiments/runs/main/957da8aaad108650/result.json']",False,parametric,0,0.0,0.526034035,layered,42758,383,0,gen_layered_levels20-density0.02-skip0.005_n8000_dispersed_neg30_r2,data/generated/gen_layered_levels20-density0.02-skip0.005_n8000_dispersed_neg30_r2.json,05a66d82e7c73e9530aa98fdf1afded3f8e73d2154a67d81225b444fc0775424,0,191,,8000,44739.104105804436,382,generated,35192832,0,0.005324447,0.0,0.0,0,0,,1,957da8aaad108650,0.5440794919995824,optimal,0.474172272,0.0,True
75044,493f6f942eca3576ac0253ad50581fbe0469e8e417d3f97011c676f7789871fd,0,"""instance""",0.003682252,"['taskset', '-c', '2', '<project>/build/release/pclp', 'solve', '--instance', '<project>/data/generated/gen_layered_levels20-density0.02-skip0.005_n8000_dispersed_neg30_r2.json', '--config', '<project>/experiments/runs/main/6821475a8e349b36/resolved_config.json', '--output', '<project>/experiments/runs/main/6821475a8e349b36/result.json']",False,parametric,0,0.0,0.55429895,layered,42758,383,0,gen_layered_levels20-density0.02-skip0.005_n8000_dispersed_neg30_r2,data/generated/gen_layered_levels20-density0.02-skip0.005_n8000_dispersed_neg30_r2.json,05a66d82e7c73e9530aa98fdf1afded3f8e73d2154a67d81225b444fc0775424,0,191,,8000,44739.104105804436,382,generated,35192832,0,0.005411739,0.0,0.0,0,0,,2,6821475a8e349b36,0.5797493130085059,optimal,0.499974816,0.0,True
21746,493f6f942eca3576ac0253ad50581fbe0469e8e417d3f97011c676f7789871fd,0,"""instance""",0.000717531,"['taskset', '-c', '2', '<project>/build/release/pclp', 'solve', '--instance', '<project>/data/generated/gen_layered_levels8-density0.05_n2000_uniform_neg0_r0.json', '--config', '<project>/experiments/runs/main/e2afe39ff69de9bd/resolved_config.json', '--output', '<project>/experiments/runs/main/e2afe39ff69de9bd/result.json']",True,dinkelbach,0,0.0,1.95568139,layered,774468,1710,0,gen_layered_levels8-density0.05_n2000_uniform_neg0_r0,data/generated/gen_layered_levels8-density0.05_n2000_uniform_neg0_r0.json,118278b68ea59b5ddfa5b8fd3a11b8f7efc5113032868125da90c8507273ba0b,0,190,,2000,30641.616593661427,190,generated,28123136,0,0.001471374,0.0,0.0,0,0,,0,e2afe39ff69de9bd,1.9648190949956188,optimal,1.940348641,0.0,True
21746,493f6f942eca3576ac0253ad50581fbe0469e8e417d3f97011c676f7789871fd,0,"""instance""",0.000677426,"['taskset', '-c', '2', '<project>/build/release/pclp', 'solve', '--instance', '<project>/data/generated/gen_layered_levels8-density0.05_n2000_uniform_neg0_r0.json', '--config', '<project>/experiments/runs/main/6120413963d24d34/resolved_config.json', '--output', '<project>/experiments/runs/main/6120413963d24d34/result.json']",True,dinkelbach,0,0.0,1.91245103,layered,774468,1710,0,gen_layered_levels8-density0.05_n2000_uniform_neg0_r0,data/generated/gen_layered_levels8-density0.05_n2000_uniform_neg0_r0.json,118278b68ea59b5ddfa5b8fd3a11b8f7efc5113032868125da90c8507273ba0b,0,190,,2000,30641.616593661427,190,generated,28123136,0,0.001450027,0.0,0.0,0,0,,1,6120413963d24d34,1.9211742439947557,optimal,1.898329889,0.0,True
21746,493f6f942eca3576ac0253ad50581fbe0469e8e417d3f97011c676f7789871fd,0,"""instance""",0.000689503,"['taskset', '-c', '2', '<project>/build/release/pclp', 'solve', '--instance', '<project>/data/generated/gen_layered_levels8-density0.05_n2000_uniform_neg0_r0.json', '--config', '<project>/experiments/runs/main/cf3bfd8d1d7e8419/resolved_config.json', '--output', '<project>/experiments/runs/main/cf3bfd8d1d7e8419/result.json']",True,dinkelbach,0,0.0,1.923037156,layered,774468,1710,0,gen_layered_levels8-density0.05_n2000_uniform_neg0_r0,data/generated/gen_layered_levels8-density0.05_n2000_uniform_neg0_r0.json,118278b68ea59b5ddfa5b8fd3a11b8f7efc5113032868125da90c8507273ba0b,0,190,,2000,30641.616593661427,190,generated,28123136,0,0.001471615,0.0,0.0,0,0,,2,cf3bfd8d1d7e8419,1.9320689229934942,optimal,1.907856489,0.0,True
21746,493f6f942eca3576ac0253ad50581fbe0469e8e417d3f97011c676f7789871fd,428465460,"""instance""",0.0,"['taskset', '-c', '2', '<project>/build/release/pclp', 'solve', '--instance', '<project>/data/generated/gen_layered_levels8-density0.05_n2000_uniform_neg0_r0.json', '--config', '<project>/experiments/runs/main/e30a27ba49f6c940/resolved_config.json', '--output', '<project>/experiments/runs/main/e30a27ba49f6c940/result.json']",False,forest-reference,221636,0.732671361,30.015118024,layered,0,0,222141,gen_layered_levels8-density0.05_n2000_uniform_neg0_r0,data/generated/gen_layered_levels8-density0.05_n2000_uniform_neg0_r0.json,118278b68ea59b5ddfa5b8fd3a11b8f7efc5113032868125da90c8507273ba0b,0,61,residual oracle did not certify optimality,2000,0.0,82,generated,28123136,222059,0.001702411,2.533700889,16.646014776,428689519,0,,0,e30a27ba49f6c940,30.024925207006163,time_limit,30.000315697,9.729791419,False
21746,493f6f942eca3576ac0253ad50581fbe0469e8e417d3f97011c676f7789871fd,,"""instance""",,,,forest-reference,,,,layered,,,,gen_layered_levels8-density0.05_n2000_uniform_neg0_r0,data/generated/gen_layered_levels8-density0.05_n2000_uniform_neg0_r0.json,118278b68ea59b5ddfa5b8fd3a11b8f7efc5113032868125da90c8507273ba0b,,,residual oracle did not certify optimality,2000,,,generated,,,,,,,,True,1,719529630329c32f,30.024925207006163,time_limit,,,False
21746,493f6f942eca3576ac0253ad50581fbe0469e8e417d3f97011c676f7789871fd,,"""instance""",,,,forest-reference,,,,layered,,,,gen_layered_levels8-density0.05_n2000_uniform_neg0_r0,data/generated/gen_layered_levels8-density0.05_n2000_uniform_neg0_r0.json,118278b68ea59b5ddfa5b8fd3a11b8f7efc5113032868125da90c8507273ba0b,,,residual oracle did not certify optimality,2000,,,generated,,,,,,,,True,2,a0c2a700e9f3b19d,30.024925207006163,time_limit,,,False
21746,493f6f942eca3576ac0253ad50581fbe0469e8e417d3f97011c676f7789871fd,192624114,"""instance""",0.0,"['taskset', '-c', '2', '<project>/build/release/pclp', 'solve', '--instance', '<project>/data/generated/gen_layered_levels8-density0.05_n2000_uniform_neg0_r0.json', '--config', '<project>/experiments/runs/main/48f40b03fc7ab88d/resolved_config.json', '--output', '<project>/experiments/runs/main/48f40b03fc7ab88d/result.json']",False,forest-tuned,528628,1.925587309,30.014986756,layered,0,0,2151,gen_layered_levels8-density0.05_n2000_uniform_neg0_r0,data/generated/gen_layered_levels8-density0.05_n2000_uniform_neg0_r0.json,118278b68ea59b5ddfa5b8fd3a11b8f7efc5113032868125da90c8507273ba0b,526776,85,residual oracle did not certify optimality,2000,0.0,86,generated,28123136,528841,0.00190829,1.8105492460000001,8.823209281,417555530,0,,0,48f40b03fc7ab88d,30.023128464003094,time_limit,30.000391505,16.351387275,False
21746,493f6f942eca3576ac0253ad50581fbe0469e8e417d3f97011c676f7789871fd,,"""instance""",,,,forest-tuned,,,,layered,,,,gen_layered_levels8-density0.05_n2000_uniform_neg0_r0,data/generated/gen_layered_levels8-density0.05_n2000_uniform_neg0_r0.json,118278b68ea59b5ddfa5b8fd3a11b8f7efc5113032868125da90c8507273ba0b,,,residual oracle did not certify optimality,2000,,,generated,,,,,,,,True,1,929a3fb03ad60b72,30.023128464003094,time_limit,,,False
21746,493f6f942eca3576ac0253ad50581fbe0469e8e417d3f97011c676f7789871fd,,"""instance""",,,,forest-tuned,,,,layered,,,,gen_layered_levels8-density0.05_n2000_uniform_neg0_r0,data/generated/gen_layered_levels8-density0.05_n2000_uniform_neg0_r0.json,118278b68ea59b5ddfa5b8fd3a11b8f7efc5113032868125da90c8507273ba0b,,,residual oracle did not certify optimality,2000,,,generated,,,,,,,,True,2,8935f23783c18197,30.023128464003094,time_limit,,,False
21746,493f6f942eca3576ac0253ad50581fbe0469e8e417d3f97011c676f7789871fd,0,"""instance""",0.000743273,"['taskset', '-c', '2', '<project>/build/release/pclp', 'solve', '--instance', '<project>/data/generated/gen_layered_levels8-density0.05_n2000_uniform_neg0_r0.json', '--config', '<project>/experiments/runs/main/6b59297f52963d5c/resolved_config.json', '--output', '<project>/experiments/runs/main/6b59297f52963d5c/result.json']",False,parametric,0,0.0,0.077218973,layered,9457,380,0,gen_layered_levels8-density0.05_n2000_uniform_neg0_r0,data/generated/gen_layered_levels8-density0.05_n2000_uniform_neg0_r0.json,118278b68ea59b5ddfa5b8fd3a11b8f7efc5113032868125da90c8507273ba0b,0,190,,2000,30641.616593661427,380,generated,28123136,0,0.001450114,0.0,0.0,0,0,,0,6b59297f52963d5c,0.0853876540058991,optimal,0.06325388,0.0,True
21746,493f6f942eca3576ac0253ad50581fbe0469e8e417d3f97011c676f7789871fd,0,"""instance""",0.000730826,"['taskset', '-c', '2', '<project>/build/release/pclp', 'solve', '--instance', '<project>/data/generated/gen_layered_levels8-density0.05_n2000_uniform_neg0_r0.json', '--config', '<project>/experiments/runs/main/4756fe17fa49e2dd/resolved_config.json', '--output', '<project>/experiments/runs/main/4756fe17fa49e2dd/result.json']",False,parametric,0,0.0,0.080021859,layered,9457,380,0,gen_layered_levels8-density0.05_n2000_uniform_neg0_r0,data/generated/gen_layered_levels8-density0.05_n2000_uniform_neg0_r0.json,118278b68ea59b5ddfa5b8fd3a11b8f7efc5113032868125da90c8507273ba0b,0,190,,2000,30641.616593661427,380,generated,28123136,0,0.001619013,0.0,0.0,0,0,,1,4756fe17fa49e2dd,0.08864485399681143,optimal,0.064760432,0.0,True
21746,493f6f942eca3576ac0253ad50581fbe0469e8e417d3f97011c676f7789871fd,0,"""instance""",0.000735586,"['taskset', '-c', '2', '<project>/build/release/pclp', 'solve', '--instance', '<project>/data/generated/gen_layered_levels8-density0.05_n2000_uniform_neg0_r0.json', '--config', '<project>/experiments/runs/main/7cf883b8ea005d19/resolved_config.json', '--output', '<project>/experiments/runs/main/7cf883b8ea005d19/result.json']",False,parametric,0,0.0,0.079121306,layered,9457,380,0,gen_layered_levels8-density0.05_n2000_uniform_neg0_r0,data/generated/gen_layered_levels8-density0.05_n2000_uniform_neg0_r0.json,118278b68ea59b5ddfa5b8fd3a11b8f7efc5113032868125da90c8507273ba0b,0,190,,2000,30641.616593661427,380,generated,28123136,0,0.001471963,0.0,0.0,0,0,,2,7cf883b8ea005d19,0.08875740598887205,optimal,0.064727228,0.0,True
21735,493f6f942eca3576ac0253ad50581fbe0469e8e417d3f97011c676f7789871fd,0,"""instance""",0.000647583,"['taskset', '-c', '2', '<project>/build/release/pclp', 'solve', '--instance', '<project>/data/generated/gen_layered_levels8-density0.05_n2000_uniform_neg0_r1.json', '--config', '<project>/experiments/runs/main/50426e6bfeb58185/resolved_config.json', '--output', '<project>/experiments/runs/main/50426e6bfeb58185/result.json']",True,dinkelbach,0,0.0,2.704571913,layered,1129557,2525,0,gen_layered_levels8-density0.05_n2000_uniform_neg0_r1,data/generated/gen_layered_levels8-density0.05_n2000_uniform_neg0_r1.json,635eb6458ee53382f01acb27c847c132b954a159bf9e5e21e70cf9a0398f679c,0,266,,2000,4523.685592251951,266,generated,28123136,0,0.00157374,0.0,0.0,0,0,,0,50426e6bfeb58185,2.7142277320090216,optimal,2.688419445,0.0,True
21735,493f6f942eca3576ac0253ad50581fbe0469e8e417d3f97011c676f7789871fd,0,"""instance""",0.000670298,"['taskset', '-c', '2', '<project>/build/release/pclp', 'solve', '--instance', '<project>/data/generated/gen_layered_levels8-density0.05_n2000_uniform_neg0_r1.json', '--config', '<project>/experiments/runs/main/8bfba4f7d65e1e6c/resolved_config.json', '--output', '<project>/experiments/runs/main/8bfba4f7d65e1e6c/result.json']",True,dinkelbach,0,0.0,2.699953722,layered,1129557,2525,0,gen_layered_levels8-density0.05_n2000_uniform_neg0_r1,data/generated/gen_layered_levels8-density0.05_n2000_uniform_neg0_r1.json,635eb6458ee53382f01acb27c847c132b954a159bf9e5e21e70cf9a0398f679c,0,266,,2000,4523.685592251951,266,generated,28123136,0,0.001479515,0.0,0.0,0,0,,1,8bfba4f7d65e1e6c,2.709838184993714,optimal,2.685114075,0.0,True
21735,493f6f942eca3576ac0253ad50581fbe0469e8e417d3f97011c676f7789871fd,0,"""instance""",0.000591728,"['taskset', '-c', '2', '<project>/build/release/pclp', 'solve', '--instance', '<project>/data/generated/gen_layered_levels8-density0.05_n2000_uniform_neg0_r1.json', '--config', '<project>/experiments/runs/main/ed0c9dd5de4a924f/resolved_config.json', '--output', '<project>/experiments/runs/main/ed0c9dd5de4a924f/result.json']",True,dinkelbach,0,0.0,2.593552374,layered,1129557,2525,0,gen_layered_levels8-density0.05_n2000_uniform_neg0_r1,data/generated/gen_layered_levels8-density0.05_n2000_uniform_neg0_r1.json,635eb6458ee53382f01acb27c847c132b954a159bf9e5e21e70cf9a0398f679c,0,266,,2000,4523.685592251951,266,generated,28123136,0,0.001705462,0.0,0.0,0,0,,2,ed0c9dd5de4a924f,2.603119716004585,optimal,2.578095452,0.0,True
21735,493f6f942eca3576ac0253ad50581fbe0469e8e417d3f97011c676f7789871fd,412417999,"""instance""",0.0,"['taskset', '-c', '2', '<project>/build/release/pclp', 'solve', '--instance', '<project>/data/generated/gen_layered_levels8-density0.05_n2000_uniform_neg0_r1.json', '--config', '<project>/experiments/runs/main/48db2d49b671a7f2/resolved_config.json', '--output', '<project>/experiments/runs/main/48db2d49b671a7f2/result.json']",False,forest-reference,215105,0.738689299,30.015059871,layered,0,0,215616,gen_layered_levels8-density0.05_n2000_uniform_neg0_r1,data/generated/gen_layered_levels8-density0.05_n2000_uniform_neg0_r1.json,635eb6458ee53382f01acb27c847c132b954a159bf9e5e21e70cf9a0398f679c,0,93,residual oracle did not certify optimality,2000,0.0,94,generated,28123136,215522,0.001563003,2.485410755,16.596666108,412635513,0,,0,48db2d49b671a7f2,30.0230299350078,time_limit,30.000165809,9.830098086,False
21735,493f6f942eca3576ac0253ad50581fbe0469e8e417d3f97011c676f7789871fd,,"""instance""",,,,forest-reference,,,,layered,,,,gen_layered_levels8-density0.05_n2000_uniform_neg0_r1,data/generated/gen_layered_levels8-density0.05_n2000_uniform_neg0_r1.json,635eb6458ee53382f01acb27c847c132b954a159bf9e5e21e70cf9a0398f679c,,,residual oracle did not certify optimality,2000,,,generated,,,,,,,,True,1,47918ae0704131ae,30.0230299350078,time_limit,,,False
21735,493f6f942eca3576ac0253ad50581fbe0469e8e417d3f97011c676f7789871fd,,"""instance""",,,,forest-reference,,,,layered,,,,gen_layered_levels8-density0.05_n2000_uniform_neg0_r1,data/generated/gen_layered_levels8-density0.05_n2000_uniform_neg0_r1.json,635eb6458ee53382f01acb27c847c132b954a159bf9e5e21e70cf9a0398f679c,,,residual oracle did not certify optimality,2000,,,generated,,,,,,,,True,2,0a5787511c6ba08f,30.0230299350078,time_limit,,,False
21735,493f6f942eca3576ac0253ad50581fbe0469e8e417d3f97011c676f7789871fd,221864660,"""instance""",0.0,"['taskset', '-c', '2', '<project>/build/release/pclp', 'solve', '--instance', '<project>/data/generated/gen_layered_levels8-density0.05_n2000_uniform_neg0_r1.json', '--config', '<project>/experiments/runs/main/f41fcbc02befbc9a/resolved_config.json', '--output', '<project>/experiments/runs/main/f41fcbc02befbc9a/result.json']",False,forest-tuned,540945,1.833283735,30.014789114,layered,0,0,2237,gen_layered_levels8-density0.05_n2000_uniform_neg0_r1,data/generated/gen_layered_levels8-density0.05_n2000_uniform_neg0_r1.json,635eb6458ee53382f01acb27c847c132b954a159bf9e5e21e70cf9a0398f679c,539193,122,residual oracle did not certify optimality,2000,0.0,123,generated,28123136,541307,0.001645406,2.042218487,11.235849951,375275187,0,,0,f41fcbc02befbc9a,30.022348899990902,time_limit,30.000271351,13.913814431,False
21735,493f6f942eca3576ac0253ad50581fbe0469e8e417d3f97011c676f7789871fd,,"""instance""",,,,forest-tuned,,,,layered,,,,gen_layered_levels8-density0.05_n2000_uniform_neg0_r1,data/generated/gen_layered_levels8-density0.05_n2000_uniform_neg0_r1.json,635eb6458ee53382f01acb27c847c132b954a159bf9e5e21e70cf9a0398f679c,,,residual oracle did not certify optimality,2000,,,generated,,,,,,,,True,1,a9c92a5c7bf61068,30.022348899990902,time_limit,,,False
21735,493f6f942eca3576ac0253ad50581fbe0469e8e417d3f97011c676f7789871fd,,"""instance""",,,,forest-tuned,,,,layered,,,,gen_layered_levels8-density0.05_n2000_uniform_neg0_r1,data/generated/gen_layered_levels8-density0.05_n2000_uniform_neg0_r1.json,635eb6458ee53382f01acb27c847c132b954a159bf9e5e21e70cf9a0398f679c,,,residual oracle did not certify optimality,2000,,,generated,,,,,,,,True,2,d8a1685a5597788f,30.022348899990902,time_limit,,,False
21735,493f6f942eca3576ac0253ad50581fbe0469e8e417d3f97011c676f7789871fd,0,"""instance""",0.000598924,"['taskset', '-c', '2', '<project>/build/release/pclp', 'solve', '--instance', '<project>/data/generated/gen_layered_levels8-density0.05_n2000_uniform_neg0_r1.json', '--config', '<project>/experiments/runs/main/030e5ce48792fcc0/resolved_config.json', '--output', '<project>/experiments/runs/main/030e5ce48792fcc0/result.json']",False,parametric,0,0.0,0.082240949,layered,8224,532,0,gen_layered_levels8-density0.05_n2000_uniform_neg0_r1,data/generated/gen_layered_levels8-density0.05_n2000_uniform_neg0_r1.json,635eb6458ee53382f01acb27c847c132b954a159bf9e5e21e70cf9a0398f679c,0,266,,2000,4523.685592251951,532,generated,28123136,0,0.001559091,0.0,0.0,0,0,,0,030e5ce48792fcc0,0.09153012000024319,optimal,0.067273898,0.0,True
21735,493f6f942eca3576ac0253ad50581fbe0469e8e417d3f97011c676f7789871fd,0,"""instance""",0.000703,"['taskset', '-c', '2', '<project>/build/release/pclp', 'solve', '--instance', '<project>/data/generated/gen_layered_levels8-density0.05_n2000_uniform_neg0_r1.json', '--config', '<project>/experiments/runs/main/05d3a99f6cf92d24/resolved_config.json', '--output', '<project>/experiments/runs/main/05d3a99f6cf92d24/result.json']",False,parametric,0,0.0,0.088102828,layered,8224,532,0,gen_layered_levels8-density0.05_n2000_uniform_neg0_r1,data/generated/gen_layered_levels8-density0.05_n2000_uniform_neg0_r1.json,635eb6458ee53382f01acb27c847c132b954a159bf9e5e21e70cf9a0398f679c,0,266,,2000,4523.685592251951,532,generated,28123136,0,0.001599336,0.0,0.0,0,0,,1,05d3a99f6cf92d24,0.09741157799726352,optimal,0.073430932,0.0,True
21735,493f6f942eca3576ac0253ad50581fbe0469e8e417d3f97011c676f7789871fd,0,"""instance""",0.001233305,"['taskset', '-c', '2', '<project>/build/release/pclp', 'solve', '--instance', '<project>/data/generated/gen_layered_levels8-density0.05_n2000_uniform_neg0_r1.json', '--config', '<project>/experiments/runs/main/b6d96c16096a6105/resolved_config.json', '--output', '<project>/experiments/runs/main/b6d96c16096a6105/result.json']",False,parametric,0,0.0,0.096377832,layered,8224,532,0,gen_layered_levels8-density0.05_n2000_uniform_neg0_r1,data/generated/gen_layered_levels8-density0.05_n2000_uniform_neg0_r1.json,635eb6458ee53382f01acb27c847c132b954a159bf9e5e21e70cf9a0398f679c,0,266,,2000,4523.685592251951,532,generated,28123136,0,0.001419754,0.0,0.0,0,0,,2,b6d96c16096a6105,0.10560415999498218,optimal,0.080990224,0.0,True
21857,493f6f942eca3576ac0253ad50581fbe0469e8e417d3f97011c676f7789871fd,0,"""instance""",0.000748644,"['taskset', '-c', '2', '<project>/build/release/pclp', 'solve', '--instance', '<project>/data/generated/gen_layered_levels8-density0.05_n2000_uniform_neg0_r2.json', '--config', '<project>/experiments/runs/main/e1de29d017f76746/resolved_config.json', '--output', '<project>/experiments/runs/main/e1de29d017f76746/result.json']",True,dinkelbach,0,0.0,1.937327762,layered,582330,1124,0,gen_layered_levels8-density0.05_n2000_uniform_neg0_r2,data/generated/gen_layered_levels8-density0.05_n2000_uniform_neg0_r2.json,c6bd36e31564c7e0a4c7e8746fa2577b34459671abe61d742b1b31434808d43f,0,126,,2000,19837.504033926354,126,generated,28123136,0,0.001560061,0.0,0.0,0,0,,0,e1de29d017f76746,1.9463399079977535,optimal,1.922108098,0.0,True
21857,493f6f942eca3576ac0253ad50581fbe0469e8e417d3f97011c676f7789871fd,0,"""instance""",0.000594979,"['taskset', '-c', '2', '<project>/build/release/pclp', 'solve', '--instance', '<project>/data/generated/gen_layered_levels8-density0.05_n2000_uniform_neg0_r2.json', '--config', '<project>/experiments/runs/main/cc6ca4f9149af328/resolved_config.json', '--output', '<project>/experiments/runs/main/cc6ca4f9149af328/result.json']",True,dinkelbach,0,0.0,1.886240865,layered,582330,1124,0,gen_layered_levels8-density0.05_n2000_uniform_neg0_r2,data/generated/gen_layered_levels8-density0.05_n2000_uniform_neg0_r2.json,c6bd36e31564c7e0a4c7e8746fa2577b34459671abe61d742b1b31434808d43f,0,126,,2000,19837.504033926354,126,generated,28123136,0,0.001513539,0.0,0.0,0,0,,1,cc6ca4f9149af328,1.8967874760128325,optimal,1.871083656,0.0,True
21857,493f6f942eca3576ac0253ad50581fbe0469e8e417d3f97011c676f7789871fd,0,"""instance""",0.000680635,"['taskset', '-c', '2', '<project>/build/release/pclp', 'solve', '--instance', '<project>/data/generated/gen_layered_levels8-density0.05_n2000_uniform_neg0_r2.json', '--config', '<project>/experiments/runs/main/eb4bffebc7fbc9f7/resolved_config.json', '--output', '<project>/experiments/runs/main/eb4bffebc7fbc9f7/result.json']",True,dinkelbach,0,0.0,1.910708531,layered,582330,1124,0,gen_layered_levels8-density0.05_n2000_uniform_neg0_r2,data/generated/gen_layered_levels8-density0.05_n2000_uniform_neg0_r2.json,c6bd36e31564c7e0a4c7e8746fa2577b34459671abe61d742b1b31434808d43f,0,126,,2000,19837.504033926354,126,generated,28123136,0,0.001431689,0.0,0.0,0,0,,2,eb4bffebc7fbc9f7,1.919241587005672,optimal,1.895952924,0.0,True
21857,493f6f942eca3576ac0253ad50581fbe0469e8e417d3f97011c676f7789871fd,419367208,"""instance""",0.0,"['taskset', '-c', '2', '<project>/build/release/pclp', 'solve', '--instance', '<project>/data/generated/gen_layered_levels8-density0.05_n2000_uniform_neg0_r2.json', '--config', '<project>/experiments/runs/main/3c393d5f7d5f0029/resolved_config.json', '--output', '<project>/experiments/runs/main/3c393d5f7d5f0029/result.json']",False,forest-reference,215345,0.789463916,30.016009939,layered,0,0,215799,gen_layered_levels8-density0.05_n2000_uniform_neg0_r2,data/generated/gen_layered_levels8-density0.05_n2000_uniform_neg0_r2.json,c6bd36e31564c7e0a4c7e8746fa2577b34459671abe61d742b1b31434808d43f,0,58,residual oracle did not certify optimality,2000,0.0,64,generated,28123136,215735,0.001864264,2.533959415,16.46972478,419584943,0,,0,3c393d5f7d5f0029,30.02262438699836,time_limit,30.00033758,9.834355351,False
21857,493f6f942eca3576ac0253ad50581fbe0469e8e417d3f97011c676f7789871fd,,"""instance""",,,,forest-reference,,,,layered,,,,gen_layered_levels8-density0.05_n2000_uniform_neg0_r2,data/generated/gen_layered_levels8-density0.05_n2000_uniform_neg0_r2.json,c6bd36e31564c7e0a4c7e8746fa2577b34459671abe61d742b1b31434808d43f,,,residual oracle did not certify optimality,2000,,,generated,,,,,,,,True,1,5dcbd76f17607b7f,30.02262438699836,time_limit,,,False
21857,493f6f942eca3576ac0253ad50581fbe0469e8e417d3f97011c676f7789871fd,,"""instance""",,,,forest-reference,,,,layered,,,,gen_layered_levels8-density0.05_n2000_uniform_neg0_r2,data/generated/gen_layered_levels8-density0.05_n2000_uniform_neg0_r2.json,c6bd36e31564c7e0a4c7e8746fa2577b34459671abe61d742b1b31434808d43f,,,residual oracle did not certify optimality,2000,,,generated,,,,,,,,True,2,3673ea70c13ba212,30.02262438699836,time_limit,,,False
21857,493f6f942eca3576ac0253ad50581fbe0469e8e417d3f97011c676f7789871fd,231011897,"""instance""",0.0,"['taskset', '-c', '2', '<project>/build/release/pclp', 'solve', '--instance', '<project>/data/generated/gen_layered_levels8-density0.05_n2000_uniform_neg0_r2.json', '--config', '<project>/experiments/runs/main/7ed44c8899241482/resolved_config.json', '--output', '<project>/experiments/runs/main/7ed44c8899241482/result.json']",False,forest-tuned,497179,1.693691327,30.015200373,layered,0,0,2011,gen_layered_levels8-density0.05_n2000_uniform_neg0_r2,data/generated/gen_layered_levels8-density0.05_n2000_uniform_neg0_r2.json,c6bd36e31564c7e0a4c7e8746fa2577b34459671abe61d742b1b31434808d43f,495391,68,residual oracle did not certify optimality,2000,0.0,69,generated,28123136,497333,0.001630919,2.019779218,10.43969549,412176593,0,,0,7ed44c8899241482,30.02369737200206,time_limit,30.000300946,14.88929428,False
21857,493f6f942eca3576ac0253ad50581fbe0469e8e417d3f97011c676f7789871fd,,"""instance""",,,,forest-tuned,,,,layered,,,,gen_layered_levels8-density0.05_n2000_uniform_neg0_r2,data/generated/gen_layered_levels8-density0.05_n2000_uniform_neg0_r2.json,c6bd36e31564c7e0a4c7e8746fa2577b34459671abe61d742b1b31434808d43f,,,residual oracle did not certify optimality,2000,,,generated,,,,,,,,True,1,23ef5eaba7a25952,30.02369737200206,time_limit,,,False
21857,493f6f942eca3576ac0253ad50581fbe0469e8e417d3f97011c676f7789871fd,,"""instance""",,,,forest-tuned,,,,layered,,,,gen_layered_levels8-density0.05_n2000_uniform_neg0_r2,data/generated/gen_layered_levels8-density0.05_n2000_uniform_neg0_r2.json,c6bd36e31564c7e0a4c7e8746fa2577b34459671abe61d742b1b31434808d43f,,,residual oracle did not certify optimality,2000,,,generated,,,,,,,,True,2,7362f3ab2042d308,30.02369737200206,time_limit,,,False
21857,493f6f942eca3576ac0253ad50581fbe0469e8e417d3f97011c676f7789871fd,0,"""instance""",0.000715957,"['taskset', '-c', '2', '<project>/build/release/pclp', 'solve', '--instance', '<project>/data/generated/gen_layered_levels8-density0.05_n2000_uniform_neg0_r2.json', '--config', '<project>/experiments/runs/main/fe146cc27ef65bdf/resolved_config.json', '--output', '<project>/experiments/runs/main/fe146cc27ef65bdf/result.json']",False,parametric,0,0.0,0.074790583,layered,10067,252,0,gen_layered_levels8-density0.05_n2000_uniform_neg0_r2,data/generated/gen_layered_levels8-density0.05_n2000_uniform_neg0_r2.json,c6bd36e31564c7e0a4c7e8746fa2577b34459671abe61d742b1b31434808d43f,0,126,,2000,19837.504033926354,252,generated,28123136,0,0.001518586,0.0,0.0,0,0,,0,fe146cc27ef65bdf,0.08397220699407626,optimal,0.060203601,0.0,True
21857,493f6f942eca3576ac0253ad50581fbe0469e8e417d3f97011c676f7789871fd,0,"""instance""",0.000721553,"['taskset', '-c', '2', '<project>/build/release/pclp', 'solve', '--instance', '<project>/data/generated/gen_layered_levels8-density0.05_n2000_uniform_neg0_r2.json', '--config', '<project>/experiments/runs/main/b648f8aa191b0f9b/resolved_config.json', '--output', '<project>/experiments/runs/main/b648f8aa191b0f9b/result.json']",False,parametric,0,0.0,0.076900985,layered,10067,252,0,gen_layered_levels8-density0.05_n2000_uniform_neg0_r2,data/generated/gen_layered_levels8-density0.05_n2000_uniform_neg0_r2.json,c6bd36e31564c7e0a4c7e8746fa2577b34459671abe61d742b1b31434808d43f,0,126,,2000,19837.504033926354,252,generated,28123136,0,0.001613447,0.0,0.0,0,0,,1,b648f8aa191b0f9b,0.08465646399417892,optimal,0.062237133,0.0,True
21857,493f6f942eca3576ac0253ad50581fbe0469e8e417d3f97011c676f7789871fd,0,"""instance""",0.000712926,"['taskset', '-c', '2', '<project>/build/release/pclp', 'solve', '--instance', '<project>/data/generated/gen_layered_levels8-density0.05_n2000_uniform_neg0_r2.json', '--config', '<project>/experiments/runs/main/836bc97a778528ef/resolved_config.json', '--output', '<project>/experiments/runs/main/836bc97a778528ef/result.json']",False,parametric,0,0.0,0.075435857,layered,10067,252,0,gen_layered_levels8-density0.05_n2000_uniform_neg0_r2,data/generated/gen_layered_levels8-density0.05_n2000_uniform_neg0_r2.json,c6bd36e31564c7e0a4c7e8746fa2577b34459671abe61d742b1b31434808d43f,0,126,,2000,19837.504033926354,252,generated,28123136,0,0.001486576,0.0,0.0,0,0,,2,836bc97a778528ef,0.0825158819934586,optimal,0.060952066,0.0,True
232,493f6f942eca3576ac0253ad50581fbe0469e8e417d3f97011c676f7789871fd,0,"""instance""",2.7926e-05,"['taskset', '-c', '2', '<project>/build/release/pclp', 'solve', '--instance', '<project>/data/generated/gen_layered_levels8-density0.05_n200_uniform_neg60_r0.json', '--config', '<project>/experiments/runs/main/1e1e5402fd29a21a/resolved_config.json', '--output', '<project>/experiments/runs/main/1e1e5402fd29a21a/result.json']",False,dinkelbach,0,0.0,0.008532879,layered,9953,309,0,gen_layered_levels8-density0.05_n200_uniform_neg60_r0,data/generated/gen_layered_levels8-density0.05_n200_uniform_neg60_r0.json,c23b4db18b88e92aaf93eba448ba5bfd541c9e38d72b1c6b10d4f21e58cfe0a6,0,36,,200,1911.090909090909,37,generated,23695360,0,6.5581e-05,0.0,0.0,0,0,,0,1e1e5402fd29a21a,0.012411286006681621,optimal,0.008105028,0.0,True
232,493f6f942eca3576ac0253ad50581fbe0469e8e417d3f97011c676f7789871fd,0,"""instance""",2.7523e-05,"['taskset', '-c', '2', '<project>/build/release/pclp', 'solve', '--instance', '<project>/data/generated/gen_layered_levels8-density0.05_n200_uniform_neg60_r0.json', '--config', '<project>/experiments/runs/main/16e2f40dd12851fa/resolved_config.json', '--output', '<project>/experiments/runs/main/16e2f40dd12851fa/result.json']",False,dinkelbach,0,0.0,0.008463937,layered,9953,309,0,gen_layered_levels8-density0.05_n200_uniform_neg60_r0,data/generated/gen_layered_levels8-density0.05_n200_uniform_neg60_r0.json,c23b4db18b88e92aaf93eba448ba5bfd541c9e38d72b1c6b10d4f21e58cfe0a6,0,36,,200,1911.090909090909,37,generated,23695360,0,6.2201e-05,0.0,0.0,0,0,,1,16e2f40dd12851fa,0.012120469007641077,optimal,0.008056429,0.0,True
232,493f6f942eca3576ac0253ad50581fbe0469e8e417d3f97011c676f7789871fd,0,"""instance""",2.7628e-05,"['taskset', '-c', '2', '<project>/build/release/pclp', 'solve', '--instance', '<project>/data/generated/gen_layered_levels8-density0.05_n200_uniform_neg60_r0.json', '--config', '<project>/experiments/runs/main/c3640c4671f4d9f4/resolved_config.json', '--output', '<project>/experiments/runs/main/c3640c4671f4d9f4/result.json']",False,dinkelbach,0,0.0,0.008508951,layered,9953,309,0,gen_layered_levels8-density0.05_n200_uniform_neg60_r0,data/generated/gen_layered_levels8-density0.05_n200_uniform_neg60_r0.json,c23b4db18b88e92aaf93eba448ba5bfd541c9e38d72b1c6b10d4f21e58cfe0a6,0,36,,200,1911.090909090909,37,generated,23695360,0,6.0609e-05,0.0,0.0,0,0,,2,c3640c4671f4d9f4,0.011695590990711935,optimal,0.008111941,0.0,True
232,493f6f942eca3576ac0253ad50581fbe0469e8e417d3f97011c676f7789871fd,235117,"""instance""",3.0802e-05,"['taskset', '-c', '2', '<project>/build/release/pclp', 'solve', '--instance', '<project>/data/generated/gen_layered_levels8-density0.05_n200_uniform_neg60_r0.json', '--config', '<project>/experiments/runs/main/5fb14be6b23ee907/resolved_config.json', '--output', '<project>/experiments/runs/main/5fb14be6b23ee907/result.json']",False,forest-reference,1298,0.000291776,0.008747877,layered,0,0,1477,gen_layered_levels8-density0.05_n200_uniform_neg60_r0,data/generated/gen_layered_levels8-density0.05_n200_uniform_neg60_r0.json,c23b4db18b88e92aaf93eba448ba5bfd541c9e38d72b1c6b10d4f21e58cfe0a6,0,36,,200,1911.090909090909,39,generated,23695360,1438,6.1916e-05,0.001868971,0.00119233,236594,0,,0,5fb14be6b23ee907,0.01284626399865374,optimal,0.008337387,0.004244525,True
232,493f6f942eca3576ac0253ad50581fbe0469e8e417d3f97011c676f7789871fd,235117,"""instance""",2.8814e-05,"['taskset', '-c', '2', '<project>/build/release/pclp', 'solve', '--instance', '<project>/data/generated/gen_layered_levels8-density0.05_n200_uniform_neg60_r0.json', '--config', '<project>/experiments/runs/main/241ed543a818a08f/resolved_config.json', '--output', '<project>/experiments/runs/main/241ed543a818a08f/result.json']",False,forest-reference,1298,0.00046917,0.008635096,layered,0,0,1477,gen_layered_levels8-density0.05_n200_uniform_neg60_r0,data/generated/gen_layered_levels8-density0.05_n200_uniform_neg60_r0.json,c23b4db18b88e92aaf93eba448ba5bfd541c9e38d72b1c6b10d4f21e58cfe0a6,0,36,,200,1911.090909090909,39,generated,23695360,1438,6.0537e-05,0.001839459,0.001154449,236594,0,,1,241ed543a818a08f,0.012668506999034435,optimal,0.008225291,0.004050205,True
232,493f6f942eca3576ac0253ad50581fbe0469e8e417d3f97011c676f7789871fd,235117,"""instance""",2.8953e-05,"['taskset', '-c', '2', '<project>/build/release/pclp', 'solve', '--instance', '<project>/data/generated/gen_layered_levels8-density0.05_n200_uniform_neg60_r0.json', '--config', '<project>/experiments/runs/main/9b9a49cb1d41125d/resolved_config.json', '--output', '<project>/experiments/runs/main/9b9a49cb1d41125d/result.json']",False,forest-reference,1298,0.000288657,0.008546229,layered,0,0,1477,gen_layered_levels8-density0.05_n200_uniform_neg60_r0,data/generated/gen_layered_levels8-density0.05_n200_uniform_neg60_r0.json,c23b4db18b88e92aaf93eba448ba5bfd541c9e38d72b1c6b10d4f21e58cfe0a6,0,36,,200,1911.090909090909,39,generated,23695360,1438,6.1845e-05,0.001835202,0.001161828,236594,0,,2,9b9a49cb1d41125d,0.012253107997821644,optimal,0.008119191,0.004119575,True
232,493f6f942eca3576ac0253ad50581fbe0469e8e417d3f97011c676f7789871fd,159719,"""instance""",2.724e-05,"['taskset', '-c', '2', '<project>/build/release/pclp', 'solve', '--instance', '<project>/data/generated/gen_layered_levels8-density0.05_n200_uniform_neg60_r0.json', '--config', '<project>/experiments/runs/main/40a4e892a2701f3d/resolved_config.json', '--output', '<project>/experiments/runs/main/40a4e892a2701f3d/result.json']",False,forest-tuned,3816,0.000937011,0.011425284,layered,0,0,52,gen_layered_levels8-density0.05_n200_uniform_neg60_r0,data/generated/gen_layered_levels8-density0.05_n200_uniform_neg60_r0.json,c23b4db18b88e92aaf93eba448ba5bfd541c9e38d72b1c6b10d4f21e58cfe0a6,3852,36,,200,1911.090909090909,37,generated,23695360,3867,5.8254e-05,0.002042442,0.001557731,104561,0,,0,40a4e892a2701f3d,0.015433612003107555,optimal,0.011021904,0.004257726,True
232,493f6f942eca3576ac0253ad50581fbe0469e8e417d3f97011c676f7789871fd,159719,"""instance""",2.8129e-05,"['taskset', '-c', '2', '<project>/build/release/pclp', 'solve', '--instance', '<project>/data/generated/gen_layered_levels8-density0.05_n200_uniform_neg60_r0.json', '--config', '<project>/experiments/runs/main/e69fd42bc37d41a5/resolved_config.json', '--output', '<project>/experiments/runs/main/e69fd42bc37d41a5/result.json']",False,forest-tuned,3816,0.000944324,0.011528685,layered,0,0,52,gen_layered_levels8-density0.05_n200_uniform_neg60_r0,data/generated/gen_layered_levels8-density0.05_n200_uniform_neg60_r0.json,c23b4db18b88e92aaf93eba448ba5bfd541c9e38d72b1c6b10d4f21e58cfe0a6,3852,36,,200,1911.090909090909,37,generated,23695360,3867,6.7792e-05,0.002046588,0.001591639,104561,0,,1,e69fd42bc37d41a5,0.016973375997622497,optimal,0.011098867,0.004273145,True
232,493f6f942eca3576ac0253ad50581fbe0469e8e417d3f97011c676f7789871fd,159719,"""instance""",2.7976e-05,"['taskset', '-c', '2', '<project>/build/release/pclp', 'solve', '--instance', '<project>/data/generated/gen_layered_levels8-density0.05_n200_uniform_neg60_r0.json', '--config', '<project>/experiments/runs/main/519ce5019bfc4f92/resolved_config.json', '--output', '<project>/experiments/runs/main/519ce5019bfc4f92/result.json']",False,forest-tuned,3816,0.000950567,0.011925376,layered,0,0,52,gen_layered_levels8-density0.05_n200_uniform_neg60_r0,data/generated/gen_layered_levels8-density0.05_n200_uniform_neg60_r0.json,c23b4db18b88e92aaf93eba448ba5bfd541c9e38d72b1c6b10d4f21e58cfe0a6,3852,36,,200,1911.090909090909,37,generated,23695360,3867,6.4491e-05,0.0020519,0.001579692,104561,0,,2,519ce5019bfc4f92,0.016600121001829393,optimal,0.011127607,0.004297183,True
232,493f6f942eca3576ac0253ad50581fbe0469e8e417d3f97011c676f7789871fd,0,"""instance""",2.8006e-05,"['taskset', '-c', '2', '<project>/build/release/pclp', 'solve', '--instance', '<project>/data/generated/gen_layered_levels8-density0.05_n200_uniform_neg60_r0.json', '--config', '<project>/experiments/runs/main/704727587c1dd0ef/resolved_config.json', '--output', '<project>/experiments/runs/main/704727587c1dd0ef/result.json']",False,parametric,0,0.0,0.001321963,layered,521,73,0,gen_layered_levels8-density0.05_n200_uniform_neg60_r0,data/generated/gen_layered_levels8-density0.05_n200_uniform_neg60_r0.json,c23b4db18b88e92aaf93eba448ba5bfd541c9e38d72b1c6b10d4f21e58cfe0a6,0,36,,200,1911.090909090909,72,generated,23752704,0,6.1354e-05,0.0,0.0,0,0,,0,704727587c1dd0ef,0.004879703003098257,optimal,0.000930104,0.0,True
232,493f6f942eca3576ac0253ad50581fbe0469e8e417d3f97011c676f7789871fd,0,"""instance""",2.8131e-05,"['taskset', '-c', '2', '<project>/build/release/pclp', 'solve', '--instance', '<project>/data/generated/gen_layered_levels8-density0.05_n200_uniform_neg60_r0.json', '--config', '<project>/experiments/runs/main/f2942f57c33bcc36/resolved_config.json', '--output', '<project>/experiments/runs/main/f2942f57c33bcc36/result.json']",False,parametric,0,0.0,0.001304605,layered,521,73,0,gen_layered_levels8-density0.05_n200_uniform_neg60_r0,data/generated/gen_layered_levels8-density0.05_n200_uniform_neg60_r0.json,c23b4db18b88e92aaf93eba448ba5bfd541c9e38d72b1c6b10d4f21e58cfe0a6,0,36,,200,1911.090909090909,72,generated,23752704,0,5.9578e-05,0.0,0.0,0,0,,1,f2942f57c33bcc36,0.004312001998187043,optimal,0.000916597,0.0,True
232,493f6f942eca3576ac0253ad50581fbe0469e8e417d3f97011c676f7789871fd,0,"""instance""",2.8923e-05,"['taskset', '-c', '2', '<project>/build/release/pclp', 'solve', '--instance', '<project>/data/generated/gen_layered_levels8-density0.05_n200_uniform_neg60_r0.json', '--config', '<project>/experiments/runs/main/1b98384c5ad5e9af/resolved_config.json', '--output', '<project>/experiments/runs/main/1b98384c5ad5e9af/result.json']",False,parametric,0,0.0,0.001349727,layered,521,73,0,gen_layered_levels8-density0.05_n200_uniform_neg60_r0,data/generated/gen_layered_levels8-density0.05_n200_uniform_neg60_r0.json,c23b4db18b88e92aaf93eba448ba5bfd541c9e38d72b1c6b10d4f21e58cfe0a6,0,36,,200,1911.090909090909,72,generated,23752704,0,6.1922e-05,0.0,0.0,0,0,,2,1b98384c5ad5e9af,0.00486775700119324,optimal,0.00093692,0.0,True
213,493f6f942eca3576ac0253ad50581fbe0469e8e417d3f97011c676f7789871fd,0,"""instance""",2.6572e-05,"['taskset', '-c', '2', '<project>/build/release/pclp', 'solve', '--instance', '<project>/data/generated/gen_layered_levels8-density0.05_n200_uniform_neg60_r1.json', '--config', '<project>/experiments/runs/main/633f1f476ffa5d86/resolved_config.json', '--output', '<project>/experiments/runs/main/633f1f476ffa5d86/result.json']",False,dinkelbach,0,0.0,0.009633818,layered,11685,398,0,gen_layered_levels8-density0.05_n200_uniform_neg60_r1,data/generated/gen_layered_levels8-density0.05_n200_uniform_neg60_r1.json,287879093a7dc5c033377f2f5e36fca44f77c35cf87de7cee986086f2ac3846b,0,39,,200,400.2606875,40,generated,23900160,0,6.2381e-05,0.0,0.0,0,0,,0,633f1f476ffa5d86,0.012861465002060868,optimal,0.009197439,0.0,True
213,493f6f942eca3576ac0253ad50581fbe0469e8e417d3f97011c676f7789871fd,0,"""instance""",2.5671e-05,"['taskset', '-c', '2', '<project>/build/release/pclp', 'solve', '--instance', '<project>/data/generated/gen_layered_levels8-density0.05_n200_uniform_neg60_r1.json', '--config', '<project>/experiments/runs/main/e4e319bc9151c82a/resolved_config.json', '--output', '<project>/experiments/runs/main/e4e319bc9151c82a/result.json']",False,dinkelbach,0,0.0,0.00937792,layered,11685,398,0,gen_layered_levels8-density0.05_n200_uniform_neg60_r1,data/generated/gen_layered_levels8-density0.05_n200_uniform_neg60_r1.json,287879093a7dc5c033377f2f5e36fca44f77c35cf87de7cee986086f2ac3846b,0,39,,200,400.2606875,40,generated,23900160,0,6.3055e-05,0.0,0.0,0,0,,1,e4e319bc9151c82a,0.013632734000566415,optimal,0.008961631,0.0,True
213,493f6f942eca3576ac0253ad50581fbe0469e8e417d3f97011c676f7789871fd,0,"""instance""",2.6677e-05,"['taskset', '-c', '2', '<project>/build/release/pclp', 'solve', '--instance', '<project>/data/generated/gen_layered_levels8-density0.05_n200_uniform_neg60_r1.json', '--config', '<project>/experiments/runs/main/87355967e31288a1/resolved_config.json', '--output', '<project>/experiments/runs/main/87355967e31288a1/result.json']",False,dinkelbach,0,0.0,0.009579698,layered,11685,398,0,gen_layered_levels8-density0.05_n200_uniform_neg60_r1,data/generated/gen_layered_levels8-density0.05_n200_uniform_neg60_r1.json,287879093a7dc5c033377f2f5e36fca44f77c35cf87de7cee986086f2ac3846b,0,39,,200,400.2606875,40,generated,24051712,0,6.2998e-05,0.0,0.0,0,0,,2,87355967e31288a1,0.013127065991284326,optimal,0.009144074,0.0,True
213,493f6f942eca3576ac0253ad50581fbe0469e8e417d3f97011c676f7789871fd,220459,"""instance""",2.7837e-05,"['taskset', '-c', '2', '<project>/build/release/pclp', 'solve', '--instance', '<project>/data/generated/gen_layered_levels8-density0.05_n200_uniform_neg60_r1.json', '--config', '<project>/experiments/runs/main/bb6ad570db058ed3/resolved_config.json', '--output', '<project>/experiments/runs/main/bb6ad570db058ed3/result.json']",False,forest-reference,1064,0.000258598,0.00793601,layered,0,0,1277,gen_layered_levels8-density0.05_n200_uniform_neg60_r1,data/generated/gen_layered_levels8-density0.05_n200_uniform_neg60_r1.json,287879093a7dc5c033377f2f5e36fca44f77c35cf87de7cee986086f2ac3846b,0,39,,200,400.2606875,40,generated,23752704,1237,6.2535e-05,0.001764387,0.001053587,221736,0,,0,bb6ad570db058ed3,0.010948490002192557,optimal,0.007498826,0.003773697,True
213,493f6f942eca3576ac0253ad50581fbe0469e8e417d3f97011c676f7789871fd,220459,"""instance""",2.6875e-05,"['taskset', '-c', '2', '<project>/build/release/pclp', 'solve', '--instance', '<project>/data/generated/gen_layered_levels8-density0.05_n200_uniform_neg60_r1.json', '--config', '<project>/experiments/runs/main/05846f4faf0821d8/resolved_config.json', '--output', '<project>/experiments/runs/main/05846f4faf0821d8/result.json']",False,forest-reference,1064,0.000253654,0.007857626,layered,0,0,1277,gen_layered_levels8-density0.05_n200_uniform_neg60_r1,data/generated/gen_layered_levels8-density0.05_n200_uniform_neg60_r1.json,287879093a7dc5c033377f2f5e36fca44f77c35cf87de7cee986086f2ac3846b,0,39,,200,400.2606875,40,generated,23752704,1237,6.0493e-05,0.001753662,0.001038468,221736,0,,1,05846f4faf0821d8,0.011559025995666161,optimal,0.007446436,0.003758321,True
213,493f6f942eca3576ac0253ad50581fbe0469e8e417d3f97011c676f7789871fd,220459,"""instance""",3.147e-05,"['taskset', '-c', '2', '<project>/build/release/pclp', 'solve', '--instance', '<project>/data/generated/gen_layered_levels8-density0.05_n200_uniform_neg60_r1.json', '--config', '<project>/experiments/runs/main/f6d78cb86c6c19fd/resolved_config.json', '--output', '<project>/experiments/runs/main/f6d78cb86c6c19fd/result.json']",False,forest-reference,1064,0.000253961,0.007896182,layered,0,0,1277,gen_layered_levels8-density0.05_n200_uniform_neg60_r1,data/generated/gen_layered_levels8-density0.05_n200_uniform_neg60_r1.json,287879093a7dc5c033377f2f5e36fca44f77c35cf87de7cee986086f2ac3846b,0,39,,200,400.2606875,40,generated,23752704,1237,6.1936e-05,0.001750727,0.001043166,221736,0,,2,f6d78cb86c6c19fd,0.010918636995484121,optimal,0.007480953,0.003786184,True
213,493f6f942eca3576ac0253ad50581fbe0469e8e417d3f97011c676f7789871fd,228566,"""instance""",2.8001e-05,"['taskset', '-c', '2', '<project>/build/release/pclp', 'solve', '--instance', '<project>/data/generated/gen_layered_levels8-density0.05_n200_uniform_neg60_r1.json', '--config', '<project>/experiments/runs/main/1d2edeef3a65b976/resolved_config.json', '--output', '<project>/experiments/runs/main/1d2edeef3a65b976/result.json']",False,forest-tuned,5102,0.001416787,0.016203452,layered,0,0,60,gen_layered_levels8-density0.05_n200_uniform_neg60_r1,data/generated/gen_layered_levels8-density0.05_n200_uniform_neg60_r1.json,287879093a7dc5c033377f2f5e36fca44f77c35cf87de7cee986086f2ac3846b,5120,39,,200,400.2606875,40,generated,23752704,5140,6.2843e-05,0.002942513,0.002093251,152130,0,,0,1d2edeef3a65b976,0.0206172059988603,optimal,0.015782658,0.006430477,True
213,493f6f942eca3576ac0253ad50581fbe0469e8e417d3f97011c676f7789871fd,228566,"""instance""",2.7662e-05,"['taskset', '-c', '2', '<project>/build/release/pclp', 'solve', '--instance', '<project>/data/generated/gen_layered_levels8-density0.05_n200_uniform_neg60_r1.json', '--config', '<project>/experiments/runs/main/25a9a64f6f1f0077/resolved_config.json', '--output', '<project>/experiments/runs/main/25a9a64f6f1f0077/result.json']",False,forest-tuned,5102,0.001400952,0.016178398,layered,0,0,60,gen_layered_levels8-density0.05_n200_uniform_neg60_r1,data/generated/gen_layered_levels8-density0.05_n200_uniform_neg60_r1.json,287879093a7dc5c033377f2f5e36fca44f77c35cf87de7cee986086f2ac3846b,5120,39,,200,400.2606875,40,generated,23752704,5140,5.9812e-05,0.002947399,0.002092171,152130,0,,1,25a9a64f6f1f0077,0.02139229199383408,optimal,0.015756979,0.006446504,True
213,493f6f942eca3576ac0253ad50581fbe0469e8e417d3f97011c676f7789871fd,228566,"""instance""",2.9954e-05,"['taskset', '-c', '2', '<project>/build/release/pclp', 'solve', '--instance', '<project>/data/generated/gen_layered_levels8-density0.05_n200_uniform_neg60_r1.json', '--config', '<project>/experiments/runs/main/b748b31e3ad011e2/resolved_config.json', '--output', '<project>/experiments/runs/main/b748b31e3ad011e2/result.json']",False,forest-tuned,5102,0.001423256,0.016429163,layered,0,0,60,gen_layered_levels8-density0.05_n200_uniform_neg60_r1,data/generated/gen_layered_levels8-density0.05_n200_uniform_neg60_r1.json,287879093a7dc5c033377f2f5e36fca44f77c35cf87de7cee986086f2ac3846b,5120,39,,200,400.2606875,40,generated,23879680,5140,6.1877e-05,0.002992208,0.0020983209999999998,152130,0,,2,b748b31e3ad011e2,0.021515540007385425,optimal,0.0159777,0.006509069,True
213,493f6f942eca3576ac0253ad50581fbe0469e8e417d3f97011c676f7789871fd,0,"""instance""",2.8387e-05,"['taskset', '-c', '2', '<project>/build/release/pclp', 'solve', '--instance', '<project>/data/generated/gen_layered_levels8-density0.05_n200_uniform_neg60_r1.json', '--config', '<project>/experiments/runs/main/24091e30670a73e3/resolved_config.json', '--output', '<project>/experiments/runs/main/24091e30670a73e3/result.json']",False,parametric,0,0.0,0.000974915,layered,126,79,0,gen_layered_levels8-density0.05_n200_uniform_neg60_r1,data/generated/gen_layered_levels8-density0.05_n200_uniform_neg60_r1.json,287879093a7dc5c033377f2f5e36fca44f77c35cf87de7cee986086f2ac3846b,0,39,,200,400.2606875,78,generated,24051712,0,7.8867e-05,0.0,0.0,0,0,,0,24091e30670a73e3,0.009713584993733093,optimal,0.000546706,0.0,True
213,493f6f942eca3576ac0253ad50581fbe0469e8e417d3f97011c676f7789871fd,0,"""instance""",2.7123e-05,"['taskset', '-c', '2', '<project>/build/release/pclp', 'solve', '--instance', '<project>/data/generated/gen_layered_levels8-density0.05_n200_uniform_neg60_r1.json', '--config', '<project>/experiments/runs/main/183b7b6c549316e9/resolved_config.json', '--output', '<project>/experiments/runs/main/183b7b6c549316e9/result.json']",False,parametric,0,0.0,0.00094379,layered,126,79,0,gen_layered_levels8-density0.05_n200_uniform_neg60_r1,data/generated/gen_layered_levels8-density0.05_n200_uniform_neg60_r1.json,287879093a7dc5c033377f2f5e36fca44f77c35cf87de7cee986086f2ac3846b,0,39,,200,400.2606875,78,generated,24051712,0,6.2345e-05,0.0,0.0,0,0,,1,183b7b6c549316e9,0.004072832001838833,optimal,0.000525409,0.0,True
213,493f6f942eca3576ac0253ad50581fbe0469e8e417d3f97011c676f7789871fd,0,"""instance""",2.6764e-05,"['taskset', '-c', '2', '<project>/build/release/pclp', 'solve', '--instance', '<project>/data/generated/gen_layered_levels8-density0.05_n200_uniform_neg60_r1.json', '--config', '<project>/experiments/runs/main/2d2126109872fbef/resolved_config.json', '--output', '<project>/experiments/runs/main/2d2126109872fbef/result.json']",False,parametric,0,0.0,0.00093653,layered,126,79,0,gen_layered_levels8-density0.05_n200_uniform_neg60_r1,data/generated/gen_layered_levels8-density0.05_n200_uniform_neg60_r1.json,287879093a7dc5c033377f2f5e36fca44f77c35cf87de7cee986086f2ac3846b,0,39,,200,400.2606875,78,generated,24051712,0,6.3335e-05,0.0,0.0,0,0,,2,2d2126109872fbef,0.004080504993908107,optimal,0.000524197,0.0,True
251,493f6f942eca3576ac0253ad50581fbe0469e8e417d3f97011c676f7789871fd,0,"""instance""",3.2469e-05,"['taskset', '-c', '2', '<project>/build/release/pclp', 'solve', '--instance', '<project>/data/generated/gen_layered_levels8-density0.05_n200_uniform_neg60_r2.json', '--config', '<project>/experiments/runs/main/276974c022679778/resolved_config.json', '--output', '<project>/experiments/runs/main/276974c022679778/result.json']",False,dinkelbach,0,0.0,0.007051783,layered,6118,275,0,gen_layered_levels8-density0.05_n200_uniform_neg60_r2,data/generated/gen_layered_levels8-density0.05_n200_uniform_neg60_r2.json,6789a29f625a953b6070b583f11a730b0c4685fd54aa5bdca04aef4b069e19f1,0,32,,200,1797.2987804878048,33,generated,24051712,0,7.1946e-05,0.0,0.0,0,0,,0,276974c022679778,0.01054557399766054,optimal,0.00660552,0.0,True
251,493f6f942eca3576ac0253ad50581fbe0469e8e417d3f97011c676f7789871fd,0,"""instance""",3.0401e-05,"['taskset', '-c', '2', '<project>/build/release/pclp', 'solve', '--instance', '<project>/data/generated/gen_layered_levels8-density0.05_n200_uniform_neg60_r2.json', '--config', '<project>/experiments/runs/main/5855b7be59073add/resolved_config.json', '--output', '<project>/experiments/runs/main/5855b7be59073add/result.json']",False,dinkelbach,0,0.0,0.007104552,layered,6118,275,0,gen_layered_levels8-density0.05_n200_uniform_neg60_r2,data/generated/gen_layered_levels8-density0.05_n200_uniform_neg60_r2.json,6789a29f625a953b6070b583f11a730b0c4685fd54aa5bdca04aef4b069e19f1,0,32,,200,1797.2987804878048,33,generated,24051712,0,6.3824e-05,0.0,0.0,0,0,,1,5855b7be59073add,0.010360040003433824,optimal,0.006656939,0.0,True
251,493f6f942eca3576ac0253ad50581fbe0469e8e417d3f97011c676f7789871fd,0,"""instance""",2.9088e-05,"['taskset', '-c', '2', '<project>/build/release/pclp', 'solve', '--instance', '<project>/data/generated/gen_layered_levels8-density0.05_n200_uniform_neg60_r2.json', '--config', '<project>/experiments/runs/main/f6bf4ade973582a2/resolved_config.json', '--output', '<project>/experiments/runs/main/f6bf4ade973582a2/result.json']",False,dinkelbach,0,0.0,0.007085486,layered,6118,275,0,gen_layered_levels8-density0.05_n200_uniform_neg60_r2,data/generated/gen_layered_levels8-density0.05_n200_uniform_neg60_r2.json,6789a29f625a953b6070b583f11a730b0c4685fd54aa5bdca04aef4b069e19f1,0,32,,200,1797.2987804878048,33,generated,24051712,0,6.3319e-05,0.0,0.0,0,0,,2,f6bf4ade973582a2,0.014105661990470253,optimal,0.006651966,0.0,True
251,493f6f942eca3576ac0253ad50581fbe0469e8e417d3f97011c676f7789871fd,159913,"""instance""",3.2434e-05,"['taskset', '-c', '2', '<project>/build/release/pclp', 'solve', '--instance', '<project>/data/generated/gen_layered_levels8-density0.05_n200_uniform_neg60_r2.json', '--config', '<project>/experiments/runs/main/26cd045de2981539/resolved_config.json', '--output', '<project>/experiments/runs/main/26cd045de2981539/result.json']",False,forest-reference,856,0.000230814,0.006563096,layered,0,0,1023,gen_layered_levels8-density0.05_n200_uniform_neg60_r2,data/generated/gen_layered_levels8-density0.05_n200_uniform_neg60_r2.json,6789a29f625a953b6070b583f11a730b0c4685fd54aa5bdca04aef4b069e19f1,0,32,,200,1797.2987804878048,41,generated,24051712,982,6.4806e-05,0.001308106,0.000973911,160936,0,,0,26cd045de2981539,0.009528296010103077,optimal,0.006133027,0.002974417,True
251,493f6f942eca3576ac0253ad50581fbe0469e8e417d3f97011c676f7789871fd,159913,"""instance""",3.2246e-05,"['taskset', '-c', '2', '<project>/build/release/pclp', 'solve', '--instance', '<project>/data/generated/gen_layered_levels8-density0.05_n200_uniform_neg60_r2.json', '--config', '<project>/experiments/runs/main/606295e35e97936f/resolved_config.json', '--output', '<project>/experiments/runs/main/606295e35e97936f/result.json']",False,forest-reference,856,0.000230615,0.006623169,layered,0,0,1023,gen_layered_levels8-density0.05_n200_uniform_neg60_r2,data/generated/gen_layered_levels8-density0.05_n200_uniform_neg60_r2.json,6789a29f625a953b6070b583f11a730b0c4685fd54aa5bdca04aef4b069e19f1,0,32,,200,1797.2987804878048,41,generated,24051712,982,6.6675e-05,0.001311693,0.000988803,160936,0,,1,606295e35e97936f,0.009781314991414547,optimal,0.006179712,0.002991372,True
251,493f6f942eca3576ac0253ad50581fbe0469e8e417d3f97011c676f7789871fd,159913,"""instance""",3.1475e-05,"['taskset', '-c', '2', '<project>/build/release/pclp', 'solve', '--instance', '<project>/data/generated/gen_layered_levels8-density0.05_n200_uniform_neg60_r2.json', '--config', '<project>/experiments/runs/main/a562f0ae6e834a95/resolved_config.json', '--output', '<project>/experiments/runs/main/a562f0ae6e834a95/result.json']",False,forest-reference,856,0.000228644,0.006606901,layered,0,0,1023,gen_layered_levels8-density0.05_n200_uniform_neg60_r2,data/generated/gen_layered_levels8-density0.05_n200_uniform_neg60_r2.json,6789a29f625a953b6070b583f11a730b0c4685fd54aa5bdca04aef4b069e19f1,0,32,,200,1797.2987804878048,41,generated,24051712,982,6.4802e-05,0.001305167,0.000997661,160936,0,,2,a562f0ae6e834a95,0.009972421001293696,optimal,0.00616631,0.002986971,True
251,493f6f942eca3576ac0253ad50581fbe0469e8e417d3f97011c676f7789871fd,188923,"""instance""",3.1693e-05,"['taskset', '-c', '2', '<project>/build/release/pclp', 'solve', '--instance', '<project>/data/generated/gen_layered_levels8-density0.05_n200_uniform_neg60_r2.json', '--config', '<project>/experiments/runs/main/c58a01f2b9144ee4/resolved_config.json', '--output', '<project>/experiments/runs/main/c58a01f2b9144ee4/result.json']",False,forest-tuned,4362,0.001262929,0.014129736,layered,0,0,50,gen_layered_levels8-density0.05_n200_uniform_neg60_r2,data/generated/gen_layered_levels8-density0.05_n200_uniform_neg60_r2.json,6789a29f625a953b6070b583f11a730b0c4685fd54aa5bdca04aef4b069e19f1,4385,32,,200,1797.2987804878048,33,generated,24051712,4402,6.4805e-05,0.002527552,0.001717154,129795,0,,0,c58a01f2b9144ee4,0.017686096995021217,optimal,0.013675664,0.005606868,True
251,493f6f942eca3576ac0253ad50581fbe0469e8e417d3f97011c676f7789871fd,188923,"""instance""",3e-05,"['taskset', '-c', '2', '<project>/build/release/pclp', 'solve', '--instance', '<project>/data/generated/gen_layered_levels8-density0.05_n200_uniform_neg60_r2.json', '--config', '<project>/experiments/runs/main/7bf60a9cb508052a/resolved_config.json', '--output', '<project>/experiments/runs/main/7bf60a9cb508052a/result.json']",False,forest-tuned,4362,0.001272943,0.014158561,layered,0,0,50,gen_layered_levels8-density0.05_n200_uniform_neg60_r2,data/generated/gen_layered_levels8-density0.05_n200_uniform_neg60_r2.json,6789a29f625a953b6070b583f11a730b0c4685fd54aa5bdca04aef4b069e19f1,4385,32,,200,1797.2987804878048,33,generated,24051712,4402,6.4138e-05,0.002520026,0.00171633,129795,0,,1,7bf60a9cb508052a,0.018023942000581883,optimal,0.01370272,0.005628059,True
251,493f6f942eca3576ac0253ad50581fbe0469e8e417d3f97011c676f7789871fd,188923,"""instance""",3.2266e-05,"['taskset', '-c', '2', '<project>/build/release/pclp', 'solve', '--instance', '<project>/data/generated/gen_layered_levels8-density0.05_n200_uniform_neg60_r2.json', '--config', '<project>/experiments/runs/main/8d162970473a077f/resolved_config.json', '--output', '<project>/experiments/runs/main/8d162970473a077f/result.json']",False,forest-tuned,4362,0.001727317,0.014601206,layered,0,0,50,gen_layered_levels8-density0.05_n200_uniform_neg60_r2,data/generated/gen_layered_levels8-density0.05_n200_uniform_neg60_r2.json,6789a29f625a953b6070b583f11a730b0c4685fd54aa5bdca04aef4b069e19f1,4385,32,,200,1797.2987804878048,33,generated,24051712,4402,6.9784e-05,0.002519913,0.001739099,129795,0,,2,8d162970473a077f,0.018125671995221637,optimal,0.014153928,0.005596532,True
251,493f6f942eca3576ac0253ad50581fbe0469e8e417d3f97011c676f7789871fd,0,"""instance""",2.8096e-05,"['taskset', '-c', '2', '<project>/build/release/pclp', 'solve', '--instance', '<project>/data/generated/gen_layered_levels8-density0.05_n200_uniform_neg60_r2.json', '--config', '<project>/experiments/runs/main/6c999f7eef45dcf9/resolved_config.json', '--output', '<project>/experiments/runs/main/6c999f7eef45dcf9/result.json']",False,parametric,0,0.0,0.001184728,layered,347,65,0,gen_layered_levels8-density0.05_n200_uniform_neg60_r2,data/generated/gen_layered_levels8-density0.05_n200_uniform_neg60_r2.json,6789a29f625a953b6070b583f11a730b0c4685fd54aa5bdca04aef4b069e19f1,0,32,,200,1797.2987804878048,64,generated,24051712,0,6.3583e-05,0.0,0.0,0,0,,0,6c999f7eef45dcf9,0.00419725599931553,optimal,0.000765649,0.0,True
251,493f6f942eca3576ac0253ad50581fbe0469e8e417d3f97011c676f7789871fd,0,"""instance""",2.9785e-05,"['taskset', '-c', '2', '<project>/build/release/pclp', 'solve', '--instance', '<project>/data/generated/gen_layered_levels8-density0.05_n200_uniform_neg60_r2.json', '--config', '<project>/experiments/runs/main/413967f30f1d09a7/resolved_config.json', '--output', '<project>/experiments/runs/main/413967f30f1d09a7/result.json']",False,parametric,0,0.0,0.001164881,layered,347,65,0,gen_layered_levels8-density0.05_n200_uniform_neg60_r2,data/generated/gen_layered_levels8-density0.05_n200_uniform_neg60_r2.json,6789a29f625a953b6070b583f11a730b0c4685fd54aa5bdca04aef4b069e19f1,0,32,,200,1797.2987804878048,64,generated,24051712,0,6.1222e-05,0.0,0.0,0,0,,1,413967f30f1d09a7,0.004103081009816378,optimal,0.000748902,0.0,True
251,493f6f942eca3576ac0253ad50581fbe0469e8e417d3f97011c676f7789871fd,0,"""instance""",2.8153e-05,"['taskset', '-c', '2', '<project>/build/release/pclp', 'solve', '--instance', '<project>/data/generated/gen_layered_levels8-density0.05_n200_uniform_neg60_r2.json', '--config', '<project>/experiments/runs/main/a65f035202926b50/resolved_config.json', '--output', '<project>/experiments/runs/main/a65f035202926b50/result.json']",False,parametric,0,0.0,0.001174712,layered,347,65,0,gen_layered_levels8-density0.05_n200_uniform_neg60_r2,data/generated/gen_layered_levels8-density0.05_n200_uniform_neg60_r2.json,6789a29f625a953b6070b583f11a730b0c4685fd54aa5bdca04aef4b069e19f1,0,32,,200,1797.2987804878048,64,generated,24051712,0,6.2009e-05,0.0,0.0,0,0,,2,a65f035202926b50,0.004202630007057451,optimal,0.000763295,0.0,True
5976,493f6f942eca3576ac0253ad50581fbe0469e8e417d3f97011c676f7789871fd,0,"""instance""",0.00035902,"['taskset', '-c', '2', '<project>/build/release/pclp', 'solve', '--instance', '<project>/data/generated/gen_sparse_degree3_n2000_uniform_neg30_r0.json', '--config', '<project>/experiments/runs/main/fbaae1ee24b15f89/resolved_config.json', '--output', '<project>/experiments/runs/main/fbaae1ee24b15f89/result.json']",False,dinkelbach,0,0.0,0.676275876,sparse,392818,2348,0,gen_sparse_degree3_n2000_uniform_neg30_r0,data/generated/gen_sparse_degree3_n2000_uniform_neg30_r0.json,214504eb0a3c0949393dfc52c669f121f626a4633f0c7ebc3564b6133474ef1d,0,230,,2000,24468.069668820677,231,generated,28123136,0,0.000591752,0.0,0.0,0,0,,0,fbaae1ee24b15f89,0.6838374819926685,optimal,0.670964904,0.0,True
5976,493f6f942eca3576ac0253ad50581fbe0469e8e417d3f97011c676f7789871fd,0,"""instance""",0.0003557,"['taskset', '-c', '2', '<project>/build/release/pclp', 'solve', '--instance', '<project>/data/generated/gen_sparse_degree3_n2000_uniform_neg30_r0.json', '--config', '<project>/experiments/runs/main/cf895af280091f01/resolved_config.json', '--output', '<project>/experiments/runs/main/cf895af280091f01/result.json']",False,dinkelbach,0,0.0,0.722599734,sparse,392818,2348,0,gen_sparse_degree3_n2000_uniform_neg30_r0,data/generated/gen_sparse_degree3_n2000_uniform_neg30_r0.json,214504eb0a3c0949393dfc52c669f121f626a4633f0c7ebc3564b6133474ef1d,0,230,,2000,24468.069668820677,231,generated,28123136,0,0.000639824,0.0,0.0,0,0,,1,cf895af280091f01,0.7299143310083309,optimal,0.717324811,0.0,True
5976,493f6f942eca3576ac0253ad50581fbe0469e8e417d3f97011c676f7789871fd,0,"""instance""",0.000362263,"['taskset', '-c', '2', '<project>/build/release/pclp', 'solve', '--instance', '<project>/data/generated/gen_sparse_degree3_n2000_uniform_neg30_r0.json', '--config', '<project>/experiments/runs/main/11c709a41d241971/resolved_config.json', '--output', '<project>/experiments/runs/main/11c709a41d241971/result.json']",False,dinkelbach,0,0.0,0.718215839,sparse,392818,2348,0,gen_sparse_degree3_n2000_uniform_neg30_r0,data/generated/gen_sparse_degree3_n2000_uniform_neg30_r0.json,214504eb0a3c0949393dfc52c669f121f626a4633f0c7ebc3564b6133474ef1d,0,230,,2000,24468.069668820677,231,generated,28123136,0,0.000565586,0.0,0.0,0,0,,2,11c709a41d241971,0.7245292909938144,optimal,0.713081919,0.0,True
5976,493f6f942eca3576ac0253ad50581fbe0469e8e417d3f97011c676f7789871fd,491300227,"""instance""",0.0,"['taskset', '-c', '2', '<project>/build/release/pclp', 'solve', '--instance', '<project>/data/generated/gen_sparse_degree3_n2000_uniform_neg30_r0.json', '--config', '<project>/experiments/runs/main/5544546ab69f5c0a/resolved_config.json', '--output', '<project>/experiments/runs/main/5544546ab69f5c0a/result.json']",False,forest-reference,245734,1.604995985,30.004574446,sparse,0,0,245774,gen_sparse_degree3_n2000_uniform_neg30_r0,data/generated/gen_sparse_degree3_n2000_uniform_neg30_r0.json,214504eb0a3c0949393dfc52c669f121f626a4633f0c7ebc3564b6133474ef1d,0,0,residual oracle did not certify optimality,2000,0.0,1,generated,28123136,245773,0.000563234,3.828050822,8.895625234,491548000,0,,0,5544546ab69f5c0a,30.011356834991602,time_limit,30.000231687,15.09824291,False
5976,493f6f942eca3576ac0253ad50581fbe0469e8e417d3f97011c676f7789871fd,,"""instance""",,,,forest-reference,,,,sparse,,,,gen_sparse_degree3_n2000_uniform_neg30_r0,data/generated/gen_sparse_degree3_n2000_uniform_neg30_r0.json,214504eb0a3c0949393dfc52c669f121f626a4633f0c7ebc3564b6133474ef1d,,,residual oracle did not certify optimality,2000,,,generated,,,,,,,,True,1,a7796de5fe310569,30.011356834991602,time_limit,,,False
5976,493f6f942eca3576ac0253ad50581fbe0469e8e417d3f97011c676f7789871fd,,"""instance""",,,,forest-reference,,,,sparse,,,,gen_sparse_degree3_n2000_uniform_neg30_r0,data/generated/gen_sparse_degree3_n2000_uniform_neg30_r0.json,214504eb0a3c0949393dfc52c669f121f626a4633f0c7ebc3564b6133474ef1d,,,residual oracle did not certify optimality,2000,,,generated,,,,,,,,True,2,9c746cd0ae1f6977,30.011356834991602,time_limit,,,False
5976,493f6f942eca3576ac0253ad50581fbe0469e8e417d3f97011c676f7789871fd,5535340,"""instance""",0.000353215,"['taskset', '-c', '2', '<project>/build/release/pclp', 'solve', '--instance', '<project>/data/generated/gen_sparse_degree3_n2000_uniform_neg30_r0.json', '--config', '<project>/experiments/runs/main/524d54c0be169417/resolved_config.json', '--output', '<project>/experiments/runs/main/524d54c0be169417/result.json']",False,forest-tuned,88067,0.139233943,0.896444045,sparse,0,0,577,gen_sparse_degree3_n2000_uniform_neg30_r0,data/generated/gen_sparse_degree3_n2000_uniform_neg30_r0.json,214504eb0a3c0949393dfc52c669f121f626a4633f0c7ebc3564b6133474ef1d,88420,230,,2000,24468.069668820677,231,generated,28123136,88766,0.000578273,0.072818452,0.132374192,10752244,0,,0,524d54c0be169417,0.9055609610077227,optimal,0.891414967,0.460908455,True
5976,493f6f942eca3576ac0253ad50581fbe0469e8e417d3f97011c676f7789871fd,5535340,"""instance""",0.00035306,"['taskset', '-c', '2', '<project>/build/release/pclp', 'solve', '--instance', '<project>/data/generated/gen_sparse_degree3_n2000_uniform_neg30_r0.json', '--config', '<project>/experiments/runs/main/420fa692680b92a4/resolved_config.json', '--output', '<project>/experiments/runs/main/420fa692680b92a4/result.json']",False,forest-tuned,88067,0.14440004,0.951647288,sparse,0,0,577,gen_sparse_degree3_n2000_uniform_neg30_r0,data/generated/gen_sparse_degree3_n2000_uniform_neg30_r0.json,214504eb0a3c0949393dfc52c669f121f626a4633f0c7ebc3564b6133474ef1d,88420,230,,2000,24468.069668820677,231,generated,28123136,88766,0.000624783,0.076092285,0.139648223,10752244,0,,1,420fa692680b92a4,0.9588888610014692,optimal,0.946365728,0.496276416,True
5976,493f6f942eca3576ac0253ad50581fbe0469e8e417d3f97011c676f7789871fd,5535340,"""instance""",0.00036027,"['taskset', '-c', '2', '<project>/build/release/pclp', 'solve', '--instance', '<project>/data/generated/gen_sparse_degree3_n2000_uniform_neg30_r0.json', '--config', '<project>/experiments/runs/main/dc3103f5d25f76ee/resolved_config.json', '--output', '<project>/experiments/runs/main/dc3103f5d25f76ee/result.json']",False,forest-tuned,88067,0.147382627,0.956542424,sparse,0,0,577,gen_sparse_degree3_n2000_uniform_neg30_r0,data/generated/gen_sparse_degree3_n2000_uniform_neg30_r0.json,214504eb0a3c0949393dfc52c669f121f626a4633f0c7ebc3564b6133474ef1d,88420,230,,2000,24468.069668820677,231,generated,28123136,88766,0.000610508,0.075507091,0.139875959,10752244,0,,2,dc3103f5d25f76ee,0.9624822170007974,optimal,0.951259148,0.498676265,True
5976,493f6f942eca3576ac0253ad50581fbe0469e8e417d3f97011c676f7789871fd,0,"""instance""",0.000364777,"['taskset', '-c', '2', '<project>/build/release/pclp', 'solve', '--instance', '<project>/data/generated/gen_sparse_degree3_n2000_uniform_neg30_r0.json', '--config', '<project>/experiments/runs/main/32190b2371c2ffea/resolved_config.json', '--output', '<project>/experiments/runs/main/32190b2371c2ffea/result.json']",False,parametric,0,0.0,0.057764162,sparse,9757,461,0,gen_sparse_degree3_n2000_uniform_neg30_r0,data/generated/gen_sparse_degree3_n2000_uniform_neg30_r0.json,214504eb0a3c0949393dfc52c669f121f626a4633f0c7ebc3564b6133474ef1d,0,230,,2000,24468.069668820677,460,generated,28123136,0,0.000613829,0.0,0.0,0,0,,0,32190b2371c2ffea,0.06292926199967042,optimal,0.05235362,0.0,True
5976,493f6f942eca3576ac0253ad50581fbe0469e8e417d3f97011c676f7789871fd,0,"""instance""",0.000371522,"['taskset', '-c', '2', '<project>/build/release/pclp', 'solve', '--instance', '<project>/data/generated/gen_sparse_degree3_n2000_uniform_neg30_r0.json', '--config', '<project>/experiments/runs/main/5b60abde71b1e1cb/resolved_config.json', '--output', '<project>/experiments/runs/main/5b60abde71b1e1cb/result.json']",False,parametric,0,0.0,0.058380012,sparse,9757,461,0,gen_sparse_degree3_n2000_uniform_neg30_r0,data/generated/gen_sparse_degree3_n2000_uniform_neg30_r0.json,214504eb0a3c0949393dfc52c669f121f626a4633f0c7ebc3564b6133474ef1d,0,230,,2000,24468.069668820677,460,generated,28123136,0,0.000599353,0.0,0.0,0,0,,1,5b60abde71b1e1cb,0.065127895999467,optimal,0.053040524,0.0,True
5976,493f6f942eca3576ac0253ad50581fbe0469e8e417d3f97011c676f7789871fd,0,"""instance""",0.000368503,"['taskset', '-c', '2', '<project>/build/release/pclp', 'solve', '--instance', '<project>/data/generated/gen_sparse_degree3_n2000_uniform_neg30_r0.json', '--config', '<project>/experiments/runs/main/4032cfab76ea60fb/resolved_config.json', '--output', '<project>/experiments/runs/main/4032cfab76ea60fb/result.json']",False,parametric,0,0.0,0.057835739,sparse,9757,461,0,gen_sparse_degree3_n2000_uniform_neg30_r0,data/generated/gen_sparse_degree3_n2000_uniform_neg30_r0.json,214504eb0a3c0949393dfc52c669f121f626a4633f0c7ebc3564b6133474ef1d,0,230,,2000,24468.069668820677,460,generated,28123136,0,0.000583368,0.0,0.0,0,0,,2,4032cfab76ea60fb,0.06449804500152823,optimal,0.052571855,0.0,True
5973,493f6f942eca3576ac0253ad50581fbe0469e8e417d3f97011c676f7789871fd,0,"""instance""",0.000370403,"['taskset', '-c', '2', '<project>/build/release/pclp', 'solve', '--instance', '<project>/data/generated/gen_sparse_degree3_n2000_uniform_neg30_r1.json', '--config', '<project>/experiments/runs/main/646aea2474db9ddd/resolved_config.json', '--output', '<project>/experiments/runs/main/646aea2474db9ddd/result.json']",False,dinkelbach,0,0.0,1.085087812,sparse,411623,762,0,gen_sparse_degree3_n2000_uniform_neg30_r1,data/generated/gen_sparse_degree3_n2000_uniform_neg30_r1.json,3fe2a43bb07cda9a6f9a9e71d6ecf67ba6352d3298cd6814f46069ffe1fd301e,0,75,,2000,2144.4268541666665,76,generated,28123136,0,0.000564448,0.0,0.0,0,0,,0,646aea2474db9ddd,1.0915260150068207,optimal,1.079920872,0.0,True
5973,493f6f942eca3576ac0253ad50581fbe0469e8e417d3f97011c676f7789871fd,0,"""instance""",0.000336378,"['taskset', '-c', '2', '<project>/build/release/pclp', 'solve', '--instance', '<project>/data/generated/gen_sparse_degree3_n2000_uniform_neg30_r1.json', '--config', '<project>/experiments/runs/main/03432380b39611d4/resolved_config.json', '--output', '<project>/experiments/runs/main/03432380b39611d4/result.json']",False,dinkelbach,0,0.0,1.127507061,sparse,411623,762,0,gen_sparse_degree3_n2000_uniform_neg30_r1,data/generated/gen_sparse_degree3_n2000_uniform_neg30_r1.json,3fe2a43bb07cda9a6f9a9e71d6ecf67ba6352d3298cd6814f46069ffe1fd301e,0,75,,2000,2144.4268541666665,76,generated,28123136,0,0.000601196,0.0,0.0,0,0,,1,03432380b39611d4,1.1359889669984113,optimal,1.122120921,0.0,True
5973,493f6f942eca3576ac0253ad50581fbe0469e8e417d3f97011c676f7789871fd,0,"""instance""",0.00036404,"['taskset', '-c', '2', '<project>/build/release/pclp', 'solve', '--instance', '<project>/data/generated/gen_sparse_degree3_n2000_uniform_neg30_r1.json', '--config', '<project>/experiments/runs/main/f849d67cedd26855/resolved_config.json', '--output', '<project>/experiments/runs/main/f849d67cedd26855/result.json']",False,dinkelbach,0,0.0,1.053881831,sparse,411623,762,0,gen_sparse_degree3_n2000_uniform_neg30_r1,data/generated/gen_sparse_degree3_n2000_uniform_neg30_r1.json,3fe2a43bb07cda9a6f9a9e71d6ecf67ba6352d3298cd6814f46069ffe1fd301e,0,75,,2000,2144.4268541666665,76,generated,28123136,0,0.000548017,0.0,0.0,0,0,,2,f849d67cedd26855,1.0607346870092442,optimal,1.048795144,0.0,True
5973,493f6f942eca3576ac0253ad50581fbe0469e8e417d3f97011c676f7789871fd,609824217,"""instance""",0.0,"['taskset', '-c', '2', '<project>/build/release/pclp', 'solve', '--instance', '<project>/data/generated/gen_sparse_degree3_n2000_uniform_neg30_r1.json', '--config', '<project>/experiments/runs/main/42fdfe734f7d20f4/resolved_config.json', '--output', '<project>/experiments/runs/main/42fdfe734f7d20f4/result.json']",False,forest-reference,305998,0.96683767,30.005150366,sparse,0,0,306038,gen_sparse_degree3_n2000_uniform_neg30_r1,data/generated/gen_sparse_degree3_n2000_uniform_neg30_r1.json,3fe2a43bb07cda9a6f9a9e71d6ecf67ba6352d3298cd6814f46069ffe1fd301e,0,3,residual oracle did not certify optimality,2000,0.0,4,generated,28123136,306034,0.000604853,3.880242946,8.412324613,610132245,0,,0,42fdfe734f7d20f4,30.01106367399916,time_limit,30.000160962,16.133555953,False
5973,493f6f942eca3576ac0253ad50581fbe0469e8e417d3f97011c676f7789871fd,,"""instance""",,,,forest-reference,,,,sparse,,,,gen_sparse_degree3_n2000_uniform_neg30_r1,data/generated/gen_sparse_degree3_n2000_uniform_neg30_r1.json,3fe2a43bb07cda9a6f9a9e71d6ecf67ba6352d3298cd6814f46069ffe1fd301e,,,residual oracle did not certify optimality,2000,,,generated,,,,,,,,True,1,7271b17c7c443d8b,30.01106367399916,time_limit,,,False
5973,493f6f942eca3576ac0253ad50581fbe0469e8e417d3f97011c676f7789871fd,,"""instance""",,,,forest-reference,,,,sparse,,,,gen_sparse_degree3_n2000_uniform_neg30_r1,data/generated/gen_sparse_degree3_n2000_uniform_neg30_r1.json,3fe2a43bb07cda9a6f9a9e71d6ecf67ba6352d3298cd6814f46069ffe1fd301e,,,residual oracle did not certify optimality,2000,,,generated,,,,,,,,True,2,234f99dd3c799821,30.01106367399916,time_limit,,,False
5973,493f6f942eca3576ac0253ad50581fbe0469e8e417d3f97011c676f7789871fd,11686606,"""instance""",0.000325466,"['taskset', '-c', '2', '<project>/build/release/pclp', 'solve', '--instance', '<project>/data/generated/gen_sparse_degree3_n2000_uniform_neg30_r1.json', '--config', '<project>/experiments/runs/main/0ef39d4739857950/resolved_config.json', '--output', '<project>/experiments/runs/main/0ef39d4739857950/result.json']",False,forest-tuned,85997,0.22300994500000001,1.875124239,sparse,0,0,414,gen_sparse_degree3_n2000_uniform_neg30_r1,data/generated/gen_sparse_degree3_n2000_uniform_neg30_r1.json,3fe2a43bb07cda9a6f9a9e71d6ecf67ba6352d3298cd6814f46069ffe1fd301e,86337,75,,2000,2144.4268541666665,76,generated,28123136,86675,0.000595284,0.124962606,0.199983916,28820102,0,,0,0ef39d4739857950,1.8823469380004099,optimal,1.869780151,1.203613619,True
5973,493f6f942eca3576ac0253ad50581fbe0469e8e417d3f97011c676f7789871fd,11686606,"""instance""",0.000310725,"['taskset', '-c', '2', '<project>/build/release/pclp', 'solve', '--instance', '<project>/data/generated/gen_sparse_degree3_n2000_uniform_neg30_r1.json', '--config', '<project>/experiments/runs/main/96f88105d3353f2d/resolved_config.json', '--output', '<project>/experiments/runs/main/96f88105d3353f2d/result.json']",False,forest-tuned,85997,0.219047104,1.866795956,sparse,0,0,414,gen_sparse_degree3_n2000_uniform_neg30_r1,data/generated/gen_sparse_degree3_n2000_uniform_neg30_r1.json,3fe2a43bb07cda9a6f9a9e71d6ecf67ba6352d3298cd6814f46069ffe1fd301e,86337,75,,2000,2144.4268541666665,76,generated,28123136,86675,0.00057299,0.124168656,0.198267935,28820102,0,,1,96f88105d3353f2d,1.8734567560022697,optimal,1.861243594,1.202294069,True
5973,493f6f942eca3576ac0253ad50581fbe0469e8e417d3f97011c676f7789871fd,11686606,"""instance""",0.000327576,"['taskset', '-c', '2', '<project>/build/release/pclp', 'solve', '--instance', '<project>/data/generated/gen_sparse_degree3_n2000_uniform_neg30_r1.json', '--config', '<project>/experiments/runs/main/57dc0e520a9e5dcd/resolved_config.json', '--output', '<project>/experiments/runs/main/57dc0e520a9e5dcd/result.json']",False,forest-tuned,85997,0.219715559,1.849416497,sparse,0,0,414,gen_sparse_degree3_n2000_uniform_neg30_r1,data/generated/gen_sparse_degree3_n2000_uniform_neg30_r1.json,3fe2a43bb07cda9a6f9a9e71d6ecf67ba6352d3298cd6814f46069ffe1fd301e,86337,75,,2000,2144.4268541666665,76,generated,28123136,86675,0.000605499,0.125496792,0.198511119,28820102,0,,2,57dc0e520a9e5dcd,1.857069200996193,optimal,1.84419352,1.1821589510000001,True
5973,493f6f942eca3576ac0253ad50581fbe0469e8e417d3f97011c676f7789871fd,0,"""instance""",0.000363106,"['taskset', '-c', '2', '<project>/build/release/pclp', 'solve', '--instance', '<project>/data/generated/gen_sparse_degree3_n2000_uniform_neg30_r1.json', '--config', '<project>/experiments/runs/main/05c781802840fa21/resolved_config.json', '--output', '<project>/experiments/runs/main/05c781802840fa21/result.json']",False,parametric,0,0.0,0.052517533,sparse,11022,151,0,gen_sparse_degree3_n2000_uniform_neg30_r1,data/generated/gen_sparse_degree3_n2000_uniform_neg30_r1.json,3fe2a43bb07cda9a6f9a9e71d6ecf67ba6352d3298cd6814f46069ffe1fd301e,0,75,,2000,2144.4268541666665,150,generated,28123136,0,0.000565575,0.0,0.0,0,0,,0,05c781802840fa21,0.05876227800035849,optimal,0.047149013,0.0,True
5973,493f6f942eca3576ac0253ad50581fbe0469e8e417d3f97011c676f7789871fd,0,"""instance""",0.000373111,"['taskset', '-c', '2', '<project>/build/release/pclp', 'solve', '--instance', '<project>/data/generated/gen_sparse_degree3_n2000_uniform_neg30_r1.json', '--config', '<project>/experiments/runs/main/43e8ac95bf8959b0/resolved_config.json', '--output', '<project>/experiments/runs/main/43e8ac95bf8959b0/result.json']",False,parametric,0,0.0,0.054191839,sparse,11022,151,0,gen_sparse_degree3_n2000_uniform_neg30_r1,data/generated/gen_sparse_degree3_n2000_uniform_neg30_r1.json,3fe2a43bb07cda9a6f9a9e71d6ecf67ba6352d3298cd6814f46069ffe1fd301e,0,75,,2000,2144.4268541666665,150,generated,28123136,0,0.000570419,0.0,0.0,0,0,,1,43e8ac95bf8959b0,0.0601499030017294,optimal,0.048843606,0.0,True
5973,493f6f942eca3576ac0253ad50581fbe0469e8e417d3f97011c676f7789871fd,0,"""instance""",0.000379473,"['taskset', '-c', '2', '<project>/build/release/pclp', 'solve', '--instance', '<project>/data/generated/gen_sparse_degree3_n2000_uniform_neg30_r1.json', '--config', '<project>/experiments/runs/main/4454da346aa0c8d9/resolved_config.json', '--output', '<project>/experiments/runs/main/4454da346aa0c8d9/result.json']",False,parametric,0,0.0,0.054781534,sparse,11022,151,0,gen_sparse_degree3_n2000_uniform_neg30_r1,data/generated/gen_sparse_degree3_n2000_uniform_neg30_r1.json,3fe2a43bb07cda9a6f9a9e71d6ecf67ba6352d3298cd6814f46069ffe1fd301e,0,75,,2000,2144.4268541666665,150,generated,28123136,0,0.000604815,0.0,0.0,0,0,,2,4454da346aa0c8d9,0.061254116997588426,optimal,0.04921053,0.0,True
5973,493f6f942eca3576ac0253ad50581fbe0469e8e417d3f97011c676f7789871fd,0,"""instance""",0.000344934,"['taskset', '-c', '2', '<project>/build/release/pclp', 'solve', '--instance', '<project>/data/generated/gen_sparse_degree3_n2000_uniform_neg30_r2.json', '--config', '<project>/experiments/runs/main/2ad6002a12e9056f/resolved_config.json', '--output', '<project>/experiments/runs/main/2ad6002a12e9056f/result.json']",False,dinkelbach,0,0.0,0.738067273,sparse,324282,1393,0,gen_sparse_degree3_n2000_uniform_neg30_r2,data/generated/gen_sparse_degree3_n2000_uniform_neg30_r2.json,3900894d4686f05e9968e3c83d9493ad6c276346a22590d408036be3655b30e6,0,147,,2000,16560.6704805492,148,generated,28123136,0,0.00055139,0.0,0.0,0,0,,0,2ad6002a12e9056f,0.7455288110068068,optimal,0.732905363,0.0,True
5973,493f6f942eca3576ac0253ad50581fbe0469e8e417d3f97011c676f7789871fd,0,"""instance""",0.000340244,"['taskset', '-c', '2', '<project>/build/release/pclp', 'solve', '--instance', '<project>/data/generated/gen_sparse_degree3_n2000_uniform_neg30_r2.json', '--config', '<project>/experiments/runs/main/e12300a33a317acf/resolved_config.json', '--output', '<project>/experiments/runs/main/e12300a33a317acf/result.json']",False,dinkelbach,0,0.0,0.79538026,sparse,324282,1393,0,gen_sparse_degree3_n2000_uniform_neg30_r2,data/generated/gen_sparse_degree3_n2000_uniform_neg30_r2.json,3900894d4686f05e9968e3c83d9493ad6c276346a22590d408036be3655b30e6,0,147,,2000,16560.6704805492,148,generated,28123136,0,0.000577479,0.0,0.0,0,0,,1,e12300a33a317acf,0.8023265800002264,optimal,0.790352057,0.0,True
5973,493f6f942eca3576ac0253ad50581fbe0469e8e417d3f97011c676f7789871fd,0,"""instance""",0.000359143,"['taskset', '-c', '2', '<project>/build/release/pclp', 'solve', '--instance', '<project>/data/generated/gen_sparse_degree3_n2000_uniform_neg30_r2.json', '--config', '<project>/experiments/runs/main/1fc7626491b0d90e/resolved_config.json', '--output', '<project>/experiments/runs/main/1fc7626491b0d90e/result.json']",False,dinkelbach,0,0.0,0.774505153,sparse,324282,1393,0,gen_sparse_degree3_n2000_uniform_neg30_r2,data/generated/gen_sparse_degree3_n2000_uniform_neg30_r2.json,3900894d4686f05e9968e3c83d9493ad6c276346a22590d408036be3655b30e6,0,147,,2000,16560.6704805492,148,generated,28123136,0,0.000570676,0.0,0.0,0,0,,2,1fc7626491b0d90e,0.7815140480088303,optimal,0.769423276,0.0,True
5973,493f6f942eca3576ac0253ad50581fbe0469e8e417d3f97011c676f7789871fd,603368795,"""instance""",0.000295605,"['taskset', '-c', '2', '<project>/build/release/pclp', 'solve', '--instance', '<project>/data/generated/gen_sparse_degree3_n2000_uniform_neg30_r2.json', '--config', '<project>/experiments/runs/main/a92e2a0a5fcfb10a/resolved_config.json', '--output', '<project>/experiments/runs/main/a92e2a0a5fcfb10a/result.json']",False,forest-reference,352690,0.941290625,26.582793696,sparse,0,0,354503,gen_sparse_degree3_n2000_uniform_neg30_r2,data/generated/gen_sparse_degree3_n2000_uniform_neg30_r2.json,3900894d4686f05e9968e3c83d9493ad6c276346a22590d408036be3655b30e6,0,147,,2000,16560.6704805492,308,generated,28123136,354195,0.000594694,4.145963211,6.917553322,603723298,0,,0,a92e2a0a5fcfb10a,26.589880086001358,optimal,26.577427693,14.062748248,True
5973,493f6f942eca3576ac0253ad50581fbe0469e8e417d3f97011c676f7789871fd,603368795,"""instance""",0.000300454,"['taskset', '-c', '2', '<project>/build/release/pclp', 'solve', '--instance', '<project>/data/generated/gen_sparse_degree3_n2000_uniform_neg30_r2.json', '--config', '<project>/experiments/runs/main/bb7b365032b05494/resolved_config.json', '--output', '<project>/experiments/runs/main/bb7b365032b05494/result.json']",False,forest-reference,352690,0.915413762,25.848951075,sparse,0,0,354503,gen_sparse_degree3_n2000_uniform_neg30_r2,data/generated/gen_sparse_degree3_n2000_uniform_neg30_r2.json,3900894d4686f05e9968e3c83d9493ad6c276346a22590d408036be3655b30e6,0,147,,2000,16560.6704805492,308,generated,28123136,354195,0.000596853,4.027686285,6.724715028,603723298,0,,1,bb7b365032b05494,25.854662059995462,optimal,25.843818465,13.682087622,True
5973,493f6f942eca3576ac0253ad50581fbe0469e8e417d3f97011c676f7789871fd,603368795,"""instance""",0.000304583,"['taskset', '-c', '2', '<project>/build/release/pclp', 'solve', '--instance', '<project>/data/generated/gen_sparse_degree3_n2000_uniform_neg30_r2.json', '--config', '<project>/experiments/runs/main/2f154bcb3e874622/resolved_config.json', '--output', '<project>/experiments/runs/main/2f154bcb3e874622/result.json']",False,forest-reference,352690,0.909459373,25.667072704,sparse,0,0,354503,gen_sparse_degree3_n2000_uniform_neg30_r2,data/generated/gen_sparse_degree3_n2000_uniform_neg30_r2.json,3900894d4686f05e9968e3c83d9493ad6c276346a22590d408036be3655b30e6,0,147,,2000,16560.6704805492,308,generated,28123136,354195,0.000593756,4.015044287,6.66745592,603723298,0,,2,2f154bcb3e874622,25.67414328599989,optimal,25.661417267,13.578443998000001,True
5973,493f6f942eca3576ac0253ad50581fbe0469e8e417d3f97011c676f7789871fd,10457413,"""instance""",0.000297445,"['taskset', '-c', '2', '<project>/build/release/pclp', 'solve', '--instance', '<project>/data/generated/gen_sparse_degree3_n2000_uniform_neg30_r2.json', '--config', '<project>/experiments/runs/main/e444f721f497edc7/resolved_config.json', '--output', '<project>/experiments/runs/main/e444f721f497edc7/result.json']",False,forest-tuned,114178,0.288557213,2.113452131,sparse,0,0,602,gen_sparse_degree3_n2000_uniform_neg30_r2,data/generated/gen_sparse_degree3_n2000_uniform_neg30_r2.json,3900894d4686f05e9968e3c83d9493ad6c276346a22590d408036be3655b30e6,115861,147,,2000,16560.6704805492,148,generated,28123136,116315,0.000543449,0.11895738,0.254527333,31855683,0,,0,e444f721f497edc7,2.12053582999215,optimal,2.108200398,1.316695269,True
5973,493f6f942eca3576ac0253ad50581fbe0469e8e417d3f97011c676f7789871fd,10457413,"""instance""",0.000288992,"['taskset', '-c', '2', '<project>/build/release/pclp', 'solve', '--instance', '<project>/data/generated/gen_sparse_degree3_n2000_uniform_neg30_r2.json', '--config', '<project>/experiments/runs/main/8a063d3989445c23/resolved_config.json', '--output', '<project>/experiments/runs/main/8a063d3989445c23/result.json']",False,forest-tuned,114178,0.292587371,2.110991954,sparse,0,0,602,gen_sparse_degree3_n2000_uniform_neg30_r2,data/generated/gen_sparse_degree3_n2000_uniform_neg30_r2.json,3900894d4686f05e9968e3c83d9493ad6c276346a22590d408036be3655b30e6,115861,147,,2000,16560.6704805492,148,generated,28123136,116315,0.000591534,0.117894773,0.253170334,31855683,0,,1,8a063d3989445c23,2.1189633250032784,optimal,2.105396398,1.313610632,True
5973,493f6f942eca3576ac0253ad50581fbe0469e8e417d3f97011c676f7789871fd,10457413,"""instance""",0.000316518,"['taskset', '-c', '2', '<project>/build/release/pclp', 'solve', '--instance', '<project>/data/generated/gen_sparse_degree3_n2000_uniform_neg30_r2.json', '--config', '<project>/experiments/runs/main/a8bf6fa65a73c65f/resolved_config.json', '--output', '<project>/experiments/runs/main/a8bf6fa65a73c65f/result.json']",False,forest-tuned,114178,0.289660701,2.116871422,sparse,0,0,602,gen_sparse_degree3_n2000_uniform_neg30_r2,data/generated/gen_sparse_degree3_n2000_uniform_neg30_r2.json,3900894d4686f05e9968e3c83d9493ad6c276346a22590d408036be3655b30e6,115861,147,,2000,16560.6704805492,148,generated,28123136,116315,0.000629393,0.119434049,0.255764327,31855683,0,,2,a8bf6fa65a73c65f,2.1236419579945505,optimal,2.111811177,1.317035775,True
5973,493f6f942eca3576ac0253ad50581fbe0469e8e417d3f97011c676f7789871fd,0,"""instance""",0.000369232,"['taskset', '-c', '2', '<project>/build/release/pclp', 'solve', '--instance', '<project>/data/generated/gen_sparse_degree3_n2000_uniform_neg30_r2.json', '--config', '<project>/experiments/runs/main/90c73f5f203ba25e/resolved_config.json', '--output', '<project>/experiments/runs/main/90c73f5f203ba25e/result.json']",False,parametric,0,0.0,0.058938073,sparse,10716,295,0,gen_sparse_degree3_n2000_uniform_neg30_r2,data/generated/gen_sparse_degree3_n2000_uniform_neg30_r2.json,3900894d4686f05e9968e3c83d9493ad6c276346a22590d408036be3655b30e6,0,147,,2000,16560.6704805492,294,generated,28123136,0,0.000578659,0.0,0.0,0,0,,0,90c73f5f203ba25e,0.06463107399758883,optimal,0.053708249,0.0,True
5973,493f6f942eca3576ac0253ad50581fbe0469e8e417d3f97011c676f7789871fd,0,"""instance""",0.000396834,"['taskset', '-c', '2', '<project>/build/release/pclp', 'solve', '--instance', '<project>/data/generated/gen_sparse_degree3_n2000_uniform_neg30_r2.json', '--config', '<project>/experiments/runs/main/0860ca15fd3a9b70/resolved_config.json', '--output', '<project>/experiments/runs/main/0860ca15fd3a9b70/result.json']",False,parametric,0,0.0,0.063086251,sparse,10716,295,0,gen_sparse_degree3_n2000_uniform_neg30_r2,data/generated/gen_sparse_degree3_n2000_uniform_neg30_r2.json,3900894d4686f05e9968e3c83d9493ad6c276346a22590d408036be3655b30e6,0,147,,2000,16560.6704805492,294,generated,28123136,0,0.000600295,0.0,0.0,0,0,,1,0860ca15fd3a9b70,0.06950875199981965,optimal,0.057702974,0.0,True
5973,493f6f942eca3576ac0253ad50581fbe0469e8e417d3f97011c676f7789871fd,0,"""instance""",0.000388521,"['taskset', '-c', '2', '<project>/build/release/pclp', 'solve', '--instance', '<project>/data/generated/gen_sparse_degree3_n2000_uniform_neg30_r2.json', '--config', '<project>/experiments/runs/main/7741615f3665e3be/resolved_config.json', '--output', '<project>/experiments/runs/main/7741615f3665e3be/result.json']",False,parametric,0,0.0,0.062894006,sparse,10716,295,0,gen_sparse_degree3_n2000_uniform_neg30_r2,data/generated/gen_sparse_degree3_n2000_uniform_neg30_r2.json,3900894d4686f05e9968e3c83d9493ad6c276346a22590d408036be3655b30e6,0,147,,2000,16560.6704805492,294,generated,28123136,0,0.000617266,0.0,0.0,0,0,,2,7741615f3665e3be,0.0683287200081395,optimal,0.057410428,0.0,True
3922,493f6f942eca3576ac0253ad50581fbe0469e8e417d3f97011c676f7789871fd,0,"""instance""",0.000204176,"['taskset', '-c', '2', '<project>/build/release/pclp', 'solve', '--instance', '<project>/data/processed/minelib_newman1.json', '--config', '<project>/experiments/runs/main/faf699ddd8f08267/resolved_config.json', '--output', '<project>/experiments/runs/main/faf699ddd8f08267/result.json']",False,dinkelbach,0,0.0,0.165080373,minelib-derived,95907,323,0,minelib_newman1,data/processed/minelib_newman1.json,35f28a77d150ed9feaf7f377f59222172fa0f076d4d1ce6cde7000a84bd651a9,0,46,,1060,26086899.02597,47,DATA/MINELIB/INSTANCES.zip,28123136,0,0.000397104,0.0,0.0,0,0,,0,faf699ddd8f08267,0.17198838999320287,optimal,0.161683525,0.0,True
3922,493f6f942eca3576ac0253ad50581fbe0469e8e417d3f97011c676f7789871fd,0,"""instance""",0.00019899,"['taskset', '-c', '2', '<project>/build/release/pclp', 'solve', '--instance', '<project>/data/processed/minelib_newman1.json', '--config', '<project>/experiments/runs/main/c6e44d890ca2174b/resolved_config.json', '--output', '<project>/experiments/runs/main/c6e44d890ca2174b/result.json']",False,dinkelbach,0,0.0,0.160404286,minelib-derived,95907,323,0,minelib_newman1,data/processed/minelib_newman1.json,35f28a77d150ed9feaf7f377f59222172fa0f076d4d1ce6cde7000a84bd651a9,0,46,,1060,26086899.02597,47,DATA/MINELIB/INSTANCES.zip,28123136,0,0.00037423,0.0,0.0,0,0,,1,c6e44d890ca2174b,0.1678616260032868,optimal,0.157027874,0.0,True
3922,493f6f942eca3576ac0253ad50581fbe0469e8e417d3f97011c676f7789871fd,0,"""instance""",0.00019898,"['taskset', '-c', '2', '<project>/build/release/pclp', 'solve', '--instance', '<project>/data/processed/minelib_newman1.json', '--config', '<project>/experiments/runs/main/42d55ab81ae1f111/resolved_config.json', '--output', '<project>/experiments/runs/main/42d55ab81ae1f111/result.json']",False,dinkelbach,0,0.0,0.159130202,minelib-derived,95907,323,0,minelib_newman1,data/processed/minelib_newman1.json,35f28a77d150ed9feaf7f377f59222172fa0f076d4d1ce6cde7000a84bd651a9,0,46,,1060,26086899.02597,47,DATA/MINELIB/INSTANCES.zip,28123136,0,0.000396817,0.0,0.0,0,0,,2,42d55ab81ae1f111,0.165381699000136,optimal,0.155762994,0.0,True
3922,493f6f942eca3576ac0253ad50581fbe0469e8e417d3f97011c676f7789871fd,117391956,"""instance""",0.000211204,"['taskset', '-c', '2', '<project>/build/release/pclp', 'solve', '--instance', '<project>/data/processed/minelib_newman1.json', '--config', '<project>/experiments/runs/main/7da072f92bb0200b/resolved_config.json', '--output', '<project>/experiments/runs/main/7da072f92bb0200b/result.json']",False,forest-reference,118535,0.249775797,6.003114402,minelib-derived,0,0,118782,minelib_newman1,data/processed/minelib_newman1.json,35f28a77d150ed9feaf7f377f59222172fa0f076d4d1ce6cde7000a84bd651a9,0,46,,1060,26086899.02597,47,DATA/MINELIB/INSTANCES.zip,28123136,118735,0.000389308,0.848455648,1.638926023,117510738,0,,0,7da072f92bb0200b,6.010346864000894,optimal,5.999607572,3.118201204,True
3922,493f6f942eca3576ac0253ad50581fbe0469e8e417d3f97011c676f7789871fd,117391956,"""instance""",0.000186124,"['taskset', '-c', '2', '<project>/build/release/pclp', 'solve', '--instance', '<project>/data/processed/minelib_newman1.json', '--config', '<project>/experiments/runs/main/1c2129e530a8141d/resolved_config.json', '--output', '<project>/experiments/runs/main/1c2129e530a8141d/result.json']",False,forest-reference,118535,0.264055318,5.882417381,minelib-derived,0,0,118782,minelib_newman1,data/processed/minelib_newman1.json,35f28a77d150ed9feaf7f377f59222172fa0f076d4d1ce6cde7000a84bd651a9,0,46,,1060,26086899.02597,47,DATA/MINELIB/INSTANCES.zip,28123136,118735,0.00036765,0.827738954,1.6248160680000001,117510738,0,,1,1c2129e530a8141d,5.888712468004087,optimal,5.878995396,3.02303315,True
3922,493f6f942eca3576ac0253ad50581fbe0469e8e417d3f97011c676f7789871fd,117391956,"""instance""",0.000201716,"['taskset', '-c', '2', '<project>/build/release/pclp', 'solve', '--instance', '<project>/data/processed/minelib_newman1.json', '--config', '<project>/experiments/runs/main/5ed82ad2b21b2722/resolved_config.json', '--output', '<project>/experiments/runs/main/5ed82ad2b21b2722/result.json']",False,forest-reference,118535,0.23266205,5.612912609,minelib-derived,0,0,118782,minelib_newman1,data/processed/minelib_newman1.json,35f28a77d150ed9feaf7f377f59222172fa0f076d4d1ce6cde7000a84bd651a9,0,46,,1060,26086899.02597,47,DATA/MINELIB/INSTANCES.zip,28123136,118735,0.00038703,0.796488432,1.542043616,117510738,0,,2,5ed82ad2b21b2722,5.6978131829964695,optimal,5.609462784,2.903729741,True
3922,493f6f942eca3576ac0253ad50581fbe0469e8e417d3f97011c676f7789871fd,7080786,"""instance""",0.000225944,"['taskset', '-c', '2', '<project>/build/release/pclp', 'solve', '--instance', '<project>/data/processed/minelib_newman1.json', '--config', '<project>/experiments/runs/main/a5d5d67fa7e42837/resolved_config.json', '--output', '<project>/experiments/runs/main/a5d5d67fa7e42837/result.json']",False,forest-tuned,48903,0.107140019,1.109077817,minelib-derived,0,0,238,minelib_newman1,data/processed/minelib_newman1.json,35f28a77d150ed9feaf7f377f59222172fa0f076d4d1ce6cde7000a84bd651a9,48783,46,,1060,26086899.02597,47,DATA/MINELIB/INSTANCES.zip,28123136,48974,0.000416098,0.08907412,0.093158984,19513675,0,,0,a5d5d67fa7e42837,1.1196845349913929,optimal,1.105570283,0.748460513,True
3922,493f6f942eca3576ac0253ad50581fbe0469e8e417d3f97011c676f7789871fd,7080786,"""instance""",0.000202991,"['taskset', '-c', '2', '<project>/build/release/pclp', 'solve', '--instance', '<project>/data/processed/minelib_newman1.json', '--config', '<project>/experiments/runs/main/6d323a5319440096/resolved_config.json', '--output', '<project>/experiments/runs/main/6d323a5319440096/result.json']",False,forest-tuned,48903,0.108470525,1.102697965,minelib-derived,0,0,238,minelib_newman1,data/processed/minelib_newman1.json,35f28a77d150ed9feaf7f377f59222172fa0f076d4d1ce6cde7000a84bd651a9,48783,46,,1060,26086899.02597,47,DATA/MINELIB/INSTANCES.zip,28123136,48974,0.000433664,0.090271328,0.094221762,19513675,0,,1,6d323a5319440096,1.1088140080100857,optimal,1.097906968,0.736981017,True
3922,493f6f942eca3576ac0253ad50581fbe0469e8e417d3f97011c676f7789871fd,7080786,"""instance""",0.000212119,"['taskset', '-c', '2', '<project>/build/release/pclp', 'solve', '--instance', '<project>/data/processed/minelib_newman1.json', '--config', '<project>/experiments/runs/main/026727c921a1ffe2/resolved_config.json', '--output', '<project>/experiments/runs/main/026727c921a1ffe2/result.json']",False,forest-tuned,48903,0.105964403,1.092012908,minelib-derived,0,0,238,minelib_newman1,data/processed/minelib_newman1.json,35f28a77d150ed9feaf7f377f59222172fa0f076d4d1ce6cde7000a84bd651a9,48783,46,,1060,26086899.02597,47,DATA/MINELIB/INSTANCES.zip,28123136,48974,0.000397878,0.088208447,0.092127332,19513675,0,,2,026727c921a1ffe2,1.0990015279967338,optimal,1.088431667,0.735182955,True
3922,493f6f942eca3576ac0253ad50581fbe0469e8e417d3f97011c676f7789871fd,0,"""instance""",0.000196372,"['taskset', '-c', '2', '<project>/build/release/pclp', 'solve', '--instance', '<project>/data/processed/minelib_newman1.json', '--config', '<project>/experiments/runs/main/bb1ad4a5ea4834d7/resolved_config.json', '--output', '<project>/experiments/runs/main/bb1ad4a5ea4834d7/result.json']",False,parametric,0,0.0,0.01632059,minelib-derived,5607,93,0,minelib_newman1,data/processed/minelib_newman1.json,35f28a77d150ed9feaf7f377f59222172fa0f076d4d1ce6cde7000a84bd651a9,0,46,,1060,26086899.02597,92,DATA/MINELIB/INSTANCES.zip,28123136,0,0.000403605,0.0,0.0,0,0,,0,bb1ad4a5ea4834d7,0.022926786987227388,optimal,0.012874661,0.0,True
3922,493f6f942eca3576ac0253ad50581fbe0469e8e417d3f97011c676f7789871fd,0,"""instance""",0.000199396,"['taskset', '-c', '2', '<project>/build/release/pclp', 'solve', '--instance', '<project>/data/processed/minelib_newman1.json', '--config', '<project>/experiments/runs/main/67f0e374ee1eab4e/resolved_config.json', '--output', '<project>/experiments/runs/main/67f0e374ee1eab4e/result.json']",False,parametric,0,0.0,0.016491914,minelib-derived,5607,93,0,minelib_newman1,data/processed/minelib_newman1.json,35f28a77d150ed9feaf7f377f59222172fa0f076d4d1ce6cde7000a84bd651a9,0,46,,1060,26086899.02597,92,DATA/MINELIB/INSTANCES.zip,28123136,0,0.000416281,0.0,0.0,0,0,,1,67f0e374ee1eab4e,0.021124708000570536,optimal,0.012950884,0.0,True
3922,493f6f942eca3576ac0253ad50581fbe0469e8e417d3f97011c676f7789871fd,0,"""instance""",0.000213069,"['taskset', '-c', '2', '<project>/build/release/pclp', 'solve', '--instance', '<project>/data/processed/minelib_newman1.json', '--config', '<project>/experiments/runs/main/6515ffcfee1b6732/resolved_config.json', '--output', '<project>/experiments/runs/main/6515ffcfee1b6732/result.json']",False,parametric,0,0.0,0.016790579,minelib-derived,5607,93,0,minelib_newman1,data/processed/minelib_newman1.json,35f28a77d150ed9feaf7f377f59222172fa0f076d4d1ce6cde7000a84bd651a9,0,46,,1060,26086899.02597,92,DATA/MINELIB/INSTANCES.zip,28123136,0,0.000439758,0.0,0.0,0,0,,2,6515ffcfee1b6732,0.021622069994919002,optimal,0.013253822,0.0,True
1271207,493f6f942eca3576ac0253ad50581fbe0469e8e417d3f97011c676f7789871fd,0,"""instance""",0.0,"['taskset', '-c', '2', '<project>/build/release/pclp', 'solve', '--instance', '<project>/data/processed/minelib_zuck_medium.json', '--config', '<project>/experiments/runs/main/ec4e8ca8447e7758/resolved_config.json', '--output', '<project>/experiments/runs/main/ec4e8ca8447e7758/result.json']",False,dinkelbach,0,0.0,34.712185326,minelib-derived,0,0,0,minelib_zuck_medium,data/processed/minelib_zuck_medium.json,3c149bd598042c62f2487d528c46abb41115884d43ac3a36bbf12ea0151815b7,0,0,time limit reached before a maximum flow,29277,0.0,2,DATA/MINELIB/INSTANCES.zip,382021632,0,0.142556928,0.0,0.0,0,0,,0,ec4e8ca8447e7758,34.7852466179902,time_limit,33.944931611,0.0,False
1271207,493f6f942eca3576ac0253ad50581fbe0469e8e417d3f97011c676f7789871fd,,"""instance""",,,,dinkelbach,,,,minelib-derived,,,,minelib_zuck_medium,data/processed/minelib_zuck_medium.json,3c149bd598042c62f2487d528c46abb41115884d43ac3a36bbf12ea0151815b7,,,time limit reached before a maximum flow,29277,,,DATA/MINELIB/INSTANCES.zip,,,,,,,,True,1,2efbfa7eba3b2f6a,34.7852466179902,time_limit,,,False
1271207,493f6f942eca3576ac0253ad50581fbe0469e8e417d3f97011c676f7789871fd,,"""instance""",,,,dinkelbach,,,,minelib-derived,,,,minelib_zuck_medium,data/processed/minelib_zuck_medium.json,3c149bd598042c62f2487d528c46abb41115884d43ac3a36bbf12ea0151815b7,,,time limit reached before a maximum flow,29277,,,DATA/MINELIB/INSTANCES.zip,,,,,,,,True,2,ec876d1c4aad8f00,34.7852466179902,time_limit,,,False
1271207,493f6f942eca3576ac0253ad50581fbe0469e8e417d3f97011c676f7789871fd,209411228,"""instance""",0.0,"['taskset', '-c', '2', '<project>/build/release/pclp', 'solve', '--instance', '<project>/data/processed/minelib_zuck_medium.json', '--config', '<project>/experiments/runs/main/59d59b197c0f17df/resolved_config.json', '--output', '<project>/experiments/runs/main/59d59b197c0f17df/result.json']",False,forest-reference,7144,0.287640799,30.769166008,minelib-derived,0,0,7154,minelib_zuck_medium,data/processed/minelib_zuck_medium.json,3c149bd598042c62f2487d528c46abb41115884d43ac3a36bbf12ea0151815b7,0,0,residual oracle did not certify optimality,29277,0.0,1,DATA/MINELIB/INSTANCES.zip,335507456,7153,0.135629676,1.430607746,23.878905137,209447658,0,,0,59d59b197c0f17df,30.841126333994907,time_limit,30.011748515,4.147278354,False
1271207,493f6f942eca3576ac0253ad50581fbe0469e8e417d3f97011c676f7789871fd,,"""instance""",,,,forest-reference,,,,minelib-derived,,,,minelib_zuck_medium,data/processed/minelib_zuck_medium.json,3c149bd598042c62f2487d528c46abb41115884d43ac3a36bbf12ea0151815b7,,,residual oracle did not certify optimality,29277,,,DATA/MINELIB/INSTANCES.zip,,,,,,,,True,1,7b291b874715c555,30.841126333994907,time_limit,,,False
1271207,493f6f942eca3576ac0253ad50581fbe0469e8e417d3f97011c676f7789871fd,,"""instance""",,,,forest-reference,,,,minelib-derived,,,,minelib_zuck_medium,data/processed/minelib_zuck_medium.json,3c149bd598042c62f2487d528c46abb41115884d43ac3a36bbf12ea0151815b7,,,residual oracle did not certify optimality,29277,,,DATA/MINELIB/INSTANCES.zip,,,,,,,,True,2,53a9b5474c06a890,30.841126333994907,time_limit,,,False
1271207,493f6f942eca3576ac0253ad50581fbe0469e8e417d3f97011c676f7789871fd,126260890,"""instance""",0.0,"['taskset', '-c', '2', '<project>/build/release/pclp', 'solve', '--instance', '<project>/data/processed/minelib_zuck_medium.json', '--config', '<project>/experiments/runs/main/766268090d9ec0ad/resolved_config.json', '--output', '<project>/experiments/runs/main/766268090d9ec0ad/result.json']",False,forest-tuned,41978,1.680841344,30.810992832,minelib-derived,0,0,164,minelib_zuck_medium,data/processed/minelib_zuck_medium.json,3c149bd598042c62f2487d528c46abb41115884d43ac3a36bbf12ea0151815b7,41820,0,residual oracle did not certify optimality,29277,0.0,1,DATA/MINELIB/INSTANCES.zip,335499264,41983,0.144277522,1.171864195,18.609585652,120088205,0,,0,766268090d9ec0ad,30.88057590200333,time_limit,30.012320845,7.611994437,False
1271207,493f6f942eca3576ac0253ad50581fbe0469e8e417d3f97011c676f7789871fd,,"""instance""",,,,forest-tuned,,,,minelib-derived,,,,minelib_zuck_medium,data/processed/minelib_zuck_medium.json,3c149bd598042c62f2487d528c46abb41115884d43ac3a36bbf12ea0151815b7,,,residual oracle did not certify optimality,29277,,,DATA/MINELIB/INSTANCES.zip,,,,,,,,True,1,ad41d114330c7808,30.88057590200333,time_limit,,,False
1271207,493f6f942eca3576ac0253ad50581fbe0469e8e417d3f97011c676f7789871fd,,"""instance""",,,,forest-tuned,,,,minelib-derived,,,,minelib_zuck_medium,data/processed/minelib_zuck_medium.json,3c149bd598042c62f2487d528c46abb41115884d43ac3a36bbf12ea0151815b7,,,residual oracle did not certify optimality,29277,,,DATA/MINELIB/INSTANCES.zip,,,,,,,,True,2,dbb57696a8398a4e,30.88057590200333,time_limit,,,False
1271207,493f6f942eca3576ac0253ad50581fbe0469e8e417d3f97011c676f7789871fd,0,"""instance""",0.029701802,"['taskset', '-c', '2', '<project>/build/release/pclp', 'solve', '--instance', '<project>/data/processed/minelib_zuck_medium.json', '--config', '<project>/experiments/runs/main/c5a48756dab7be47/resolved_config.json', '--output', '<project>/experiments/runs/main/c5a48756dab7be47/result.json']",False,parametric,0,0.0,26.190088715,minelib-derived,213359,257,0,minelib_zuck_medium,data/processed/minelib_zuck_medium.json,3c149bd598042c62f2487d528c46abb41115884d43ac3a36bbf12ea0151815b7,0,128,,29277,1075124490.289275,256,DATA/MINELIB/INSTANCES.zip,402128896,0,0.124078758,0.0,0.0,0,0,,0,c5a48756dab7be47,26.36183070599509,optimal,25.267399597,0.0,True
1271207,493f6f942eca3576ac0253ad50581fbe0469e8e417d3f97011c676f7789871fd,0,"""instance""",0.031115993,"['taskset', '-c', '2', '<project>/build/release/pclp', 'solve', '--instance', '<project>/data/processed/minelib_zuck_medium.json', '--config', '<project>/experiments/runs/main/4bc9960f9d5471b5/resolved_config.json', '--output', '<project>/experiments/runs/main/4bc9960f9d5471b5/result.json']",False,parametric,0,0.0,25.736456674,minelib-derived,213359,257,0,minelib_zuck_medium,data/processed/minelib_zuck_medium.json,3c149bd598042c62f2487d528c46abb41115884d43ac3a36bbf12ea0151815b7,0,128,,29277,1075124490.289275,256,DATA/MINELIB/INSTANCES.zip,402132992,0,0.123235969,0.0,0.0,0,0,,1,4bc9960f9d5471b5,25.8975317000004,optimal,25.038566936,0.0,True
1271207,493f6f942eca3576ac0253ad50581fbe0469e8e417d3f97011c676f7789871fd,0,"""instance""",0.029616894,"['taskset', '-c', '2', '<project>/build/release/pclp', 'solve', '--instance', '<project>/data/processed/minelib_zuck_medium.json', '--config', '<project>/experiments/runs/main/ed73197e768899d2/resolved_config.json', '--output', '<project>/experiments/runs/main/ed73197e768899d2/result.json']",False,parametric,0,0.0,26.269266283,minelib-derived,213359,257,0,minelib_zuck_medium,data/processed/minelib_zuck_medium.json,3c149bd598042c62f2487d528c46abb41115884d43ac3a36bbf12ea0151815b7,0,128,,29277,1075124490.289275,256,DATA/MINELIB/INSTANCES.zip,402198528,0,0.124899575,0.0,0.0,0,0,,2,ed73197e768899d2,26.451383997002267,optimal,25.554732505,0.0,True
1661,493f6f942eca3576ac0253ad50581fbe0469e8e417d3f97011c676f7789871fd,0,"""instance""",0.000141432,"['taskset', '-c', '2', '<project>/build/release/pclp', 'solve', '--instance', '<project>/data/processed/pckp_A_972_1661.json', '--config', '<project>/experiments/runs/main/981d5200a75b1938/resolved_config.json', '--output', '<project>/experiments/runs/main/981d5200a75b1938/result.json']",True,dinkelbach,0,0.0,0.096623608,pckp-historical,72591,639,0,pckp_A_972_1661,data/processed/pckp_A_972_1661.json,f05a9f948a8afe670e0d40337dd536029134e287f4003e0067f40df3bad0de94,0,86,,972,1734.88179178764,86,DATA/INSTANCES/PCKP_BB/instances,28123136,0,0.000272234,0.0,0.0,0,0,,0,981d5200a75b1938,0.10222262699971907,optimal,0.094710811,0.0,True
1661,493f6f942eca3576ac0253ad50581fbe0469e8e417d3f97011c676f7789871fd,0,"""instance""",0.000145026,"['taskset', '-c', '2', '<project>/build/release/pclp', 'solve', '--instance', '<project>/data/processed/pckp_A_972_1661.json', '--config', '<project>/experiments/runs/main/49a3609e053441ab/resolved_config.json', '--output', '<project>/experiments/runs/main/49a3609e053441ab/result.json']",True,dinkelbach,0,0.0,0.098306717,pckp-historical,72591,639,0,pckp_A_972_1661,data/processed/pckp_A_972_1661.json,f05a9f948a8afe670e0d40337dd536029134e287f4003e0067f40df3bad0de94,0,86,,972,1734.88179178764,86,DATA/INSTANCES/PCKP_BB/instances,28123136,0,0.000268184,0.0,0.0,0,0,,1,49a3609e053441ab,0.10402541499934159,optimal,0.096329265,0.0,True
1661,493f6f942eca3576ac0253ad50581fbe0469e8e417d3f97011c676f7789871fd,0,"""instance""",0.000136639,"['taskset', '-c', '2', '<project>/build/release/pclp', 'solve', '--instance', '<project>/data/processed/pckp_A_972_1661.json', '--config', '<project>/experiments/runs/main/d58e9de54119b96f/resolved_config.json', '--output', '<project>/experiments/runs/main/d58e9de54119b96f/result.json']",True,dinkelbach,0,0.0,0.093895543,pckp-historical,72591,639,0,pckp_A_972_1661,data/processed/pckp_A_972_1661.json,f05a9f948a8afe670e0d40337dd536029134e287f4003e0067f40df3bad0de94,0,86,,972,1734.88179178764,86,DATA/INSTANCES/PCKP_BB/instances,28123136,0,0.000249778,0.0,0.0,0,0,,2,d58e9de54119b96f,0.09966460498981178,optimal,0.092052103,0.0,True
1661,493f6f942eca3576ac0253ad50581fbe0469e8e417d3f97011c676f7789871fd,11125866,"""instance""",0.000154354,"['taskset', '-c', '2', '<project>/build/release/pclp', 'solve', '--instance', '<project>/data/processed/pckp_A_972_1661.json', '--config', '<project>/experiments/runs/main/f6bd56e6b42bf4d7/resolved_config.json', '--output', '<project>/experiments/runs/main/f6bd56e6b42bf4d7/result.json']",True,forest-reference,18957,0.016959656,0.460403811,pckp-historical,0,0,19496,pckp_A_972_1661,data/processed/pckp_A_972_1661.json,f05a9f948a8afe670e0d40337dd536029134e287f4003e0067f40df3bad0de94,0,86,,972,1734.88179178764,90,DATA/INSTANCES/PCKP_BB/instances,28123136,19406,0.000254471,0.087989335,0.07084971600000001,11145362,0,,0,f6bd56e6b42bf4d7,0.4668130130012287,optimal,0.458502206,0.270960143,True
1661,493f6f942eca3576ac0253ad50581fbe0469e8e417d3f97011c676f7789871fd,11125866,"""instance""",0.000165847,"['taskset', '-c', '2', '<project>/build/release/pclp', 'solve', '--instance', '<project>/data/processed/pckp_A_972_1661.json', '--config', '<project>/experiments/runs/main/6e0da7494cb92b70/resolved_config.json', '--output', '<project>/experiments/runs/main/6e0da7494cb92b70/result.json']",True,forest-reference,18957,0.019234977,0.493679193,pckp-historical,0,0,19496,pckp_A_972_1661,data/processed/pckp_A_972_1661.json,f05a9f948a8afe670e0d40337dd536029134e287f4003e0067f40df3bad0de94,0,86,,972,1734.88179178764,90,DATA/INSTANCES/PCKP_BB/instances,28123136,19406,0.000284812,0.093991289,0.07561128,11145362,0,,1,6e0da7494cb92b70,0.49989198399998713,optimal,0.491732859,0.290305132,True
1661,493f6f942eca3576ac0253ad50581fbe0469e8e417d3f97011c676f7789871fd,11125866,"""instance""",0.000157244,"['taskset', '-c', '2', '<project>/build/release/pclp', 'solve', '--instance', '<project>/data/processed/pckp_A_972_1661.json', '--config', '<project>/experiments/runs/main/0b2cb221f463d7a6/resolved_config.json', '--output', '<project>/experiments/runs/main/0b2cb221f463d7a6/result.json']",True,forest-reference,18957,0.01740092,0.463403727,pckp-historical,0,0,19496,pckp_A_972_1661,data/processed/pckp_A_972_1661.json,f05a9f948a8afe670e0d40337dd536029134e287f4003e0067f40df3bad0de94,0,86,,972,1734.88179178764,90,DATA/INSTANCES/PCKP_BB/instances,28123136,19406,0.000266266,0.089065544,0.071589604,11145362,0,,2,0b2cb221f463d7a6,0.4698254499962786,optimal,0.461349339,0.271499253,True
1661,493f6f942eca3576ac0253ad50581fbe0469e8e417d3f97011c676f7789871fd,530392,"""instance""",0.000137182,"['taskset', '-c', '2', '<project>/build/release/pclp', 'solve', '--instance', '<project>/data/processed/pckp_A_972_1661.json', '--config', '<project>/experiments/runs/main/6586bef96a932b4f/resolved_config.json', '--output', '<project>/experiments/runs/main/6586bef96a932b4f/result.json']",True,forest-tuned,8401,0.007900729,0.068451338,pckp-historical,0,0,119,pckp_A_972_1661,data/processed/pckp_A_972_1661.json,f05a9f948a8afe670e0d40337dd536029134e287f4003e0067f40df3bad0de94,8470,86,,972,1734.88179178764,86,DATA/INSTANCES/PCKP_BB/instances,28123136,8503,0.000275909,0.007016927,0.008146585,862198,0,,0,6586bef96a932b4f,0.07433686200238299,optimal,0.066566059,0.034352426,True
1661,493f6f942eca3576ac0253ad50581fbe0469e8e417d3f97011c676f7789871fd,530392,"""instance""",0.000140657,"['taskset', '-c', '2', '<project>/build/release/pclp', 'solve', '--instance', '<project>/data/processed/pckp_A_972_1661.json', '--config', '<project>/experiments/runs/main/5514fac99c3b1ced/resolved_config.json', '--output', '<project>/experiments/runs/main/5514fac99c3b1ced/result.json']",True,forest-tuned,8401,0.008916798,0.073050399,pckp-historical,0,0,119,pckp_A_972_1661,data/processed/pckp_A_972_1661.json,f05a9f948a8afe670e0d40337dd536029134e287f4003e0067f40df3bad0de94,8470,86,,972,1734.88179178764,86,DATA/INSTANCES/PCKP_BB/instances,28123136,8503,0.000282627,0.007356202,0.008657594,862198,0,,1,5514fac99c3b1ced,0.07868753198999912,optimal,0.070816275,0.036333465,True
1661,493f6f942eca3576ac0253ad50581fbe0469e8e417d3f97011c676f7789871fd,530392,"""instance""",0.000135858,"['taskset', '-c', '2', '<project>/build/release/pclp', 'solve', '--instance', '<project>/data/processed/pckp_A_972_1661.json', '--config', '<project>/experiments/runs/main/1d655a50866b56aa/resolved_config.json', '--output', '<project>/experiments/runs/main/1d655a50866b56aa/result.json']",True,forest-tuned,8401,0.008039349,0.069391664,pckp-historical,0,0,119,pckp_A_972_1661,data/processed/pckp_A_972_1661.json,f05a9f948a8afe670e0d40337dd536029134e287f4003e0067f40df3bad0de94,8470,86,,972,1734.88179178764,86,DATA/INSTANCES/PCKP_BB/instances,28123136,8503,0.000267312,0.00713197,0.008274175,862198,0,,2,1d655a50866b56aa,0.07570467000186909,optimal,0.067494513,0.034786521,True
1661,493f6f942eca3576ac0253ad50581fbe0469e8e417d3f97011c676f7789871fd,0,"""instance""",0.000149399,"['taskset', '-c', '2', '<project>/build/release/pclp', 'solve', '--instance', '<project>/data/processed/pckp_A_972_1661.json', '--config', '<project>/experiments/runs/main/967de189a02758e9/resolved_config.json', '--output', '<project>/experiments/runs/main/967de189a02758e9/result.json']",False,parametric,0,0.0,0.014073735,pckp-historical,5365,172,0,pckp_A_972_1661,data/processed/pckp_A_972_1661.json,f05a9f948a8afe670e0d40337dd536029134e287f4003e0067f40df3bad0de94,0,86,,972,1734.88179178764,172,DATA/INSTANCES/PCKP_BB/instances,28123136,0,0.000239271,0.0,0.0,0,0,,0,967de189a02758e9,0.018916968008852564,optimal,0.012273867,0.0,True
1661,493f6f942eca3576ac0253ad50581fbe0469e8e417d3f97011c676f7789871fd,0,"""instance""",0.000162761,"['taskset', '-c', '2', '<project>/build/release/pclp', 'solve', '--instance', '<project>/data/processed/pckp_A_972_1661.json', '--config', '<project>/experiments/runs/main/bf773eea0660754c/resolved_config.json', '--output', '<project>/experiments/runs/main/bf773eea0660754c/result.json']",False,parametric,0,0.0,0.014961551,pckp-historical,5365,172,0,pckp_A_972_1661,data/processed/pckp_A_972_1661.json,f05a9f948a8afe670e0d40337dd536029134e287f4003e0067f40df3bad0de94,0,86,,972,1734.88179178764,172,DATA/INSTANCES/PCKP_BB/instances,28123136,0,0.000293374,0.0,0.0,0,0,,1,bf773eea0660754c,0.019331296003656462,optimal,0.013018247,0.0,True
1661,493f6f942eca3576ac0253ad50581fbe0469e8e417d3f97011c676f7789871fd,0,"""instance""",0.000142567,"['taskset', '-c', '2', '<project>/build/release/pclp', 'solve', '--instance', '<project>/data/processed/pckp_A_972_1661.json', '--config', '<project>/experiments/runs/main/fef0279e0b42d0ee/resolved_config.json', '--output', '<project>/experiments/runs/main/fef0279e0b42d0ee/result.json']",False,parametric,0,0.0,0.014361655,pckp-historical,5365,172,0,pckp_A_972_1661,data/processed/pckp_A_972_1661.json,f05a9f948a8afe670e0d40337dd536029134e287f4003e0067f40df3bad0de94,0,86,,972,1734.88179178764,172,DATA/INSTANCES/PCKP_BB/instances,28123136,0,0.000261196,0.0,0.0,0,0,,2,fef0279e0b42d0ee,0.018910642989794724,optimal,0.012532867,0.0,True
17082,493f6f942eca3576ac0253ad50581fbe0469e8e417d3f97011c676f7789871fd,0,"""instance""",0.001012426,"['taskset', '-c', '2', '<project>/build/release/pclp', 'solve', '--instance', '<project>/data/processed/pckp_K_9235_17082.json', '--config', '<project>/experiments/runs/main/3394bcef6bc1052c/resolved_config.json', '--output', '<project>/experiments/runs/main/3394bcef6bc1052c/result.json']",True,dinkelbach,0,0.0,18.340757187,pckp-historical,9493102,6290,0,pckp_K_9235_17082,data/processed/pckp_K_9235_17082.json,184062e41f396003b0d4371b956e83836f0db584cbebd1f8a21a4e041bef916e,0,613,,9235,1052.6011560693642,613,DATA/INSTANCES/PCKP_BB/instances,35192832,0,0.002671644,0.0,0.0,0,0,,0,3394bcef6bc1052c,18.351526728991303,optimal,18.320304471,0.0,True
17082,493f6f942eca3576ac0253ad50581fbe0469e8e417d3f97011c676f7789871fd,0,"""instance""",0.001012428,"['taskset', '-c', '2', '<project>/build/release/pclp', 'solve', '--instance', '<project>/data/processed/pckp_K_9235_17082.json', '--config', '<project>/experiments/runs/main/9528ce2d47768994/resolved_config.json', '--output', '<project>/experiments/runs/main/9528ce2d47768994/result.json']",True,dinkelbach,0,0.0,18.075464499,pckp-historical,9493102,6290,0,pckp_K_9235_17082,data/processed/pckp_K_9235_17082.json,184062e41f396003b0d4371b956e83836f0db584cbebd1f8a21a4e041bef916e,0,613,,9235,1052.6011560693642,613,DATA/INSTANCES/PCKP_BB/instances,35192832,0,0.002695939,0.0,0.0,0,0,,1,9528ce2d47768994,18.087691747001372,optimal,18.058183319,0.0,True
17082,493f6f942eca3576ac0253ad50581fbe0469e8e417d3f97011c676f7789871fd,0,"""instance""",0.001192484,"['taskset', '-c', '2', '<project>/build/release/pclp', 'solve', '--instance', '<project>/data/processed/pckp_K_9235_17082.json', '--config', '<project>/experiments/runs/main/7247d14fa360dc28/resolved_config.json', '--output', '<project>/experiments/runs/main/7247d14fa360dc28/result.json']",True,dinkelbach,0,0.0,18.250102096,pckp-historical,9493102,6290,0,pckp_K_9235_17082,data/processed/pckp_K_9235_17082.json,184062e41f396003b0d4371b956e83836f0db584cbebd1f8a21a4e041bef916e,0,613,,9235,1052.6011560693642,613,DATA/INSTANCES/PCKP_BB/instances,35192832,0,0.002786905,0.0,0.0,0,0,,2,7247d14fa360dc28,18.265156353998464,optimal,18.232916304,0.0,True
17082,493f6f942eca3576ac0253ad50581fbe0469e8e417d3f97011c676f7789871fd,390552030,"""instance""",0.0,"['taskset', '-c', '2', '<project>/build/release/pclp', 'solve', '--instance', '<project>/data/processed/pckp_K_9235_17082.json', '--config', '<project>/experiments/runs/main/6978680305b89ec8/resolved_config.json', '--output', '<project>/experiments/runs/main/6978680305b89ec8/result.json']",False,forest-reference,42040,2.285151308,30.02605419,pckp-historical,0,0,42296,pckp_K_9235_17082,data/processed/pckp_K_9235_17082.json,184062e41f396003b0d4371b956e83836f0db584cbebd1f8a21a4e041bef916e,0,0,residual oracle did not certify optimality,9235,0.0,1,DATA/INSTANCES/PCKP_BB/instances,35192832,42295,0.003794827,4.32067732,4.005162859,390603560,0,,0,6978680305b89ec8,30.034176704997662,time_limit,30.000415401,18.608451135,False
17082,493f6f942eca3576ac0253ad50581fbe0469e8e417d3f97011c676f7789871fd,,"""instance""",,,,forest-reference,,,,pckp-historical,,,,pckp_K_9235_17082,data/processed/pckp_K_9235_17082.json,184062e41f396003b0d4371b956e83836f0db584cbebd1f8a21a4e041bef916e,,,residual oracle did not certify optimality,9235,,,DATA/INSTANCES/PCKP_BB/instances,,,,,,,,True,1,542eca658c14438f,30.034176704997662,time_limit,,,False
17082,493f6f942eca3576ac0253ad50581fbe0469e8e417d3f97011c676f7789871fd,,"""instance""",,,,forest-reference,,,,pckp-historical,,,,pckp_K_9235_17082,data/processed/pckp_K_9235_17082.json,184062e41f396003b0d4371b956e83836f0db584cbebd1f8a21a4e041bef916e,,,residual oracle did not certify optimality,9235,,,DATA/INSTANCES/PCKP_BB/instances,,,,,,,,True,2,84a2a3a996473980,30.034176704997662,time_limit,,,False
17082,493f6f942eca3576ac0253ad50581fbe0469e8e417d3f97011c676f7789871fd,132794785,"""instance""",0.001017781,"['taskset', '-c', '2', '<project>/build/release/pclp', 'solve', '--instance', '<project>/data/processed/pckp_K_9235_17082.json', '--config', '<project>/experiments/runs/main/055660b2eb37644c/resolved_config.json', '--output', '<project>/experiments/runs/main/055660b2eb37644c/result.json']",True,forest-tuned,841481,4.548429468,24.851389089,pckp-historical,0,0,3910,pckp_K_9235_17082,data/processed/pckp_K_9235_17082.json,184062e41f396003b0d4371b956e83836f0db584cbebd1f8a21a4e041bef916e,840794,613,,9235,1052.6011560693642,613,DATA/INSTANCES/PCKP_BB/instances,35192832,844091,0.002755894,1.449491626,4.169853362,251458677,0,,0,055660b2eb37644c,24.867942673998186,optimal,24.832378576,13.021929029,True
17082,493f6f942eca3576ac0253ad50581fbe0469e8e417d3f97011c676f7789871fd,132794785,"""instance""",0.001098467,"['taskset', '-c', '2', '<project>/build/release/pclp', 'solve', '--instance', '<project>/data/processed/pckp_K_9235_17082.json', '--config', '<project>/experiments/runs/main/9dba7479696f757f/resolved_config.json', '--output', '<project>/experiments/runs/main/9dba7479696f757f/result.json']",True,forest-tuned,841481,4.532742547,24.698656537,pckp-historical,0,0,3910,pckp_K_9235_17082,data/processed/pckp_K_9235_17082.json,184062e41f396003b0d4371b956e83836f0db584cbebd1f8a21a4e041bef916e,840794,613,,9235,1052.6011560693642,613,DATA/INSTANCES/PCKP_BB/instances,35192832,844091,0.002625994,1.454250484,4.17215826,251458677,0,,1,9dba7479696f757f,24.710588073998224,optimal,24.681213069,12.863085043,True
17082,493f6f942eca3576ac0253ad50581fbe0469e8e417d3f97011c676f7789871fd,132794785,"""instance""",0.000982812,"['taskset', '-c', '2', '<project>/build/release/pclp', 'solve', '--instance', '<project>/data/processed/pckp_K_9235_17082.json', '--config', '<project>/experiments/runs/main/423b6091ba89fc92/resolved_config.json', '--output', '<project>/experiments/runs/main/423b6091ba89fc92/result.json']",True,forest-tuned,841481,4.5210058349999995,24.520667291,pckp-historical,0,0,3910,pckp_K_9235_17082,data/processed/pckp_K_9235_17082.json,184062e41f396003b0d4371b956e83836f0db584cbebd1f8a21a4e041bef916e,840794,613,,9235,1052.6011560693642,613,DATA/INSTANCES/PCKP_BB/instances,35192832,844091,0.002706688,1.453958438,4.1541208119999995,251458677,0,,2,423b6091ba89fc92,24.53203862400551,optimal,24.503490496,12.801980272,True
17082,493f6f942eca3576ac0253ad50581fbe0469e8e417d3f97011c676f7789871fd,0,"""instance""",0.001268101,"['taskset', '-c', '2', '<project>/build/release/pclp', 'solve', '--instance', '<project>/data/processed/pckp_K_9235_17082.json', '--config', '<project>/experiments/runs/main/9ce5128c9420b7c9/resolved_config.json', '--output', '<project>/experiments/runs/main/9ce5128c9420b7c9/result.json']",False,parametric,0,0.0,0.628406568,pckp-historical,76467,1226,0,pckp_K_9235_17082,data/processed/pckp_K_9235_17082.json,184062e41f396003b0d4371b956e83836f0db584cbebd1f8a21a4e041bef916e,0,613,,9235,1052.6011560693642,1226,DATA/INSTANCES/PCKP_BB/instances,35192832,0,0.002688573,0.0,0.0,0,0,,0,9ce5128c9420b7c9,0.6415541269961977,optimal,0.610317876,0.0,True
17082,493f6f942eca3576ac0253ad50581fbe0469e8e417d3f97011c676f7789871fd,0,"""instance""",0.00128569,"['taskset', '-c', '2', '<project>/build/release/pclp', 'solve', '--instance', '<project>/data/processed/pckp_K_9235_17082.json', '--config', '<project>/experiments/runs/main/9e4b0ae6b00d638f/resolved_config.json', '--output', '<project>/experiments/runs/main/9e4b0ae6b00d638f/result.json']",False,parametric,0,0.0,0.676997129,pckp-historical,76467,1226,0,pckp_K_9235_17082,data/processed/pckp_K_9235_17082.json,184062e41f396003b0d4371b956e83836f0db584cbebd1f8a21a4e041bef916e,0,613,,9235,1052.6011560693642,1226,DATA/INSTANCES/PCKP_BB/instances,35192832,0,0.002816659,0.0,0.0,0,0,,1,9e4b0ae6b00d638f,0.6899542760074837,optimal,0.658829384,0.0,True
17082,493f6f942eca3576ac0253ad50581fbe0469e8e417d3f97011c676f7789871fd,0,"""instance""",0.001294013,"['taskset', '-c', '2', '<project>/build/release/pclp', 'solve', '--instance', '<project>/data/processed/pckp_K_9235_17082.json', '--config', '<project>/experiments/runs/main/2c0cb4892b04db8a/resolved_config.json', '--output', '<project>/experiments/runs/main/2c0cb4892b04db8a/result.json']",False,parametric,0,0.0,0.687567997,pckp-historical,76467,1226,0,pckp_K_9235_17082,data/processed/pckp_K_9235_17082.json,184062e41f396003b0d4371b956e83836f0db584cbebd1f8a21a4e041bef916e,0,613,,9235,1052.6011560693642,1226,DATA/INSTANCES/PCKP_BB/instances,35192832,0,0.002701931,0.0,0.0,0,0,,2,2c0cb4892b04db8a,0.702924309996888,optimal,0.669455777,0.0,True
7616,493f6f942eca3576ac0253ad50581fbe0469e8e417d3f97011c676f7789871fd,0,"""instance""",0.000307982,"['taskset', '-c', '2', '<project>/build/release/pclp', 'solve', '--instance', '<project>/data/processed/pckp_N_1217_7616.json', '--config', '<project>/experiments/runs/main/9e04adc320789ee9/resolved_config.json', '--output', '<project>/experiments/runs/main/9e04adc320789ee9/result.json']",False,dinkelbach,0,0.0,0.076312121,pckp-historical,35954,206,0,pckp_N_1217_7616,data/processed/pckp_N_1217_7616.json,e01f331fa4e941c46d3f5da47ffaa59460b27b3215f58cb1ae2682119184318d,0,29,,1217,316413440.8467525,30,DATA/INSTANCES/PCKP_BB/instances,28123136,0,0.00060921,0.0,0.0,0,0,,0,9e04adc320789ee9,0.0829256599972723,optimal,0.07052725,0.0,True
7616,493f6f942eca3576ac0253ad50581fbe0469e8e417d3f97011c676f7789871fd,0,"""instance""",0.000313406,"['taskset', '-c', '2', '<project>/build/release/pclp', 'solve', '--instance', '<project>/data/processed/pckp_N_1217_7616.json', '--config', '<project>/experiments/runs/main/6def934589a36100/resolved_config.json', '--output', '<project>/experiments/runs/main/6def934589a36100/result.json']",False,dinkelbach,0,0.0,0.077846408,pckp-historical,35954,206,0,pckp_N_1217_7616,data/processed/pckp_N_1217_7616.json,e01f331fa4e941c46d3f5da47ffaa59460b27b3215f58cb1ae2682119184318d,0,29,,1217,316413440.8467525,30,DATA/INSTANCES/PCKP_BB/instances,28123136,0,0.000602672,0.0,0.0,0,0,,1,6def934589a36100,0.08443625799554866,optimal,0.072077618,0.0,True
7616,493f6f942eca3576ac0253ad50581fbe0469e8e417d3f97011c676f7789871fd,0,"""instance""",0.000311252,"['taskset', '-c', '2', '<project>/build/release/pclp', 'solve', '--instance', '<project>/data/processed/pckp_N_1217_7616.json', '--config', '<project>/experiments/runs/main/db38bafeeb06b8f1/resolved_config.json', '--output', '<project>/experiments/runs/main/db38bafeeb06b8f1/result.json']",False,dinkelbach,0,0.0,0.078323209,pckp-historical,35954,206,0,pckp_N_1217_7616,data/processed/pckp_N_1217_7616.json,e01f331fa4e941c46d3f5da47ffaa59460b27b3215f58cb1ae2682119184318d,0,29,,1217,316413440.8467525,30,DATA/INSTANCES/PCKP_BB/instances,28123136,0,0.000587929,0.0,0.0,0,0,,2,db38bafeeb06b8f1,0.08446772799652535,optimal,0.072482223,0.0,True
7616,493f6f942eca3576ac0253ad50581fbe0469e8e417d3f97011c676f7789871fd,156978352,"""instance""",0.00026678,"['taskset', '-c', '2', '<project>/build/release/pclp', 'solve', '--instance', '<project>/data/processed/pckp_N_1217_7616.json', '--config', '<project>/experiments/runs/main/38ad6f2d32ace978/resolved_config.json', '--output', '<project>/experiments/runs/main/38ad6f2d32ace978/result.json']",False,forest-reference,160000,0.87321607,11.776477069,pckp-historical,0,0,160597,pckp_N_1217_7616,data/processed/pckp_N_1217_7616.json,e01f331fa4e941c46d3f5da47ffaa59460b27b3215f58cb1ae2682119184318d,0,29,,1217,316413440.8467525,30,DATA/INSTANCES/PCKP_BB/instances,28123136,160567,0.000634896,1.414244353,3.991219721,157138949,0,,0,38ad6f2d32ace978,11.784196983004222,optimal,11.770792433,5.2270739,True
7616,493f6f942eca3576ac0253ad50581fbe0469e8e417d3f97011c676f7789871fd,156978352,"""instance""",0.000276391,"['taskset', '-c', '2', '<project>/build/release/pclp', 'solve', '--instance', '<project>/data/processed/pckp_N_1217_7616.json', '--config', '<project>/experiments/runs/main/1589d043b276be7d/resolved_config.json', '--output', '<project>/experiments/runs/main/1589d043b276be7d/result.json']",False,forest-reference,160000,0.765658975,10.556542972,pckp-historical,0,0,160597,pckp_N_1217_7616,data/processed/pckp_N_1217_7616.json,e01f331fa4e941c46d3f5da47ffaa59460b27b3215f58cb1ae2682119184318d,0,29,,1217,316413440.8467525,30,DATA/INSTANCES/PCKP_BB/instances,28123136,160567,0.00063275,1.279519385,3.572993397,157138949,0,,1,1589d043b276be7d,10.563452486007009,optimal,10.548672381,4.690975777,True
7616,493f6f942eca3576ac0253ad50581fbe0469e8e417d3f97011c676f7789871fd,156978352,"""instance""",0.000268052,"['taskset', '-c', '2', '<project>/build/release/pclp', 'solve', '--instance', '<project>/data/processed/pckp_N_1217_7616.json', '--config', '<project>/experiments/runs/main/c0c2996d5ef8db83/resolved_config.json', '--output', '<project>/experiments/runs/main/c0c2996d5ef8db83/result.json']",False,forest-reference,160000,0.800706014,10.961456901,pckp-historical,0,0,160597,pckp_N_1217_7616,data/processed/pckp_N_1217_7616.json,e01f331fa4e941c46d3f5da47ffaa59460b27b3215f58cb1ae2682119184318d,0,29,,1217,316413440.8467525,30,DATA/INSTANCES/PCKP_BB/instances,28123136,160567,0.00057923,1.323300004,3.70167014,157138949,0,,2,c0c2996d5ef8db83,10.967241016987828,optimal,10.956087218,4.882133538,True
7616,493f6f942eca3576ac0253ad50581fbe0469e8e417d3f97011c676f7789871fd,1591591,"""instance""",0.000317285,"['taskset', '-c', '2', '<project>/build/release/pclp', 'solve', '--instance', '<project>/data/processed/pckp_N_1217_7616.json', '--config', '<project>/experiments/runs/main/be028f1207a01754/resolved_config.json', '--output', '<project>/experiments/runs/main/be028f1207a01754/result.json']",False,forest-tuned,23424,0.082044867,0.631189914,pckp-historical,0,0,125,pckp_N_1217_7616,data/processed/pckp_N_1217_7616.json,e01f331fa4e941c46d3f5da47ffaa59460b27b3215f58cb1ae2682119184318d,24226,29,,1217,316413440.8467525,30,DATA/INSTANCES/PCKP_BB/instances,28123136,24321,0.000580485,0.021396068,0.062388086,11871964,0,,0,be028f1207a01754,0.6392525179981021,optimal,0.625106368,0.423434798,True
7616,493f6f942eca3576ac0253ad50581fbe0469e8e417d3f97011c676f7789871fd,1591591,"""instance""",0.000324302,"['taskset', '-c', '2', '<project>/build/release/pclp', 'solve', '--instance', '<project>/data/processed/pckp_N_1217_7616.json', '--config', '<project>/experiments/runs/main/a92e759f1c47e582/resolved_config.json', '--output', '<project>/experiments/runs/main/a92e759f1c47e582/result.json']",False,forest-tuned,23424,0.083659138,0.646782612,pckp-historical,0,0,125,pckp_N_1217_7616,data/processed/pckp_N_1217_7616.json,e01f331fa4e941c46d3f5da47ffaa59460b27b3215f58cb1ae2682119184318d,24226,29,,1217,316413440.8467525,30,DATA/INSTANCES/PCKP_BB/instances,28123136,24321,0.000632045,0.022129685,0.064550381,11871964,0,,1,a92e759f1c47e582,0.6553955350100296,optimal,0.641069176,0.434052006,True
7616,493f6f942eca3576ac0253ad50581fbe0469e8e417d3f97011c676f7789871fd,1591591,"""instance""",0.000312531,"['taskset', '-c', '2', '<project>/build/release/pclp', 'solve', '--instance', '<project>/data/processed/pckp_N_1217_7616.json', '--config', '<project>/experiments/runs/main/2a994b1820782a1f/resolved_config.json', '--output', '<project>/experiments/runs/main/2a994b1820782a1f/result.json']",False,forest-tuned,23424,0.086058234,0.667827141,pckp-historical,0,0,125,pckp_N_1217_7616,data/processed/pckp_N_1217_7616.json,e01f331fa4e941c46d3f5da47ffaa59460b27b3215f58cb1ae2682119184318d,24226,29,,1217,316413440.8467525,30,DATA/INSTANCES/PCKP_BB/instances,28123136,24321,0.000586695,0.022330468,0.06587522,11871964,0,,2,2a994b1820782a1f,0.6746791379991919,optimal,0.661831885,0.450045825,True
7616,493f6f942eca3576ac0253ad50581fbe0469e8e417d3f97011c676f7789871fd,0,"""instance""",0.000321977,"['taskset', '-c', '2', '<project>/build/release/pclp', 'solve', '--instance', '<project>/data/processed/pckp_N_1217_7616.json', '--config', '<project>/experiments/runs/main/f501d1a7fb711960/resolved_config.json', '--output', '<project>/experiments/runs/main/f501d1a7fb711960/result.json']",False,parametric,0,0.0,0.020060004,pckp-historical,5565,59,0,pckp_N_1217_7616,data/processed/pckp_N_1217_7616.json,e01f331fa4e941c46d3f5da47ffaa59460b27b3215f58cb1ae2682119184318d,0,29,,1217,316413440.8467525,58,DATA/INSTANCES/PCKP_BB/instances,28123136,0,0.000604102,0.0,0.0,0,0,,0,f501d1a7fb711960,0.026695121006923728,optimal,0.014260321,0.0,True
7616,493f6f942eca3576ac0253ad50581fbe0469e8e417d3f97011c676f7789871fd,0,"""instance""",0.000313349,"['taskset', '-c', '2', '<project>/build/release/pclp', 'solve', '--instance', '<project>/data/processed/pckp_N_1217_7616.json', '--config', '<project>/experiments/runs/main/47fe865b7321efda/resolved_config.json', '--output', '<project>/experiments/runs/main/47fe865b7321efda/result.json']",False,parametric,0,0.0,0.020035394,pckp-historical,5565,59,0,pckp_N_1217_7616,data/processed/pckp_N_1217_7616.json,e01f331fa4e941c46d3f5da47ffaa59460b27b3215f58cb1ae2682119184318d,0,29,,1217,316413440.8467525,58,DATA/INSTANCES/PCKP_BB/instances,28123136,0,0.000597918,0.0,0.0,0,0,,1,47fe865b7321efda,0.025463490004767664,optimal,0.014251811,0.0,True
7616,493f6f942eca3576ac0253ad50581fbe0469e8e417d3f97011c676f7789871fd,0,"""instance""",0.000311296,"['taskset', '-c', '2', '<project>/build/release/pclp', 'solve', '--instance', '<project>/data/processed/pckp_N_1217_7616.json', '--config', '<project>/experiments/runs/main/90800c6054ef1931/resolved_config.json', '--output', '<project>/experiments/runs/main/90800c6054ef1931/result.json']",False,parametric,0,0.0,0.019949562,pckp-historical,5565,59,0,pckp_N_1217_7616,data/processed/pckp_N_1217_7616.json,e01f331fa4e941c46d3f5da47ffaa59460b27b3215f58cb1ae2682119184318d,0,29,,1217,316413440.8467525,58,DATA/INSTANCES/PCKP_BB/instances,28123136,0,0.000592985,0.0,0.0,0,0,,2,90800c6054ef1931,0.025171521003358066,optimal,0.014159642,0.0,True
11661,493f6f942eca3576ac0253ad50581fbe0469e8e417d3f97011c676f7789871fd,0,"""instance""",0.000544864,"['taskset', '-c', '2', '<project>/build/release/pclp', 'solve', '--instance', '<project>/data/processed/pckp_O_1711_11661.json', '--config', '<project>/experiments/runs/main/8b597bf199ab3378/resolved_config.json', '--output', '<project>/experiments/runs/main/8b597bf199ab3378/result.json']",False,dinkelbach,0,0.0,0.021700386,pckp-historical,5380,10,0,pckp_O_1711_11661,data/processed/pckp_O_1711_11661.json,379f4a3d57e42105b286976964fa89f431e0b70a7d65c1f3002ec722e903f168,0,2,,1711,27241504.004499607,3,DATA/INSTANCES/PCKP_BB/instances,28123136,0,0.001305494,0.0,0.0,0,0,,0,8b597bf199ab3378,0.028201781009556726,optimal,0.010702292,0.0,True
11661,493f6f942eca3576ac0253ad50581fbe0469e8e417d3f97011c676f7789871fd,0,"""instance""",0.000551062,"['taskset', '-c', '2', '<project>/build/release/pclp', 'solve', '--instance', '<project>/data/processed/pckp_O_1711_11661.json', '--config', '<project>/experiments/runs/main/7f5515534e62e506/resolved_config.json', '--output', '<project>/experiments/runs/main/7f5515534e62e506/result.json']",False,dinkelbach,0,0.0,0.021797615,pckp-historical,5380,10,0,pckp_O_1711_11661,data/processed/pckp_O_1711_11661.json,379f4a3d57e42105b286976964fa89f431e0b70a7d65c1f3002ec722e903f168,0,2,,1711,27241504.004499607,3,DATA/INSTANCES/PCKP_BB/instances,28123136,0,0.001210023,0.0,0.0,0,0,,1,7f5515534e62e506,0.028833236996433698,optimal,0.010647387,0.0,True
11661,493f6f942eca3576ac0253ad50581fbe0469e8e417d3f97011c676f7789871fd,0,"""instance""",0.000563238,"['taskset', '-c', '2', '<project>/build/release/pclp', 'solve', '--instance', '<project>/data/processed/pckp_O_1711_11661.json', '--config', '<project>/experiments/runs/main/ef99529296c7a7d7/resolved_config.json', '--output', '<project>/experiments/runs/main/ef99529296c7a7d7/result.json']",False,dinkelbach,0,0.0,0.022645213,pckp-historical,5380,10,0,pckp_O_1711_11661,data/processed/pckp_O_1711_11661.json,379f4a3d57e42105b286976964fa89f431e0b70a7d65c1f3002ec722e903f168,0,2,,1711,27241504.004499607,3,DATA/INSTANCES/PCKP_BB/instances,28123136,0,0.00130033,0.0,0.0,0,0,,2,ef99529296c7a7d7,0.02931248999084346,optimal,0.01109966,0.0,True
11661,493f6f942eca3576ac0253ad50581fbe0469e8e417d3f97011c676f7789871fd,67786023,"""instance""",0.000399512,"['taskset', '-c', '2', '<project>/build/release/pclp', 'solve', '--instance', '<project>/data/processed/pckp_O_1711_11661.json', '--config', '<project>/experiments/runs/main/b8908a787591232b/resolved_config.json', '--output', '<project>/experiments/runs/main/b8908a787591232b/result.json']",False,forest-reference,40163,0.452331978,5.837573532,pckp-historical,0,0,40178,pckp_O_1711_11661,data/processed/pckp_O_1711_11661.json,379f4a3d57e42105b286976964fa89f431e0b70a7d65c1f3002ec722e903f168,0,2,,1711,27241504.004499607,3,DATA/INSTANCES/PCKP_BB/instances,28123136,40175,0.000964235,0.60336854,2.010547762,67826201,0,,0,b8908a787591232b,5.845811976003461,optimal,5.828918034,2.63981468,True
11661,493f6f942eca3576ac0253ad50581fbe0469e8e417d3f97011c676f7789871fd,67786023,"""instance""",0.000445491,"['taskset', '-c', '2', '<project>/build/release/pclp', 'solve', '--instance', '<project>/data/processed/pckp_O_1711_11661.json', '--config', '<project>/experiments/runs/main/4c92ea16b1c98c19/resolved_config.json', '--output', '<project>/experiments/runs/main/4c92ea16b1c98c19/result.json']",False,forest-reference,40163,0.409418152,5.31752686,pckp-historical,0,0,40178,pckp_O_1711_11661,data/processed/pckp_O_1711_11661.json,379f4a3d57e42105b286976964fa89f431e0b70a7d65c1f3002ec722e903f168,0,2,,1711,27241504.004499607,3,DATA/INSTANCES/PCKP_BB/instances,28123136,40175,0.00095563,0.551953089,1.842320033,67826201,0,,1,4c92ea16b1c98c19,5.32589740100957,optimal,5.30900324,2.390423135,True
11661,493f6f942eca3576ac0253ad50581fbe0469e8e417d3f97011c676f7789871fd,67786023,"""instance""",0.000403731,"['taskset', '-c', '2', '<project>/build/release/pclp', 'solve', '--instance', '<project>/data/processed/pckp_O_1711_11661.json', '--config', '<project>/experiments/runs/main/d66ec3a8f8cd37f9/resolved_config.json', '--output', '<project>/experiments/runs/main/d66ec3a8f8cd37f9/result.json']",False,forest-reference,40163,0.398513155,5.187430236,pckp-historical,0,0,40178,pckp_O_1711_11661,data/processed/pckp_O_1711_11661.json,379f4a3d57e42105b286976964fa89f431e0b70a7d65c1f3002ec722e903f168,0,2,,1711,27241504.004499607,3,DATA/INSTANCES/PCKP_BB/instances,28123136,40175,0.00101562,0.542231657,1.802862929,67826201,0,,2,d66ec3a8f8cd37f9,5.194616281994968,optimal,5.17808541,2.32380492,True
11661,493f6f942eca3576ac0253ad50581fbe0469e8e417d3f97011c676f7789871fd,465626,"""instance""",0.000430009,"['taskset', '-c', '2', '<project>/build/release/pclp', 'solve', '--instance', '<project>/data/processed/pckp_O_1711_11661.json', '--config', '<project>/experiments/runs/main/25ac3e4c4e11c646/resolved_config.json', '--output', '<project>/experiments/runs/main/25ac3e4c4e11c646/result.json']",False,forest-tuned,4445,0.042480866,0.358652672,pckp-historical,0,0,20,pckp_O_1711_11661,data/processed/pckp_O_1711_11661.json,379f4a3d57e42105b286976964fa89f431e0b70a7d65c1f3002ec722e903f168,4436,2,,1711,27241504.004499607,3,DATA/INSTANCES/PCKP_BB/instances,28123136,4453,0.001280287,0.006256357,0.024690474,6566770,0,,0,25ac3e4c4e11c646,0.3687888780114008,optimal,0.347300798,0.258091346,True
11661,493f6f942eca3576ac0253ad50581fbe0469e8e417d3f97011c676f7789871fd,465626,"""instance""",0.000432939,"['taskset', '-c', '2', '<project>/build/release/pclp', 'solve', '--instance', '<project>/data/processed/pckp_O_1711_11661.json', '--config', '<project>/experiments/runs/main/5bd4852a6d3351f7/resolved_config.json', '--output', '<project>/experiments/runs/main/5bd4852a6d3351f7/result.json']",False,forest-tuned,4445,0.042998509,0.362534876,pckp-historical,0,0,20,pckp_O_1711_11661,data/processed/pckp_O_1711_11661.json,379f4a3d57e42105b286976964fa89f431e0b70a7d65c1f3002ec722e903f168,4436,2,,1711,27241504.004499607,3,DATA/INSTANCES/PCKP_BB/instances,28123136,4453,0.00105447,0.00632058,0.025121823,6566770,0,,1,5bd4852a6d3351f7,0.3699170219915686,optimal,0.351018461,0.26092073,True
11661,493f6f942eca3576ac0253ad50581fbe0469e8e417d3f97011c676f7789871fd,465626,"""instance""",0.000471722,"['taskset', '-c', '2', '<project>/build/release/pclp', 'solve', '--instance', '<project>/data/processed/pckp_O_1711_11661.json', '--config', '<project>/experiments/runs/main/e9dce056f78ca80b/resolved_config.json', '--output', '<project>/experiments/runs/main/e9dce056f78ca80b/result.json']",False,forest-tuned,4445,0.042952007,0.362219412,pckp-historical,0,0,20,pckp_O_1711_11661,data/processed/pckp_O_1711_11661.json,379f4a3d57e42105b286976964fa89f431e0b70a7d65c1f3002ec722e903f168,4436,2,,1711,27241504.004499607,3,DATA/INSTANCES/PCKP_BB/instances,28123136,4453,0.001203533,0.006314261,0.024885752,6566770,0,,2,e9dce056f78ca80b,0.37015859999519307,optimal,0.351663903,0.261617155,True
11661,493f6f942eca3576ac0253ad50581fbe0469e8e417d3f97011c676f7789871fd,0,"""instance""",0.000521034,"['taskset', '-c', '2', '<project>/build/release/pclp', 'solve', '--instance', '<project>/data/processed/pckp_O_1711_11661.json', '--config', '<project>/experiments/runs/main/eb8bf1424662f4a7/resolved_config.json', '--output', '<project>/experiments/runs/main/eb8bf1424662f4a7/result.json']",False,parametric,0,0.0,0.01991599,pckp-historical,4400,5,0,pckp_O_1711_11661,data/processed/pckp_O_1711_11661.json,379f4a3d57e42105b286976964fa89f431e0b70a7d65c1f3002ec722e903f168,0,2,,1711,27241504.004499607,4,DATA/INSTANCES/PCKP_BB/instances,28123136,0,0.001265083,0.0,0.0,0,0,,0,eb8bf1424662f4a7,0.0272059130074922,optimal,0.008744599,0.0,True
11661,493f6f942eca3576ac0253ad50581fbe0469e8e417d3f97011c676f7789871fd,0,"""instance""",0.000462038,"['taskset', '-c', '2', '<project>/build/release/pclp', 'solve', '--instance', '<project>/data/processed/pckp_O_1711_11661.json', '--config', '<project>/experiments/runs/main/8826cea0cc1aa9b0/resolved_config.json', '--output', '<project>/experiments/runs/main/8826cea0cc1aa9b0/result.json']",False,parametric,0,0.0,0.020367058,pckp-historical,4400,5,0,pckp_O_1711_11661,data/processed/pckp_O_1711_11661.json,379f4a3d57e42105b286976964fa89f431e0b70a7d65c1f3002ec722e903f168,0,2,,1711,27241504.004499607,4,DATA/INSTANCES/PCKP_BB/instances,28123136,0,0.00114147,0.0,0.0,0,0,,1,8826cea0cc1aa9b0,0.027200662007089704,optimal,0.008951978,0.0,True
11661,493f6f942eca3576ac0253ad50581fbe0469e8e417d3f97011c676f7789871fd,0,"""instance""",0.000608106,"['taskset', '-c', '2', '<project>/build/release/pclp', 'solve', '--instance', '<project>/data/processed/pckp_O_1711_11661.json', '--config', '<project>/experiments/runs/main/da2e88a6ed07d7f5/resolved_config.json', '--output', '<project>/experiments/runs/main/da2e88a6ed07d7f5/result.json']",False,parametric,0,0.0,0.021044594,pckp-historical,4400,5,0,pckp_O_1711_11661,data/processed/pckp_O_1711_11661.json,379f4a3d57e42105b286976964fa89f431e0b70a7d65c1f3002ec722e903f168,0,2,,1711,27241504.004499607,4,DATA/INSTANCES/PCKP_BB/instances,28123136,0,0.001180006,0.0,0.0,0,0,,2,da2e88a6ed07d7f5,0.02777102000254672,optimal,0.009098398,0.0,True
22306,493f6f942eca3576ac0253ad50581fbe0469e8e417d3f97011c676f7789871fd,0,"""instance""",0.000670034,"['taskset', '-c', '2', '<project>/build/release/pclp', 'solve', '--instance', '<project>/data/processed/pckp_P_3243_22306.json', '--config', '<project>/experiments/runs/main/f848dc05be62b70e/resolved_config.json', '--output', '<project>/experiments/runs/main/f848dc05be62b70e/result.json']",False,dinkelbach,0,0.0,0.073164464,pckp-historical,18297,26,0,pckp_P_3243_22306,data/processed/pckp_P_3243_22306.json,8719927d570b09ded5e093eada2a4ddc375db56a9bd53b003fc718a1ae11c619,0,5,,3243,11277472.56414597,6,DATA/INSTANCES/PCKP_BB/instances,28123136,0,0.001858479,0.0,0.0,0,0,,0,f848dc05be62b70e,0.0828226619923953,optimal,0.057000405,0.0,True
22306,493f6f942eca3576ac0253ad50581fbe0469e8e417d3f97011c676f7789871fd,0,"""instance""",0.000754649,"['taskset', '-c', '2', '<project>/build/release/pclp', 'solve', '--instance', '<project>/data/processed/pckp_P_3243_22306.json', '--config', '<project>/experiments/runs/main/e7ef7d394412414b/resolved_config.json', '--output', '<project>/experiments/runs/main/e7ef7d394412414b/result.json']",False,dinkelbach,0,0.0,0.07770043,pckp-historical,18297,26,0,pckp_P_3243_22306,data/processed/pckp_P_3243_22306.json,8719927d570b09ded5e093eada2a4ddc375db56a9bd53b003fc718a1ae11c619,0,5,,3243,11277472.56414597,6,DATA/INSTANCES/PCKP_BB/instances,28123136,0,0.001850398,0.0,0.0,0,0,,1,e7ef7d394412414b,0.08779976499499753,optimal,0.060818061,0.0,True
22306,493f6f942eca3576ac0253ad50581fbe0469e8e417d3f97011c676f7789871fd,0,"""instance""",0.000750408,"['taskset', '-c', '2', '<project>/build/release/pclp', 'solve', '--instance', '<project>/data/processed/pckp_P_3243_22306.json', '--config', '<project>/experiments/runs/main/6833b5b0b61de427/resolved_config.json', '--output', '<project>/experiments/runs/main/6833b5b0b61de427/result.json']",False,dinkelbach,0,0.0,0.078358846,pckp-historical,18297,26,0,pckp_P_3243_22306,data/processed/pckp_P_3243_22306.json,8719927d570b09ded5e093eada2a4ddc375db56a9bd53b003fc718a1ae11c619,0,5,,3243,11277472.56414597,6,DATA/INSTANCES/PCKP_BB/instances,28123136,0,0.001815255,0.0,0.0,0,0,,2,6833b5b0b61de427,0.08705080200161319,optimal,0.061950601,0.0,True
22306,493f6f942eca3576ac0253ad50581fbe0469e8e417d3f97011c676f7789871fd,360435834,"""instance""",0.0,"['taskset', '-c', '2', '<project>/build/release/pclp', 'solve', '--instance', '<project>/data/processed/pckp_P_3243_22306.json', '--config', '<project>/experiments/runs/main/a5aea2fd70ac7903/resolved_config.json', '--output', '<project>/experiments/runs/main/a5aea2fd70ac7903/result.json']",False,forest-reference,111175,2.507117125,30.016845584,pckp-historical,0,0,111178,pckp_P_3243_22306,data/processed/pckp_P_3243_22306.json,8719927d570b09ded5e093eada2a4ddc375db56a9bd53b003fc718a1ae11c619,0,0,residual oracle did not certify optimality,3243,0.0,1,DATA/INSTANCES/PCKP_BB/instances,28123136,111177,0.001970371,3.12236208,9.248695558,360550254,0,,0,a5aea2fd70ac7903,30.022714085003827,time_limit,30.00040457,14.507681565,False
22306,493f6f942eca3576ac0253ad50581fbe0469e8e417d3f97011c676f7789871fd,,"""instance""",,,,forest-reference,,,,pckp-historical,,,,pckp_P_3243_22306,data/processed/pckp_P_3243_22306.json,8719927d570b09ded5e093eada2a4ddc375db56a9bd53b003fc718a1ae11c619,,,residual oracle did not certify optimality,3243,,,DATA/INSTANCES/PCKP_BB/instances,,,,,,,,True,1,5f3e810a7c479517,30.022714085003827,time_limit,,,False
22306,493f6f942eca3576ac0253ad50581fbe0469e8e417d3f97011c676f7789871fd,,"""instance""",,,,forest-reference,,,,pckp-historical,,,,pckp_P_3243_22306,data/processed/pckp_P_3243_22306.json,8719927d570b09ded5e093eada2a4ddc375db56a9bd53b003fc718a1ae11c619,,,residual oracle did not certify optimality,3243,,,DATA/INSTANCES/PCKP_BB/instances,,,,,,,,True,2,d320755e0e9cbb8c,30.022714085003827,time_limit,,,False
22306,493f6f942eca3576ac0253ad50581fbe0469e8e417d3f97011c676f7789871fd,4726784,"""instance""",0.000720988,"['taskset', '-c', '2', '<project>/build/release/pclp', 'solve', '--instance', '<project>/data/processed/pckp_P_3243_22306.json', '--config', '<project>/experiments/runs/main/62bb01304bbc8771/resolved_config.json', '--output', '<project>/experiments/runs/main/62bb01304bbc8771/result.json']",False,forest-tuned,34172,0.567122604,4.828012755,pckp-historical,0,0,139,pckp_P_3243_22306,data/processed/pckp_P_3243_22306.json,8719927d570b09ded5e093eada2a4ddc375db56a9bd53b003fc718a1ae11c619,34118,5,,3243,11277472.56414597,6,DATA/INSTANCES/PCKP_BB/instances,28123136,34251,0.001710321,0.059969404,0.314410159,84228358,0,,0,62bb01304bbc8771,4.835871378993033,optimal,4.812839038,3.710888433,True
22306,493f6f942eca3576ac0253ad50581fbe0469e8e417d3f97011c676f7789871fd,4726784,"""instance""",0.000684466,"['taskset', '-c', '2', '<project>/build/release/pclp', 'solve', '--instance', '<project>/data/processed/pckp_P_3243_22306.json', '--config', '<project>/experiments/runs/main/3cbba3e50c59b45e/resolved_config.json', '--output', '<project>/experiments/runs/main/3cbba3e50c59b45e/result.json']",False,forest-tuned,34172,0.532507454,4.54691836,pckp-historical,0,0,139,pckp_P_3243_22306,data/processed/pckp_P_3243_22306.json,8719927d570b09ded5e093eada2a4ddc375db56a9bd53b003fc718a1ae11c619,34118,5,,3243,11277472.56414597,6,DATA/INSTANCES/PCKP_BB/instances,28123136,34251,0.001784709,0.056206749,0.297307969,84228358,0,,1,3cbba3e50c59b45e,4.556788225003402,optimal,4.531235682,3.492325829,True
22306,493f6f942eca3576ac0253ad50581fbe0469e8e417d3f97011c676f7789871fd,4726784,"""instance""",0.000699353,"['taskset', '-c', '2', '<project>/build/release/pclp', 'solve', '--instance', '<project>/data/processed/pckp_P_3243_22306.json', '--config', '<project>/experiments/runs/main/6cb194b4377fa3f3/resolved_config.json', '--output', '<project>/experiments/runs/main/6cb194b4377fa3f3/result.json']",False,forest-tuned,34172,0.53490813,4.577242632,pckp-historical,0,0,139,pckp_P_3243_22306,data/processed/pckp_P_3243_22306.json,8719927d570b09ded5e093eada2a4ddc375db56a9bd53b003fc718a1ae11c619,34118,5,,3243,11277472.56414597,6,DATA/INSTANCES/PCKP_BB/instances,28123136,34251,0.001766318,0.05684597,0.298352418,84228358,0,,2,6cb194b4377fa3f3,4.586485457999515,optimal,4.561857663,3.51577599,True
22306,493f6f942eca3576ac0253ad50581fbe0469e8e417d3f97011c676f7789871fd,0,"""instance""",0.000752642,"['taskset', '-c', '2', '<project>/build/release/pclp', 'solve', '--instance', '<project>/data/processed/pckp_P_3243_22306.json', '--config', '<project>/experiments/runs/main/5eabd304330d99d6/resolved_config.json', '--output', '<project>/experiments/runs/main/5eabd304330d99d6/result.json']",False,parametric,0,0.0,0.053081191,pckp-historical,12356,11,0,pckp_P_3243_22306,data/processed/pckp_P_3243_22306.json,8719927d570b09ded5e093eada2a4ddc375db56a9bd53b003fc718a1ae11c619,0,5,,3243,11277472.56414597,10,DATA/INSTANCES/PCKP_BB/instances,28123136,0,0.001908424,0.0,0.0,0,0,,0,5eabd304330d99d6,0.06277942900487687,optimal,0.03688046,0.0,True
22306,493f6f942eca3576ac0253ad50581fbe0469e8e417d3f97011c676f7789871fd,0,"""instance""",0.000756604,"['taskset', '-c', '2', '<project>/build/release/pclp', 'solve', '--instance', '<project>/data/processed/pckp_P_3243_22306.json', '--config', '<project>/experiments/runs/main/db31fcdbe8d31bbb/resolved_config.json', '--output', '<project>/experiments/runs/main/db31fcdbe8d31bbb/result.json']",False,parametric,0,0.0,0.053244301,pckp-historical,12356,11,0,pckp_P_3243_22306,data/processed/pckp_P_3243_22306.json,8719927d570b09ded5e093eada2a4ddc375db56a9bd53b003fc718a1ae11c619,0,5,,3243,11277472.56414597,10,DATA/INSTANCES/PCKP_BB/instances,28123136,0,0.001758414,0.0,0.0,0,0,,1,db31fcdbe8d31bbb,0.06301439199887682,optimal,0.037154481,0.0,True
22306,493f6f942eca3576ac0253ad50581fbe0469e8e417d3f97011c676f7789871fd,0,"""instance""",0.000813659,"['taskset', '-c', '2', '<project>/build/release/pclp', 'solve', '--instance', '<project>/data/processed/pckp_P_3243_22306.json', '--config', '<project>/experiments/runs/main/ac64a74ae02756ae/resolved_config.json', '--output', '<project>/experiments/runs/main/ac64a74ae02756ae/result.json']",False,parametric,0,0.0,0.056909271,pckp-historical,12356,11,0,pckp_P_3243_22306,data/processed/pckp_P_3243_22306.json,8719927d570b09ded5e093eada2a4ddc375db56a9bd53b003fc718a1ae11c619,0,5,,3243,11277472.56414597,10,DATA/INSTANCES/PCKP_BB/instances,28123136,0,0.001856075,0.0,0.0,0,0,,2,ac64a74ae02756ae,0.06641022399708163,optimal,0.03964194,0.0,True
