arcs,build_source_hash,candidates_examined,capacity_mode,certification_seconds,command,complete_sequence,configuration,degenerate_pivots,direction_seconds,end_to_end_seconds,family,flow_augmentations,flow_solves,full_rebuilds,instance,instance_path,instance_sha256,local_rebuilds,macroitems,message,nodes,objective,oracle_calls,origin,peak_rss_bytes,pivots,preprocessing_seconds,pricing_seconds,ratio_test_seconds,rebuilt_nodes,removed_arcs,repeat_of_replica_0,replica,run_id,runner_seconds,status,total_seconds,update_seconds,verified
19999,493f6f942eca3576ac0253ad50581fbe0469e8e417d3f97011c676f7789871fd,0,"""instance""",0.002035695,"['taskset', '-c', '2', '<project>/build/release/pclp', 'solve', '--instance', '<project>/data/generated/gen_chain_plain_n20000_uniform_neg0_r0.json', '--config', '<project>/experiments/runs/scalability/4afbd1f05a471e70/resolved_config.json', '--output', '<project>/experiments/runs/scalability/4afbd1f05a471e70/result.json']",True,dinkelbach,0,0.0,8.828692997,chain,394947,65,0,gen_chain_plain_n20000_uniform_neg0_r0,data/generated/gen_chain_plain_n20000_uniform_neg0_r0.json,be0f22bca99c18b5c2dd8a0ed8d1d0cd8568a99c51b20e343f36984602efcc40,0,13,,20000,256548.90462145145,13,generated,63889408,0,0.003484593,0.0,0.0,0,0,,0,4afbd1f05a471e70,8.84448978700675,optimal,8.801390041,0.0,True
19999,493f6f942eca3576ac0253ad50581fbe0469e8e417d3f97011c676f7789871fd,0,"""instance""",0.002171747,"['taskset', '-c', '2', '<project>/build/release/pclp', 'solve', '--instance', '<project>/data/generated/gen_chain_plain_n20000_uniform_neg0_r0.json', '--config', '<project>/experiments/runs/scalability/a91a21878b6132d1/resolved_config.json', '--output', '<project>/experiments/runs/scalability/a91a21878b6132d1/result.json']",True,dinkelbach,0,0.0,8.436186398,chain,394947,65,0,gen_chain_plain_n20000_uniform_neg0_r0,data/generated/gen_chain_plain_n20000_uniform_neg0_r0.json,be0f22bca99c18b5c2dd8a0ed8d1d0cd8568a99c51b20e343f36984602efcc40,0,13,,20000,256548.90462145145,13,generated,63889408,0,0.003516584,0.0,0.0,0,0,,1,a91a21878b6132d1,8.452508775997558,optimal,8.408696373,0.0,True
19999,493f6f942eca3576ac0253ad50581fbe0469e8e417d3f97011c676f7789871fd,20747151,"""instance""",0.001838797,"['taskset', '-c', '2', '<project>/build/release/pclp', 'solve', '--instance', '<project>/data/generated/gen_chain_plain_n20000_uniform_neg0_r0.json', '--config', '<project>/experiments/runs/scalability/d29193aa83f06bed/resolved_config.json', '--output', '<project>/experiments/runs/scalability/d29193aa83f06bed/result.json']",True,forest-tuned,25498,0.892280382,4.475625509,chain,0,0,112,gen_chain_plain_n20000_uniform_neg0_r0,data/generated/gen_chain_plain_n20000_uniform_neg0_r0.json,be0f22bca99c18b5c2dd8a0ed8d1d0cd8568a99c51b20e343f36984602efcc40,25427,13,,20000,256548.90462145145,13,generated,63889408,25526,0.003541587,0.163212975,0.484905943,113229772,0,,0,d29193aa83f06bed,4.491768754000077,optimal,4.447896954,2.644538313,True
19999,493f6f942eca3576ac0253ad50581fbe0469e8e417d3f97011c676f7789871fd,20747151,"""instance""",0.00181013,"['taskset', '-c', '2', '<project>/build/release/pclp', 'solve', '--instance', '<project>/data/generated/gen_chain_plain_n20000_uniform_neg0_r0.json', '--config', '<project>/experiments/runs/scalability/228cec99a253683c/resolved_config.json', '--output', '<project>/experiments/runs/scalability/228cec99a253683c/result.json']",True,forest-tuned,25498,0.927244927,4.647932376,chain,0,0,112,gen_chain_plain_n20000_uniform_neg0_r0,data/generated/gen_chain_plain_n20000_uniform_neg0_r0.json,be0f22bca99c18b5c2dd8a0ed8d1d0cd8568a99c51b20e343f36984602efcc40,25427,13,,20000,256548.90462145145,13,generated,63889408,25526,0.004011684,0.17283808,0.511592199,113229772,0,,1,228cec99a253683c,4.66473056099494,optimal,4.620988743,2.73540719,True
19999,493f6f942eca3576ac0253ad50581fbe0469e8e417d3f97011c676f7789871fd,0,"""instance""",0.002192796,"['taskset', '-c', '2', '<project>/build/release/pclp', 'solve', '--instance', '<project>/data/generated/gen_chain_plain_n20000_uniform_neg0_r0.json', '--config', '<project>/experiments/runs/scalability/98294db661ea2c84/resolved_config.json', '--output', '<project>/experiments/runs/scalability/98294db661ea2c84/result.json']",False,parametric,0,0.0,2.563429055,chain,88945,26,0,gen_chain_plain_n20000_uniform_neg0_r0,data/generated/gen_chain_plain_n20000_uniform_neg0_r0.json,be0f22bca99c18b5c2dd8a0ed8d1d0cd8568a99c51b20e343f36984602efcc40,0,13,,20000,256548.90462145145,26,generated,63889408,0,0.003817048,0.0,0.0,0,0,,0,98294db661ea2c84,2.580766359998961,optimal,2.535979518,0.0,True
19999,493f6f942eca3576ac0253ad50581fbe0469e8e417d3f97011c676f7789871fd,0,"""instance""",0.001789031,"['taskset', '-c', '2', '<project>/build/release/pclp', 'solve', '--instance', '<project>/data/generated/gen_chain_plain_n20000_uniform_neg0_r0.json', '--config', '<project>/experiments/runs/scalability/10900ee6a3f7bc87/resolved_config.json', '--output', '<project>/experiments/runs/scalability/10900ee6a3f7bc87/result.json']",False,parametric,0,0.0,2.544395763,chain,88945,26,0,gen_chain_plain_n20000_uniform_neg0_r0,data/generated/gen_chain_plain_n20000_uniform_neg0_r0.json,be0f22bca99c18b5c2dd8a0ed8d1d0cd8568a99c51b20e343f36984602efcc40,0,13,,20000,256548.90462145145,26,generated,64053248,0,0.004047378,0.0,0.0,0,0,,1,10900ee6a3f7bc87,2.559999846998835,optimal,2.517181883,0.0,True
19999,493f6f942eca3576ac0253ad50581fbe0469e8e417d3f97011c676f7789871fd,0,"""instance""",0.001832166,"['taskset', '-c', '2', '<project>/build/release/pclp', 'solve', '--instance', '<project>/data/generated/gen_chain_plain_n20000_uniform_neg0_r1.json', '--config', '<project>/experiments/runs/scalability/99f91e4b50e2dbdc/resolved_config.json', '--output', '<project>/experiments/runs/scalability/99f91e4b50e2dbdc/result.json']",True,dinkelbach,0,0.0,11.041420148,chain,431415,57,0,gen_chain_plain_n20000_uniform_neg0_r1,data/generated/gen_chain_plain_n20000_uniform_neg0_r1.json,23b28d94bc2d8641c5bce55167c88ea731b8eb10612d0a48ce3274501cf51c82,0,11,,20000,41383.38210192404,11,generated,64053248,0,0.003334606,0.0,0.0,0,0,,0,99f91e4b50e2dbdc,11.057122477999656,optimal,11.003638391,0.0,True
19999,493f6f942eca3576ac0253ad50581fbe0469e8e417d3f97011c676f7789871fd,0,"""instance""",0.002055391,"['taskset', '-c', '2', '<project>/build/release/pclp', 'solve', '--instance', '<project>/data/generated/gen_chain_plain_n20000_uniform_neg0_r1.json', '--config', '<project>/experiments/runs/scalability/1cdb909bae260267/resolved_config.json', '--output', '<project>/experiments/runs/scalability/1cdb909bae260267/result.json']",True,dinkelbach,0,0.0,10.473212773,chain,431415,57,0,gen_chain_plain_n20000_uniform_neg0_r1,data/generated/gen_chain_plain_n20000_uniform_neg0_r1.json,23b28d94bc2d8641c5bce55167c88ea731b8eb10612d0a48ce3274501cf51c82,0,11,,20000,41383.38210192404,11,generated,64053248,0,0.003365306,0.0,0.0,0,0,,1,1cdb909bae260267,10.489934851997532,optimal,10.444127683,0.0,True
19999,493f6f942eca3576ac0253ad50581fbe0469e8e417d3f97011c676f7789871fd,21921193,"""instance""",0.002080365,"['taskset', '-c', '2', '<project>/build/release/pclp', 'solve', '--instance', '<project>/data/generated/gen_chain_plain_n20000_uniform_neg0_r1.json', '--config', '<project>/experiments/runs/scalability/364a451341ce6b21/resolved_config.json', '--output', '<project>/experiments/runs/scalability/364a451341ce6b21/result.json']",True,forest-tuned,28109,1.059276021,5.683986309,chain,0,0,120,gen_chain_plain_n20000_uniform_neg0_r1,data/generated/gen_chain_plain_n20000_uniform_neg0_r1.json,23b28d94bc2d8641c5bce55167c88ea731b8eb10612d0a48ce3274501cf51c82,28022,11,,20000,41383.38210192404,11,generated,64053248,28131,0.003540548,0.170560603,0.438459039,156922172,0,,0,364a451341ce6b21,5.700900445997831,optimal,5.653854951,3.655139363,True
19999,493f6f942eca3576ac0253ad50581fbe0469e8e417d3f97011c676f7789871fd,21921193,"""instance""",0.002378915,"['taskset', '-c', '2', '<project>/build/release/pclp', 'solve', '--instance', '<project>/data/generated/gen_chain_plain_n20000_uniform_neg0_r1.json', '--config', '<project>/experiments/runs/scalability/cb4d93e93670948e/resolved_config.json', '--output', '<project>/experiments/runs/scalability/cb4d93e93670948e/result.json']",True,forest-tuned,28109,1.039197562,5.622595359,chain,0,0,120,gen_chain_plain_n20000_uniform_neg0_r1,data/generated/gen_chain_plain_n20000_uniform_neg0_r1.json,23b28d94bc2d8641c5bce55167c88ea731b8eb10612d0a48ce3274501cf51c82,28022,11,,20000,41383.38210192404,11,generated,64053248,28131,0.003840144,0.170731791,0.437586617,156922172,0,,1,cb4d93e93670948e,5.643782134997309,optimal,5.591885362,3.611180705,True
19999,493f6f942eca3576ac0253ad50581fbe0469e8e417d3f97011c676f7789871fd,0,"""instance""",0.0020601,"['taskset', '-c', '2', '<project>/build/release/pclp', 'solve', '--instance', '<project>/data/generated/gen_chain_plain_n20000_uniform_neg0_r1.json', '--config', '<project>/experiments/runs/scalability/51c7fb6d74c72d87/resolved_config.json', '--output', '<project>/experiments/runs/scalability/51c7fb6d74c72d87/result.json']",False,parametric,0,0.0,2.121690697,chain,66894,22,0,gen_chain_plain_n20000_uniform_neg0_r1,data/generated/gen_chain_plain_n20000_uniform_neg0_r1.json,23b28d94bc2d8641c5bce55167c88ea731b8eb10612d0a48ce3274501cf51c82,0,11,,20000,41383.38210192404,22,generated,64053248,0,0.004022239,0.0,0.0,0,0,,0,51c7fb6d74c72d87,2.136158893990796,optimal,2.093095946,0.0,True
19999,493f6f942eca3576ac0253ad50581fbe0469e8e417d3f97011c676f7789871fd,0,"""instance""",0.00179477,"['taskset', '-c', '2', '<project>/build/release/pclp', 'solve', '--instance', '<project>/data/generated/gen_chain_plain_n20000_uniform_neg0_r1.json', '--config', '<project>/experiments/runs/scalability/8b7b10a50a60c5e7/resolved_config.json', '--output', '<project>/experiments/runs/scalability/8b7b10a50a60c5e7/result.json']",False,parametric,0,0.0,2.174734382,chain,66894,22,0,gen_chain_plain_n20000_uniform_neg0_r1,data/generated/gen_chain_plain_n20000_uniform_neg0_r1.json,23b28d94bc2d8641c5bce55167c88ea731b8eb10612d0a48ce3274501cf51c82,0,11,,20000,41383.38210192404,22,generated,64053248,0,0.003657701,0.0,0.0,0,0,,1,8b7b10a50a60c5e7,2.1900982500083046,optimal,2.144993917,0.0,True
19999,493f6f942eca3576ac0253ad50581fbe0469e8e417d3f97011c676f7789871fd,0,"""instance""",0.001811863,"['taskset', '-c', '2', '<project>/build/release/pclp', 'solve', '--instance', '<project>/data/generated/gen_chain_plain_n20000_uniform_neg0_r2.json', '--config', '<project>/experiments/runs/scalability/069113e6223f289f/resolved_config.json', '--output', '<project>/experiments/runs/scalability/069113e6223f289f/result.json']",True,dinkelbach,0,0.0,7.364449392,chain,296748,28,0,gen_chain_plain_n20000_uniform_neg0_r2,data/generated/gen_chain_plain_n20000_uniform_neg0_r2.json,dfbed0cbc3b1b91dbe0b3e33ce5a769c8aedcdb162cdccbf4f20331e7adee639,0,6,,20000,170929.87537671404,6,generated,64053248,0,0.003679167,0.0,0.0,0,0,,0,069113e6223f289f,7.380157781997696,optimal,7.33810606,0.0,True
19999,493f6f942eca3576ac0253ad50581fbe0469e8e417d3f97011c676f7789871fd,0,"""instance""",0.001855499,"['taskset', '-c', '2', '<project>/build/release/pclp', 'solve', '--instance', '<project>/data/generated/gen_chain_plain_n20000_uniform_neg0_r2.json', '--config', '<project>/experiments/runs/scalability/7e0cc7198be4fbbd/resolved_config.json', '--output', '<project>/experiments/runs/scalability/7e0cc7198be4fbbd/result.json']",True,dinkelbach,0,0.0,7.36415544,chain,296748,28,0,gen_chain_plain_n20000_uniform_neg0_r2,data/generated/gen_chain_plain_n20000_uniform_neg0_r2.json,dfbed0cbc3b1b91dbe0b3e33ce5a769c8aedcdb162cdccbf4f20331e7adee639,0,6,,20000,170929.87537671404,6,generated,64053248,0,0.004161697,0.0,0.0,0,0,,1,7e0cc7198be4fbbd,7.380763067005319,optimal,7.335163226,0.0,True
19999,493f6f942eca3576ac0253ad50581fbe0469e8e417d3f97011c676f7789871fd,16596845,"""instance""",0.00179668,"['taskset', '-c', '2', '<project>/build/release/pclp', 'solve', '--instance', '<project>/data/generated/gen_chain_plain_n20000_uniform_neg0_r2.json', '--config', '<project>/experiments/runs/scalability/173a774ae5d0e47c/resolved_config.json', '--output', '<project>/experiments/runs/scalability/173a774ae5d0e47c/result.json']",True,forest-tuned,16529,0.754817211,4.523188998,chain,0,0,70,gen_chain_plain_n20000_uniform_neg0_r2,data/generated/gen_chain_plain_n20000_uniform_neg0_r2.json,dfbed0cbc3b1b91dbe0b3e33ce5a769c8aedcdb162cdccbf4f20331e7adee639,16473,6,,20000,170929.87537671404,6,generated,64053248,16537,0.003377912,0.136069864,0.32297077,129310472,0,,0,173a774ae5d0e47c,4.539201210005558,optimal,4.494025649,3.023587756,True
19999,493f6f942eca3576ac0253ad50581fbe0469e8e417d3f97011c676f7789871fd,16596845,"""instance""",0.00187254,"['taskset', '-c', '2', '<project>/build/release/pclp', 'solve', '--instance', '<project>/data/generated/gen_chain_plain_n20000_uniform_neg0_r2.json', '--config', '<project>/experiments/runs/scalability/1ca593c23ed51bcb/resolved_config.json', '--output', '<project>/experiments/runs/scalability/1ca593c23ed51bcb/result.json']",True,forest-tuned,16529,0.749869309,4.519510126,chain,0,0,70,gen_chain_plain_n20000_uniform_neg0_r2,data/generated/gen_chain_plain_n20000_uniform_neg0_r2.json,dfbed0cbc3b1b91dbe0b3e33ce5a769c8aedcdb162cdccbf4f20331e7adee639,16473,6,,20000,170929.87537671404,6,generated,64053248,16537,0.003433782,0.135027966,0.314760421,129310472,0,,1,1ca593c23ed51bcb,4.535286633996293,optimal,4.493275066,3.033191858,True
19999,493f6f942eca3576ac0253ad50581fbe0469e8e417d3f97011c676f7789871fd,0,"""instance""",0.002062394,"['taskset', '-c', '2', '<project>/build/release/pclp', 'solve', '--instance', '<project>/data/generated/gen_chain_plain_n20000_uniform_neg0_r2.json', '--config', '<project>/experiments/runs/scalability/3c3af6a0757ab11a/resolved_config.json', '--output', '<project>/experiments/runs/scalability/3c3af6a0757ab11a/result.json']",False,parametric,0,0.0,2.328303539,chain,61493,12,0,gen_chain_plain_n20000_uniform_neg0_r2,data/generated/gen_chain_plain_n20000_uniform_neg0_r2.json,dfbed0cbc3b1b91dbe0b3e33ce5a769c8aedcdb162cdccbf4f20331e7adee639,0,6,,20000,170929.87537671404,12,generated,64217088,0,0.003604777,0.0,0.0,0,0,,0,3c3af6a0757ab11a,2.343670268994174,optimal,2.302721314,0.0,True
19999,493f6f942eca3576ac0253ad50581fbe0469e8e417d3f97011c676f7789871fd,0,"""instance""",0.002061254,"['taskset', '-c', '2', '<project>/build/release/pclp', 'solve', '--instance', '<project>/data/generated/gen_chain_plain_n20000_uniform_neg0_r2.json', '--config', '<project>/experiments/runs/scalability/458ef9a1eecb34e1/resolved_config.json', '--output', '<project>/experiments/runs/scalability/458ef9a1eecb34e1/result.json']",False,parametric,0,0.0,2.362134512,chain,61493,12,0,gen_chain_plain_n20000_uniform_neg0_r2,data/generated/gen_chain_plain_n20000_uniform_neg0_r2.json,dfbed0cbc3b1b91dbe0b3e33ce5a769c8aedcdb162cdccbf4f20331e7adee639,0,6,,20000,170929.87537671404,12,generated,64217088,0,0.003400006,0.0,0.0,0,0,,1,458ef9a1eecb34e1,2.376517361990409,optimal,2.33567611,0.0,True
19999,493f6f942eca3576ac0253ad50581fbe0469e8e417d3f97011c676f7789871fd,0,"""instance""",0.002044703,"['taskset', '-c', '2', '<project>/build/release/pclp', 'solve', '--instance', '<project>/data/generated/gen_chain_plain_n20000_uniform_neg30_r0.json', '--config', '<project>/experiments/runs/scalability/9df8a1f83087d0d6/resolved_config.json', '--output', '<project>/experiments/runs/scalability/9df8a1f83087d0d6/result.json']",True,dinkelbach,0,0.0,8.466836681,chain,394397,43,0,gen_chain_plain_n20000_uniform_neg30_r0,data/generated/gen_chain_plain_n20000_uniform_neg30_r0.json,1bbc3a9efb5e6da8631e8a0e37879215f0f7f746f658dc096f85bf25dde7f749,0,9,,20000,146592.74872986964,9,generated,64217088,0,0.003593581,0.0,0.0,0,0,,0,9df8a1f83087d0d6,8.485834990991862,optimal,8.440282535,0.0,True
19999,493f6f942eca3576ac0253ad50581fbe0469e8e417d3f97011c676f7789871fd,0,"""instance""",0.001914909,"['taskset', '-c', '2', '<project>/build/release/pclp', 'solve', '--instance', '<project>/data/generated/gen_chain_plain_n20000_uniform_neg30_r0.json', '--config', '<project>/experiments/runs/scalability/7409faf452c096a3/resolved_config.json', '--output', '<project>/experiments/runs/scalability/7409faf452c096a3/result.json']",True,dinkelbach,0,0.0,8.555563314,chain,394397,43,0,gen_chain_plain_n20000_uniform_neg30_r0,data/generated/gen_chain_plain_n20000_uniform_neg30_r0.json,1bbc3a9efb5e6da8631e8a0e37879215f0f7f746f658dc096f85bf25dde7f749,0,9,,20000,146592.74872986964,9,generated,64217088,0,0.003425029,0.0,0.0,0,0,,1,7409faf452c096a3,8.571655341002042,optimal,8.529080617,0.0,True
19999,493f6f942eca3576ac0253ad50581fbe0469e8e417d3f97011c676f7789871fd,24783722,"""instance""",0.002093613,"['taskset', '-c', '2', '<project>/build/release/pclp', 'solve', '--instance', '<project>/data/generated/gen_chain_plain_n20000_uniform_neg30_r0.json', '--config', '<project>/experiments/runs/scalability/c3fa8e835d0e37cf/resolved_config.json', '--output', '<project>/experiments/runs/scalability/c3fa8e835d0e37cf/result.json']",True,forest-tuned,28707,1.206032567,7.115844214,chain,0,0,121,gen_chain_plain_n20000_uniform_neg30_r0,data/generated/gen_chain_plain_n20000_uniform_neg30_r0.json,1bbc3a9efb5e6da8631e8a0e37879215f0f7f746f658dc096f85bf25dde7f749,28610,9,,20000,146592.74872986964,9,generated,64217088,28722,0.003561273,0.19378626399999999,0.550634862,208640878,0,,0,c3fa8e835d0e37cf,7.13079434800602,optimal,7.086905607,4.737516923,True
19999,493f6f942eca3576ac0253ad50581fbe0469e8e417d3f97011c676f7789871fd,24783722,"""instance""",0.001960111,"['taskset', '-c', '2', '<project>/build/release/pclp', 'solve', '--instance', '<project>/data/generated/gen_chain_plain_n20000_uniform_neg30_r0.json', '--config', '<project>/experiments/runs/scalability/40ec21d1413632b3/resolved_config.json', '--output', '<project>/experiments/runs/scalability/40ec21d1413632b3/result.json']",True,forest-tuned,28707,1.192697248,7.049888109,chain,0,0,121,gen_chain_plain_n20000_uniform_neg30_r0,data/generated/gen_chain_plain_n20000_uniform_neg30_r0.json,1bbc3a9efb5e6da8631e8a0e37879215f0f7f746f658dc096f85bf25dde7f749,28610,9,,20000,146592.74872986964,9,generated,64217088,28722,0.003820997,0.189616201,0.550504282,208640878,0,,1,40ec21d1413632b3,7.06495935098792,optimal,7.023475827,4.699885591,True
19999,493f6f942eca3576ac0253ad50581fbe0469e8e417d3f97011c676f7789871fd,0,"""instance""",0.001861129,"['taskset', '-c', '2', '<project>/build/release/pclp', 'solve', '--instance', '<project>/data/generated/gen_chain_plain_n20000_uniform_neg30_r0.json', '--config', '<project>/experiments/runs/scalability/caeb4770ac3fa5ce/resolved_config.json', '--output', '<project>/experiments/runs/scalability/caeb4770ac3fa5ce/result.json']",False,parametric,0,0.0,2.167919424,chain,77583,18,0,gen_chain_plain_n20000_uniform_neg30_r0,data/generated/gen_chain_plain_n20000_uniform_neg30_r0.json,1bbc3a9efb5e6da8631e8a0e37879215f0f7f746f658dc096f85bf25dde7f749,0,9,,20000,146592.74872986964,18,generated,64217088,0,0.003810283,0.0,0.0,0,0,,0,caeb4770ac3fa5ce,2.1821291459928034,optimal,2.141522974,0.0,True
19999,493f6f942eca3576ac0253ad50581fbe0469e8e417d3f97011c676f7789871fd,0,"""instance""",0.001953007,"['taskset', '-c', '2', '<project>/build/release/pclp', 'solve', '--instance', '<project>/data/generated/gen_chain_plain_n20000_uniform_neg30_r0.json', '--config', '<project>/experiments/runs/scalability/4a5241a8ce7cf3c7/resolved_config.json', '--output', '<project>/experiments/runs/scalability/4a5241a8ce7cf3c7/result.json']",False,parametric,0,0.0,2.160157362,chain,77583,18,0,gen_chain_plain_n20000_uniform_neg30_r0,data/generated/gen_chain_plain_n20000_uniform_neg30_r0.json,1bbc3a9efb5e6da8631e8a0e37879215f0f7f746f658dc096f85bf25dde7f749,0,9,,20000,146592.74872986964,18,generated,64217088,0,0.003490438,0.0,0.0,0,0,,1,4a5241a8ce7cf3c7,2.1757139080000343,optimal,2.132964073,0.0,True
19999,493f6f942eca3576ac0253ad50581fbe0469e8e417d3f97011c676f7789871fd,0,"""instance""",0.001758932,"['taskset', '-c', '2', '<project>/build/release/pclp', 'solve', '--instance', '<project>/data/generated/gen_chain_plain_n20000_uniform_neg30_r1.json', '--config', '<project>/experiments/runs/scalability/8d27406211acfd1f/resolved_config.json', '--output', '<project>/experiments/runs/scalability/8d27406211acfd1f/result.json']",False,dinkelbach,0,0.0,12.805336261,chain,697546,63,0,gen_chain_plain_n20000_uniform_neg30_r1,data/generated/gen_chain_plain_n20000_uniform_neg30_r1.json,4772a005abbc6df8b3776a07d722faab29d672841c8d7d531c4eaa6cfa4efd85,0,7,,20000,364.955,8,generated,64217088,0,0.003520091,0.0,0.0,0,0,,0,8d27406211acfd1f,12.82041721099813,optimal,12.777450021,0.0,True
19999,493f6f942eca3576ac0253ad50581fbe0469e8e417d3f97011c676f7789871fd,0,"""instance""",0.001604732,"['taskset', '-c', '2', '<project>/build/release/pclp', 'solve', '--instance', '<project>/data/generated/gen_chain_plain_n20000_uniform_neg30_r1.json', '--config', '<project>/experiments/runs/scalability/0e57556f6f6f695d/resolved_config.json', '--output', '<project>/experiments/runs/scalability/0e57556f6f6f695d/result.json']",False,dinkelbach,0,0.0,12.690678907,chain,697546,63,0,gen_chain_plain_n20000_uniform_neg30_r1,data/generated/gen_chain_plain_n20000_uniform_neg30_r1.json,4772a005abbc6df8b3776a07d722faab29d672841c8d7d531c4eaa6cfa4efd85,0,7,,20000,364.955,8,generated,64217088,0,0.0034186,0.0,0.0,0,0,,1,0e57556f6f6f695d,12.704353182009072,optimal,12.663274951,0.0,True
19999,493f6f942eca3576ac0253ad50581fbe0469e8e417d3f97011c676f7789871fd,48825744,"""instance""",0.001466259,"['taskset', '-c', '2', '<project>/build/release/pclp', 'solve', '--instance', '<project>/data/generated/gen_chain_plain_n20000_uniform_neg30_r1.json', '--config', '<project>/experiments/runs/scalability/951c275817ef459a/resolved_config.json', '--output', '<project>/experiments/runs/scalability/951c275817ef459a/result.json']",False,forest-tuned,89681,3.032669333,15.650663019,chain,0,0,358,gen_chain_plain_n20000_uniform_neg30_r1,data/generated/gen_chain_plain_n20000_uniform_neg30_r1.json,4772a005abbc6df8b3776a07d722faab29d672841c8d7d531c4eaa6cfa4efd85,89364,7,,20000,364.955,8,generated,64217088,89714,0.004177708,0.378942466,1.385210319,449378051,0,,0,951c275817ef459a,15.666128629993182,optimal,15.622194422,9.936166318,True
19999,493f6f942eca3576ac0253ad50581fbe0469e8e417d3f97011c676f7789871fd,48825744,"""instance""",0.001598863,"['taskset', '-c', '2', '<project>/build/release/pclp', 'solve', '--instance', '<project>/data/generated/gen_chain_plain_n20000_uniform_neg30_r1.json', '--config', '<project>/experiments/runs/scalability/81d2fe0d31077beb/resolved_config.json', '--output', '<project>/experiments/runs/scalability/81d2fe0d31077beb/result.json']",False,forest-tuned,89681,3.177662806,16.628303235,chain,0,0,358,gen_chain_plain_n20000_uniform_neg30_r1,data/generated/gen_chain_plain_n20000_uniform_neg30_r1.json,4772a005abbc6df8b3776a07d722faab29d672841c8d7d531c4eaa6cfa4efd85,89364,7,,20000,364.955,8,generated,64217088,89714,0.005448114,0.400242512,1.486394227,449378051,0,,1,81d2fe0d31077beb,16.64333104499383,optimal,16.587783555,10.611394351,True
19999,493f6f942eca3576ac0253ad50581fbe0469e8e417d3f97011c676f7789871fd,0,"""instance""",0.001947566,"['taskset', '-c', '2', '<project>/build/release/pclp', 'solve', '--instance', '<project>/data/generated/gen_chain_plain_n20000_uniform_neg30_r1.json', '--config', '<project>/experiments/runs/scalability/e02d7532fb59e00d/resolved_config.json', '--output', '<project>/experiments/runs/scalability/e02d7532fb59e00d/result.json']",False,parametric,0,0.0,0.917391661,chain,38918,15,0,gen_chain_plain_n20000_uniform_neg30_r1,data/generated/gen_chain_plain_n20000_uniform_neg30_r1.json,4772a005abbc6df8b3776a07d722faab29d672841c8d7d531c4eaa6cfa4efd85,0,7,,20000,364.955,14,generated,64217088,0,0.003529746,0.0,0.0,0,0,,0,e02d7532fb59e00d,0.9306069879967254,optimal,0.889039722,0.0,True
19999,493f6f942eca3576ac0253ad50581fbe0469e8e417d3f97011c676f7789871fd,0,"""instance""",0.001934516,"['taskset', '-c', '2', '<project>/build/release/pclp', 'solve', '--instance', '<project>/data/generated/gen_chain_plain_n20000_uniform_neg30_r1.json', '--config', '<project>/experiments/runs/scalability/bcde5319b88b3af4/resolved_config.json', '--output', '<project>/experiments/runs/scalability/bcde5319b88b3af4/result.json']",False,parametric,0,0.0,0.92768698,chain,38918,15,0,gen_chain_plain_n20000_uniform_neg30_r1,data/generated/gen_chain_plain_n20000_uniform_neg30_r1.json,4772a005abbc6df8b3776a07d722faab29d672841c8d7d531c4eaa6cfa4efd85,0,7,,20000,364.955,14,generated,64217088,0,0.003711863,0.0,0.0,0,0,,1,bcde5319b88b3af4,0.9405235960002756,optimal,0.897734871,0.0,True
19999,493f6f942eca3576ac0253ad50581fbe0469e8e417d3f97011c676f7789871fd,0,"""instance""",0.001957522,"['taskset', '-c', '2', '<project>/build/release/pclp', 'solve', '--instance', '<project>/data/generated/gen_chain_plain_n20000_uniform_neg30_r2.json', '--config', '<project>/experiments/runs/scalability/7fcb021a4074ab22/resolved_config.json', '--output', '<project>/experiments/runs/scalability/7fcb021a4074ab22/result.json']",True,dinkelbach,0,0.0,4.310281587,chain,148182,45,0,gen_chain_plain_n20000_uniform_neg30_r2,data/generated/gen_chain_plain_n20000_uniform_neg30_r2.json,a83efd83a63ecaa2d6e72455910129a24a2fa3f8228cc80fc131465342534545,0,10,,20000,94003.76523243569,10,generated,64380928,0,0.003449808,0.0,0.0,0,0,,0,7fcb021a4074ab22,4.326882100009243,optimal,4.282787413,0.0,True
19999,493f6f942eca3576ac0253ad50581fbe0469e8e417d3f97011c676f7789871fd,0,"""instance""",0.001765231,"['taskset', '-c', '2', '<project>/build/release/pclp', 'solve', '--instance', '<project>/data/generated/gen_chain_plain_n20000_uniform_neg30_r2.json', '--config', '<project>/experiments/runs/scalability/d014db749b905b20/resolved_config.json', '--output', '<project>/experiments/runs/scalability/d014db749b905b20/result.json']",True,dinkelbach,0,0.0,4.319586121,chain,148182,45,0,gen_chain_plain_n20000_uniform_neg30_r2,data/generated/gen_chain_plain_n20000_uniform_neg30_r2.json,a83efd83a63ecaa2d6e72455910129a24a2fa3f8228cc80fc131465342534545,0,10,,20000,94003.76523243569,10,generated,64380928,0,0.003384154,0.0,0.0,0,0,,1,d014db749b905b20,4.335485757997958,optimal,4.286034284,0.0,True
19999,493f6f942eca3576ac0253ad50581fbe0469e8e417d3f97011c676f7789871fd,10317819,"""instance""",0.001794187,"['taskset', '-c', '2', '<project>/build/release/pclp', 'solve', '--instance', '<project>/data/generated/gen_chain_plain_n20000_uniform_neg30_r2.json', '--config', '<project>/experiments/runs/scalability/b292a2faa5da542b/resolved_config.json', '--output', '<project>/experiments/runs/scalability/b292a2faa5da542b/result.json']",True,forest-tuned,14366,0.668209662,3.933357372,chain,0,0,66,gen_chain_plain_n20000_uniform_neg30_r2,data/generated/gen_chain_plain_n20000_uniform_neg30_r2.json,a83efd83a63ecaa2d6e72455910129a24a2fa3f8228cc80fc131465342534545,14325,10,,20000,94003.76523243569,10,generated,64217088,14381,0.003887513,0.083468358,0.266587754,114663842,0,,0,b292a2faa5da542b,3.94904048400349,optimal,3.904717557,2.666691437,True
19999,493f6f942eca3576ac0253ad50581fbe0469e8e417d3f97011c676f7789871fd,10317819,"""instance""",0.001841848,"['taskset', '-c', '2', '<project>/build/release/pclp', 'solve', '--instance', '<project>/data/generated/gen_chain_plain_n20000_uniform_neg30_r2.json', '--config', '<project>/experiments/runs/scalability/816b7058332c04ea/resolved_config.json', '--output', '<project>/experiments/runs/scalability/816b7058332c04ea/result.json']",True,forest-tuned,14366,0.681485495,3.990279958,chain,0,0,66,gen_chain_plain_n20000_uniform_neg30_r2,data/generated/gen_chain_plain_n20000_uniform_neg30_r2.json,a83efd83a63ecaa2d6e72455910129a24a2fa3f8228cc80fc131465342534545,14325,10,,20000,94003.76523243569,10,generated,64217088,14381,0.003386818,0.082914798,0.263307509,114663842,0,,1,816b7058332c04ea,4.0064623649959685,optimal,3.963687652,2.714698845,True
19999,493f6f942eca3576ac0253ad50581fbe0469e8e417d3f97011c676f7789871fd,0,"""instance""",0.001790707,"['taskset', '-c', '2', '<project>/build/release/pclp', 'solve', '--instance', '<project>/data/generated/gen_chain_plain_n20000_uniform_neg30_r2.json', '--config', '<project>/experiments/runs/scalability/0c9b177de3bfe37d/resolved_config.json', '--output', '<project>/experiments/runs/scalability/0c9b177de3bfe37d/result.json']",False,parametric,0,0.0,2.453126658,chain,69851,20,0,gen_chain_plain_n20000_uniform_neg30_r2,data/generated/gen_chain_plain_n20000_uniform_neg30_r2.json,a83efd83a63ecaa2d6e72455910129a24a2fa3f8228cc80fc131465342534545,0,10,,20000,94003.76523243569,20,generated,64380928,0,0.003674522,0.0,0.0,0,0,,0,0c9b177de3bfe37d,2.467143166999449,optimal,2.427057377,0.0,True
19999,493f6f942eca3576ac0253ad50581fbe0469e8e417d3f97011c676f7789871fd,0,"""instance""",0.002090261,"['taskset', '-c', '2', '<project>/build/release/pclp', 'solve', '--instance', '<project>/data/generated/gen_chain_plain_n20000_uniform_neg30_r2.json', '--config', '<project>/experiments/runs/scalability/bc823d16c28e182f/resolved_config.json', '--output', '<project>/experiments/runs/scalability/bc823d16c28e182f/result.json']",False,parametric,0,0.0,2.438486558,chain,69851,20,0,gen_chain_plain_n20000_uniform_neg30_r2,data/generated/gen_chain_plain_n20000_uniform_neg30_r2.json,a83efd83a63ecaa2d6e72455910129a24a2fa3f8228cc80fc131465342534545,0,10,,20000,94003.76523243569,20,generated,64380928,0,0.005080745,0.0,0.0,0,0,,1,bc823d16c28e182f,2.455284138006391,optimal,2.40041594,0.0,True
1999,493f6f942eca3576ac0253ad50581fbe0469e8e417d3f97011c676f7789871fd,0,"""instance""",0.000233269,"['taskset', '-c', '2', '<project>/build/release/pclp', 'solve', '--instance', '<project>/data/generated/gen_chain_plain_n2000_uniform_neg0_r0.json', '--config', '<project>/experiments/runs/scalability/ff2d066cd5c2ab7d/resolved_config.json', '--output', '<project>/experiments/runs/scalability/ff2d066cd5c2ab7d/result.json']",True,dinkelbach,0,0.0,0.256809386,chain,60753,61,0,gen_chain_plain_n2000_uniform_neg0_r0,data/generated/gen_chain_plain_n2000_uniform_neg0_r0.json,cc7100d22be824f4744e7d35c960bc007930ec5f67aa9e579c90094385b7bf34,0,11,,2000,26481.230281051678,11,generated,24199168,0,0.000342274,0.0,0.0,0,0,,0,ff2d066cd5c2ab7d,0.26279700599843636,optimal,0.254287001,0.0,True
1999,493f6f942eca3576ac0253ad50581fbe0469e8e417d3f97011c676f7789871fd,0,"""instance""",0.000225809,"['taskset', '-c', '2', '<project>/build/release/pclp', 'solve', '--instance', '<project>/data/generated/gen_chain_plain_n2000_uniform_neg0_r0.json', '--config', '<project>/experiments/runs/scalability/573197adce13722b/resolved_config.json', '--output', '<project>/experiments/runs/scalability/573197adce13722b/result.json']",True,dinkelbach,0,0.0,0.253549178,chain,60753,61,0,gen_chain_plain_n2000_uniform_neg0_r0,data/generated/gen_chain_plain_n2000_uniform_neg0_r0.json,cc7100d22be824f4744e7d35c960bc007930ec5f67aa9e579c90094385b7bf34,0,11,,2000,26481.230281051678,11,generated,24199168,0,0.000353833,0.0,0.0,0,0,,1,573197adce13722b,0.2592301280092215,optimal,0.250977586,0.0,True
1999,493f6f942eca3576ac0253ad50581fbe0469e8e417d3f97011c676f7789871fd,706661,"""instance""",0.000239681,"['taskset', '-c', '2', '<project>/build/release/pclp', 'solve', '--instance', '<project>/data/generated/gen_chain_plain_n2000_uniform_neg0_r0.json', '--config', '<project>/experiments/runs/scalability/61e85155a5dc1118/resolved_config.json', '--output', '<project>/experiments/runs/scalability/61e85155a5dc1118/result.json']",True,forest-tuned,4614,0.019504007,0.118909176,chain,0,0,29,gen_chain_plain_n2000_uniform_neg0_r0,data/generated/gen_chain_plain_n2000_uniform_neg0_r0.json,cc7100d22be824f4744e7d35c960bc007930ec5f67aa9e579c90094385b7bf34,4622,11,,2000,26481.230281051678,11,generated,24199168,4640,0.000377145,0.007043928,0.009201685,2547523,0,,0,61e85155a5dc1118,0.12570840200351086,optimal,0.115821246,0.071737246,True
1999,493f6f942eca3576ac0253ad50581fbe0469e8e417d3f97011c676f7789871fd,706661,"""instance""",0.000242339,"['taskset', '-c', '2', '<project>/build/release/pclp', 'solve', '--instance', '<project>/data/generated/gen_chain_plain_n2000_uniform_neg0_r0.json', '--config', '<project>/experiments/runs/scalability/e00dff380e72a336/resolved_config.json', '--output', '<project>/experiments/runs/scalability/e00dff380e72a336/result.json']",True,forest-tuned,4614,0.019081736,0.116312106,chain,0,0,29,gen_chain_plain_n2000_uniform_neg0_r0,data/generated/gen_chain_plain_n2000_uniform_neg0_r0.json,cc7100d22be824f4744e7d35c960bc007930ec5f67aa9e579c90094385b7bf34,4622,11,,2000,26481.230281051678,11,generated,24199168,4640,0.000373462,0.006899784,0.009026627,2547523,0,,1,e00dff380e72a336,0.12227458599954844,optimal,0.113587532,0.070350809,True
1999,493f6f942eca3576ac0253ad50581fbe0469e8e417d3f97011c676f7789871fd,0,"""instance""",0.000220217,"['taskset', '-c', '2', '<project>/build/release/pclp', 'solve', '--instance', '<project>/data/generated/gen_chain_plain_n2000_uniform_neg0_r0.json', '--config', '<project>/experiments/runs/scalability/2ce156b23ec95ec0/resolved_config.json', '--output', '<project>/experiments/runs/scalability/2ce156b23ec95ec0/result.json']",False,parametric,0,0.0,0.043165057,chain,6716,22,0,gen_chain_plain_n2000_uniform_neg0_r0,data/generated/gen_chain_plain_n2000_uniform_neg0_r0.json,cc7100d22be824f4744e7d35c960bc007930ec5f67aa9e579c90094385b7bf34,0,11,,2000,26481.230281051678,22,generated,24199168,0,0.000324658,0.0,0.0,0,0,,0,2ce156b23ec95ec0,0.04920419900736306,optimal,0.040653543,0.0,True
1999,493f6f942eca3576ac0253ad50581fbe0469e8e417d3f97011c676f7789871fd,0,"""instance""",0.000240585,"['taskset', '-c', '2', '<project>/build/release/pclp', 'solve', '--instance', '<project>/data/generated/gen_chain_plain_n2000_uniform_neg0_r0.json', '--config', '<project>/experiments/runs/scalability/dfce42b961c04805/resolved_config.json', '--output', '<project>/experiments/runs/scalability/dfce42b961c04805/result.json']",False,parametric,0,0.0,0.04426822,chain,6716,22,0,gen_chain_plain_n2000_uniform_neg0_r0,data/generated/gen_chain_plain_n2000_uniform_neg0_r0.json,cc7100d22be824f4744e7d35c960bc007930ec5f67aa9e579c90094385b7bf34,0,11,,2000,26481.230281051678,22,generated,24199168,0,0.000326595,0.0,0.0,0,0,,1,dfce42b961c04805,0.05074031199910678,optimal,0.041835641,0.0,True
1999,493f6f942eca3576ac0253ad50581fbe0469e8e417d3f97011c676f7789871fd,0,"""instance""",0.000235193,"['taskset', '-c', '2', '<project>/build/release/pclp', 'solve', '--instance', '<project>/data/generated/gen_chain_plain_n2000_uniform_neg0_r1.json', '--config', '<project>/experiments/runs/scalability/9f175b355fccb84e/resolved_config.json', '--output', '<project>/experiments/runs/scalability/9f175b355fccb84e/result.json']",True,dinkelbach,0,0.0,0.132295202,chain,24817,47,0,gen_chain_plain_n2000_uniform_neg0_r1,data/generated/gen_chain_plain_n2000_uniform_neg0_r1.json,57ef749185a1397125f36ca7f07afcf76e9b8e0836bdb3c2a4204db3fa7ad061,0,10,,2000,4168.260648775216,10,generated,24199168,0,0.000356762,0.0,0.0,0,0,,0,9f175b355fccb84e,0.1372036529937759,optimal,0.129272171,0.0,True
1999,493f6f942eca3576ac0253ad50581fbe0469e8e417d3f97011c676f7789871fd,0,"""instance""",0.000237544,"['taskset', '-c', '2', '<project>/build/release/pclp', 'solve', '--instance', '<project>/data/generated/gen_chain_plain_n2000_uniform_neg0_r1.json', '--config', '<project>/experiments/runs/scalability/2e5480090efbc149/resolved_config.json', '--output', '<project>/experiments/runs/scalability/2e5480090efbc149/result.json']",True,dinkelbach,0,0.0,0.124387678,chain,24817,47,0,gen_chain_plain_n2000_uniform_neg0_r1,data/generated/gen_chain_plain_n2000_uniform_neg0_r1.json,57ef749185a1397125f36ca7f07afcf76e9b8e0836bdb3c2a4204db3fa7ad061,0,10,,2000,4168.260648775216,10,generated,24199168,0,0.00033113,0.0,0.0,0,0,,1,2e5480090efbc149,0.1303048309928272,optimal,0.121632075,0.0,True
1999,493f6f942eca3576ac0253ad50581fbe0469e8e417d3f97011c676f7789871fd,326888,"""instance""",0.000244526,"['taskset', '-c', '2', '<project>/build/release/pclp', 'solve', '--instance', '<project>/data/generated/gen_chain_plain_n2000_uniform_neg0_r1.json', '--config', '<project>/experiments/runs/scalability/eaf1305b2fe759a6/resolved_config.json', '--output', '<project>/experiments/runs/scalability/eaf1305b2fe759a6/result.json']",True,forest-tuned,3610,0.015079669,0.087185792,chain,0,0,24,gen_chain_plain_n2000_uniform_neg0_r1,data/generated/gen_chain_plain_n2000_uniform_neg0_r1.json,57ef749185a1397125f36ca7f07afcf76e9b8e0836bdb3c2a4204db3fa7ad061,3611,10,,2000,4168.260648775216,10,generated,24199168,3625,0.000398507,0.003473969,0.005032064,1866728,0,,0,eaf1305b2fe759a6,0.09343932200863492,optimal,0.083746164,0.054237512,True
1999,493f6f942eca3576ac0253ad50581fbe0469e8e417d3f97011c676f7789871fd,326888,"""instance""",0.000245396,"['taskset', '-c', '2', '<project>/build/release/pclp', 'solve', '--instance', '<project>/data/generated/gen_chain_plain_n2000_uniform_neg0_r1.json', '--config', '<project>/experiments/runs/scalability/f0223d1dc7e5e545/resolved_config.json', '--output', '<project>/experiments/runs/scalability/f0223d1dc7e5e545/result.json']",True,forest-tuned,3610,0.015319251,0.084247465,chain,0,0,24,gen_chain_plain_n2000_uniform_neg0_r1,data/generated/gen_chain_plain_n2000_uniform_neg0_r1.json,57ef749185a1397125f36ca7f07afcf76e9b8e0836bdb3c2a4204db3fa7ad061,3611,10,,2000,4168.260648775216,10,generated,24199168,3625,0.000350301,0.003414196,0.005180185,1866728,0,,1,f0223d1dc7e5e545,0.08866079800645821,optimal,0.081270817,0.051497245999999997,True
1999,493f6f942eca3576ac0253ad50581fbe0469e8e417d3f97011c676f7789871fd,0,"""instance""",0.000231902,"['taskset', '-c', '2', '<project>/build/release/pclp', 'solve', '--instance', '<project>/data/generated/gen_chain_plain_n2000_uniform_neg0_r1.json', '--config', '<project>/experiments/runs/scalability/31b7145a1617ff9e/resolved_config.json', '--output', '<project>/experiments/runs/scalability/31b7145a1617ff9e/result.json']",False,parametric,0,0.0,0.041790146,chain,7157,20,0,gen_chain_plain_n2000_uniform_neg0_r1,data/generated/gen_chain_plain_n2000_uniform_neg0_r1.json,57ef749185a1397125f36ca7f07afcf76e9b8e0836bdb3c2a4204db3fa7ad061,0,10,,2000,4168.260648775216,20,generated,24199168,0,0.000335948,0.0,0.0,0,0,,0,31b7145a1617ff9e,0.04990600798919331,optimal,0.039066629,0.0,True
1999,493f6f942eca3576ac0253ad50581fbe0469e8e417d3f97011c676f7789871fd,0,"""instance""",0.00024346,"['taskset', '-c', '2', '<project>/build/release/pclp', 'solve', '--instance', '<project>/data/generated/gen_chain_plain_n2000_uniform_neg0_r1.json', '--config', '<project>/experiments/runs/scalability/1c588735ee5e51f1/resolved_config.json', '--output', '<project>/experiments/runs/scalability/1c588735ee5e51f1/result.json']",False,parametric,0,0.0,0.044539095,chain,7157,20,0,gen_chain_plain_n2000_uniform_neg0_r1,data/generated/gen_chain_plain_n2000_uniform_neg0_r1.json,57ef749185a1397125f36ca7f07afcf76e9b8e0836bdb3c2a4204db3fa7ad061,0,10,,2000,4168.260648775216,20,generated,24199168,0,0.000367424,0.0,0.0,0,0,,1,1c588735ee5e51f1,0.04885205200116616,optimal,0.041500017,0.0,True
1999,493f6f942eca3576ac0253ad50581fbe0469e8e417d3f97011c676f7789871fd,0,"""instance""",0.000237163,"['taskset', '-c', '2', '<project>/build/release/pclp', 'solve', '--instance', '<project>/data/generated/gen_chain_plain_n2000_uniform_neg0_r2.json', '--config', '<project>/experiments/runs/scalability/7d76c18b445718da/resolved_config.json', '--output', '<project>/experiments/runs/scalability/7d76c18b445718da/result.json']",True,dinkelbach,0,0.0,0.222288421,chain,43773,59,0,gen_chain_plain_n2000_uniform_neg0_r2,data/generated/gen_chain_plain_n2000_uniform_neg0_r2.json,29ba2fb96471a864cbd1520a0301fcac0dfad7192bd502d93eac368542ef0861,0,12,,2000,18278.095791457286,12,generated,24199168,0,0.000332079,0.0,0.0,0,0,,0,7d76c18b445718da,0.228322084993124,optimal,0.219789848,0.0,True
1999,493f6f942eca3576ac0253ad50581fbe0469e8e417d3f97011c676f7789871fd,0,"""instance""",0.00022094,"['taskset', '-c', '2', '<project>/build/release/pclp', 'solve', '--instance', '<project>/data/generated/gen_chain_plain_n2000_uniform_neg0_r2.json', '--config', '<project>/experiments/runs/scalability/6a8e85237f7bc9a5/resolved_config.json', '--output', '<project>/experiments/runs/scalability/6a8e85237f7bc9a5/result.json']",True,dinkelbach,0,0.0,0.214185887,chain,43773,59,0,gen_chain_plain_n2000_uniform_neg0_r2,data/generated/gen_chain_plain_n2000_uniform_neg0_r2.json,29ba2fb96471a864cbd1520a0301fcac0dfad7192bd502d93eac368542ef0861,0,12,,2000,18278.095791457286,12,generated,24199168,0,0.000332384,0.0,0.0,0,0,,1,6a8e85237f7bc9a5,0.22125561800203286,optimal,0.211668273,0.0,True
1999,493f6f942eca3576ac0253ad50581fbe0469e8e417d3f97011c676f7789871fd,528296,"""instance""",0.000237017,"['taskset', '-c', '2', '<project>/build/release/pclp', 'solve', '--instance', '<project>/data/generated/gen_chain_plain_n2000_uniform_neg0_r2.json', '--config', '<project>/experiments/runs/scalability/6c3900781b2eb514/resolved_config.json', '--output', '<project>/experiments/runs/scalability/6c3900781b2eb514/result.json']",True,forest-tuned,3876,0.015559251,0.091977396,chain,0,0,27,gen_chain_plain_n2000_uniform_neg0_r2,data/generated/gen_chain_plain_n2000_uniform_neg0_r2.json,29ba2fb96471a864cbd1520a0301fcac0dfad7192bd502d93eac368542ef0861,3883,12,,2000,18278.095791457286,12,generated,24199168,3898,0.000339645,0.00493842,0.006850457,2077333,0,,0,6c3900781b2eb514,0.0982611560029909,optimal,0.089098136,0.055242669,True
1999,493f6f942eca3576ac0253ad50581fbe0469e8e417d3f97011c676f7789871fd,528296,"""instance""",0.00023113,"['taskset', '-c', '2', '<project>/build/release/pclp', 'solve', '--instance', '<project>/data/generated/gen_chain_plain_n2000_uniform_neg0_r2.json', '--config', '<project>/experiments/runs/scalability/0dff57d904deaaa4/resolved_config.json', '--output', '<project>/experiments/runs/scalability/0dff57d904deaaa4/result.json']",True,forest-tuned,3876,0.01566549,0.090716794,chain,0,0,27,gen_chain_plain_n2000_uniform_neg0_r2,data/generated/gen_chain_plain_n2000_uniform_neg0_r2.json,29ba2fb96471a864cbd1520a0301fcac0dfad7192bd502d93eac368542ef0861,3883,12,,2000,18278.095791457286,12,generated,24199168,3898,0.000328271,0.004927139,0.006703005,2077333,0,,1,0dff57d904deaaa4,0.09647704500821419,optimal,0.088215946,0.054520327,True
1999,493f6f942eca3576ac0253ad50581fbe0469e8e417d3f97011c676f7789871fd,0,"""instance""",0.000218248,"['taskset', '-c', '2', '<project>/build/release/pclp', 'solve', '--instance', '<project>/data/generated/gen_chain_plain_n2000_uniform_neg0_r2.json', '--config', '<project>/experiments/runs/scalability/98216ce1ee4bf401/resolved_config.json', '--output', '<project>/experiments/runs/scalability/98216ce1ee4bf401/result.json']",False,parametric,0,0.0,0.051439297,chain,8216,24,0,gen_chain_plain_n2000_uniform_neg0_r2,data/generated/gen_chain_plain_n2000_uniform_neg0_r2.json,29ba2fb96471a864cbd1520a0301fcac0dfad7192bd502d93eac368542ef0861,0,12,,2000,18278.095791457286,24,generated,24199168,0,0.000322915,0.0,0.0,0,0,,0,98216ce1ee4bf401,0.05633427899738308,optimal,0.04900801,0.0,True
1999,493f6f942eca3576ac0253ad50581fbe0469e8e417d3f97011c676f7789871fd,0,"""instance""",0.000224193,"['taskset', '-c', '2', '<project>/build/release/pclp', 'solve', '--instance', '<project>/data/generated/gen_chain_plain_n2000_uniform_neg0_r2.json', '--config', '<project>/experiments/runs/scalability/34e600c54bcb65cb/resolved_config.json', '--output', '<project>/experiments/runs/scalability/34e600c54bcb65cb/result.json']",False,parametric,0,0.0,0.050927023,chain,8216,24,0,gen_chain_plain_n2000_uniform_neg0_r2,data/generated/gen_chain_plain_n2000_uniform_neg0_r2.json,29ba2fb96471a864cbd1520a0301fcac0dfad7192bd502d93eac368542ef0861,0,12,,2000,18278.095791457286,24,generated,24199168,0,0.000327956,0.0,0.0,0,0,,1,34e600c54bcb65cb,0.05654192999645602,optimal,0.048482123,0.0,True
1999,493f6f942eca3576ac0253ad50581fbe0469e8e417d3f97011c676f7789871fd,0,"""instance""",0.000241222,"['taskset', '-c', '2', '<project>/build/release/pclp', 'solve', '--instance', '<project>/data/generated/gen_chain_plain_n2000_uniform_neg30_r0.json', '--config', '<project>/experiments/runs/scalability/bcaeee65fba26e8d/resolved_config.json', '--output', '<project>/experiments/runs/scalability/bcaeee65fba26e8d/result.json']",False,dinkelbach,0,0.0,0.238466384,chain,52383,64,0,gen_chain_plain_n2000_uniform_neg30_r0,data/generated/gen_chain_plain_n2000_uniform_neg30_r0.json,24b519dbe2874823630864dcfee5e11cedf443892d43fd14ba00bd55c2593e27,0,11,,2000,15844.804659498208,12,generated,24350720,0,0.0003295,0.0,0.0,0,0,,0,bcaeee65fba26e8d,0.24518729400006123,optimal,0.235962631,0.0,True
1999,493f6f942eca3576ac0253ad50581fbe0469e8e417d3f97011c676f7789871fd,0,"""instance""",0.000239794,"['taskset', '-c', '2', '<project>/build/release/pclp', 'solve', '--instance', '<project>/data/generated/gen_chain_plain_n2000_uniform_neg30_r0.json', '--config', '<project>/experiments/runs/scalability/32504cef9851b21e/resolved_config.json', '--output', '<project>/experiments/runs/scalability/32504cef9851b21e/result.json']",False,dinkelbach,0,0.0,0.236498446,chain,52383,64,0,gen_chain_plain_n2000_uniform_neg30_r0,data/generated/gen_chain_plain_n2000_uniform_neg30_r0.json,24b519dbe2874823630864dcfee5e11cedf443892d43fd14ba00bd55c2593e27,0,11,,2000,15844.804659498208,12,generated,24350720,0,0.000325065,0.0,0.0,0,0,,1,32504cef9851b21e,0.24214180099079385,optimal,0.23404393,0.0,True
1999,493f6f942eca3576ac0253ad50581fbe0469e8e417d3f97011c676f7789871fd,558114,"""instance""",0.000226639,"['taskset', '-c', '2', '<project>/build/release/pclp', 'solve', '--instance', '<project>/data/generated/gen_chain_plain_n2000_uniform_neg30_r0.json', '--config', '<project>/experiments/runs/scalability/498494581affb91e/resolved_config.json', '--output', '<project>/experiments/runs/scalability/498494581affb91e/result.json']",False,forest-tuned,3495,0.012211648,0.070085539,chain,0,0,25,gen_chain_plain_n2000_uniform_neg30_r0,data/generated/gen_chain_plain_n2000_uniform_neg30_r0.json,24b519dbe2874823630864dcfee5e11cedf443892d43fd14ba00bd55c2593e27,3509,11,,2000,15844.804659498208,12,generated,24236032,3522,0.000318137,0.004857783,0.005974315,1570993,0,,0,498494581affb91e,0.07483305200003088,optimal,0.067588321,0.039150474,True
1999,493f6f942eca3576ac0253ad50581fbe0469e8e417d3f97011c676f7789871fd,558114,"""instance""",0.00023302,"['taskset', '-c', '2', '<project>/build/release/pclp', 'solve', '--instance', '<project>/data/generated/gen_chain_plain_n2000_uniform_neg30_r0.json', '--config', '<project>/experiments/runs/scalability/930090d7c74240de/resolved_config.json', '--output', '<project>/experiments/runs/scalability/930090d7c74240de/result.json']",False,forest-tuned,3495,0.012843707,0.07284321,chain,0,0,25,gen_chain_plain_n2000_uniform_neg30_r0,data/generated/gen_chain_plain_n2000_uniform_neg30_r0.json,24b519dbe2874823630864dcfee5e11cedf443892d43fd14ba00bd55c2593e27,3509,11,,2000,15844.804659498208,12,generated,24236032,3522,0.000344652,0.004994496,0.006169246,1570993,0,,1,930090d7c74240de,0.07821997799328528,optimal,0.070076589,0.040516614,True
1999,493f6f942eca3576ac0253ad50581fbe0469e8e417d3f97011c676f7789871fd,0,"""instance""",0.000243164,"['taskset', '-c', '2', '<project>/build/release/pclp', 'solve', '--instance', '<project>/data/generated/gen_chain_plain_n2000_uniform_neg30_r0.json', '--config', '<project>/experiments/runs/scalability/70a90ee9d9478510/resolved_config.json', '--output', '<project>/experiments/runs/scalability/70a90ee9d9478510/result.json']",False,parametric,0,0.0,0.046842229,chain,8476,23,0,gen_chain_plain_n2000_uniform_neg30_r0,data/generated/gen_chain_plain_n2000_uniform_neg30_r0.json,24b519dbe2874823630864dcfee5e11cedf443892d43fd14ba00bd55c2593e27,0,11,,2000,15844.804659498208,22,generated,24379392,0,0.000341335,0.0,0.0,0,0,,0,70a90ee9d9478510,0.05267358000855893,optimal,0.04421419,0.0,True
1999,493f6f942eca3576ac0253ad50581fbe0469e8e417d3f97011c676f7789871fd,0,"""instance""",0.000247063,"['taskset', '-c', '2', '<project>/build/release/pclp', 'solve', '--instance', '<project>/data/generated/gen_chain_plain_n2000_uniform_neg30_r0.json', '--config', '<project>/experiments/runs/scalability/cd87cb2c76c0576e/resolved_config.json', '--output', '<project>/experiments/runs/scalability/cd87cb2c76c0576e/result.json']",False,parametric,0,0.0,0.047869836,chain,8476,23,0,gen_chain_plain_n2000_uniform_neg30_r0,data/generated/gen_chain_plain_n2000_uniform_neg30_r0.json,24b519dbe2874823630864dcfee5e11cedf443892d43fd14ba00bd55c2593e27,0,11,,2000,15844.804659498208,22,generated,24379392,0,0.000341679,0.0,0.0,0,0,,1,cd87cb2c76c0576e,0.05283962101384532,optimal,0.045288508,0.0,True
1999,493f6f942eca3576ac0253ad50581fbe0469e8e417d3f97011c676f7789871fd,0,"""instance""",0.000223413,"['taskset', '-c', '2', '<project>/build/release/pclp', 'solve', '--instance', '<project>/data/generated/gen_chain_plain_n2000_uniform_neg30_r1.json', '--config', '<project>/experiments/runs/scalability/04f69a61f59298b9/resolved_config.json', '--output', '<project>/experiments/runs/scalability/04f69a61f59298b9/result.json']",False,dinkelbach,0,0.0,0.278562918,chain,58267,47,0,gen_chain_plain_n2000_uniform_neg30_r1,data/generated/gen_chain_plain_n2000_uniform_neg30_r1.json,532bc50cccf0a2fadc7721ed0e0ec5e0eb03be1efb4c8907da2f40f920baa1a2,0,6,,2000,190.4533466070703,7,generated,24379392,0,0.000320276,0.0,0.0,0,0,,0,04f69a61f59298b9,0.28411601299012545,optimal,0.275895082,0.0,True
1999,493f6f942eca3576ac0253ad50581fbe0469e8e417d3f97011c676f7789871fd,0,"""instance""",0.000225333,"['taskset', '-c', '2', '<project>/build/release/pclp', 'solve', '--instance', '<project>/data/generated/gen_chain_plain_n2000_uniform_neg30_r1.json', '--config', '<project>/experiments/runs/scalability/e09f6f1a163a361c/resolved_config.json', '--output', '<project>/experiments/runs/scalability/e09f6f1a163a361c/result.json']",False,dinkelbach,0,0.0,0.276475041,chain,58267,47,0,gen_chain_plain_n2000_uniform_neg30_r1,data/generated/gen_chain_plain_n2000_uniform_neg30_r1.json,532bc50cccf0a2fadc7721ed0e0ec5e0eb03be1efb4c8907da2f40f920baa1a2,0,6,,2000,190.4533466070703,7,generated,24379392,0,0.000342593,0.0,0.0,0,0,,1,e09f6f1a163a361c,0.2831601740035694,optimal,0.273871545,0.0,True
1999,493f6f942eca3576ac0253ad50581fbe0469e8e417d3f97011c676f7789871fd,517117,"""instance""",0.000211706,"['taskset', '-c', '2', '<project>/build/release/pclp', 'solve', '--instance', '<project>/data/generated/gen_chain_plain_n2000_uniform_neg30_r1.json', '--config', '<project>/experiments/runs/scalability/b4a4d5592e766666/resolved_config.json', '--output', '<project>/experiments/runs/scalability/b4a4d5592e766666/result.json']",False,forest-tuned,3399,0.015511956,0.093973295,chain,0,0,20,gen_chain_plain_n2000_uniform_neg30_r1,data/generated/gen_chain_plain_n2000_uniform_neg30_r1.json,532bc50cccf0a2fadc7721ed0e0ec5e0eb03be1efb4c8907da2f40f920baa1a2,3408,6,,2000,190.4533466070703,7,generated,24379392,3421,0.000346563,0.005030774,0.006655072,2128125,0,,0,b4a4d5592e766666,0.09966002400324214,optimal,0.091154498,0.057391573,True
1999,493f6f942eca3576ac0253ad50581fbe0469e8e417d3f97011c676f7789871fd,517117,"""instance""",0.00020051,"['taskset', '-c', '2', '<project>/build/release/pclp', 'solve', '--instance', '<project>/data/generated/gen_chain_plain_n2000_uniform_neg30_r1.json', '--config', '<project>/experiments/runs/scalability/b833ac0539ca59b6/resolved_config.json', '--output', '<project>/experiments/runs/scalability/b833ac0539ca59b6/result.json']",False,forest-tuned,3399,0.014809105,0.089720257,chain,0,0,20,gen_chain_plain_n2000_uniform_neg30_r1,data/generated/gen_chain_plain_n2000_uniform_neg30_r1.json,532bc50cccf0a2fadc7721ed0e0ec5e0eb03be1efb4c8907da2f40f920baa1a2,3408,6,,2000,190.4533466070703,7,generated,24379392,3421,0.000337083,0.004775539,0.006289328,2128125,0,,1,b833ac0539ca59b6,0.09563490899745375,optimal,0.087018102,0.054894792,True
1999,493f6f942eca3576ac0253ad50581fbe0469e8e417d3f97011c676f7789871fd,0,"""instance""",0.000205868,"['taskset', '-c', '2', '<project>/build/release/pclp', 'solve', '--instance', '<project>/data/generated/gen_chain_plain_n2000_uniform_neg30_r1.json', '--config', '<project>/experiments/runs/scalability/490376f47f047d42/resolved_config.json', '--output', '<project>/experiments/runs/scalability/490376f47f047d42/result.json']",False,parametric,0,0.0,0.030987535,chain,4508,13,0,gen_chain_plain_n2000_uniform_neg30_r1,data/generated/gen_chain_plain_n2000_uniform_neg30_r1.json,532bc50cccf0a2fadc7721ed0e0ec5e0eb03be1efb4c8907da2f40f920baa1a2,0,6,,2000,190.4533466070703,12,generated,24379392,0,0.000325747,0.0,0.0,0,0,,0,490376f47f047d42,0.03663620799488854,optimal,0.028377244,0.0,True
1999,493f6f942eca3576ac0253ad50581fbe0469e8e417d3f97011c676f7789871fd,0,"""instance""",0.000204484,"['taskset', '-c', '2', '<project>/build/release/pclp', 'solve', '--instance', '<project>/data/generated/gen_chain_plain_n2000_uniform_neg30_r1.json', '--config', '<project>/experiments/runs/scalability/3d8aff18225dba59/resolved_config.json', '--output', '<project>/experiments/runs/scalability/3d8aff18225dba59/result.json']",False,parametric,0,0.0,0.031329425,chain,4508,13,0,gen_chain_plain_n2000_uniform_neg30_r1,data/generated/gen_chain_plain_n2000_uniform_neg30_r1.json,532bc50cccf0a2fadc7721ed0e0ec5e0eb03be1efb4c8907da2f40f920baa1a2,0,6,,2000,190.4533466070703,12,generated,24498176,0,0.000347135,0.0,0.0,0,0,,1,3d8aff18225dba59,0.03654392500175163,optimal,0.028584601,0.0,True
1999,493f6f942eca3576ac0253ad50581fbe0469e8e417d3f97011c676f7789871fd,0,"""instance""",0.000224928,"['taskset', '-c', '2', '<project>/build/release/pclp', 'solve', '--instance', '<project>/data/generated/gen_chain_plain_n2000_uniform_neg30_r2.json', '--config', '<project>/experiments/runs/scalability/4ba6713c06394dca/resolved_config.json', '--output', '<project>/experiments/runs/scalability/4ba6713c06394dca/result.json']",True,dinkelbach,0,0.0,0.0788632,chain,11381,12,0,gen_chain_plain_n2000_uniform_neg30_r2,data/generated/gen_chain_plain_n2000_uniform_neg30_r2.json,8c156ca393d219f3f0433f24b598ef3ddf6e2745f7e19a805f6b08342b64e703,0,3,,2000,10231.488992353232,3,generated,24498176,0,0.000361013,0.0,0.0,0,0,,0,4ba6713c06394dca,0.08456397400004789,optimal,0.076048034,0.0,True
1999,493f6f942eca3576ac0253ad50581fbe0469e8e417d3f97011c676f7789871fd,0,"""instance""",0.000219601,"['taskset', '-c', '2', '<project>/build/release/pclp', 'solve', '--instance', '<project>/data/generated/gen_chain_plain_n2000_uniform_neg30_r2.json', '--config', '<project>/experiments/runs/scalability/575b54841baf6993/resolved_config.json', '--output', '<project>/experiments/runs/scalability/575b54841baf6993/result.json']",True,dinkelbach,0,0.0,0.077081148,chain,11381,12,0,gen_chain_plain_n2000_uniform_neg30_r2,data/generated/gen_chain_plain_n2000_uniform_neg30_r2.json,8c156ca393d219f3f0433f24b598ef3ddf6e2745f7e19a805f6b08342b64e703,0,3,,2000,10231.488992353232,3,generated,24498176,0,0.0003269,0.0,0.0,0,0,,1,575b54841baf6993,0.08352675700734835,optimal,0.074576359,0.0,True
1999,493f6f942eca3576ac0253ad50581fbe0469e8e417d3f97011c676f7789871fd,214101,"""instance""",0.000223355,"['taskset', '-c', '2', '<project>/build/release/pclp', 'solve', '--instance', '<project>/data/generated/gen_chain_plain_n2000_uniform_neg30_r2.json', '--config', '<project>/experiments/runs/scalability/74347c15da7365e5/resolved_config.json', '--output', '<project>/experiments/runs/scalability/74347c15da7365e5/result.json']",True,forest-tuned,2077,0.009694998,0.061156052,chain,0,0,11,gen_chain_plain_n2000_uniform_neg30_r2,data/generated/gen_chain_plain_n2000_uniform_neg30_r2.json,8c156ca393d219f3f0433f24b598ef3ddf6e2745f7e19a805f6b08342b64e703,2072,3,,2000,10231.488992353232,3,generated,24498176,2080,0.00033357,0.001985847,0.002885531,1551993,0,,0,74347c15da7365e5,0.06569242500700057,optimal,0.05859286,0.039834016,True
1999,493f6f942eca3576ac0253ad50581fbe0469e8e417d3f97011c676f7789871fd,214101,"""instance""",0.00022538,"['taskset', '-c', '2', '<project>/build/release/pclp', 'solve', '--instance', '<project>/data/generated/gen_chain_plain_n2000_uniform_neg30_r2.json', '--config', '<project>/experiments/runs/scalability/4c487ae396955758/resolved_config.json', '--output', '<project>/experiments/runs/scalability/4c487ae396955758/result.json']",True,forest-tuned,2077,0.009764669,0.061435689,chain,0,0,11,gen_chain_plain_n2000_uniform_neg30_r2,data/generated/gen_chain_plain_n2000_uniform_neg30_r2.json,8c156ca393d219f3f0433f24b598ef3ddf6e2745f7e19a805f6b08342b64e703,2072,3,,2000,10231.488992353232,3,generated,24498176,2080,0.000335036,0.002008926,0.002815257,1551993,0,,1,4c487ae396955758,0.06817343000147957,optimal,0.058843403,0.040056114,True
1999,493f6f942eca3576ac0253ad50581fbe0469e8e417d3f97011c676f7789871fd,0,"""instance""",0.000223948,"['taskset', '-c', '2', '<project>/build/release/pclp', 'solve', '--instance', '<project>/data/generated/gen_chain_plain_n2000_uniform_neg30_r2.json', '--config', '<project>/experiments/runs/scalability/bd2c67b6c8084ad9/resolved_config.json', '--output', '<project>/experiments/runs/scalability/bd2c67b6c8084ad9/result.json']",False,parametric,0,0.0,0.036658977,chain,5101,6,0,gen_chain_plain_n2000_uniform_neg30_r2,data/generated/gen_chain_plain_n2000_uniform_neg30_r2.json,8c156ca393d219f3f0433f24b598ef3ddf6e2745f7e19a805f6b08342b64e703,0,3,,2000,10231.488992353232,6,generated,24498176,0,0.000362077,0.0,0.0,0,0,,0,bd2c67b6c8084ad9,0.04229045698593836,optimal,0.034183142,0.0,True
1999,493f6f942eca3576ac0253ad50581fbe0469e8e417d3f97011c676f7789871fd,0,"""instance""",0.000219369,"['taskset', '-c', '2', '<project>/build/release/pclp', 'solve', '--instance', '<project>/data/generated/gen_chain_plain_n2000_uniform_neg30_r2.json', '--config', '<project>/experiments/runs/scalability/445aa2add526fc53/resolved_config.json', '--output', '<project>/experiments/runs/scalability/445aa2add526fc53/result.json']",False,parametric,0,0.0,0.034443348,chain,5101,6,0,gen_chain_plain_n2000_uniform_neg30_r2,data/generated/gen_chain_plain_n2000_uniform_neg30_r2.json,8c156ca393d219f3f0433f24b598ef3ddf6e2745f7e19a805f6b08342b64e703,0,3,,2000,10231.488992353232,6,generated,24498176,0,0.000331733,0.0,0.0,0,0,,1,445aa2add526fc53,0.04021859499334823,optimal,0.031968203,0.0,True
199,493f6f942eca3576ac0253ad50581fbe0469e8e417d3f97011c676f7789871fd,0,"""instance""",2.9847e-05,"['taskset', '-c', '2', '<project>/build/release/pclp', 'solve', '--instance', '<project>/data/generated/gen_chain_plain_n200_uniform_neg0_r0.json', '--config', '<project>/experiments/runs/scalability/1fd7a2b088488317/resolved_config.json', '--output', '<project>/experiments/runs/scalability/1fd7a2b088488317/result.json']",True,dinkelbach,0,0.0,0.003846431,chain,2484,35,0,gen_chain_plain_n200_uniform_neg0_r0,data/generated/gen_chain_plain_n200_uniform_neg0_r0.json,a64afecb955d45918592f70c593d6f1d6f83ce1cbbc7b275d7dd1fc1806b2b0b,0,7,,200,3034.8419037199124,7,generated,22790144,0,5.6144e-05,0.0,0.0,0,0,,0,1fd7a2b088488317,0.007273240000358783,optimal,0.003464005,0.0,True
199,493f6f942eca3576ac0253ad50581fbe0469e8e417d3f97011c676f7789871fd,0,"""instance""",2.5084e-05,"['taskset', '-c', '2', '<project>/build/release/pclp', 'solve', '--instance', '<project>/data/generated/gen_chain_plain_n200_uniform_neg0_r0.json', '--config', '<project>/experiments/runs/scalability/fa5b5efeb0547906/resolved_config.json', '--output', '<project>/experiments/runs/scalability/fa5b5efeb0547906/result.json']",True,dinkelbach,0,0.0,0.003764888,chain,2484,35,0,gen_chain_plain_n200_uniform_neg0_r0,data/generated/gen_chain_plain_n200_uniform_neg0_r0.json,a64afecb955d45918592f70c593d6f1d6f83ce1cbbc7b275d7dd1fc1806b2b0b,0,7,,200,3034.8419037199124,7,generated,22790144,0,5.2022e-05,0.0,0.0,0,0,,1,fa5b5efeb0547906,0.0069189839996397495,optimal,0.003393385,0.0,True
199,493f6f942eca3576ac0253ad50581fbe0469e8e417d3f97011c676f7789871fd,17723,"""instance""",3.0152e-05,"['taskset', '-c', '2', '<project>/build/release/pclp', 'solve', '--instance', '<project>/data/generated/gen_chain_plain_n200_uniform_neg0_r0.json', '--config', '<project>/experiments/runs/scalability/4845a75370f228e4/resolved_config.json', '--output', '<project>/experiments/runs/scalability/4845a75370f228e4/result.json']",True,forest-tuned,370,0.000164918,0.001626504,chain,0,0,8,gen_chain_plain_n200_uniform_neg0_r0,data/generated/gen_chain_plain_n200_uniform_neg0_r0.json,a64afecb955d45918592f70c593d6f1d6f83ce1cbbc7b275d7dd1fc1806b2b0b,383,7,,200,3034.8419037199124,7,generated,22626304,384,4.5876e-05,0.000207831,0.000106155,16268,0,,0,4845a75370f228e4,0.006875169012346305,optimal,0.001257814,0.000461637,True
199,493f6f942eca3576ac0253ad50581fbe0469e8e417d3f97011c676f7789871fd,17723,"""instance""",2.9533e-05,"['taskset', '-c', '2', '<project>/build/release/pclp', 'solve', '--instance', '<project>/data/generated/gen_chain_plain_n200_uniform_neg0_r0.json', '--config', '<project>/experiments/runs/scalability/6e2aa66ca09d159b/resolved_config.json', '--output', '<project>/experiments/runs/scalability/6e2aa66ca09d159b/result.json']",True,forest-tuned,370,0.000173977,0.00162502,chain,0,0,8,gen_chain_plain_n200_uniform_neg0_r0,data/generated/gen_chain_plain_n200_uniform_neg0_r0.json,a64afecb955d45918592f70c593d6f1d6f83ce1cbbc7b275d7dd1fc1806b2b0b,383,7,,200,3034.8419037199124,7,generated,22626304,384,5.3217e-05,0.00020722,0.000107028,16268,0,,1,6e2aa66ca09d159b,0.005267551998258568,optimal,0.001277731,0.000467337,True
199,493f6f942eca3576ac0253ad50581fbe0469e8e417d3f97011c676f7789871fd,0,"""instance""",2.6989e-05,"['taskset', '-c', '2', '<project>/build/release/pclp', 'solve', '--instance', '<project>/data/generated/gen_chain_plain_n200_uniform_neg0_r0.json', '--config', '<project>/experiments/runs/scalability/15f7087985dd9e87/resolved_config.json', '--output', '<project>/experiments/runs/scalability/15f7087985dd9e87/result.json']",False,parametric,0,0.0,0.001397737,chain,635,14,0,gen_chain_plain_n200_uniform_neg0_r0,data/generated/gen_chain_plain_n200_uniform_neg0_r0.json,a64afecb955d45918592f70c593d6f1d6f83ce1cbbc7b275d7dd1fc1806b2b0b,0,7,,200,3034.8419037199124,14,generated,22790144,0,5.2156e-05,0.0,0.0,0,0,,0,15f7087985dd9e87,0.004289224001695402,optimal,0.001021335,0.0,True
199,493f6f942eca3576ac0253ad50581fbe0469e8e417d3f97011c676f7789871fd,0,"""instance""",2.8036e-05,"['taskset', '-c', '2', '<project>/build/release/pclp', 'solve', '--instance', '<project>/data/generated/gen_chain_plain_n200_uniform_neg0_r0.json', '--config', '<project>/experiments/runs/scalability/ebe6f16fbb6b6772/resolved_config.json', '--output', '<project>/experiments/runs/scalability/ebe6f16fbb6b6772/result.json']",False,parametric,0,0.0,0.001367952,chain,635,14,0,gen_chain_plain_n200_uniform_neg0_r0,data/generated/gen_chain_plain_n200_uniform_neg0_r0.json,a64afecb955d45918592f70c593d6f1d6f83ce1cbbc7b275d7dd1fc1806b2b0b,0,7,,200,3034.8419037199124,14,generated,22790144,0,4.8454e-05,0.0,0.0,0,0,,1,ebe6f16fbb6b6772,0.00429442900349386,optimal,0.000996892,0.0,True
199,493f6f942eca3576ac0253ad50581fbe0469e8e417d3f97011c676f7789871fd,0,"""instance""",2.3145e-05,"['taskset', '-c', '2', '<project>/build/release/pclp', 'solve', '--instance', '<project>/data/generated/gen_chain_plain_n200_uniform_neg0_r1.json', '--config', '<project>/experiments/runs/scalability/dd6c25c70185a7f4/resolved_config.json', '--output', '<project>/experiments/runs/scalability/dd6c25c70185a7f4/result.json']",True,dinkelbach,0,0.0,0.001931207,chain,847,11,0,gen_chain_plain_n200_uniform_neg0_r1,data/generated/gen_chain_plain_n200_uniform_neg0_r1.json,473e3bfa9188d64384b291b53998e9c5cafc208bfc09eab680b7eed1ccb8c489,0,3,,200,442.04541595092024,3,generated,22790144,0,4.5173e-05,0.0,0.0,0,0,,0,dd6c25c70185a7f4,0.004806769007700495,optimal,0.00157086,0.0,True
199,493f6f942eca3576ac0253ad50581fbe0469e8e417d3f97011c676f7789871fd,0,"""instance""",2.2903e-05,"['taskset', '-c', '2', '<project>/build/release/pclp', 'solve', '--instance', '<project>/data/generated/gen_chain_plain_n200_uniform_neg0_r1.json', '--config', '<project>/experiments/runs/scalability/6450a6813fa5f2c4/resolved_config.json', '--output', '<project>/experiments/runs/scalability/6450a6813fa5f2c4/result.json']",True,dinkelbach,0,0.0,0.001981676,chain,847,11,0,gen_chain_plain_n200_uniform_neg0_r1,data/generated/gen_chain_plain_n200_uniform_neg0_r1.json,473e3bfa9188d64384b291b53998e9c5cafc208bfc09eab680b7eed1ccb8c489,0,3,,200,442.04541595092024,3,generated,22790144,0,4.7131e-05,0.0,0.0,0,0,,1,6450a6813fa5f2c4,0.004896188998827711,optimal,0.001604176,0.0,True
199,493f6f942eca3576ac0253ad50581fbe0469e8e417d3f97011c676f7789871fd,2867,"""instance""",2.4523e-05,"['taskset', '-c', '2', '<project>/build/release/pclp', 'solve', '--instance', '<project>/data/generated/gen_chain_plain_n200_uniform_neg0_r1.json', '--config', '<project>/experiments/runs/scalability/de015636eb7f45a1/resolved_config.json', '--output', '<project>/experiments/runs/scalability/de015636eb7f45a1/result.json']",True,forest-tuned,45,3.2281e-05,0.000675874,chain,0,0,3,gen_chain_plain_n200_uniform_neg0_r1,data/generated/gen_chain_plain_n200_uniform_neg0_r1.json,473e3bfa9188d64384b291b53998e9c5cafc208bfc09eab680b7eed1ccb8c489,47,3,,200,442.04541595092024,3,generated,22790144,47,4.464e-05,2.9684e-05,1.782e-05,3377,0,,0,de015636eb7f45a1,0.003595806992962025,optimal,0.000317399,9.3057e-05,True
199,493f6f942eca3576ac0253ad50581fbe0469e8e417d3f97011c676f7789871fd,2867,"""instance""",2.3872e-05,"['taskset', '-c', '2', '<project>/build/release/pclp', 'solve', '--instance', '<project>/data/generated/gen_chain_plain_n200_uniform_neg0_r1.json', '--config', '<project>/experiments/runs/scalability/d5f5c3f33db803c0/resolved_config.json', '--output', '<project>/experiments/runs/scalability/d5f5c3f33db803c0/result.json']",True,forest-tuned,45,3.249e-05,0.000707022,chain,0,0,3,gen_chain_plain_n200_uniform_neg0_r1,data/generated/gen_chain_plain_n200_uniform_neg0_r1.json,473e3bfa9188d64384b291b53998e9c5cafc208bfc09eab680b7eed1ccb8c489,47,3,,200,442.04541595092024,3,generated,22790144,47,5.2693e-05,3.0234e-05,1.6981e-05,3377,0,,1,d5f5c3f33db803c0,0.0035888549900846556,optimal,0.000332933,9.8289e-05,True
199,493f6f942eca3576ac0253ad50581fbe0469e8e417d3f97011c676f7789871fd,0,"""instance""",2.3216e-05,"['taskset', '-c', '2', '<project>/build/release/pclp', 'solve', '--instance', '<project>/data/generated/gen_chain_plain_n200_uniform_neg0_r1.json', '--config', '<project>/experiments/runs/scalability/0ded94a5a66439d7/resolved_config.json', '--output', '<project>/experiments/runs/scalability/0ded94a5a66439d7/result.json']",False,parametric,0,0.0,0.001493863,chain,528,6,0,gen_chain_plain_n200_uniform_neg0_r1,data/generated/gen_chain_plain_n200_uniform_neg0_r1.json,473e3bfa9188d64384b291b53998e9c5cafc208bfc09eab680b7eed1ccb8c489,0,3,,200,442.04541595092024,6,generated,22790144,0,5.0747e-05,0.0,0.0,0,0,,0,0ded94a5a66439d7,0.00437592099478934,optimal,0.001106795,0.0,True
199,493f6f942eca3576ac0253ad50581fbe0469e8e417d3f97011c676f7789871fd,0,"""instance""",2.532e-05,"['taskset', '-c', '2', '<project>/build/release/pclp', 'solve', '--instance', '<project>/data/generated/gen_chain_plain_n200_uniform_neg0_r1.json', '--config', '<project>/experiments/runs/scalability/b7231e28a51369fe/resolved_config.json', '--output', '<project>/experiments/runs/scalability/b7231e28a51369fe/result.json']",False,parametric,0,0.0,0.001488724,chain,528,6,0,gen_chain_plain_n200_uniform_neg0_r1,data/generated/gen_chain_plain_n200_uniform_neg0_r1.json,473e3bfa9188d64384b291b53998e9c5cafc208bfc09eab680b7eed1ccb8c489,0,3,,200,442.04541595092024,6,generated,22790144,0,5.1141e-05,0.0,0.0,0,0,,1,b7231e28a51369fe,0.004487717000301927,optimal,0.001115719,0.0,True
199,493f6f942eca3576ac0253ad50581fbe0469e8e417d3f97011c676f7789871fd,0,"""instance""",2.4e-05,"['taskset', '-c', '2', '<project>/build/release/pclp', 'solve', '--instance', '<project>/data/generated/gen_chain_plain_n200_uniform_neg0_r2.json', '--config', '<project>/experiments/runs/scalability/b697ff447e1002d1/resolved_config.json', '--output', '<project>/experiments/runs/scalability/b697ff447e1002d1/result.json']",True,dinkelbach,0,0.0,0.003432949,chain,2100,28,0,gen_chain_plain_n200_uniform_neg0_r2,data/generated/gen_chain_plain_n200_uniform_neg0_r2.json,299d59d31fc851cd9a14d82eaa75efa0a9d57cda4c7626724d8c3a493e1cb7e5,0,6,,200,2007.2983870967741,6,generated,22790144,0,5.1214e-05,0.0,0.0,0,0,,0,b697ff447e1002d1,0.006270691999816336,optimal,0.003073089,0.0,True
199,493f6f942eca3576ac0253ad50581fbe0469e8e417d3f97011c676f7789871fd,0,"""instance""",2.4029e-05,"['taskset', '-c', '2', '<project>/build/release/pclp', 'solve', '--instance', '<project>/data/generated/gen_chain_plain_n200_uniform_neg0_r2.json', '--config', '<project>/experiments/runs/scalability/18f86bb32d40a0be/resolved_config.json', '--output', '<project>/experiments/runs/scalability/18f86bb32d40a0be/result.json']",True,dinkelbach,0,0.0,0.00335429,chain,2100,28,0,gen_chain_plain_n200_uniform_neg0_r2,data/generated/gen_chain_plain_n200_uniform_neg0_r2.json,299d59d31fc851cd9a14d82eaa75efa0a9d57cda4c7626724d8c3a493e1cb7e5,0,6,,200,2007.2983870967741,6,generated,22790144,0,5.0655e-05,0.0,0.0,0,0,,1,18f86bb32d40a0be,0.006314671991276555,optimal,0.003013896,0.0,True
199,493f6f942eca3576ac0253ad50581fbe0469e8e417d3f97011c676f7789871fd,13819,"""instance""",2.4862e-05,"['taskset', '-c', '2', '<project>/build/release/pclp', 'solve', '--instance', '<project>/data/generated/gen_chain_plain_n200_uniform_neg0_r2.json', '--config', '<project>/experiments/runs/scalability/b0dd9a4549e84c96/resolved_config.json', '--output', '<project>/experiments/runs/scalability/b0dd9a4549e84c96/result.json']",True,forest-tuned,284,0.000165177,0.001587155,chain,0,0,7,gen_chain_plain_n200_uniform_neg0_r2,data/generated/gen_chain_plain_n200_uniform_neg0_r2.json,299d59d31fc851cd9a14d82eaa75efa0a9d57cda4c7626724d8c3a493e1cb7e5,293,6,,200,2007.2983870967741,6,generated,22790144,294,4.876e-05,0.000159827,8.6636e-05,20124,0,,0,b0dd9a4549e84c96,0.00450168400129769,optimal,0.001241549,0.000554818,True
199,493f6f942eca3576ac0253ad50581fbe0469e8e417d3f97011c676f7789871fd,13819,"""instance""",2.4526e-05,"['taskset', '-c', '2', '<project>/build/release/pclp', 'solve', '--instance', '<project>/data/generated/gen_chain_plain_n200_uniform_neg0_r2.json', '--config', '<project>/experiments/runs/scalability/f9dbf5727993e244/resolved_config.json', '--output', '<project>/experiments/runs/scalability/f9dbf5727993e244/result.json']",True,forest-tuned,284,0.000160507,0.001572443,chain,0,0,7,gen_chain_plain_n200_uniform_neg0_r2,data/generated/gen_chain_plain_n200_uniform_neg0_r2.json,299d59d31fc851cd9a14d82eaa75efa0a9d57cda4c7626724d8c3a493e1cb7e5,293,6,,200,2007.2983870967741,6,generated,22790144,294,4.9295e-05,0.000157022,8.4624e-05,20124,0,,1,f9dbf5727993e244,0.00457762299629394,optimal,0.00123742,0.000559311,True
199,493f6f942eca3576ac0253ad50581fbe0469e8e417d3f97011c676f7789871fd,0,"""instance""",2.4031e-05,"['taskset', '-c', '2', '<project>/build/release/pclp', 'solve', '--instance', '<project>/data/generated/gen_chain_plain_n200_uniform_neg0_r2.json', '--config', '<project>/experiments/runs/scalability/3b79db05cde30202/resolved_config.json', '--output', '<project>/experiments/runs/scalability/3b79db05cde30202/result.json']",False,parametric,0,0.0,0.00142419,chain,580,12,0,gen_chain_plain_n200_uniform_neg0_r2,data/generated/gen_chain_plain_n200_uniform_neg0_r2.json,299d59d31fc851cd9a14d82eaa75efa0a9d57cda4c7626724d8c3a493e1cb7e5,0,6,,200,2007.2983870967741,12,generated,22790144,0,5.0029e-05,0.0,0.0,0,0,,0,3b79db05cde30202,0.004499353002756834,optimal,0.001062713,0.0,True
199,493f6f942eca3576ac0253ad50581fbe0469e8e417d3f97011c676f7789871fd,0,"""instance""",2.475e-05,"['taskset', '-c', '2', '<project>/build/release/pclp', 'solve', '--instance', '<project>/data/generated/gen_chain_plain_n200_uniform_neg0_r2.json', '--config', '<project>/experiments/runs/scalability/9a1804ce52fa6e10/resolved_config.json', '--output', '<project>/experiments/runs/scalability/9a1804ce52fa6e10/result.json']",False,parametric,0,0.0,0.001778152,chain,580,12,0,gen_chain_plain_n200_uniform_neg0_r2,data/generated/gen_chain_plain_n200_uniform_neg0_r2.json,299d59d31fc851cd9a14d82eaa75efa0a9d57cda4c7626724d8c3a493e1cb7e5,0,6,,200,2007.2983870967741,12,generated,22790144,0,5.0056e-05,0.0,0.0,0,0,,1,9a1804ce52fa6e10,0.004847816002438776,optimal,0.001414655,0.0,True
199,493f6f942eca3576ac0253ad50581fbe0469e8e417d3f97011c676f7789871fd,0,"""instance""",2.5567e-05,"['taskset', '-c', '2', '<project>/build/release/pclp', 'solve', '--instance', '<project>/data/generated/gen_chain_plain_n200_uniform_neg30_r0.json', '--config', '<project>/experiments/runs/scalability/58cc9b6a27cfe16a/resolved_config.json', '--output', '<project>/experiments/runs/scalability/58cc9b6a27cfe16a/result.json']",True,dinkelbach,0,0.0,0.0036639,chain,2134,33,0,gen_chain_plain_n200_uniform_neg30_r0,data/generated/gen_chain_plain_n200_uniform_neg30_r0.json,9383f1361b92a1eb7fac67b3fdc2ca9c3190bc5df77eaa04c692f380a1636962,0,7,,200,1860.4536,7,generated,22790144,0,5.1692e-05,0.0,0.0,0,0,,0,58cc9b6a27cfe16a,0.006709640991175547,optimal,0.003281285,0.0,True
199,493f6f942eca3576ac0253ad50581fbe0469e8e417d3f97011c676f7789871fd,0,"""instance""",2.6584e-05,"['taskset', '-c', '2', '<project>/build/release/pclp', 'solve', '--instance', '<project>/data/generated/gen_chain_plain_n200_uniform_neg30_r0.json', '--config', '<project>/experiments/runs/scalability/2103727a4619c9d2/resolved_config.json', '--output', '<project>/experiments/runs/scalability/2103727a4619c9d2/result.json']",True,dinkelbach,0,0.0,0.003643882,chain,2134,33,0,gen_chain_plain_n200_uniform_neg30_r0,data/generated/gen_chain_plain_n200_uniform_neg30_r0.json,9383f1361b92a1eb7fac67b3fdc2ca9c3190bc5df77eaa04c692f380a1636962,0,7,,200,1860.4536,7,generated,22790144,0,5.6431e-05,0.0,0.0,0,0,,1,2103727a4619c9d2,0.006821724004112184,optimal,0.003257433,0.0,True
199,493f6f942eca3576ac0253ad50581fbe0469e8e417d3f97011c676f7789871fd,14318,"""instance""",2.8083e-05,"['taskset', '-c', '2', '<project>/build/release/pclp', 'solve', '--instance', '<project>/data/generated/gen_chain_plain_n200_uniform_neg30_r0.json', '--config', '<project>/experiments/runs/scalability/e34b26b6eb9b25a1/resolved_config.json', '--output', '<project>/experiments/runs/scalability/e34b26b6eb9b25a1/result.json']",True,forest-tuned,274,0.000133534,0.00173063,chain,0,0,8,gen_chain_plain_n200_uniform_neg30_r0,data/generated/gen_chain_plain_n200_uniform_neg30_r0.json,9383f1361b92a1eb7fac67b3fdc2ca9c3190bc5df77eaa04c692f380a1636962,285,7,,200,1860.4536,7,generated,22790144,286,5.1633e-05,0.00016609,9.8005e-05,13261,0,,0,e34b26b6eb9b25a1,0.004776518006110564,optimal,0.001057158,0.00038039,True
199,493f6f942eca3576ac0253ad50581fbe0469e8e417d3f97011c676f7789871fd,14318,"""instance""",2.6713e-05,"['taskset', '-c', '2', '<project>/build/release/pclp', 'solve', '--instance', '<project>/data/generated/gen_chain_plain_n200_uniform_neg30_r0.json', '--config', '<project>/experiments/runs/scalability/3ef3de190207bdc5/resolved_config.json', '--output', '<project>/experiments/runs/scalability/3ef3de190207bdc5/result.json']",True,forest-tuned,274,0.000129844,0.001422828,chain,0,0,8,gen_chain_plain_n200_uniform_neg30_r0,data/generated/gen_chain_plain_n200_uniform_neg30_r0.json,9383f1361b92a1eb7fac67b3fdc2ca9c3190bc5df77eaa04c692f380a1636962,285,7,,200,1860.4536,7,generated,22790144,286,5.5225e-05,0.000163486,9.3626e-05,13261,0,,1,3ef3de190207bdc5,0.004464673009351827,optimal,0.001038855,0.000377804,True
199,493f6f942eca3576ac0253ad50581fbe0469e8e417d3f97011c676f7789871fd,0,"""instance""",2.6466e-05,"['taskset', '-c', '2', '<project>/build/release/pclp', 'solve', '--instance', '<project>/data/generated/gen_chain_plain_n200_uniform_neg30_r0.json', '--config', '<project>/experiments/runs/scalability/4dd11feee84e5010/resolved_config.json', '--output', '<project>/experiments/runs/scalability/4dd11feee84e5010/result.json']",False,parametric,0,0.0,0.001876818,chain,802,14,0,gen_chain_plain_n200_uniform_neg30_r0,data/generated/gen_chain_plain_n200_uniform_neg30_r0.json,9383f1361b92a1eb7fac67b3fdc2ca9c3190bc5df77eaa04c692f380a1636962,0,7,,200,1860.4536,14,generated,22790144,0,5.5474e-05,0.0,0.0,0,0,,0,4dd11feee84e5010,0.005739276995882392,optimal,0.001474657,0.0,True
199,493f6f942eca3576ac0253ad50581fbe0469e8e417d3f97011c676f7789871fd,0,"""instance""",2.8826e-05,"['taskset', '-c', '2', '<project>/build/release/pclp', 'solve', '--instance', '<project>/data/generated/gen_chain_plain_n200_uniform_neg30_r0.json', '--config', '<project>/experiments/runs/scalability/bf39ef013b9f83a6/resolved_config.json', '--output', '<project>/experiments/runs/scalability/bf39ef013b9f83a6/result.json']",False,parametric,0,0.0,0.001891826,chain,802,14,0,gen_chain_plain_n200_uniform_neg30_r0,data/generated/gen_chain_plain_n200_uniform_neg30_r0.json,9383f1361b92a1eb7fac67b3fdc2ca9c3190bc5df77eaa04c692f380a1636962,0,7,,200,1860.4536,14,generated,22790144,0,5.7086e-05,0.0,0.0,0,0,,1,bf39ef013b9f83a6,0.005538676996366121,optimal,0.001509036,0.0,True
199,493f6f942eca3576ac0253ad50581fbe0469e8e417d3f97011c676f7789871fd,0,"""instance""",2.4611e-05,"['taskset', '-c', '2', '<project>/build/release/pclp', 'solve', '--instance', '<project>/data/generated/gen_chain_plain_n200_uniform_neg30_r1.json', '--config', '<project>/experiments/runs/scalability/9fd813121b4e73fc/resolved_config.json', '--output', '<project>/experiments/runs/scalability/9fd813121b4e73fc/result.json']",False,dinkelbach,0,0.0,0.003207788,chain,2296,22,0,gen_chain_plain_n200_uniform_neg30_r1,data/generated/gen_chain_plain_n200_uniform_neg30_r1.json,d7c33fd6e547b28253deadc3ba2da28120d9ad88ea491bf0e75a26266eb7b660,0,3,,200,38.76512526096033,4,generated,22790144,0,4.8957e-05,0.0,0.0,0,0,,0,9fd813121b4e73fc,0.006186872997204773,optimal,0.002817787,0.0,True
199,493f6f942eca3576ac0253ad50581fbe0469e8e417d3f97011c676f7789871fd,0,"""instance""",2.888e-05,"['taskset', '-c', '2', '<project>/build/release/pclp', 'solve', '--instance', '<project>/data/generated/gen_chain_plain_n200_uniform_neg30_r1.json', '--config', '<project>/experiments/runs/scalability/ce0dc8b638983b5b/resolved_config.json', '--output', '<project>/experiments/runs/scalability/ce0dc8b638983b5b/result.json']",False,dinkelbach,0,0.0,0.00323553,chain,2296,22,0,gen_chain_plain_n200_uniform_neg30_r1,data/generated/gen_chain_plain_n200_uniform_neg30_r1.json,d7c33fd6e547b28253deadc3ba2da28120d9ad88ea491bf0e75a26266eb7b660,0,3,,200,38.76512526096033,4,generated,22790144,0,4.9369e-05,0.0,0.0,0,0,,1,ce0dc8b638983b5b,0.006792858999688178,optimal,0.002839166,0.0,True
199,493f6f942eca3576ac0253ad50581fbe0469e8e417d3f97011c676f7789871fd,11026,"""instance""",2.4935e-05,"['taskset', '-c', '2', '<project>/build/release/pclp', 'solve', '--instance', '<project>/data/generated/gen_chain_plain_n200_uniform_neg30_r1.json', '--config', '<project>/experiments/runs/scalability/c68c7fb6b1a94471/resolved_config.json', '--output', '<project>/experiments/runs/scalability/c68c7fb6b1a94471/result.json']",False,forest-tuned,168,8.1895e-05,0.001307501,chain,0,0,4,gen_chain_plain_n200_uniform_neg30_r1,data/generated/gen_chain_plain_n200_uniform_neg30_r1.json,d7c33fd6e547b28253deadc3ba2da28120d9ad88ea491bf0e75a26266eb7b660,179,3,,200,38.76512526096033,4,generated,22790144,179,4.9196e-05,0.000124666,6.8175e-05,7046,0,,0,c68c7fb6b1a94471,0.00510620599379763,optimal,0.000711712,0.000210178,True
199,493f6f942eca3576ac0253ad50581fbe0469e8e417d3f97011c676f7789871fd,11026,"""instance""",2.5328e-05,"['taskset', '-c', '2', '<project>/build/release/pclp', 'solve', '--instance', '<project>/data/generated/gen_chain_plain_n200_uniform_neg30_r1.json', '--config', '<project>/experiments/runs/scalability/65a71ff3be243f62/resolved_config.json', '--output', '<project>/experiments/runs/scalability/65a71ff3be243f62/result.json']",False,forest-tuned,168,7.7613e-05,0.001113612,chain,0,0,4,gen_chain_plain_n200_uniform_neg30_r1,data/generated/gen_chain_plain_n200_uniform_neg30_r1.json,d7c33fd6e547b28253deadc3ba2da28120d9ad88ea491bf0e75a26266eb7b660,179,3,,200,38.76512526096033,4,generated,22790144,179,4.9182e-05,0.000128261,6.8491e-05,7046,0,,1,65a71ff3be243f62,0.004952361996402033,optimal,0.000725846,0.00022331,True
199,493f6f942eca3576ac0253ad50581fbe0469e8e417d3f97011c676f7789871fd,0,"""instance""",2.4744e-05,"['taskset', '-c', '2', '<project>/build/release/pclp', 'solve', '--instance', '<project>/data/generated/gen_chain_plain_n200_uniform_neg30_r1.json', '--config', '<project>/experiments/runs/scalability/ce77f23f85623dfd/resolved_config.json', '--output', '<project>/experiments/runs/scalability/ce77f23f85623dfd/result.json']",False,parametric,0,0.0,0.001390659,chain,456,7,0,gen_chain_plain_n200_uniform_neg30_r1,data/generated/gen_chain_plain_n200_uniform_neg30_r1.json,d7c33fd6e547b28253deadc3ba2da28120d9ad88ea491bf0e75a26266eb7b660,0,3,,200,38.76512526096033,6,generated,22790144,0,5.0511e-05,0.0,0.0,0,0,,0,ce77f23f85623dfd,0.0049104419886134565,optimal,0.000987895,0.0,True
199,493f6f942eca3576ac0253ad50581fbe0469e8e417d3f97011c676f7789871fd,0,"""instance""",2.4154e-05,"['taskset', '-c', '2', '<project>/build/release/pclp', 'solve', '--instance', '<project>/data/generated/gen_chain_plain_n200_uniform_neg30_r1.json', '--config', '<project>/experiments/runs/scalability/513c2fa1782ce27e/resolved_config.json', '--output', '<project>/experiments/runs/scalability/513c2fa1782ce27e/result.json']",False,parametric,0,0.0,0.001227708,chain,456,7,0,gen_chain_plain_n200_uniform_neg30_r1,data/generated/gen_chain_plain_n200_uniform_neg30_r1.json,d7c33fd6e547b28253deadc3ba2da28120d9ad88ea491bf0e75a26266eb7b660,0,3,,200,38.76512526096033,6,generated,22790144,0,4.9917e-05,0.0,0.0,0,0,,1,513c2fa1782ce27e,0.005005869999877177,optimal,0.000797304,0.0,True
199,493f6f942eca3576ac0253ad50581fbe0469e8e417d3f97011c676f7789871fd,0,"""instance""",2.6051e-05,"['taskset', '-c', '2', '<project>/build/release/pclp', 'solve', '--instance', '<project>/data/generated/gen_chain_plain_n200_uniform_neg30_r2.json', '--config', '<project>/experiments/runs/scalability/59c9258bc7a8a33b/resolved_config.json', '--output', '<project>/experiments/runs/scalability/59c9258bc7a8a33b/result.json']",False,dinkelbach,0,0.0,0.003280918,chain,1547,26,0,gen_chain_plain_n200_uniform_neg30_r2,data/generated/gen_chain_plain_n200_uniform_neg30_r2.json,c44d09e3ac3f6f7c9bda53c544494729c0ec36701c6d0dd11eaaded94af1ba8a,0,5,,200,1109.818418013857,6,generated,22790144,0,5.359e-05,0.0,0.0,0,0,,0,59c9258bc7a8a33b,0.006666246001259424,optimal,0.002906579,0.0,True
199,493f6f942eca3576ac0253ad50581fbe0469e8e417d3f97011c676f7789871fd,0,"""instance""",2.5998e-05,"['taskset', '-c', '2', '<project>/build/release/pclp', 'solve', '--instance', '<project>/data/generated/gen_chain_plain_n200_uniform_neg30_r2.json', '--config', '<project>/experiments/runs/scalability/60dc578a83941c56/resolved_config.json', '--output', '<project>/experiments/runs/scalability/60dc578a83941c56/result.json']",False,dinkelbach,0,0.0,0.003225326,chain,1547,26,0,gen_chain_plain_n200_uniform_neg30_r2,data/generated/gen_chain_plain_n200_uniform_neg30_r2.json,c44d09e3ac3f6f7c9bda53c544494729c0ec36701c6d0dd11eaaded94af1ba8a,0,5,,200,1109.818418013857,6,generated,22790144,0,5.2502e-05,0.0,0.0,0,0,,1,60dc578a83941c56,0.006293081998592243,optimal,0.002853669,0.0,True
199,493f6f942eca3576ac0253ad50581fbe0469e8e417d3f97011c676f7789871fd,11809,"""instance""",2.5996e-05,"['taskset', '-c', '2', '<project>/build/release/pclp', 'solve', '--instance', '<project>/data/generated/gen_chain_plain_n200_uniform_neg30_r2.json', '--config', '<project>/experiments/runs/scalability/93f6952453028b9d/resolved_config.json', '--output', '<project>/experiments/runs/scalability/93f6952453028b9d/result.json']",False,forest-tuned,255,0.000131716,0.001608047,chain,0,0,7,gen_chain_plain_n200_uniform_neg30_r2,data/generated/gen_chain_plain_n200_uniform_neg30_r2.json,c44d09e3ac3f6f7c9bda53c544494729c0ec36701c6d0dd11eaaded94af1ba8a,263,5,,200,1109.818418013857,6,generated,22790144,264,5.0618e-05,0.000145626,8.664e-05,14104,0,,0,93f6952453028b9d,0.004797410001629032,optimal,0.001052748,0.000425139,True
199,493f6f942eca3576ac0253ad50581fbe0469e8e417d3f97011c676f7789871fd,11809,"""instance""",2.8729e-05,"['taskset', '-c', '2', '<project>/build/release/pclp', 'solve', '--instance', '<project>/data/generated/gen_chain_plain_n200_uniform_neg30_r2.json', '--config', '<project>/experiments/runs/scalability/218a2396f2ca369b/resolved_config.json', '--output', '<project>/experiments/runs/scalability/218a2396f2ca369b/result.json']",False,forest-tuned,255,0.000161732,0.001471819,chain,0,0,7,gen_chain_plain_n200_uniform_neg30_r2,data/generated/gen_chain_plain_n200_uniform_neg30_r2.json,c44d09e3ac3f6f7c9bda53c544494729c0ec36701c6d0dd11eaaded94af1ba8a,263,5,,200,1109.818418013857,6,generated,22790144,264,5.196e-05,0.000146452,8.1378e-05,14104,0,,1,218a2396f2ca369b,0.004389353998703882,optimal,0.001095911,0.000429631,True
199,493f6f942eca3576ac0253ad50581fbe0469e8e417d3f97011c676f7789871fd,0,"""instance""",2.5996e-05,"['taskset', '-c', '2', '<project>/build/release/pclp', 'solve', '--instance', '<project>/data/generated/gen_chain_plain_n200_uniform_neg30_r2.json', '--config', '<project>/experiments/runs/scalability/ce815f4b1643c2f5/resolved_config.json', '--output', '<project>/experiments/runs/scalability/ce815f4b1643c2f5/result.json']",False,parametric,0,0.0,0.001690007,chain,653,11,0,gen_chain_plain_n200_uniform_neg30_r2,data/generated/gen_chain_plain_n200_uniform_neg30_r2.json,c44d09e3ac3f6f7c9bda53c544494729c0ec36701c6d0dd11eaaded94af1ba8a,0,5,,200,1109.818418013857,10,generated,22790144,0,5.4126e-05,0.0,0.0,0,0,,0,ce815f4b1643c2f5,0.004705746992840432,optimal,0.001306663,0.0,True
199,493f6f942eca3576ac0253ad50581fbe0469e8e417d3f97011c676f7789871fd,0,"""instance""",2.7263e-05,"['taskset', '-c', '2', '<project>/build/release/pclp', 'solve', '--instance', '<project>/data/generated/gen_chain_plain_n200_uniform_neg30_r2.json', '--config', '<project>/experiments/runs/scalability/a98f59cf9b3354d4/resolved_config.json', '--output', '<project>/experiments/runs/scalability/a98f59cf9b3354d4/result.json']",False,parametric,0,0.0,0.001903288,chain,653,11,0,gen_chain_plain_n200_uniform_neg30_r2,data/generated/gen_chain_plain_n200_uniform_neg30_r2.json,c44d09e3ac3f6f7c9bda53c544494729c0ec36701c6d0dd11eaaded94af1ba8a,0,5,,200,1109.818418013857,10,generated,22953984,0,5.6636e-05,0.0,0.0,0,0,,1,a98f59cf9b3354d4,0.005555231997277588,optimal,0.001357675,0.0,True
24994,493f6f942eca3576ac0253ad50581fbe0469e8e417d3f97011c676f7789871fd,0,"""instance""",0.001926462,"['taskset', '-c', '2', '<project>/build/release/pclp', 'solve', '--instance', '<project>/data/generated/gen_diamonds_module4_n20000_uniform_neg30_r0.json', '--config', '<project>/experiments/runs/scalability/324c59bdf7010928/resolved_config.json', '--output', '<project>/experiments/runs/scalability/324c59bdf7010928/result.json']",False,dinkelbach,0,0.0,8.856691903,diamonds,451894,57,0,gen_diamonds_module4_n20000_uniform_neg30_r0,data/generated/gen_diamonds_module4_n20000_uniform_neg30_r0.json,2aade66faf65d1d1d94180f6e72e08e5fbb1cf97b5330f6fc64740c9dde47726,0,10,,20000,147956.42952534457,11,generated,64380928,0,0.004707897,0.0,0.0,0,0,,0,324c59bdf7010928,8.873906852997607,optimal,8.827026307,0.0,True
24994,493f6f942eca3576ac0253ad50581fbe0469e8e417d3f97011c676f7789871fd,0,"""instance""",0.002081454,"['taskset', '-c', '2', '<project>/build/release/pclp', 'solve', '--instance', '<project>/data/generated/gen_diamonds_module4_n20000_uniform_neg30_r0.json', '--config', '<project>/experiments/runs/scalability/bd709e282476d161/resolved_config.json', '--output', '<project>/experiments/runs/scalability/bd709e282476d161/result.json']",False,dinkelbach,0,0.0,8.434989337,diamonds,451894,57,0,gen_diamonds_module4_n20000_uniform_neg30_r0,data/generated/gen_diamonds_module4_n20000_uniform_neg30_r0.json,2aade66faf65d1d1d94180f6e72e08e5fbb1cf97b5330f6fc64740c9dde47726,0,10,,20000,147956.42952534457,11,generated,64380928,0,0.004655822,0.0,0.0,0,0,,1,bd709e282476d161,8.451193421991775,optimal,8.405811561,0.0,True
24994,493f6f942eca3576ac0253ad50581fbe0469e8e417d3f97011c676f7789871fd,4599754,"""instance""",0.001903151,"['taskset', '-c', '2', '<project>/build/release/pclp', 'solve', '--instance', '<project>/data/generated/gen_diamonds_module4_n20000_uniform_neg30_r0.json', '--config', '<project>/experiments/runs/scalability/b496ee66eec6ab2f/resolved_config.json', '--output', '<project>/experiments/runs/scalability/b496ee66eec6ab2f/result.json']",False,forest-tuned,14028,0.399574425,6.07593573,diamonds,0,0,65,gen_diamonds_module4_n20000_uniform_neg30_r0,data/generated/gen_diamonds_module4_n20000_uniform_neg30_r0.json,2aade66faf65d1d1d94180f6e72e08e5fbb1cf97b5330f6fc64740c9dde47726,13991,10,,20000,147956.42952534457,11,generated,64380928,14045,0.005295143,0.040945692,0.392649398,175092653,0,,0,b496ee66eec6ab2f,6.092212848001509,optimal,6.045579494,4.920035417,True
24994,493f6f942eca3576ac0253ad50581fbe0469e8e417d3f97011c676f7789871fd,4599754,"""instance""",0.001986547,"['taskset', '-c', '2', '<project>/build/release/pclp', 'solve', '--instance', '<project>/data/generated/gen_diamonds_module4_n20000_uniform_neg30_r0.json', '--config', '<project>/experiments/runs/scalability/06d722c6e96fd1e3/resolved_config.json', '--output', '<project>/experiments/runs/scalability/06d722c6e96fd1e3/result.json']",False,forest-tuned,14028,0.397361715,5.972112022,diamonds,0,0,65,gen_diamonds_module4_n20000_uniform_neg30_r0,data/generated/gen_diamonds_module4_n20000_uniform_neg30_r0.json,2aade66faf65d1d1d94180f6e72e08e5fbb1cf97b5330f6fc64740c9dde47726,13991,10,,20000,147956.42952534457,11,generated,64380928,14045,0.005033136,0.039756352,0.3826005,175092653,0,,1,06d722c6e96fd1e3,5.986903437995352,optimal,5.940927122,4.827971172,True
24994,493f6f942eca3576ac0253ad50581fbe0469e8e417d3f97011c676f7789871fd,0,"""instance""",0.002213351,"['taskset', '-c', '2', '<project>/build/release/pclp', 'solve', '--instance', '<project>/data/generated/gen_diamonds_module4_n20000_uniform_neg30_r0.json', '--config', '<project>/experiments/runs/scalability/ff37c93234101c32/resolved_config.json', '--output', '<project>/experiments/runs/scalability/ff37c93234101c32/result.json']",False,parametric,0,0.0,1.770415574,diamonds,75381,21,0,gen_diamonds_module4_n20000_uniform_neg30_r0,data/generated/gen_diamonds_module4_n20000_uniform_neg30_r0.json,2aade66faf65d1d1d94180f6e72e08e5fbb1cf97b5330f6fc64740c9dde47726,0,10,,20000,147956.42952534457,20,generated,64380928,0,0.005312211,0.0,0.0,0,0,,0,ff37c93234101c32,1.7869184489973122,optimal,1.739657001,0.0,True
24994,493f6f942eca3576ac0253ad50581fbe0469e8e417d3f97011c676f7789871fd,0,"""instance""",0.002234772,"['taskset', '-c', '2', '<project>/build/release/pclp', 'solve', '--instance', '<project>/data/generated/gen_diamonds_module4_n20000_uniform_neg30_r0.json', '--config', '<project>/experiments/runs/scalability/8874c615f5d63690/resolved_config.json', '--output', '<project>/experiments/runs/scalability/8874c615f5d63690/result.json']",False,parametric,0,0.0,1.862052394,diamonds,75381,21,0,gen_diamonds_module4_n20000_uniform_neg30_r0,data/generated/gen_diamonds_module4_n20000_uniform_neg30_r0.json,2aade66faf65d1d1d94180f6e72e08e5fbb1cf97b5330f6fc64740c9dde47726,0,10,,20000,147956.42952534457,20,generated,64380928,0,0.004678702,0.0,0.0,0,0,,1,8874c615f5d63690,1.8786845009890385,optimal,1.827542975,0.0,True
24994,493f6f942eca3576ac0253ad50581fbe0469e8e417d3f97011c676f7789871fd,0,"""instance""",0.001716202,"['taskset', '-c', '2', '<project>/build/release/pclp', 'solve', '--instance', '<project>/data/generated/gen_diamonds_module4_n20000_uniform_neg30_r1.json', '--config', '<project>/experiments/runs/scalability/23711c42ed665345/resolved_config.json', '--output', '<project>/experiments/runs/scalability/23711c42ed665345/result.json']",False,dinkelbach,0,0.0,12.084734054,diamonds,792545,70,0,gen_diamonds_module4_n20000_uniform_neg30_r1,data/generated/gen_diamonds_module4_n20000_uniform_neg30_r1.json,98baae3bc5fe6706113d70b53a01f6a49e9d9caff0cda906fbe9a4c5c4192089,0,9,,20000,747.766,10,generated,64380928,0,0.004955751,0.0,0.0,0,0,,0,23711c42ed665345,12.099039676002576,optimal,12.053275668,0.0,True
24994,493f6f942eca3576ac0253ad50581fbe0469e8e417d3f97011c676f7789871fd,0,"""instance""",0.001928476,"['taskset', '-c', '2', '<project>/build/release/pclp', 'solve', '--instance', '<project>/data/generated/gen_diamonds_module4_n20000_uniform_neg30_r1.json', '--config', '<project>/experiments/runs/scalability/13af63d7d82f01f4/resolved_config.json', '--output', '<project>/experiments/runs/scalability/13af63d7d82f01f4/result.json']",False,dinkelbach,0,0.0,11.388373543,diamonds,792545,70,0,gen_diamonds_module4_n20000_uniform_neg30_r1,data/generated/gen_diamonds_module4_n20000_uniform_neg30_r1.json,98baae3bc5fe6706113d70b53a01f6a49e9d9caff0cda906fbe9a4c5c4192089,0,9,,20000,747.766,10,generated,64380928,0,0.004662415,0.0,0.0,0,0,,1,13af63d7d82f01f4,11.415669336987776,optimal,11.356616476,0.0,True
24994,493f6f942eca3576ac0253ad50581fbe0469e8e417d3f97011c676f7789871fd,9059494,"""instance""",0.001850249,"['taskset', '-c', '2', '<project>/build/release/pclp', 'solve', '--instance', '<project>/data/generated/gen_diamonds_module4_n20000_uniform_neg30_r1.json', '--config', '<project>/experiments/runs/scalability/a7535350da8091bb/resolved_config.json', '--output', '<project>/experiments/runs/scalability/a7535350da8091bb/result.json']",False,forest-tuned,25705,0.71125246,14.519477634,diamonds,0,0,110,gen_diamonds_module4_n20000_uniform_neg30_r1,data/generated/gen_diamonds_module4_n20000_uniform_neg30_r1.json,98baae3bc5fe6706113d70b53a01f6a49e9d9caff0cda906fbe9a4c5c4192089,25617,9,,20000,747.766,10,generated,64380928,25717,0.004975356,0.076535164,0.694865645,465876421,0,,0,a7535350da8091bb,14.538292534009088,optimal,14.487498683,12.314849299,True
24994,493f6f942eca3576ac0253ad50581fbe0469e8e417d3f97011c676f7789871fd,9059494,"""instance""",0.002207715,"['taskset', '-c', '2', '<project>/build/release/pclp', 'solve', '--instance', '<project>/data/generated/gen_diamonds_module4_n20000_uniform_neg30_r1.json', '--config', '<project>/experiments/runs/scalability/8555147f7b1720bb/resolved_config.json', '--output', '<project>/experiments/runs/scalability/8555147f7b1720bb/result.json']",False,forest-tuned,25705,0.734145769,14.822407869,diamonds,0,0,110,gen_diamonds_module4_n20000_uniform_neg30_r1,data/generated/gen_diamonds_module4_n20000_uniform_neg30_r1.json,98baae3bc5fe6706113d70b53a01f6a49e9d9caff0cda906fbe9a4c5c4192089,25617,9,,20000,747.766,10,generated,64380928,25717,0.005473847,0.078152473,0.718490828,465876421,0,,1,8555147f7b1720bb,14.839318653990631,optimal,14.788247588,12.555776326,True
24994,493f6f942eca3576ac0253ad50581fbe0469e8e417d3f97011c676f7789871fd,0,"""instance""",0.002204542,"['taskset', '-c', '2', '<project>/build/release/pclp', 'solve', '--instance', '<project>/data/generated/gen_diamonds_module4_n20000_uniform_neg30_r1.json', '--config', '<project>/experiments/runs/scalability/0dfc20b37f0137a4/resolved_config.json', '--output', '<project>/experiments/runs/scalability/0dfc20b37f0137a4/result.json']",False,parametric,0,0.0,0.86694842,diamonds,39765,19,0,gen_diamonds_module4_n20000_uniform_neg30_r1,data/generated/gen_diamonds_module4_n20000_uniform_neg30_r1.json,98baae3bc5fe6706113d70b53a01f6a49e9d9caff0cda906fbe9a4c5c4192089,0,9,,20000,747.766,18,generated,64380928,0,0.005117776,0.0,0.0,0,0,,0,0dfc20b37f0137a4,0.8912849539919989,optimal,0.834103023,0.0,True
24994,493f6f942eca3576ac0253ad50581fbe0469e8e417d3f97011c676f7789871fd,0,"""instance""",0.002055455,"['taskset', '-c', '2', '<project>/build/release/pclp', 'solve', '--instance', '<project>/data/generated/gen_diamonds_module4_n20000_uniform_neg30_r1.json', '--config', '<project>/experiments/runs/scalability/fec0c721f8bff108/resolved_config.json', '--output', '<project>/experiments/runs/scalability/fec0c721f8bff108/result.json']",False,parametric,0,0.0,0.865694728,diamonds,39765,19,0,gen_diamonds_module4_n20000_uniform_neg30_r1,data/generated/gen_diamonds_module4_n20000_uniform_neg30_r1.json,98baae3bc5fe6706113d70b53a01f6a49e9d9caff0cda906fbe9a4c5c4192089,0,9,,20000,747.766,18,generated,64380928,0,0.004638803,0.0,0.0,0,0,,1,fec0c721f8bff108,0.8804954549996182,optimal,0.834495118,0.0,True
24994,493f6f942eca3576ac0253ad50581fbe0469e8e417d3f97011c676f7789871fd,0,"""instance""",0.002082059,"['taskset', '-c', '2', '<project>/build/release/pclp', 'solve', '--instance', '<project>/data/generated/gen_diamonds_module4_n20000_uniform_neg30_r2.json', '--config', '<project>/experiments/runs/scalability/3ed634dd53eb2773/resolved_config.json', '--output', '<project>/experiments/runs/scalability/3ed634dd53eb2773/result.json']",False,dinkelbach,0,0.0,7.213219048,diamonds,372172,46,0,gen_diamonds_module4_n20000_uniform_neg30_r2,data/generated/gen_diamonds_module4_n20000_uniform_neg30_r2.json,cc268a8792c6c014b2b5363c515619355761fbbdf08d1c1eeb9a6d41789b935b,0,8,,20000,95535.45682711515,9,generated,64380928,0,0.004778462,0.0,0.0,0,0,,0,3ed634dd53eb2773,7.230486606989871,optimal,7.182916066,0.0,True
24994,493f6f942eca3576ac0253ad50581fbe0469e8e417d3f97011c676f7789871fd,0,"""instance""",0.002092208,"['taskset', '-c', '2', '<project>/build/release/pclp', 'solve', '--instance', '<project>/data/generated/gen_diamonds_module4_n20000_uniform_neg30_r2.json', '--config', '<project>/experiments/runs/scalability/3349b43b57787e21/resolved_config.json', '--output', '<project>/experiments/runs/scalability/3349b43b57787e21/result.json']",False,dinkelbach,0,0.0,7.197046556,diamonds,372172,46,0,gen_diamonds_module4_n20000_uniform_neg30_r2,data/generated/gen_diamonds_module4_n20000_uniform_neg30_r2.json,cc268a8792c6c014b2b5363c515619355761fbbdf08d1c1eeb9a6d41789b935b,0,8,,20000,95535.45682711515,9,generated,64380928,0,0.004770911,0.0,0.0,0,0,,1,3349b43b57787e21,7.232393425001646,optimal,7.169084784,0.0,True
24994,493f6f942eca3576ac0253ad50581fbe0469e8e417d3f97011c676f7789871fd,2814851,"""instance""",0.001968457,"['taskset', '-c', '2', '<project>/build/release/pclp', 'solve', '--instance', '<project>/data/generated/gen_diamonds_module4_n20000_uniform_neg30_r2.json', '--config', '<project>/experiments/runs/scalability/0212d7d2a16cce3f/resolved_config.json', '--output', '<project>/experiments/runs/scalability/0212d7d2a16cce3f/result.json']",False,forest-tuned,7596,0.27146627,4.653599219,diamonds,0,0,38,gen_diamonds_module4_n20000_uniform_neg30_r2,data/generated/gen_diamonds_module4_n20000_uniform_neg30_r2.json,cc268a8792c6c014b2b5363c515619355761fbbdf08d1c1eeb9a6d41789b935b,7579,8,,20000,95535.45682711515,9,generated,64380928,7608,0.004774545,0.024349581,0.248882321,139232391,0,,0,0212d7d2a16cce3f,4.6728361760033295,optimal,4.622857982,3.847434849,True
24994,493f6f942eca3576ac0253ad50581fbe0469e8e417d3f97011c676f7789871fd,2814851,"""instance""",0.00207896,"['taskset', '-c', '2', '<project>/build/release/pclp', 'solve', '--instance', '<project>/data/generated/gen_diamonds_module4_n20000_uniform_neg30_r2.json', '--config', '<project>/experiments/runs/scalability/b9d9e75cceebd8c4/resolved_config.json', '--output', '<project>/experiments/runs/scalability/b9d9e75cceebd8c4/result.json']",False,forest-tuned,7596,0.2619823,4.493517354,diamonds,0,0,38,gen_diamonds_module4_n20000_uniform_neg30_r2,data/generated/gen_diamonds_module4_n20000_uniform_neg30_r2.json,cc268a8792c6c014b2b5363c515619355761fbbdf08d1c1eeb9a6d41789b935b,7579,8,,20000,95535.45682711515,9,generated,64380928,7608,0.004888176,0.02375889,0.239716715,139232391,0,,1,b9d9e75cceebd8c4,4.509484899012023,optimal,4.462349692,3.714690313,True
24994,493f6f942eca3576ac0253ad50581fbe0469e8e417d3f97011c676f7789871fd,0,"""instance""",0.002312986,"['taskset', '-c', '2', '<project>/build/release/pclp', 'solve', '--instance', '<project>/data/generated/gen_diamonds_module4_n20000_uniform_neg30_r2.json', '--config', '<project>/experiments/runs/scalability/2403d7c7aa41faef/resolved_config.json', '--output', '<project>/experiments/runs/scalability/2403d7c7aa41faef/result.json']",False,parametric,0,0.0,2.035220283,diamonds,68502,17,0,gen_diamonds_module4_n20000_uniform_neg30_r2,data/generated/gen_diamonds_module4_n20000_uniform_neg30_r2.json,cc268a8792c6c014b2b5363c515619355761fbbdf08d1c1eeb9a6d41789b935b,0,8,,20000,95535.45682711515,16,generated,64380928,0,0.004758959,0.0,0.0,0,0,,0,2403d7c7aa41faef,2.0517865260044346,optimal,2.005339231,0.0,True
24994,493f6f942eca3576ac0253ad50581fbe0469e8e417d3f97011c676f7789871fd,0,"""instance""",0.002574894,"['taskset', '-c', '2', '<project>/build/release/pclp', 'solve', '--instance', '<project>/data/generated/gen_diamonds_module4_n20000_uniform_neg30_r2.json', '--config', '<project>/experiments/runs/scalability/10f4da85536dac88/resolved_config.json', '--output', '<project>/experiments/runs/scalability/10f4da85536dac88/result.json']",False,parametric,0,0.0,2.043465333,diamonds,68502,17,0,gen_diamonds_module4_n20000_uniform_neg30_r2,data/generated/gen_diamonds_module4_n20000_uniform_neg30_r2.json,cc268a8792c6c014b2b5363c515619355761fbbdf08d1c1eeb9a6d41789b935b,0,8,,20000,95535.45682711515,16,generated,64380928,0,0.004871036,0.0,0.0,0,0,,1,10f4da85536dac88,2.0616181199875427,optimal,2.013792228,0.0,True
2494,493f6f942eca3576ac0253ad50581fbe0469e8e417d3f97011c676f7789871fd,0,"""instance""",0.000240513,"['taskset', '-c', '2', '<project>/build/release/pclp', 'solve', '--instance', '<project>/data/generated/gen_diamonds_module4_n2000_uniform_neg30_r0.json', '--config', '<project>/experiments/runs/scalability/24e2e028d348de70/resolved_config.json', '--output', '<project>/experiments/runs/scalability/24e2e028d348de70/result.json']",False,dinkelbach,0,0.0,0.233703034,diamonds,50436,69,0,gen_diamonds_module4_n2000_uniform_neg30_r0,data/generated/gen_diamonds_module4_n2000_uniform_neg30_r0.json,26ab40c7d930b53fba5c2221d44a24d5fcfe0f1d3df5f0d00b2b4e3238fed864,0,11,,2000,14644.151636073424,12,generated,24498176,0,0.00044488,0.0,0.0,0,0,,0,24e2e028d348de70,0.23952676300541498,optimal,0.230823033,0.0,True
2494,493f6f942eca3576ac0253ad50581fbe0469e8e417d3f97011c676f7789871fd,0,"""instance""",0.000235373,"['taskset', '-c', '2', '<project>/build/release/pclp', 'solve', '--instance', '<project>/data/generated/gen_diamonds_module4_n2000_uniform_neg30_r0.json', '--config', '<project>/experiments/runs/scalability/4e45caf80e0e9f93/resolved_config.json', '--output', '<project>/experiments/runs/scalability/4e45caf80e0e9f93/result.json']",False,dinkelbach,0,0.0,0.232378924,diamonds,50436,69,0,gen_diamonds_module4_n2000_uniform_neg30_r0,data/generated/gen_diamonds_module4_n2000_uniform_neg30_r0.json,26ab40c7d930b53fba5c2221d44a24d5fcfe0f1d3df5f0d00b2b4e3238fed864,0,11,,2000,14644.151636073424,12,generated,24498176,0,0.000546935,0.0,0.0,0,0,,1,4e45caf80e0e9f93,0.2383257049950771,optimal,0.229570887,0.0,True
2494,493f6f942eca3576ac0253ad50581fbe0469e8e417d3f97011c676f7789871fd,134704,"""instance""",0.000281357,"['taskset', '-c', '2', '<project>/build/release/pclp', 'solve', '--instance', '<project>/data/generated/gen_diamonds_module4_n2000_uniform_neg30_r0.json', '--config', '<project>/experiments/runs/scalability/d2b956bfb22a76b6/resolved_config.json', '--output', '<project>/experiments/runs/scalability/d2b956bfb22a76b6/result.json']",False,forest-tuned,1516,0.006452306,0.104926402,diamonds,0,0,18,gen_diamonds_module4_n2000_uniform_neg30_r0,data/generated/gen_diamonds_module4_n2000_uniform_neg30_r0.json,26ab40c7d930b53fba5c2221d44a24d5fcfe0f1d3df5f0d00b2b4e3238fed864,1538,11,,2000,14644.151636073424,12,generated,24498176,1544,0.000470188,0.001421341,0.006077209,2696965,0,,0,d2b956bfb22a76b6,0.11024219800310675,optimal,0.10199649,0.081692296,True
2494,493f6f942eca3576ac0253ad50581fbe0469e8e417d3f97011c676f7789871fd,134704,"""instance""",0.000237969,"['taskset', '-c', '2', '<project>/build/release/pclp', 'solve', '--instance', '<project>/data/generated/gen_diamonds_module4_n2000_uniform_neg30_r0.json', '--config', '<project>/experiments/runs/scalability/5b56adce4499192d/resolved_config.json', '--output', '<project>/experiments/runs/scalability/5b56adce4499192d/result.json']",False,forest-tuned,1516,0.006635053,0.106032159,diamonds,0,0,18,gen_diamonds_module4_n2000_uniform_neg30_r0,data/generated/gen_diamonds_module4_n2000_uniform_neg30_r0.json,26ab40c7d930b53fba5c2221d44a24d5fcfe0f1d3df5f0d00b2b4e3238fed864,1538,11,,2000,14644.151636073424,12,generated,24498176,1544,0.000509596,0.001452408,0.00625097,2696965,0,,1,5b56adce4499192d,0.11318020200997125,optimal,0.102863661,0.082069833,True
2494,493f6f942eca3576ac0253ad50581fbe0469e8e417d3f97011c676f7789871fd,0,"""instance""",0.000236432,"['taskset', '-c', '2', '<project>/build/release/pclp', 'solve', '--instance', '<project>/data/generated/gen_diamonds_module4_n2000_uniform_neg30_r0.json', '--config', '<project>/experiments/runs/scalability/ecb982701e829004/resolved_config.json', '--output', '<project>/experiments/runs/scalability/ecb982701e829004/result.json']",False,parametric,0,0.0,0.044357977,diamonds,6898,23,0,gen_diamonds_module4_n2000_uniform_neg30_r0,data/generated/gen_diamonds_module4_n2000_uniform_neg30_r0.json,26ab40c7d930b53fba5c2221d44a24d5fcfe0f1d3df5f0d00b2b4e3238fed864,0,11,,2000,14644.151636073424,22,generated,24600576,0,0.000436028,0.0,0.0,0,0,,0,ecb982701e829004,0.05052933801198378,optimal,0.041592372,0.0,True
2494,493f6f942eca3576ac0253ad50581fbe0469e8e417d3f97011c676f7789871fd,0,"""instance""",0.000234715,"['taskset', '-c', '2', '<project>/build/release/pclp', 'solve', '--instance', '<project>/data/generated/gen_diamonds_module4_n2000_uniform_neg30_r0.json', '--config', '<project>/experiments/runs/scalability/45d45ad23b1ddedc/resolved_config.json', '--output', '<project>/experiments/runs/scalability/45d45ad23b1ddedc/result.json']",False,parametric,0,0.0,0.04675973,diamonds,6898,23,0,gen_diamonds_module4_n2000_uniform_neg30_r0,data/generated/gen_diamonds_module4_n2000_uniform_neg30_r0.json,26ab40c7d930b53fba5c2221d44a24d5fcfe0f1d3df5f0d00b2b4e3238fed864,0,11,,2000,14644.151636073424,22,generated,24600576,0,0.000442302,0.0,0.0,0,0,,1,45d45ad23b1ddedc,0.05181008200452197,optimal,0.043983443,0.0,True
2494,493f6f942eca3576ac0253ad50581fbe0469e8e417d3f97011c676f7789871fd,0,"""instance""",0.000241906,"['taskset', '-c', '2', '<project>/build/release/pclp', 'solve', '--instance', '<project>/data/generated/gen_diamonds_module4_n2000_uniform_neg30_r1.json', '--config', '<project>/experiments/runs/scalability/b3d431ee9833d923/resolved_config.json', '--output', '<project>/experiments/runs/scalability/b3d431ee9833d923/result.json']",False,dinkelbach,0,0.0,0.336435763,diamonds,81424,72,0,gen_diamonds_module4_n2000_uniform_neg30_r1,data/generated/gen_diamonds_module4_n2000_uniform_neg30_r1.json,d9ea1a41f005ebaac835e135d85562869321e143c43710a567b38dd04cbe8484,0,9,,2000,208.08599999999998,10,generated,24600576,0,0.000529781,0.0,0.0,0,0,,0,b3d431ee9833d923,0.3425846339960117,optimal,0.333079879,0.0,True
2494,493f6f942eca3576ac0253ad50581fbe0469e8e417d3f97011c676f7789871fd,0,"""instance""",0.000247072,"['taskset', '-c', '2', '<project>/build/release/pclp', 'solve', '--instance', '<project>/data/generated/gen_diamonds_module4_n2000_uniform_neg30_r1.json', '--config', '<project>/experiments/runs/scalability/dad8a6ee25d68762/resolved_config.json', '--output', '<project>/experiments/runs/scalability/dad8a6ee25d68762/result.json']",False,dinkelbach,0,0.0,0.343206807,diamonds,81424,72,0,gen_diamonds_module4_n2000_uniform_neg30_r1,data/generated/gen_diamonds_module4_n2000_uniform_neg30_r1.json,d9ea1a41f005ebaac835e135d85562869321e143c43710a567b38dd04cbe8484,0,9,,2000,208.08599999999998,10,generated,24600576,0,0.000471603,0.0,0.0,0,0,,1,dad8a6ee25d68762,0.34821448699221946,optimal,0.339977728,0.0,True
2494,493f6f942eca3576ac0253ad50581fbe0469e8e417d3f97011c676f7789871fd,208717,"""instance""",0.000229802,"['taskset', '-c', '2', '<project>/build/release/pclp', 'solve', '--instance', '<project>/data/generated/gen_diamonds_module4_n2000_uniform_neg30_r1.json', '--config', '<project>/experiments/runs/scalability/4ff8a1e820a89dac/resolved_config.json', '--output', '<project>/experiments/runs/scalability/4ff8a1e820a89dac/result.json']",False,forest-tuned,2891,0.008893746,0.176888931,diamonds,0,0,21,gen_diamonds_module4_n2000_uniform_neg30_r1,data/generated/gen_diamonds_module4_n2000_uniform_neg30_r1.json,d9ea1a41f005ebaac835e135d85562869321e143c43710a567b38dd04cbe8484,2894,9,,2000,208.08599999999998,10,generated,24600576,2905,0.000443703,0.002804775,0.011467134,4266352,0,,0,4ff8a1e820a89dac,0.18140892499650363,optimal,0.173919151,0.140726694,True
2494,493f6f942eca3576ac0253ad50581fbe0469e8e417d3f97011c676f7789871fd,208717,"""instance""",0.000234395,"['taskset', '-c', '2', '<project>/build/release/pclp', 'solve', '--instance', '<project>/data/generated/gen_diamonds_module4_n2000_uniform_neg30_r1.json', '--config', '<project>/experiments/runs/scalability/8c8b284cdd9fc64a/resolved_config.json', '--output', '<project>/experiments/runs/scalability/8c8b284cdd9fc64a/result.json']",False,forest-tuned,2891,0.008264848,0.176694188,diamonds,0,0,21,gen_diamonds_module4_n2000_uniform_neg30_r1,data/generated/gen_diamonds_module4_n2000_uniform_neg30_r1.json,d9ea1a41f005ebaac835e135d85562869321e143c43710a567b38dd04cbe8484,2894,9,,2000,208.08599999999998,10,generated,24600576,2905,0.000506638,0.002494139,0.009918711,4266352,0,,1,8c8b284cdd9fc64a,0.1818192420032574,optimal,0.173466146,0.142431279,True
2494,493f6f942eca3576ac0253ad50581fbe0469e8e417d3f97011c676f7789871fd,0,"""instance""",0.000240772,"['taskset', '-c', '2', '<project>/build/release/pclp', 'solve', '--instance', '<project>/data/generated/gen_diamonds_module4_n2000_uniform_neg30_r1.json', '--config', '<project>/experiments/runs/scalability/ac505a65e7f63b37/resolved_config.json', '--output', '<project>/experiments/runs/scalability/ac505a65e7f63b37/result.json']",False,parametric,0,0.0,0.030387175,diamonds,4046,19,0,gen_diamonds_module4_n2000_uniform_neg30_r1,data/generated/gen_diamonds_module4_n2000_uniform_neg30_r1.json,d9ea1a41f005ebaac835e135d85562869321e143c43710a567b38dd04cbe8484,0,9,,2000,208.08599999999998,18,generated,24600576,0,0.000472286,0.0,0.0,0,0,,0,ac505a65e7f63b37,0.03634562400111463,optimal,0.027172959,0.0,True
2494,493f6f942eca3576ac0253ad50581fbe0469e8e417d3f97011c676f7789871fd,0,"""instance""",0.000247451,"['taskset', '-c', '2', '<project>/build/release/pclp', 'solve', '--instance', '<project>/data/generated/gen_diamonds_module4_n2000_uniform_neg30_r1.json', '--config', '<project>/experiments/runs/scalability/5e66740d659488f6/resolved_config.json', '--output', '<project>/experiments/runs/scalability/5e66740d659488f6/result.json']",False,parametric,0,0.0,0.030871488,diamonds,4046,19,0,gen_diamonds_module4_n2000_uniform_neg30_r1,data/generated/gen_diamonds_module4_n2000_uniform_neg30_r1.json,d9ea1a41f005ebaac835e135d85562869321e143c43710a567b38dd04cbe8484,0,9,,2000,208.08599999999998,18,generated,24600576,0,0.000497262,0.0,0.0,0,0,,1,5e66740d659488f6,0.03752022099797614,optimal,0.02756559,0.0,True
2494,493f6f942eca3576ac0253ad50581fbe0469e8e417d3f97011c676f7789871fd,0,"""instance""",0.000264222,"['taskset', '-c', '2', '<project>/build/release/pclp', 'solve', '--instance', '<project>/data/generated/gen_diamonds_module4_n2000_uniform_neg30_r2.json', '--config', '<project>/experiments/runs/scalability/74cc21670744bbf5/resolved_config.json', '--output', '<project>/experiments/runs/scalability/74cc21670744bbf5/result.json']",False,dinkelbach,0,0.0,0.177280024,diamonds,28870,41,0,gen_diamonds_module4_n2000_uniform_neg30_r2,data/generated/gen_diamonds_module4_n2000_uniform_neg30_r2.json,d9072a869a358e6692923d7ac78f50b3bc86e1803540d743dbe1df81809ba78f,0,7,,2000,9370.386526206268,8,generated,24702976,0,0.000740708,0.0,0.0,0,0,,0,74cc21670744bbf5,0.18458831700263545,optimal,0.172370856,0.0,True
2494,493f6f942eca3576ac0253ad50581fbe0469e8e417d3f97011c676f7789871fd,0,"""instance""",0.000259714,"['taskset', '-c', '2', '<project>/build/release/pclp', 'solve', '--instance', '<project>/data/generated/gen_diamonds_module4_n2000_uniform_neg30_r2.json', '--config', '<project>/experiments/runs/scalability/e311cfbb69a98295/resolved_config.json', '--output', '<project>/experiments/runs/scalability/e311cfbb69a98295/result.json']",False,dinkelbach,0,0.0,0.128365643,diamonds,28870,41,0,gen_diamonds_module4_n2000_uniform_neg30_r2,data/generated/gen_diamonds_module4_n2000_uniform_neg30_r2.json,d9072a869a358e6692923d7ac78f50b3bc86e1803540d743dbe1df81809ba78f,0,7,,2000,9370.386526206268,8,generated,24702976,0,0.000498379,0.0,0.0,0,0,,1,e311cfbb69a98295,0.1344861520046834,optimal,0.125344591,0.0,True
2494,493f6f942eca3576ac0253ad50581fbe0469e8e417d3f97011c676f7789871fd,50847,"""instance""",0.000273528,"['taskset', '-c', '2', '<project>/build/release/pclp', 'solve', '--instance', '<project>/data/generated/gen_diamonds_module4_n2000_uniform_neg30_r2.json', '--config', '<project>/experiments/runs/scalability/f798eeee9c095857/resolved_config.json', '--output', '<project>/experiments/runs/scalability/f798eeee9c095857/result.json']",False,forest-tuned,519,0.003534043,0.040268235,diamonds,0,0,10,gen_diamonds_module4_n2000_uniform_neg30_r2,data/generated/gen_diamonds_module4_n2000_uniform_neg30_r2.json,d9072a869a358e6692923d7ac78f50b3bc86e1803540d743dbe1df81809ba78f,523,7,,2000,9370.386526206268,8,generated,24600576,525,0.000529485,0.000598912,0.002921171,788321,0,,0,f798eeee9c095857,0.04949859200860374,optimal,0.037041542,0.026569623,True
2494,493f6f942eca3576ac0253ad50581fbe0469e8e417d3f97011c676f7789871fd,50847,"""instance""",0.000275764,"['taskset', '-c', '2', '<project>/build/release/pclp', 'solve', '--instance', '<project>/data/generated/gen_diamonds_module4_n2000_uniform_neg30_r2.json', '--config', '<project>/experiments/runs/scalability/0e5a8b5c4b531fc7/resolved_config.json', '--output', '<project>/experiments/runs/scalability/0e5a8b5c4b531fc7/result.json']",False,forest-tuned,519,0.003657633,0.040516567,diamonds,0,0,10,gen_diamonds_module4_n2000_uniform_neg30_r2,data/generated/gen_diamonds_module4_n2000_uniform_neg30_r2.json,d9072a869a358e6692923d7ac78f50b3bc86e1803540d743dbe1df81809ba78f,523,7,,2000,9370.386526206268,8,generated,24702976,525,0.000531932,0.000590202,0.002912178,788321,0,,1,0e5a8b5c4b531fc7,0.045835448006982915,optimal,0.037031883,0.026461894,True
2494,493f6f942eca3576ac0253ad50581fbe0469e8e417d3f97011c676f7789871fd,0,"""instance""",0.000260735,"['taskset', '-c', '2', '<project>/build/release/pclp', 'solve', '--instance', '<project>/data/generated/gen_diamonds_module4_n2000_uniform_neg30_r2.json', '--config', '<project>/experiments/runs/scalability/4dd360b1f6a2e937/resolved_config.json', '--output', '<project>/experiments/runs/scalability/4dd360b1f6a2e937/result.json']",False,parametric,0,0.0,0.03784826,diamonds,6694,15,0,gen_diamonds_module4_n2000_uniform_neg30_r2,data/generated/gen_diamonds_module4_n2000_uniform_neg30_r2.json,d9072a869a358e6692923d7ac78f50b3bc86e1803540d743dbe1df81809ba78f,0,7,,2000,9370.386526206268,14,generated,24702976,0,0.000487392,0.0,0.0,0,0,,0,4dd360b1f6a2e937,0.04438260399911087,optimal,0.03451857,0.0,True
2494,493f6f942eca3576ac0253ad50581fbe0469e8e417d3f97011c676f7789871fd,0,"""instance""",0.000270853,"['taskset', '-c', '2', '<project>/build/release/pclp', 'solve', '--instance', '<project>/data/generated/gen_diamonds_module4_n2000_uniform_neg30_r2.json', '--config', '<project>/experiments/runs/scalability/3937cad13bcf0afc/resolved_config.json', '--output', '<project>/experiments/runs/scalability/3937cad13bcf0afc/result.json']",False,parametric,0,0.0,0.038840901,diamonds,6694,15,0,gen_diamonds_module4_n2000_uniform_neg30_r2,data/generated/gen_diamonds_module4_n2000_uniform_neg30_r2.json,d9072a869a358e6692923d7ac78f50b3bc86e1803540d743dbe1df81809ba78f,0,7,,2000,9370.386526206268,14,generated,24702976,0,0.000524368,0.0,0.0,0,0,,1,3937cad13bcf0afc,0.04475198300497141,optimal,0.035477556,0.0,True
244,493f6f942eca3576ac0253ad50581fbe0469e8e417d3f97011c676f7789871fd,0,"""instance""",3.2183e-05,"['taskset', '-c', '2', '<project>/build/release/pclp', 'solve', '--instance', '<project>/data/generated/gen_diamonds_module4_n200_uniform_neg30_r0.json', '--config', '<project>/experiments/runs/scalability/925fe215efac3992/resolved_config.json', '--output', '<project>/experiments/runs/scalability/925fe215efac3992/result.json']",False,dinkelbach,0,0.0,0.002576382,diamonds,1114,25,0,gen_diamonds_module4_n200_uniform_neg30_r0,data/generated/gen_diamonds_module4_n200_uniform_neg30_r0.json,cfc6667fc5f445909f99950cb45df701a47479ac23660be86eb34f09c808aa08,0,5,,200,1515.6878363832077,6,generated,22953984,0,5.92e-05,0.0,0.0,0,0,,0,925fe215efac3992,0.005892757995752618,optimal,0.002151244,0.0,True
244,493f6f942eca3576ac0253ad50581fbe0469e8e417d3f97011c676f7789871fd,0,"""instance""",2.8296e-05,"['taskset', '-c', '2', '<project>/build/release/pclp', 'solve', '--instance', '<project>/data/generated/gen_diamonds_module4_n200_uniform_neg30_r0.json', '--config', '<project>/experiments/runs/scalability/28e957ae1f776dd5/resolved_config.json', '--output', '<project>/experiments/runs/scalability/28e957ae1f776dd5/result.json']",False,dinkelbach,0,0.0,0.00247888,diamonds,1114,25,0,gen_diamonds_module4_n200_uniform_neg30_r0,data/generated/gen_diamonds_module4_n200_uniform_neg30_r0.json,cfc6667fc5f445909f99950cb45df701a47479ac23660be86eb34f09c808aa08,0,5,,200,1515.6878363832077,6,generated,23117824,0,5.9266e-05,0.0,0.0,0,0,,1,28e957ae1f776dd5,0.005521860992303118,optimal,0.002065908,0.0,True
244,493f6f942eca3576ac0253ad50581fbe0469e8e417d3f97011c676f7789871fd,1400,"""instance""",2.9143e-05,"['taskset', '-c', '2', '<project>/build/release/pclp', 'solve', '--instance', '<project>/data/generated/gen_diamonds_module4_n200_uniform_neg30_r0.json', '--config', '<project>/experiments/runs/scalability/f989b196371b9c4d/resolved_config.json', '--output', '<project>/experiments/runs/scalability/f989b196371b9c4d/result.json']",False,forest-tuned,32,3.4498e-05,0.000893203,diamonds,0,0,6,gen_diamonds_module4_n200_uniform_neg30_r0,data/generated/gen_diamonds_module4_n200_uniform_neg30_r0.json,cfc6667fc5f445909f99950cb45df701a47479ac23660be86eb34f09c808aa08,35,5,,200,1515.6878363832077,6,generated,22953984,35,6.1407e-05,2.0575e-05,3.0088e-05,5063,0,,0,f989b196371b9c4d,0.003983340997365303,optimal,0.00046268,0.000180941,True
244,493f6f942eca3576ac0253ad50581fbe0469e8e417d3f97011c676f7789871fd,1400,"""instance""",3.0045e-05,"['taskset', '-c', '2', '<project>/build/release/pclp', 'solve', '--instance', '<project>/data/generated/gen_diamonds_module4_n200_uniform_neg30_r0.json', '--config', '<project>/experiments/runs/scalability/ba5f90b829bbec23/resolved_config.json', '--output', '<project>/experiments/runs/scalability/ba5f90b829bbec23/result.json']",False,forest-tuned,32,3.9161e-05,0.000881557,diamonds,0,0,6,gen_diamonds_module4_n200_uniform_neg30_r0,data/generated/gen_diamonds_module4_n200_uniform_neg30_r0.json,cfc6667fc5f445909f99950cb45df701a47479ac23660be86eb34f09c808aa08,35,5,,200,1515.6878363832077,6,generated,22953984,35,6.3277e-05,2.0601e-05,3.0024e-05,5063,0,,1,ba5f90b829bbec23,0.0038816520100226626,optimal,0.000468595,0.000181056,True
244,493f6f942eca3576ac0253ad50581fbe0469e8e417d3f97011c676f7789871fd,0,"""instance""",2.8593e-05,"['taskset', '-c', '2', '<project>/build/release/pclp', 'solve', '--instance', '<project>/data/generated/gen_diamonds_module4_n200_uniform_neg30_r0.json', '--config', '<project>/experiments/runs/scalability/2eccb38003951a90/resolved_config.json', '--output', '<project>/experiments/runs/scalability/2eccb38003951a90/result.json']",False,parametric,0,0.0,0.001658146,diamonds,652,11,0,gen_diamonds_module4_n200_uniform_neg30_r0,data/generated/gen_diamonds_module4_n200_uniform_neg30_r0.json,cfc6667fc5f445909f99950cb45df701a47479ac23660be86eb34f09c808aa08,0,5,,200,1515.6878363832077,10,generated,23117824,0,6.0034e-05,0.0,0.0,0,0,,0,2eccb38003951a90,0.004877679995843209,optimal,0.001244209,0.0,True
244,493f6f942eca3576ac0253ad50581fbe0469e8e417d3f97011c676f7789871fd,0,"""instance""",2.8723e-05,"['taskset', '-c', '2', '<project>/build/release/pclp', 'solve', '--instance', '<project>/data/generated/gen_diamonds_module4_n200_uniform_neg30_r0.json', '--config', '<project>/experiments/runs/scalability/09a1ffa1d26422d7/resolved_config.json', '--output', '<project>/experiments/runs/scalability/09a1ffa1d26422d7/result.json']",False,parametric,0,0.0,0.001651829,diamonds,652,11,0,gen_diamonds_module4_n200_uniform_neg30_r0,data/generated/gen_diamonds_module4_n200_uniform_neg30_r0.json,cfc6667fc5f445909f99950cb45df701a47479ac23660be86eb34f09c808aa08,0,5,,200,1515.6878363832077,10,generated,23117824,0,6.1851e-05,0.0,0.0,0,0,,1,09a1ffa1d26422d7,0.005007481013308279,optimal,0.001237804,0.0,True
244,493f6f942eca3576ac0253ad50581fbe0469e8e417d3f97011c676f7789871fd,0,"""instance""",2.7737e-05,"['taskset', '-c', '2', '<project>/build/release/pclp', 'solve', '--instance', '<project>/data/generated/gen_diamonds_module4_n200_uniform_neg30_r1.json', '--config', '<project>/experiments/runs/scalability/3f58daf2f42e9e20/resolved_config.json', '--output', '<project>/experiments/runs/scalability/3f58daf2f42e9e20/result.json']",False,dinkelbach,0,0.0,0.004650103,diamonds,3776,40,0,gen_diamonds_module4_n200_uniform_neg30_r1,data/generated/gen_diamonds_module4_n200_uniform_neg30_r1.json,282b0922b486d1230c988484a11716d85820888949bb413955c3872cd66e0466,0,6,,200,103.278,7,generated,23117824,0,6.1e-05,0.0,0.0,0,0,,0,3f58daf2f42e9e20,0.008296785003039986,optimal,0.004205063,0.0,True
244,493f6f942eca3576ac0253ad50581fbe0469e8e417d3f97011c676f7789871fd,0,"""instance""",2.6865e-05,"['taskset', '-c', '2', '<project>/build/release/pclp', 'solve', '--instance', '<project>/data/generated/gen_diamonds_module4_n200_uniform_neg30_r1.json', '--config', '<project>/experiments/runs/scalability/fe4b0bebc83f831a/resolved_config.json', '--output', '<project>/experiments/runs/scalability/fe4b0bebc83f831a/result.json']",False,dinkelbach,0,0.0,0.004750358,diamonds,3776,40,0,gen_diamonds_module4_n200_uniform_neg30_r1,data/generated/gen_diamonds_module4_n200_uniform_neg30_r1.json,282b0922b486d1230c988484a11716d85820888949bb413955c3872cd66e0466,0,6,,200,103.278,7,generated,23117824,0,6.2773e-05,0.0,0.0,0,0,,1,fe4b0bebc83f831a,0.007682570008910261,optimal,0.004164614,0.0,True
244,493f6f942eca3576ac0253ad50581fbe0469e8e417d3f97011c676f7789871fd,5698,"""instance""",2.8047e-05,"['taskset', '-c', '2', '<project>/build/release/pclp', 'solve', '--instance', '<project>/data/generated/gen_diamonds_module4_n200_uniform_neg30_r1.json', '--config', '<project>/experiments/runs/scalability/5b8532d94655f250/resolved_config.json', '--output', '<project>/experiments/runs/scalability/5b8532d94655f250/result.json']",False,forest-tuned,162,6.216e-05,0.002210494,diamonds,0,0,7,gen_diamonds_module4_n200_uniform_neg30_r1,data/generated/gen_diamonds_module4_n200_uniform_neg30_r1.json,282b0922b486d1230c988484a11716d85820888949bb413955c3872cd66e0466,169,6,,200,103.278,7,generated,23117824,169,5.856e-05,8.324e-05,8.0808e-05,29766,0,,0,5b8532d94655f250,0.006705477993818931,optimal,0.001779795,0.001209581,True
244,493f6f942eca3576ac0253ad50581fbe0469e8e417d3f97011c676f7789871fd,5698,"""instance""",2.7936e-05,"['taskset', '-c', '2', '<project>/build/release/pclp', 'solve', '--instance', '<project>/data/generated/gen_diamonds_module4_n200_uniform_neg30_r1.json', '--config', '<project>/experiments/runs/scalability/b45a9d6786a3cb94/resolved_config.json', '--output', '<project>/experiments/runs/scalability/b45a9d6786a3cb94/result.json']",False,forest-tuned,162,6.309e-05,0.002072962,diamonds,0,0,7,gen_diamonds_module4_n200_uniform_neg30_r1,data/generated/gen_diamonds_module4_n200_uniform_neg30_r1.json,282b0922b486d1230c988484a11716d85820888949bb413955c3872cd66e0466,169,6,,200,103.278,7,generated,23117824,169,6.1518e-05,8.2769e-05,8.0041e-05,29766,0,,1,b45a9d6786a3cb94,0.005133195998496376,optimal,0.001629215,0.001051578,True
244,493f6f942eca3576ac0253ad50581fbe0469e8e417d3f97011c676f7789871fd,0,"""instance""",2.4906e-05,"['taskset', '-c', '2', '<project>/build/release/pclp', 'solve', '--instance', '<project>/data/generated/gen_diamonds_module4_n200_uniform_neg30_r1.json', '--config', '<project>/experiments/runs/scalability/feae27f3f8bcdc43/resolved_config.json', '--output', '<project>/experiments/runs/scalability/feae27f3f8bcdc43/result.json']",False,parametric,0,0.0,0.001102669,diamonds,351,13,0,gen_diamonds_module4_n200_uniform_neg30_r1,data/generated/gen_diamonds_module4_n200_uniform_neg30_r1.json,282b0922b486d1230c988484a11716d85820888949bb413955c3872cd66e0466,0,6,,200,103.278,12,generated,23117824,0,6.1105e-05,0.0,0.0,0,0,,0,feae27f3f8bcdc43,0.00425967198680155,optimal,0.000666633,0.0,True
244,493f6f942eca3576ac0253ad50581fbe0469e8e417d3f97011c676f7789871fd,0,"""instance""",2.5054e-05,"['taskset', '-c', '2', '<project>/build/release/pclp', 'solve', '--instance', '<project>/data/generated/gen_diamonds_module4_n200_uniform_neg30_r1.json', '--config', '<project>/experiments/runs/scalability/8c0025127f224a2f/resolved_config.json', '--output', '<project>/experiments/runs/scalability/8c0025127f224a2f/result.json']",False,parametric,0,0.0,0.001112792,diamonds,351,13,0,gen_diamonds_module4_n200_uniform_neg30_r1,data/generated/gen_diamonds_module4_n200_uniform_neg30_r1.json,282b0922b486d1230c988484a11716d85820888949bb413955c3872cd66e0466,0,6,,200,103.278,12,generated,23117824,0,6.4422e-05,0.0,0.0,0,0,,1,8c0025127f224a2f,0.004053429001942277,optimal,0.000676685,0.0,True
244,493f6f942eca3576ac0253ad50581fbe0469e8e417d3f97011c676f7789871fd,0,"""instance""",2.9e-05,"['taskset', '-c', '2', '<project>/build/release/pclp', 'solve', '--instance', '<project>/data/generated/gen_diamonds_module4_n200_uniform_neg30_r2.json', '--config', '<project>/experiments/runs/scalability/8e650328f9efec6e/resolved_config.json', '--output', '<project>/experiments/runs/scalability/8e650328f9efec6e/result.json']",False,dinkelbach,0,0.0,0.003125842,diamonds,1897,36,0,gen_diamonds_module4_n200_uniform_neg30_r2,data/generated/gen_diamonds_module4_n200_uniform_neg30_r2.json,1807b234239ecd947ca314e8d9f2bcadf0606e07d082346b149dc2446da7a6eb,0,7,,200,1338.2346153846154,8,generated,23117824,0,6.0842e-05,0.0,0.0,0,0,,0,8e650328f9efec6e,0.006064501998480409,optimal,0.002701337,0.0,True
244,493f6f942eca3576ac0253ad50581fbe0469e8e417d3f97011c676f7789871fd,0,"""instance""",2.9236e-05,"['taskset', '-c', '2', '<project>/build/release/pclp', 'solve', '--instance', '<project>/data/generated/gen_diamonds_module4_n200_uniform_neg30_r2.json', '--config', '<project>/experiments/runs/scalability/d10582bf029536dd/resolved_config.json', '--output', '<project>/experiments/runs/scalability/d10582bf029536dd/result.json']",False,dinkelbach,0,0.0,0.003146268,diamonds,1897,36,0,gen_diamonds_module4_n200_uniform_neg30_r2,data/generated/gen_diamonds_module4_n200_uniform_neg30_r2.json,1807b234239ecd947ca314e8d9f2bcadf0606e07d082346b149dc2446da7a6eb,0,7,,200,1338.2346153846154,8,generated,23117824,0,5.9225e-05,0.0,0.0,0,0,,1,d10582bf029536dd,0.006121881990111433,optimal,0.002720544,0.0,True
244,493f6f942eca3576ac0253ad50581fbe0469e8e417d3f97011c676f7789871fd,4451,"""instance""",2.9468e-05,"['taskset', '-c', '2', '<project>/build/release/pclp', 'solve', '--instance', '<project>/data/generated/gen_diamonds_module4_n200_uniform_neg30_r2.json', '--config', '<project>/experiments/runs/scalability/dd5f1c2a5b8ed1f0/resolved_config.json', '--output', '<project>/experiments/runs/scalability/dd5f1c2a5b8ed1f0/result.json']",False,forest-tuned,45,3.3775e-05,0.001087684,diamonds,0,0,8,gen_diamonds_module4_n200_uniform_neg30_r2,data/generated/gen_diamonds_module4_n200_uniform_neg30_r2.json,1807b234239ecd947ca314e8d9f2bcadf0606e07d082346b149dc2446da7a6eb,54,7,,200,1338.2346153846154,8,generated,23117824,54,7.6972e-05,5.3988e-05,3.6407e-05,8210,0,,0,dd5f1c2a5b8ed1f0,0.004065268993144855,optimal,0.000674752,0.000286229,True
244,493f6f942eca3576ac0253ad50581fbe0469e8e417d3f97011c676f7789871fd,4451,"""instance""",2.9995e-05,"['taskset', '-c', '2', '<project>/build/release/pclp', 'solve', '--instance', '<project>/data/generated/gen_diamonds_module4_n200_uniform_neg30_r2.json', '--config', '<project>/experiments/runs/scalability/53705d1d61e217cc/resolved_config.json', '--output', '<project>/experiments/runs/scalability/53705d1d61e217cc/result.json']",False,forest-tuned,45,3.3487e-05,0.001099468,diamonds,0,0,8,gen_diamonds_module4_n200_uniform_neg30_r2,data/generated/gen_diamonds_module4_n200_uniform_neg30_r2.json,1807b234239ecd947ca314e8d9f2bcadf0606e07d082346b149dc2446da7a6eb,54,7,,200,1338.2346153846154,8,generated,23117824,54,5.9001e-05,5.456e-05,3.6367e-05,8210,0,,1,53705d1d61e217cc,0.004390608009998687,optimal,0.000666897,0.000296202,True
244,493f6f942eca3576ac0253ad50581fbe0469e8e417d3f97011c676f7789871fd,0,"""instance""",2.9015e-05,"['taskset', '-c', '2', '<project>/build/release/pclp', 'solve', '--instance', '<project>/data/generated/gen_diamonds_module4_n200_uniform_neg30_r2.json', '--config', '<project>/experiments/runs/scalability/2cb8de781eeb6172/resolved_config.json', '--output', '<project>/experiments/runs/scalability/2cb8de781eeb6172/result.json']",False,parametric,0,0.0,0.001705,diamonds,802,15,0,gen_diamonds_module4_n200_uniform_neg30_r2,data/generated/gen_diamonds_module4_n200_uniform_neg30_r2.json,1807b234239ecd947ca314e8d9f2bcadf0606e07d082346b149dc2446da7a6eb,0,7,,200,1338.2346153846154,14,generated,23117824,0,6.1389e-05,0.0,0.0,0,0,,0,2cb8de781eeb6172,0.004980415993486531,optimal,0.001294343,0.0,True
244,493f6f942eca3576ac0253ad50581fbe0469e8e417d3f97011c676f7789871fd,0,"""instance""",2.8815e-05,"['taskset', '-c', '2', '<project>/build/release/pclp', 'solve', '--instance', '<project>/data/generated/gen_diamonds_module4_n200_uniform_neg30_r2.json', '--config', '<project>/experiments/runs/scalability/64c1176e625070e4/resolved_config.json', '--output', '<project>/experiments/runs/scalability/64c1176e625070e4/result.json']",False,parametric,0,0.0,0.001721355,diamonds,802,15,0,gen_diamonds_module4_n200_uniform_neg30_r2,data/generated/gen_diamonds_module4_n200_uniform_neg30_r2.json,1807b234239ecd947ca314e8d9f2bcadf0606e07d082346b149dc2446da7a6eb,0,7,,200,1338.2346153846154,14,generated,23117824,0,6.4309e-05,0.0,0.0,0,0,,1,64c1176e625070e4,0.004676180993556045,optimal,0.001315024,0.0,True
0,493f6f942eca3576ac0253ad50581fbe0469e8e417d3f97011c676f7789871fd,0,"""instance""",0.001489835,"['taskset', '-c', '2', '<project>/build/release/pclp', 'solve', '--instance', '<project>/data/generated/gen_empty_plain_n20000_uniform_neg0_r0.json', '--config', '<project>/experiments/runs/scalability/75afd695be19114b/resolved_config.json', '--output', '<project>/experiments/runs/scalability/75afd695be19114b/result.json']",True,dinkelbach,0,0.0,3.04909108,empty,0,6751,0,gen_empty_plain_n20000_uniform_neg0_r0,data/generated/gen_empty_plain_n20000_uniform_neg0_r0.json,f28cbe5e4336236ecd9d7d11810a55c42811195b85ea5cafdd78c76bed3ed595,0,623,,20000,565434.09375,623,generated,64544768,0,0.003070602,0.0,0.0,0,0,,0,75afd695be19114b,3.060744581001927,optimal,3.035201856,0.0,True
0,493f6f942eca3576ac0253ad50581fbe0469e8e417d3f97011c676f7789871fd,0,"""instance""",0.00174939,"['taskset', '-c', '2', '<project>/build/release/pclp', 'solve', '--instance', '<project>/data/generated/gen_empty_plain_n20000_uniform_neg0_r0.json', '--config', '<project>/experiments/runs/scalability/a2918a2284ed75b4/resolved_config.json', '--output', '<project>/experiments/runs/scalability/a2918a2284ed75b4/result.json']",True,dinkelbach,0,0.0,3.075897435,empty,0,6751,0,gen_empty_plain_n20000_uniform_neg0_r0,data/generated/gen_empty_plain_n20000_uniform_neg0_r0.json,f28cbe5e4336236ecd9d7d11810a55c42811195b85ea5cafdd78c76bed3ed595,0,623,,20000,565434.09375,623,generated,64544768,0,0.002833506,0.0,0.0,0,0,,1,a2918a2284ed75b4,3.0879722610116005,optimal,3.061681058,0.0,True
0,493f6f942eca3576ac0253ad50581fbe0469e8e417d3f97011c676f7789871fd,6485944,"""instance""",0.001742429,"['taskset', '-c', '2', '<project>/build/release/pclp', 'solve', '--instance', '<project>/data/generated/gen_empty_plain_n20000_uniform_neg0_r0.json', '--config', '<project>/experiments/runs/scalability/8cd279b533f3960e/resolved_config.json', '--output', '<project>/experiments/runs/scalability/8cd279b533f3960e/result.json']",True,forest-tuned,0,0.0,0.48806056,empty,0,0,623,gen_empty_plain_n20000_uniform_neg0_r0,data/generated/gen_empty_plain_n20000_uniform_neg0_r0.json,f28cbe5e4336236ecd9d7d11810a55c42811195b85ea5cafdd78c76bed3ed595,0,623,,20000,565434.09375,623,generated,64544768,0,0.003036552,0.041633461,0.0,6486567,0,,0,8cd279b533f3960e,0.4995920369983651,optimal,0.47157725,0.098771129,True
0,493f6f942eca3576ac0253ad50581fbe0469e8e417d3f97011c676f7789871fd,6485944,"""instance""",0.001964295,"['taskset', '-c', '2', '<project>/build/release/pclp', 'solve', '--instance', '<project>/data/generated/gen_empty_plain_n20000_uniform_neg0_r0.json', '--config', '<project>/experiments/runs/scalability/7a06c48d88858e47/resolved_config.json', '--output', '<project>/experiments/runs/scalability/7a06c48d88858e47/result.json']",True,forest-tuned,0,0.0,0.519447858,empty,0,0,623,gen_empty_plain_n20000_uniform_neg0_r0,data/generated/gen_empty_plain_n20000_uniform_neg0_r0.json,f28cbe5e4336236ecd9d7d11810a55c42811195b85ea5cafdd78c76bed3ed595,0,623,,20000,565434.09375,623,generated,64544768,0,0.002904313,0.044352049,0.0,6486567,0,,1,7a06c48d88858e47,0.5325526800006628,optimal,0.504791825,0.1060103,True
0,493f6f942eca3576ac0253ad50581fbe0469e8e417d3f97011c676f7789871fd,0,"""instance""",0.001853729,"['taskset', '-c', '2', '<project>/build/release/pclp', 'solve', '--instance', '<project>/data/generated/gen_empty_plain_n20000_uniform_neg0_r0.json', '--config', '<project>/experiments/runs/scalability/7d319693a3aee11f/resolved_config.json', '--output', '<project>/experiments/runs/scalability/7d319693a3aee11f/result.json']",False,parametric,0,0.0,0.365065504,empty,0,1246,0,gen_empty_plain_n20000_uniform_neg0_r0,data/generated/gen_empty_plain_n20000_uniform_neg0_r0.json,f28cbe5e4336236ecd9d7d11810a55c42811195b85ea5cafdd78c76bed3ed595,0,623,,20000,565434.09375,1246,generated,64544768,0,0.002746491,0.0,0.0,0,0,,0,7d319693a3aee11f,0.376663112998358,optimal,0.350839341,0.0,True
0,493f6f942eca3576ac0253ad50581fbe0469e8e417d3f97011c676f7789871fd,0,"""instance""",0.001783202,"['taskset', '-c', '2', '<project>/build/release/pclp', 'solve', '--instance', '<project>/data/generated/gen_empty_plain_n20000_uniform_neg0_r0.json', '--config', '<project>/experiments/runs/scalability/11c8db59d58aebe3/resolved_config.json', '--output', '<project>/experiments/runs/scalability/11c8db59d58aebe3/result.json']",False,parametric,0,0.0,0.371092732,empty,0,1246,0,gen_empty_plain_n20000_uniform_neg0_r0,data/generated/gen_empty_plain_n20000_uniform_neg0_r0.json,f28cbe5e4336236ecd9d7d11810a55c42811195b85ea5cafdd78c76bed3ed595,0,623,,20000,565434.09375,1246,generated,64544768,0,0.002926864,0.0,0.0,0,0,,1,11c8db59d58aebe3,0.38149617199087515,optimal,0.357244971,0.0,True
0,493f6f942eca3576ac0253ad50581fbe0469e8e417d3f97011c676f7789871fd,0,"""instance""",0.0,"['taskset', '-c', '2', '<project>/build/release/pclp', 'solve', '--instance', '<project>/data/generated/gen_empty_plain_n20000_uniform_neg0_r1.json', '--config', '<project>/experiments/runs/scalability/4d9aed88f41e56bf/resolved_config.json', '--output', '<project>/experiments/runs/scalability/4d9aed88f41e56bf/result.json']",False,dinkelbach,0,0.0,30.013132655,empty,0,0,0,gen_empty_plain_n20000_uniform_neg0_r1,data/generated/gen_empty_plain_n20000_uniform_neg0_r1.json,dac7148eb68174adf8f8e98b1ee56cc8a70a21a303b2847e5107fd87b40f586e,0,0,time limit reached before a maximum flow,20000,0.0,4936,generated,64544768,0,0.003005417,0.0,0.0,0,0,,0,4d9aed88f41e56bf,30.019562731002225,time_limit,30.000485724,0.0,False
0,493f6f942eca3576ac0253ad50581fbe0469e8e417d3f97011c676f7789871fd,,"""instance""",,,,dinkelbach,,,,empty,,,,gen_empty_plain_n20000_uniform_neg0_r1,data/generated/gen_empty_plain_n20000_uniform_neg0_r1.json,dac7148eb68174adf8f8e98b1ee56cc8a70a21a303b2847e5107fd87b40f586e,,,time limit reached before a maximum flow,20000,,,generated,,,,,,,,True,1,046ca258f4800ecb,30.019562731002225,time_limit,,,False
0,493f6f942eca3576ac0253ad50581fbe0469e8e417d3f97011c676f7789871fd,135925722,"""instance""",0.001847643,"['taskset', '-c', '2', '<project>/build/release/pclp', 'solve', '--instance', '<project>/data/generated/gen_empty_plain_n20000_uniform_neg0_r1.json', '--config', '<project>/experiments/runs/scalability/57e873e5b56bfa9f/resolved_config.json', '--output', '<project>/experiments/runs/scalability/57e873e5b56bfa9f/result.json']",True,forest-tuned,0,0.0,8.554985233,empty,0,0,13607,gen_empty_plain_n20000_uniform_neg0_r1,data/generated/gen_empty_plain_n20000_uniform_neg0_r1.json,dac7148eb68174adf8f8e98b1ee56cc8a70a21a303b2847e5107fd87b40f586e,0,13607,,20000,61990.5996,13607,generated,64544768,0,0.002907239,0.767609952,0.0,135939329,0,,0,57e873e5b56bfa9f,8.575150582997594,optimal,8.536098706,1.800826492,True
0,493f6f942eca3576ac0253ad50581fbe0469e8e417d3f97011c676f7789871fd,135925722,"""instance""",0.001949096,"['taskset', '-c', '2', '<project>/build/release/pclp', 'solve', '--instance', '<project>/data/generated/gen_empty_plain_n20000_uniform_neg0_r1.json', '--config', '<project>/experiments/runs/scalability/5e675fdee23436ee/resolved_config.json', '--output', '<project>/experiments/runs/scalability/5e675fdee23436ee/result.json']",True,forest-tuned,0,0.0,8.521449703,empty,0,0,13607,gen_empty_plain_n20000_uniform_neg0_r1,data/generated/gen_empty_plain_n20000_uniform_neg0_r1.json,dac7148eb68174adf8f8e98b1ee56cc8a70a21a303b2847e5107fd87b40f586e,0,13607,,20000,61990.5996,13607,generated,64544768,0,0.003000349,0.764102902,0.0,135939329,0,,1,5e675fdee23436ee,8.54417553600797,optimal,8.501808239,1.818672074,True
0,493f6f942eca3576ac0253ad50581fbe0469e8e417d3f97011c676f7789871fd,0,"""instance""",0.00191062,"['taskset', '-c', '2', '<project>/build/release/pclp', 'solve', '--instance', '<project>/data/generated/gen_empty_plain_n20000_uniform_neg0_r1.json', '--config', '<project>/experiments/runs/scalability/f087331e23914587/resolved_config.json', '--output', '<project>/experiments/runs/scalability/f087331e23914587/result.json']",False,parametric,0,0.0,6.456316346,empty,0,27220,0,gen_empty_plain_n20000_uniform_neg0_r1,data/generated/gen_empty_plain_n20000_uniform_neg0_r1.json,dac7148eb68174adf8f8e98b1ee56cc8a70a21a303b2847e5107fd87b40f586e,0,13607,,20000,61990.5996,27220,generated,64544768,0,0.003190719,0.0,0.0,0,0,,0,f087331e23914587,6.476371960990946,optimal,6.435749652,0.0,True
0,493f6f942eca3576ac0253ad50581fbe0469e8e417d3f97011c676f7789871fd,0,"""instance""",0.002061702,"['taskset', '-c', '2', '<project>/build/release/pclp', 'solve', '--instance', '<project>/data/generated/gen_empty_plain_n20000_uniform_neg0_r1.json', '--config', '<project>/experiments/runs/scalability/1ba950bec199582a/resolved_config.json', '--output', '<project>/experiments/runs/scalability/1ba950bec199582a/result.json']",False,parametric,0,0.0,6.358836087,empty,0,27220,0,gen_empty_plain_n20000_uniform_neg0_r1,data/generated/gen_empty_plain_n20000_uniform_neg0_r1.json,dac7148eb68174adf8f8e98b1ee56cc8a70a21a303b2847e5107fd87b40f586e,0,13607,,20000,61990.5996,27220,generated,64544768,0,0.003065889,0.0,0.0,0,0,,1,1ba950bec199582a,6.379553985010716,optimal,6.338522272,0.0,True
0,493f6f942eca3576ac0253ad50581fbe0469e8e417d3f97011c676f7789871fd,0,"""instance""",0.001757898,"['taskset', '-c', '2', '<project>/build/release/pclp', 'solve', '--instance', '<project>/data/generated/gen_empty_plain_n20000_uniform_neg0_r2.json', '--config', '<project>/experiments/runs/scalability/0daf5e1ddeaa2c1b/resolved_config.json', '--output', '<project>/experiments/runs/scalability/0daf5e1ddeaa2c1b/result.json']",True,dinkelbach,0,0.0,3.318699716,empty,0,6895,0,gen_empty_plain_n20000_uniform_neg0_r2,data/generated/gen_empty_plain_n20000_uniform_neg0_r2.json,51af8f25ae0577eca6b3720851b5032cfd7a5e983e8313f7b7536e553483e37c,0,623,,20000,419046.9,623,generated,64544768,0,0.002889945,0.0,0.0,0,0,,0,0daf5e1ddeaa2c1b,3.32980623000185,optimal,3.304351804,0.0,True
0,493f6f942eca3576ac0253ad50581fbe0469e8e417d3f97011c676f7789871fd,0,"""instance""",0.001750865,"['taskset', '-c', '2', '<project>/build/release/pclp', 'solve', '--instance', '<project>/data/generated/gen_empty_plain_n20000_uniform_neg0_r2.json', '--config', '<project>/experiments/runs/scalability/f717c95a0eaefb43/resolved_config.json', '--output', '<project>/experiments/runs/scalability/f717c95a0eaefb43/result.json']",True,dinkelbach,0,0.0,3.398207404,empty,0,6895,0,gen_empty_plain_n20000_uniform_neg0_r2,data/generated/gen_empty_plain_n20000_uniform_neg0_r2.json,51af8f25ae0577eca6b3720851b5032cfd7a5e983e8313f7b7536e553483e37c,0,623,,20000,419046.9,623,generated,64544768,0,0.003089304,0.0,0.0,0,0,,1,f717c95a0eaefb43,3.409132688000682,optimal,3.383951281,0.0,True
0,493f6f942eca3576ac0253ad50581fbe0469e8e417d3f97011c676f7789871fd,8367509,"""instance""",0.001795866,"['taskset', '-c', '2', '<project>/build/release/pclp', 'solve', '--instance', '<project>/data/generated/gen_empty_plain_n20000_uniform_neg0_r2.json', '--config', '<project>/experiments/runs/scalability/45c5eaa765271263/resolved_config.json', '--output', '<project>/experiments/runs/scalability/45c5eaa765271263/result.json']",True,forest-tuned,0,0.0,0.59438369,empty,0,0,623,gen_empty_plain_n20000_uniform_neg0_r2,data/generated/gen_empty_plain_n20000_uniform_neg0_r2.json,51af8f25ae0577eca6b3720851b5032cfd7a5e983e8313f7b7536e553483e37c,0,623,,20000,419046.9,623,generated,64544768,0,0.002717415,0.05341703,0.0,8368132,0,,0,45c5eaa765271263,0.606863301989506,optimal,0.580077469,0.12123623,True
0,493f6f942eca3576ac0253ad50581fbe0469e8e417d3f97011c676f7789871fd,8367509,"""instance""",0.001767115,"['taskset', '-c', '2', '<project>/build/release/pclp', 'solve', '--instance', '<project>/data/generated/gen_empty_plain_n20000_uniform_neg0_r2.json', '--config', '<project>/experiments/runs/scalability/d5c8574851ddf6ad/resolved_config.json', '--output', '<project>/experiments/runs/scalability/d5c8574851ddf6ad/result.json']",True,forest-tuned,0,0.0,0.616628515,empty,0,0,623,gen_empty_plain_n20000_uniform_neg0_r2,data/generated/gen_empty_plain_n20000_uniform_neg0_r2.json,51af8f25ae0577eca6b3720851b5032cfd7a5e983e8313f7b7536e553483e37c,0,623,,20000,419046.9,623,generated,64544768,0,0.003076084,0.055852731,0.0,8368132,0,,1,d5c8574851ddf6ad,0.6291458159976173,optimal,0.601695802,0.125775053,True
0,493f6f942eca3576ac0253ad50581fbe0469e8e417d3f97011c676f7789871fd,0,"""instance""",0.00224414,"['taskset', '-c', '2', '<project>/build/release/pclp', 'solve', '--instance', '<project>/data/generated/gen_empty_plain_n20000_uniform_neg0_r2.json', '--config', '<project>/experiments/runs/scalability/c501d4a79c0e1472/resolved_config.json', '--output', '<project>/experiments/runs/scalability/c501d4a79c0e1472/result.json']",False,parametric,0,0.0,0.429556314,empty,0,1246,0,gen_empty_plain_n20000_uniform_neg0_r2,data/generated/gen_empty_plain_n20000_uniform_neg0_r2.json,51af8f25ae0577eca6b3720851b5032cfd7a5e983e8313f7b7536e553483e37c,0,623,,20000,419046.9,1246,generated,64544768,0,0.003417683,0.0,0.0,0,0,,0,c501d4a79c0e1472,0.44023739999101963,optimal,0.414064702,0.0,True
0,493f6f942eca3576ac0253ad50581fbe0469e8e417d3f97011c676f7789871fd,0,"""instance""",0.002105092,"['taskset', '-c', '2', '<project>/build/release/pclp', 'solve', '--instance', '<project>/data/generated/gen_empty_plain_n20000_uniform_neg0_r2.json', '--config', '<project>/experiments/runs/scalability/5feed5238cffe6ac/resolved_config.json', '--output', '<project>/experiments/runs/scalability/5feed5238cffe6ac/result.json']",False,parametric,0,0.0,0.45508096,empty,0,1246,0,gen_empty_plain_n20000_uniform_neg0_r2,data/generated/gen_empty_plain_n20000_uniform_neg0_r2.json,51af8f25ae0577eca6b3720851b5032cfd7a5e983e8313f7b7536e553483e37c,0,623,,20000,419046.9,1246,generated,64544768,0,0.003560277,0.0,0.0,0,0,,1,5feed5238cffe6ac,0.4669548789970577,optimal,0.43814909,0.0,True
0,493f6f942eca3576ac0253ad50581fbe0469e8e417d3f97011c676f7789871fd,0,"""instance""",0.002041,"['taskset', '-c', '2', '<project>/build/release/pclp', 'solve', '--instance', '<project>/data/generated/gen_empty_plain_n20000_uniform_neg30_r0.json', '--config', '<project>/experiments/runs/scalability/04501914cbf44955/resolved_config.json', '--output', '<project>/experiments/runs/scalability/04501914cbf44955/result.json']",False,dinkelbach,0,0.0,4.4177236,empty,0,7475,0,gen_empty_plain_n20000_uniform_neg30_r0,data/generated/gen_empty_plain_n20000_uniform_neg30_r0.json,ca964fe67d5eecf18200cae9db430c896d3d23b6172ebe830190917cabf949ac,0,623,,20000,475235.9375,624,generated,64544768,0,0.003832386,0.0,0.0,0,0,,0,04501914cbf44955,4.431280370001332,optimal,4.396639574,0.0,True
0,493f6f942eca3576ac0253ad50581fbe0469e8e417d3f97011c676f7789871fd,0,"""instance""",0.001799561,"['taskset', '-c', '2', '<project>/build/release/pclp', 'solve', '--instance', '<project>/data/generated/gen_empty_plain_n20000_uniform_neg30_r0.json', '--config', '<project>/experiments/runs/scalability/a127f07fcdd1617f/resolved_config.json', '--output', '<project>/experiments/runs/scalability/a127f07fcdd1617f/result.json']",False,dinkelbach,0,0.0,4.097167316,empty,0,7475,0,gen_empty_plain_n20000_uniform_neg30_r0,data/generated/gen_empty_plain_n20000_uniform_neg30_r0.json,ca964fe67d5eecf18200cae9db430c896d3d23b6172ebe830190917cabf949ac,0,623,,20000,475235.9375,624,generated,64544768,0,0.003315074,0.0,0.0,0,0,,1,a127f07fcdd1617f,4.1093470030027675,optimal,4.081122843,0.0,True
0,493f6f942eca3576ac0253ad50581fbe0469e8e417d3f97011c676f7789871fd,8322087,"""instance""",0.002305471,"['taskset', '-c', '2', '<project>/build/release/pclp', 'solve', '--instance', '<project>/data/generated/gen_empty_plain_n20000_uniform_neg30_r0.json', '--config', '<project>/experiments/runs/scalability/8f5713be71b047bb/resolved_config.json', '--output', '<project>/experiments/runs/scalability/8f5713be71b047bb/result.json']",False,forest-tuned,0,0.0,0.756063062,empty,0,0,624,gen_empty_plain_n20000_uniform_neg30_r0,data/generated/gen_empty_plain_n20000_uniform_neg30_r0.json,ca964fe67d5eecf18200cae9db430c896d3d23b6172ebe830190917cabf949ac,0,623,,20000,475235.9375,624,generated,64544768,0,0.003263071,0.066971032,0.0,8322711,0,,0,8f5713be71b047bb,0.7691986359859584,optimal,0.737732836,0.152852909,True
0,493f6f942eca3576ac0253ad50581fbe0469e8e417d3f97011c676f7789871fd,8322087,"""instance""",0.001914114,"['taskset', '-c', '2', '<project>/build/release/pclp', 'solve', '--instance', '<project>/data/generated/gen_empty_plain_n20000_uniform_neg30_r0.json', '--config', '<project>/experiments/runs/scalability/9b70d11e4f4210b4/resolved_config.json', '--output', '<project>/experiments/runs/scalability/9b70d11e4f4210b4/result.json']",False,forest-tuned,0,0.0,0.768508729,empty,0,0,624,gen_empty_plain_n20000_uniform_neg30_r0,data/generated/gen_empty_plain_n20000_uniform_neg30_r0.json,ca964fe67d5eecf18200cae9db430c896d3d23b6172ebe830190917cabf949ac,0,623,,20000,475235.9375,624,generated,64544768,0,0.00382873,0.067142419,0.0,8322711,0,,1,9b70d11e4f4210b4,0.7831434969994007,optimal,0.745209426,0.156058457,True
0,493f6f942eca3576ac0253ad50581fbe0469e8e417d3f97011c676f7789871fd,0,"""instance""",0.00199072,"['taskset', '-c', '2', '<project>/build/release/pclp', 'solve', '--instance', '<project>/data/generated/gen_empty_plain_n20000_uniform_neg30_r0.json', '--config', '<project>/experiments/runs/scalability/2f747f18c69d4e69/resolved_config.json', '--output', '<project>/experiments/runs/scalability/2f747f18c69d4e69/result.json']",False,parametric,0,0.0,0.377083568,empty,0,1247,0,gen_empty_plain_n20000_uniform_neg30_r0,data/generated/gen_empty_plain_n20000_uniform_neg30_r0.json,ca964fe67d5eecf18200cae9db430c896d3d23b6172ebe830190917cabf949ac,0,623,,20000,475235.9375,1246,generated,64544768,0,0.003188306,0.0,0.0,0,0,,0,2f747f18c69d4e69,0.3895228750043316,optimal,0.360202687,0.0,True
0,493f6f942eca3576ac0253ad50581fbe0469e8e417d3f97011c676f7789871fd,0,"""instance""",0.002417616,"['taskset', '-c', '2', '<project>/build/release/pclp', 'solve', '--instance', '<project>/data/generated/gen_empty_plain_n20000_uniform_neg30_r0.json', '--config', '<project>/experiments/runs/scalability/a2c80e77d052fa16/resolved_config.json', '--output', '<project>/experiments/runs/scalability/a2c80e77d052fa16/result.json']",False,parametric,0,0.0,0.456869275,empty,0,1247,0,gen_empty_plain_n20000_uniform_neg30_r0,data/generated/gen_empty_plain_n20000_uniform_neg30_r0.json,ca964fe67d5eecf18200cae9db430c896d3d23b6172ebe830190917cabf949ac,0,623,,20000,475235.9375,1246,generated,64544768,0,0.003160774,0.0,0.0,0,0,,1,a2c80e77d052fa16,0.46943965800164733,optimal,0.439213268,0.0,True
0,493f6f942eca3576ac0253ad50581fbe0469e8e417d3f97011c676f7789871fd,0,"""instance""",0.0,"['taskset', '-c', '2', '<project>/build/release/pclp', 'solve', '--instance', '<project>/data/generated/gen_empty_plain_n20000_uniform_neg30_r1.json', '--config', '<project>/experiments/runs/scalability/b90947d6bf295e77/resolved_config.json', '--output', '<project>/experiments/runs/scalability/b90947d6bf295e77/result.json']",False,dinkelbach,0,0.0,30.014258247,empty,0,0,0,gen_empty_plain_n20000_uniform_neg30_r1,data/generated/gen_empty_plain_n20000_uniform_neg30_r1.json,b7a3954aad480bf4288793f1fb9fc2c52dead38ba2e81f07bf508a8d0f1a0505,0,0,time limit reached before a maximum flow,20000,0.0,4632,generated,64708608,0,0.003290741,0.0,0.0,0,0,,0,b90947d6bf295e77,30.023081153005478,time_limit,30.00077154,0.0,False
0,493f6f942eca3576ac0253ad50581fbe0469e8e417d3f97011c676f7789871fd,,"""instance""",,,,dinkelbach,,,,empty,,,,gen_empty_plain_n20000_uniform_neg30_r1,data/generated/gen_empty_plain_n20000_uniform_neg30_r1.json,b7a3954aad480bf4288793f1fb9fc2c52dead38ba2e81f07bf508a8d0f1a0505,,,time limit reached before a maximum flow,20000,,,generated,,,,,,,,True,1,c058538d7bb04ff3,30.023081153005478,time_limit,,,False
0,493f6f942eca3576ac0253ad50581fbe0469e8e417d3f97011c676f7789871fd,134788990,"""instance""",0.0020965,"['taskset', '-c', '2', '<project>/build/release/pclp', 'solve', '--instance', '<project>/data/generated/gen_empty_plain_n20000_uniform_neg30_r1.json', '--config', '<project>/experiments/runs/scalability/61ae55941bbb6fb0/resolved_config.json', '--output', '<project>/experiments/runs/scalability/61ae55941bbb6fb0/result.json']",False,forest-tuned,0,0.0,9.008742311,empty,0,0,10380,gen_empty_plain_n20000_uniform_neg30_r1,data/generated/gen_empty_plain_n20000_uniform_neg30_r1.json,b7a3954aad480bf4288793f1fb9fc2c52dead38ba2e81f07bf508a8d0f1a0505,0,10379,,20000,59096.08986111111,10380,generated,64708608,0,0.003394907,0.816818315,0.0,134799370,0,,0,61ae55941bbb6fb0,9.028838770012953,optimal,8.987615882,1.870799826,True
0,493f6f942eca3576ac0253ad50581fbe0469e8e417d3f97011c676f7789871fd,134788990,"""instance""",0.002022907,"['taskset', '-c', '2', '<project>/build/release/pclp', 'solve', '--instance', '<project>/data/generated/gen_empty_plain_n20000_uniform_neg30_r1.json', '--config', '<project>/experiments/runs/scalability/f27d7014c8861231/resolved_config.json', '--output', '<project>/experiments/runs/scalability/f27d7014c8861231/result.json']",False,forest-tuned,0,0.0,8.351780946,empty,0,0,10380,gen_empty_plain_n20000_uniform_neg30_r1,data/generated/gen_empty_plain_n20000_uniform_neg30_r1.json,b7a3954aad480bf4288793f1fb9fc2c52dead38ba2e81f07bf508a8d0f1a0505,0,10379,,20000,59096.08986111111,10380,generated,64708608,0,0.003131391,0.760491409,0.0,134799370,0,,1,f27d7014c8861231,8.371340361001785,optimal,8.333127424,1.742254345,True
0,493f6f942eca3576ac0253ad50581fbe0469e8e417d3f97011c676f7789871fd,0,"""instance""",0.001765989,"['taskset', '-c', '2', '<project>/build/release/pclp', 'solve', '--instance', '<project>/data/generated/gen_empty_plain_n20000_uniform_neg30_r1.json', '--config', '<project>/experiments/runs/scalability/d4ab3cca5443b5d8/resolved_config.json', '--output', '<project>/experiments/runs/scalability/d4ab3cca5443b5d8/result.json']",False,parametric,0,0.0,5.122833064,empty,0,20759,0,gen_empty_plain_n20000_uniform_neg30_r1,data/generated/gen_empty_plain_n20000_uniform_neg30_r1.json,b7a3954aad480bf4288793f1fb9fc2c52dead38ba2e81f07bf508a8d0f1a0505,0,10379,,20000,59096.08986111111,20758,generated,64708608,0,0.003163628,0.0,0.0,0,0,,0,d4ab3cca5443b5d8,5.140022292995127,optimal,5.103975694,0.0,True
0,493f6f942eca3576ac0253ad50581fbe0469e8e417d3f97011c676f7789871fd,0,"""instance""",0.002729324,"['taskset', '-c', '2', '<project>/build/release/pclp', 'solve', '--instance', '<project>/data/generated/gen_empty_plain_n20000_uniform_neg30_r1.json', '--config', '<project>/experiments/runs/scalability/e5b2ce9260242f53/resolved_config.json', '--output', '<project>/experiments/runs/scalability/e5b2ce9260242f53/result.json']",False,parametric,0,0.0,6.265545089,empty,0,20759,0,gen_empty_plain_n20000_uniform_neg30_r1,data/generated/gen_empty_plain_n20000_uniform_neg30_r1.json,b7a3954aad480bf4288793f1fb9fc2c52dead38ba2e81f07bf508a8d0f1a0505,0,10379,,20000,59096.08986111111,20758,generated,64708608,0,0.003245483,0.0,0.0,0,0,,1,e5b2ce9260242f53,6.292424019993632,optimal,6.243781293,0.0,True
0,493f6f942eca3576ac0253ad50581fbe0469e8e417d3f97011c676f7789871fd,0,"""instance""",0.001530368,"['taskset', '-c', '2', '<project>/build/release/pclp', 'solve', '--instance', '<project>/data/generated/gen_empty_plain_n20000_uniform_neg30_r2.json', '--config', '<project>/experiments/runs/scalability/0ab0719f62c69e3e/resolved_config.json', '--output', '<project>/experiments/runs/scalability/0ab0719f62c69e3e/result.json']",False,dinkelbach,0,0.0,3.611320854,empty,0,7560,0,gen_empty_plain_n20000_uniform_neg30_r2,data/generated/gen_empty_plain_n20000_uniform_neg30_r2.json,3908de5e7dd4b93d4ec5db7c6b7a201a78395113fbb1feaa014bb2a64ff685a9,0,623,,20000,349707.71428571426,624,generated,64708608,0,0.003713191,0.0,0.0,0,0,,0,0ab0719f62c69e3e,3.6253246539999964,optimal,3.591662426,0.0,True
0,493f6f942eca3576ac0253ad50581fbe0469e8e417d3f97011c676f7789871fd,0,"""instance""",0.001690962,"['taskset', '-c', '2', '<project>/build/release/pclp', 'solve', '--instance', '<project>/data/generated/gen_empty_plain_n20000_uniform_neg30_r2.json', '--config', '<project>/experiments/runs/scalability/48c0927e56f0f187/resolved_config.json', '--output', '<project>/experiments/runs/scalability/48c0927e56f0f187/result.json']",False,dinkelbach,0,0.0,3.355689133,empty,0,7560,0,gen_empty_plain_n20000_uniform_neg30_r2,data/generated/gen_empty_plain_n20000_uniform_neg30_r2.json,3908de5e7dd4b93d4ec5db7c6b7a201a78395113fbb1feaa014bb2a64ff685a9,0,623,,20000,349707.71428571426,624,generated,64708608,0,0.002989455,0.0,0.0,0,0,,1,48c0927e56f0f187,3.3673691820004024,optimal,3.341945337,0.0,True
0,493f6f942eca3576ac0253ad50581fbe0469e8e417d3f97011c676f7789871fd,9613681,"""instance""",0.00218329,"['taskset', '-c', '2', '<project>/build/release/pclp', 'solve', '--instance', '<project>/data/generated/gen_empty_plain_n20000_uniform_neg30_r2.json', '--config', '<project>/experiments/runs/scalability/628b1ffb3aa8a571/resolved_config.json', '--output', '<project>/experiments/runs/scalability/628b1ffb3aa8a571/result.json']",False,forest-tuned,0,0.0,0.810949214,empty,0,0,624,gen_empty_plain_n20000_uniform_neg30_r2,data/generated/gen_empty_plain_n20000_uniform_neg30_r2.json,3908de5e7dd4b93d4ec5db7c6b7a201a78395113fbb1feaa014bb2a64ff685a9,0,623,,20000,349707.71428571426,624,generated,64708608,0,0.003550616,0.073818265,0.0,9614305,0,,0,628b1ffb3aa8a571,0.8233791819948237,optimal,0.792785963,0.166436809,True
0,493f6f942eca3576ac0253ad50581fbe0469e8e417d3f97011c676f7789871fd,9613681,"""instance""",0.002037538,"['taskset', '-c', '2', '<project>/build/release/pclp', 'solve', '--instance', '<project>/data/generated/gen_empty_plain_n20000_uniform_neg30_r2.json', '--config', '<project>/experiments/runs/scalability/14cb4f65c6fb98bd/resolved_config.json', '--output', '<project>/experiments/runs/scalability/14cb4f65c6fb98bd/result.json']",False,forest-tuned,0,0.0,0.862714193,empty,0,0,624,gen_empty_plain_n20000_uniform_neg30_r2,data/generated/gen_empty_plain_n20000_uniform_neg30_r2.json,3908de5e7dd4b93d4ec5db7c6b7a201a78395113fbb1feaa014bb2a64ff685a9,0,623,,20000,349707.71428571426,624,generated,64708608,0,0.003684791,0.078925689,0.0,9614305,0,,1,14cb4f65c6fb98bd,0.8749125619942788,optimal,0.844285218,0.177303207,True
0,493f6f942eca3576ac0253ad50581fbe0469e8e417d3f97011c676f7789871fd,0,"""instance""",0.001816174,"['taskset', '-c', '2', '<project>/build/release/pclp', 'solve', '--instance', '<project>/data/generated/gen_empty_plain_n20000_uniform_neg30_r2.json', '--config', '<project>/experiments/runs/scalability/80fc9aa6ba488182/resolved_config.json', '--output', '<project>/experiments/runs/scalability/80fc9aa6ba488182/result.json']",False,parametric,0,0.0,0.35043912,empty,0,1247,0,gen_empty_plain_n20000_uniform_neg30_r2,data/generated/gen_empty_plain_n20000_uniform_neg30_r2.json,3908de5e7dd4b93d4ec5db7c6b7a201a78395113fbb1feaa014bb2a64ff685a9,0,623,,20000,349707.71428571426,1246,generated,64708608,0,0.002816715,0.0,0.0,0,0,,0,80fc9aa6ba488182,0.36205318800057285,optimal,0.336647014,0.0,True
0,493f6f942eca3576ac0253ad50581fbe0469e8e417d3f97011c676f7789871fd,0,"""instance""",0.001807818,"['taskset', '-c', '2', '<project>/build/release/pclp', 'solve', '--instance', '<project>/data/generated/gen_empty_plain_n20000_uniform_neg30_r2.json', '--config', '<project>/experiments/runs/scalability/f8091ced1fd2b40d/resolved_config.json', '--output', '<project>/experiments/runs/scalability/f8091ced1fd2b40d/result.json']",False,parametric,0,0.0,0.36880496,empty,0,1247,0,gen_empty_plain_n20000_uniform_neg30_r2,data/generated/gen_empty_plain_n20000_uniform_neg30_r2.json,3908de5e7dd4b93d4ec5db7c6b7a201a78395113fbb1feaa014bb2a64ff685a9,0,623,,20000,349707.71428571426,1246,generated,64708608,0,0.002758696,0.0,0.0,0,0,,1,f8091ced1fd2b40d,0.3800419489998603,optimal,0.354220987,0.0,True
0,493f6f942eca3576ac0253ad50581fbe0469e8e417d3f97011c676f7789871fd,0,"""instance""",0.000217685,"['taskset', '-c', '2', '<project>/build/release/pclp', 'solve', '--instance', '<project>/data/generated/gen_empty_plain_n2000_uniform_neg0_r0.json', '--config', '<project>/experiments/runs/scalability/ea25b21725fe03fd/resolved_config.json', '--output', '<project>/experiments/runs/scalability/ea25b21725fe03fd/result.json']",True,dinkelbach,0,0.0,0.244198743,empty,0,5850,0,gen_empty_plain_n2000_uniform_neg0_r0,data/generated/gen_empty_plain_n2000_uniform_neg0_r0.json,fce8b2e16e5172c5214c49b13511265eb9eea0ea0a6f7e19955dadf04c930dc2,0,549,,2000,55219.0,549,generated,24702976,0,0.000298772,0.0,0.0,0,0,,0,ea25b21725fe03fd,0.2520179470011499,optimal,0.242584707,0.0,True
0,493f6f942eca3576ac0253ad50581fbe0469e8e417d3f97011c676f7789871fd,0,"""instance""",0.000220355,"['taskset', '-c', '2', '<project>/build/release/pclp', 'solve', '--instance', '<project>/data/generated/gen_empty_plain_n2000_uniform_neg0_r0.json', '--config', '<project>/experiments/runs/scalability/759a8747bbdff780/resolved_config.json', '--output', '<project>/experiments/runs/scalability/759a8747bbdff780/result.json']",True,dinkelbach,0,0.0,0.238066513,empty,0,5850,0,gen_empty_plain_n2000_uniform_neg0_r0,data/generated/gen_empty_plain_n2000_uniform_neg0_r0.json,fce8b2e16e5172c5214c49b13511265eb9eea0ea0a6f7e19955dadf04c930dc2,0,549,,2000,55219.0,549,generated,24702976,0,0.000298155,0.0,0.0,0,0,,1,759a8747bbdff780,0.2439873080002144,optimal,0.236484654,0.0,True
0,493f6f942eca3576ac0253ad50581fbe0469e8e417d3f97011c676f7789871fd,582422,"""instance""",0.000189635,"['taskset', '-c', '2', '<project>/build/release/pclp', 'solve', '--instance', '<project>/data/generated/gen_empty_plain_n2000_uniform_neg0_r0.json', '--config', '<project>/experiments/runs/scalability/90c56133b73070b2/resolved_config.json', '--output', '<project>/experiments/runs/scalability/90c56133b73070b2/result.json']",True,forest-tuned,0,0.0,0.04577277,empty,0,0,549,gen_empty_plain_n2000_uniform_neg0_r0,data/generated/gen_empty_plain_n2000_uniform_neg0_r0.json,fce8b2e16e5172c5214c49b13511265eb9eea0ea0a6f7e19955dadf04c930dc2,0,549,,2000,55219.0,549,generated,24702976,0,0.00029515,0.004246655,0.0,582971,0,,0,90c56133b73070b2,0.0516751800023485,optimal,0.043897668,0.009014749,True
0,493f6f942eca3576ac0253ad50581fbe0469e8e417d3f97011c676f7789871fd,582422,"""instance""",0.000192845,"['taskset', '-c', '2', '<project>/build/release/pclp', 'solve', '--instance', '<project>/data/generated/gen_empty_plain_n2000_uniform_neg0_r0.json', '--config', '<project>/experiments/runs/scalability/da8a0ce1bfff8cbc/resolved_config.json', '--output', '<project>/experiments/runs/scalability/da8a0ce1bfff8cbc/result.json']",True,forest-tuned,0,0.0,0.045458115,empty,0,0,549,gen_empty_plain_n2000_uniform_neg0_r0,data/generated/gen_empty_plain_n2000_uniform_neg0_r0.json,fce8b2e16e5172c5214c49b13511265eb9eea0ea0a6f7e19955dadf04c930dc2,0,549,,2000,55219.0,549,generated,24702976,0,0.000298936,0.004270047,0.0,582971,0,,1,da8a0ce1bfff8cbc,0.05125108499487396,optimal,0.043863508,0.00907619,True
0,493f6f942eca3576ac0253ad50581fbe0469e8e417d3f97011c676f7789871fd,0,"""instance""",0.000222169,"['taskset', '-c', '2', '<project>/build/release/pclp', 'solve', '--instance', '<project>/data/generated/gen_empty_plain_n2000_uniform_neg0_r0.json', '--config', '<project>/experiments/runs/scalability/ad95a4b4ad6c24bd/resolved_config.json', '--output', '<project>/experiments/runs/scalability/ad95a4b4ad6c24bd/result.json']",False,parametric,0,0.0,0.032647565,empty,0,1098,0,gen_empty_plain_n2000_uniform_neg0_r0,data/generated/gen_empty_plain_n2000_uniform_neg0_r0.json,fce8b2e16e5172c5214c49b13511265eb9eea0ea0a6f7e19955dadf04c930dc2,0,549,,2000,55219.0,1098,generated,24702976,0,0.000289223,0.0,0.0,0,0,,0,ad95a4b4ad6c24bd,0.03773209999781102,optimal,0.031035721,0.0,True
0,493f6f942eca3576ac0253ad50581fbe0469e8e417d3f97011c676f7789871fd,0,"""instance""",0.000229963,"['taskset', '-c', '2', '<project>/build/release/pclp', 'solve', '--instance', '<project>/data/generated/gen_empty_plain_n2000_uniform_neg0_r0.json', '--config', '<project>/experiments/runs/scalability/04683ee2ab9ece32/resolved_config.json', '--output', '<project>/experiments/runs/scalability/04683ee2ab9ece32/result.json']",False,parametric,0,0.0,0.032478308,empty,0,1098,0,gen_empty_plain_n2000_uniform_neg0_r0,data/generated/gen_empty_plain_n2000_uniform_neg0_r0.json,fce8b2e16e5172c5214c49b13511265eb9eea0ea0a6f7e19955dadf04c930dc2,0,549,,2000,55219.0,1098,generated,24702976,0,0.000299755,0.0,0.0,0,0,,1,04683ee2ab9ece32,0.037648928991984576,optimal,0.030829988,0.0,True
0,493f6f942eca3576ac0253ad50581fbe0469e8e417d3f97011c676f7789871fd,0,"""instance""",0.000209042,"['taskset', '-c', '2', '<project>/build/release/pclp', 'solve', '--instance', '<project>/data/generated/gen_empty_plain_n2000_uniform_neg0_r1.json', '--config', '<project>/experiments/runs/scalability/caccbad701b01cf8/resolved_config.json', '--output', '<project>/experiments/runs/scalability/caccbad701b01cf8/result.json']",True,dinkelbach,0,0.0,0.841509138,empty,0,23094,0,gen_empty_plain_n2000_uniform_neg0_r1,data/generated/gen_empty_plain_n2000_uniform_neg0_r1.json,a962e4a1d1f1b4822c247696ffd4402e2031c822ec8f05ba3ef67c15371c8dca,0,1884,,2000,6223.4395,1884,generated,25190400,0,0.000297226,0.0,0.0,0,0,,0,caccbad701b01cf8,0.849207777006086,optimal,0.838827372,0.0,True
0,493f6f942eca3576ac0253ad50581fbe0469e8e417d3f97011c676f7789871fd,0,"""instance""",0.00021571,"['taskset', '-c', '2', '<project>/build/release/pclp', 'solve', '--instance', '<project>/data/generated/gen_empty_plain_n2000_uniform_neg0_r1.json', '--config', '<project>/experiments/runs/scalability/2e7e296b2aaa65e6/resolved_config.json', '--output', '<project>/experiments/runs/scalability/2e7e296b2aaa65e6/result.json']",True,dinkelbach,0,0.0,0.827725707,empty,0,23094,0,gen_empty_plain_n2000_uniform_neg0_r1,data/generated/gen_empty_plain_n2000_uniform_neg0_r1.json,a962e4a1d1f1b4822c247696ffd4402e2031c822ec8f05ba3ef67c15371c8dca,0,1884,,2000,6223.4395,1884,generated,25210880,0,0.000276629,0.0,0.0,0,0,,1,2e7e296b2aaa65e6,0.8345307419949677,optimal,0.825457158,0.0,True
0,493f6f942eca3576ac0253ad50581fbe0469e8e417d3f97011c676f7789871fd,1870932,"""instance""",0.000248786,"['taskset', '-c', '2', '<project>/build/release/pclp', 'solve', '--instance', '<project>/data/generated/gen_empty_plain_n2000_uniform_neg0_r1.json', '--config', '<project>/experiments/runs/scalability/011d72ca9c27fc77/resolved_config.json', '--output', '<project>/experiments/runs/scalability/011d72ca9c27fc77/result.json']",True,forest-tuned,0,0.0,0.147670379,empty,0,0,1884,gen_empty_plain_n2000_uniform_neg0_r1,data/generated/gen_empty_plain_n2000_uniform_neg0_r1.json,a962e4a1d1f1b4822c247696ffd4402e2031c822ec8f05ba3ef67c15371c8dca,0,1884,,2000,6223.4395,1884,generated,24702976,0,0.000305361,0.014265763,0.0,1872816,0,,0,011d72ca9c27fc77,0.1554173129989067,optimal,0.145151569,0.0298699,True
0,493f6f942eca3576ac0253ad50581fbe0469e8e417d3f97011c676f7789871fd,1870932,"""instance""",0.000228173,"['taskset', '-c', '2', '<project>/build/release/pclp', 'solve', '--instance', '<project>/data/generated/gen_empty_plain_n2000_uniform_neg0_r1.json', '--config', '<project>/experiments/runs/scalability/ce41b781b4c128a2/resolved_config.json', '--output', '<project>/experiments/runs/scalability/ce41b781b4c128a2/result.json']",True,forest-tuned,0,0.0,0.142969931,empty,0,0,1884,gen_empty_plain_n2000_uniform_neg0_r1,data/generated/gen_empty_plain_n2000_uniform_neg0_r1.json,a962e4a1d1f1b4822c247696ffd4402e2031c822ec8f05ba3ef67c15371c8dca,0,1884,,2000,6223.4395,1884,generated,25014272,0,0.000299869,0.01377395,0.0,1872816,0,,1,ce41b781b4c128a2,0.14887084599467926,optimal,0.140612699,0.029223491,True
0,493f6f942eca3576ac0253ad50581fbe0469e8e417d3f97011c676f7789871fd,0,"""instance""",0.00023105,"['taskset', '-c', '2', '<project>/build/release/pclp', 'solve', '--instance', '<project>/data/generated/gen_empty_plain_n2000_uniform_neg0_r1.json', '--config', '<project>/experiments/runs/scalability/b70a042bbee41956/resolved_config.json', '--output', '<project>/experiments/runs/scalability/b70a042bbee41956/result.json']",False,parametric,0,0.0,0.094150399,empty,0,3768,0,gen_empty_plain_n2000_uniform_neg0_r1,data/generated/gen_empty_plain_n2000_uniform_neg0_r1.json,a962e4a1d1f1b4822c247696ffd4402e2031c822ec8f05ba3ef67c15371c8dca,0,1884,,2000,6223.4395,3768,generated,25251840,0,0.00028503,0.0,0.0,0,0,,0,b70a042bbee41956,0.10241732400027104,optimal,0.092083112,0.0,True
0,493f6f942eca3576ac0253ad50581fbe0469e8e417d3f97011c676f7789871fd,0,"""instance""",0.000217617,"['taskset', '-c', '2', '<project>/build/release/pclp', 'solve', '--instance', '<project>/data/generated/gen_empty_plain_n2000_uniform_neg0_r1.json', '--config', '<project>/experiments/runs/scalability/969324d20cfd042e/resolved_config.json', '--output', '<project>/experiments/runs/scalability/969324d20cfd042e/result.json']",False,parametric,0,0.0,0.095176043,empty,0,3768,0,gen_empty_plain_n2000_uniform_neg0_r1,data/generated/gen_empty_plain_n2000_uniform_neg0_r1.json,a962e4a1d1f1b4822c247696ffd4402e2031c822ec8f05ba3ef67c15371c8dca,0,1884,,2000,6223.4395,3768,generated,25251840,0,0.000305164,0.0,0.0,0,0,,1,969324d20cfd042e,0.10227076298906468,optimal,0.093131328,0.0,True
0,493f6f942eca3576ac0253ad50581fbe0469e8e417d3f97011c676f7789871fd,0,"""instance""",0.000208942,"['taskset', '-c', '2', '<project>/build/release/pclp', 'solve', '--instance', '<project>/data/generated/gen_empty_plain_n2000_uniform_neg0_r2.json', '--config', '<project>/experiments/runs/scalability/55a5df3429d82898/resolved_config.json', '--output', '<project>/experiments/runs/scalability/55a5df3429d82898/result.json']",True,dinkelbach,0,0.0,0.206688005,empty,0,5324,0,gen_empty_plain_n2000_uniform_neg0_r2,data/generated/gen_empty_plain_n2000_uniform_neg0_r2.json,ce1245a9ac3bc0c94b80cb426aaa9e7340047d8e10ea7f2a2b9961cff8a5136b,0,499,,2000,42870.75,499,generated,25251840,0,0.000284213,0.0,0.0,0,0,,0,55a5df3429d82898,0.21225044400489423,optimal,0.205150241,0.0,True
0,493f6f942eca3576ac0253ad50581fbe0469e8e417d3f97011c676f7789871fd,0,"""instance""",0.000212405,"['taskset', '-c', '2', '<project>/build/release/pclp', 'solve', '--instance', '<project>/data/generated/gen_empty_plain_n2000_uniform_neg0_r2.json', '--config', '<project>/experiments/runs/scalability/037bb9b9edccb7a7/resolved_config.json', '--output', '<project>/experiments/runs/scalability/037bb9b9edccb7a7/result.json']",True,dinkelbach,0,0.0,0.205487387,empty,0,5324,0,gen_empty_plain_n2000_uniform_neg0_r2,data/generated/gen_empty_plain_n2000_uniform_neg0_r2.json,ce1245a9ac3bc0c94b80cb426aaa9e7340047d8e10ea7f2a2b9961cff8a5136b,0,499,,2000,42870.75,499,generated,25251840,0,0.000285539,0.0,0.0,0,0,,1,037bb9b9edccb7a7,0.21098734499537386,optimal,0.203945746,0.0,True
0,493f6f942eca3576ac0253ad50581fbe0469e8e417d3f97011c676f7789871fd,665392,"""instance""",0.000200573,"['taskset', '-c', '2', '<project>/build/release/pclp', 'solve', '--instance', '<project>/data/generated/gen_empty_plain_n2000_uniform_neg0_r2.json', '--config', '<project>/experiments/runs/scalability/a1d0245a336534bb/resolved_config.json', '--output', '<project>/experiments/runs/scalability/a1d0245a336534bb/result.json']",True,forest-tuned,0,0.0,0.048178165,empty,0,0,499,gen_empty_plain_n2000_uniform_neg0_r2,data/generated/gen_empty_plain_n2000_uniform_neg0_r2.json,ce1245a9ac3bc0c94b80cb426aaa9e7340047d8e10ea7f2a2b9961cff8a5136b,0,499,,2000,42870.75,499,generated,25251840,0,0.000269678,0.004571336,0.0,665891,0,,0,a1d0245a336534bb,0.05389412000658922,optimal,0.046168541,0.009622868,True
0,493f6f942eca3576ac0253ad50581fbe0469e8e417d3f97011c676f7789871fd,665392,"""instance""",0.00020139,"['taskset', '-c', '2', '<project>/build/release/pclp', 'solve', '--instance', '<project>/data/generated/gen_empty_plain_n2000_uniform_neg0_r2.json', '--config', '<project>/experiments/runs/scalability/77dff3b7650e3657/resolved_config.json', '--output', '<project>/experiments/runs/scalability/77dff3b7650e3657/result.json']",True,forest-tuned,0,0.0,0.047697627,empty,0,0,499,gen_empty_plain_n2000_uniform_neg0_r2,data/generated/gen_empty_plain_n2000_uniform_neg0_r2.json,ce1245a9ac3bc0c94b80cb426aaa9e7340047d8e10ea7f2a2b9961cff8a5136b,0,499,,2000,42870.75,499,generated,25251840,0,0.00029385,0.004619889,0.0,665891,0,,1,77dff3b7650e3657,0.053590067007462494,optimal,0.046169658,0.009451536,True
0,493f6f942eca3576ac0253ad50581fbe0469e8e417d3f97011c676f7789871fd,0,"""instance""",0.000210921,"['taskset', '-c', '2', '<project>/build/release/pclp', 'solve', '--instance', '<project>/data/generated/gen_empty_plain_n2000_uniform_neg0_r2.json', '--config', '<project>/experiments/runs/scalability/321024c08a1c05d2/resolved_config.json', '--output', '<project>/experiments/runs/scalability/321024c08a1c05d2/result.json']",False,parametric,0,0.0,0.029878207,empty,0,998,0,gen_empty_plain_n2000_uniform_neg0_r2,data/generated/gen_empty_plain_n2000_uniform_neg0_r2.json,ce1245a9ac3bc0c94b80cb426aaa9e7340047d8e10ea7f2a2b9961cff8a5136b,0,499,,2000,42870.75,998,generated,25251840,0,0.000299103,0.0,0.0,0,0,,0,321024c08a1c05d2,0.03567338800348807,optimal,0.028278158,0.0,True
0,493f6f942eca3576ac0253ad50581fbe0469e8e417d3f97011c676f7789871fd,0,"""instance""",0.000218913,"['taskset', '-c', '2', '<project>/build/release/pclp', 'solve', '--instance', '<project>/data/generated/gen_empty_plain_n2000_uniform_neg0_r2.json', '--config', '<project>/experiments/runs/scalability/aa11e9927b172062/resolved_config.json', '--output', '<project>/experiments/runs/scalability/aa11e9927b172062/result.json']",False,parametric,0,0.0,0.029521626,empty,0,998,0,gen_empty_plain_n2000_uniform_neg0_r2,data/generated/gen_empty_plain_n2000_uniform_neg0_r2.json,ce1245a9ac3bc0c94b80cb426aaa9e7340047d8e10ea7f2a2b9961cff8a5136b,0,499,,2000,42870.75,998,generated,25251840,0,0.000303527,0.0,0.0,0,0,,1,aa11e9927b172062,0.03511756700754631,optimal,0.027929273,0.0,True
0,493f6f942eca3576ac0253ad50581fbe0469e8e417d3f97011c676f7789871fd,0,"""instance""",0.000213344,"['taskset', '-c', '2', '<project>/build/release/pclp', 'solve', '--instance', '<project>/data/generated/gen_empty_plain_n2000_uniform_neg30_r0.json', '--config', '<project>/experiments/runs/scalability/5392728c694a386d/resolved_config.json', '--output', '<project>/experiments/runs/scalability/5392728c694a386d/result.json']",False,dinkelbach,0,0.0,0.261651345,empty,0,5907,0,gen_empty_plain_n2000_uniform_neg30_r0,data/generated/gen_empty_plain_n2000_uniform_neg30_r0.json,35817d1c1aafd47a030dfa03b1ebfca0690ff6596363b8ec045a4e63a6ce7876,0,507,,2000,48078.02777777778,508,generated,25251840,0,0.000313479,0.0,0.0,0,0,,0,5392728c694a386d,0.2672198420041241,optimal,0.259976186,0.0,True
0,493f6f942eca3576ac0253ad50581fbe0469e8e417d3f97011c676f7789871fd,0,"""instance""",0.000204467,"['taskset', '-c', '2', '<project>/build/release/pclp', 'solve', '--instance', '<project>/data/generated/gen_empty_plain_n2000_uniform_neg30_r0.json', '--config', '<project>/experiments/runs/scalability/e4a31ad65fb22737/resolved_config.json', '--output', '<project>/experiments/runs/scalability/e4a31ad65fb22737/result.json']",False,dinkelbach,0,0.0,0.248760086,empty,0,5907,0,gen_empty_plain_n2000_uniform_neg30_r0,data/generated/gen_empty_plain_n2000_uniform_neg30_r0.json,35817d1c1aafd47a030dfa03b1ebfca0690ff6596363b8ec045a4e63a6ce7876,0,507,,2000,48078.02777777778,508,generated,25251840,0,0.000290271,0.0,0.0,0,0,,1,e4a31ad65fb22737,0.25437051699555013,optimal,0.247167344,0.0,True
0,493f6f942eca3576ac0253ad50581fbe0469e8e417d3f97011c676f7789871fd,672675,"""instance""",0.000197965,"['taskset', '-c', '2', '<project>/build/release/pclp', 'solve', '--instance', '<project>/data/generated/gen_empty_plain_n2000_uniform_neg30_r0.json', '--config', '<project>/experiments/runs/scalability/666f1dbfe3e02f9f/resolved_config.json', '--output', '<project>/experiments/runs/scalability/666f1dbfe3e02f9f/result.json']",False,forest-tuned,0,0.0,0.051870634,empty,0,0,508,gen_empty_plain_n2000_uniform_neg30_r0,data/generated/gen_empty_plain_n2000_uniform_neg30_r0.json,35817d1c1aafd47a030dfa03b1ebfca0690ff6596363b8ec045a4e63a6ce7876,0,507,,2000,48078.02777777778,508,generated,25251840,0,0.000303162,0.004966986,0.0,673183,0,,0,666f1dbfe3e02f9f,0.05811827600700781,optimal,0.050234098,0.010251438,True
0,493f6f942eca3576ac0253ad50581fbe0469e8e417d3f97011c676f7789871fd,672675,"""instance""",0.00021101,"['taskset', '-c', '2', '<project>/build/release/pclp', 'solve', '--instance', '<project>/data/generated/gen_empty_plain_n2000_uniform_neg30_r0.json', '--config', '<project>/experiments/runs/scalability/68a065be251bb1be/resolved_config.json', '--output', '<project>/experiments/runs/scalability/68a065be251bb1be/result.json']",False,forest-tuned,0,0.0,0.053064404,empty,0,0,508,gen_empty_plain_n2000_uniform_neg30_r0,data/generated/gen_empty_plain_n2000_uniform_neg30_r0.json,35817d1c1aafd47a030dfa03b1ebfca0690ff6596363b8ec045a4e63a6ce7876,0,507,,2000,48078.02777777778,508,generated,25251840,0,0.000291798,0.005154605,0.0,673183,0,,1,68a065be251bb1be,0.06081312199239619,optimal,0.051415797,0.010553765,True
0,493f6f942eca3576ac0253ad50581fbe0469e8e417d3f97011c676f7789871fd,0,"""instance""",0.000204764,"['taskset', '-c', '2', '<project>/build/release/pclp', 'solve', '--instance', '<project>/data/generated/gen_empty_plain_n2000_uniform_neg30_r0.json', '--config', '<project>/experiments/runs/scalability/a5d718024844ec91/resolved_config.json', '--output', '<project>/experiments/runs/scalability/a5d718024844ec91/result.json']",False,parametric,0,0.0,0.028434885,empty,0,1015,0,gen_empty_plain_n2000_uniform_neg30_r0,data/generated/gen_empty_plain_n2000_uniform_neg30_r0.json,35817d1c1aafd47a030dfa03b1ebfca0690ff6596363b8ec045a4e63a6ce7876,0,507,,2000,48078.02777777778,1014,generated,25251840,0,0.000283889,0.0,0.0,0,0,,0,a5d718024844ec91,0.03422630099521484,optimal,0.026884492,0.0,True
0,493f6f942eca3576ac0253ad50581fbe0469e8e417d3f97011c676f7789871fd,0,"""instance""",0.000198576,"['taskset', '-c', '2', '<project>/build/release/pclp', 'solve', '--instance', '<project>/data/generated/gen_empty_plain_n2000_uniform_neg30_r0.json', '--config', '<project>/experiments/runs/scalability/ef779da0f632c22d/resolved_config.json', '--output', '<project>/experiments/runs/scalability/ef779da0f632c22d/result.json']",False,parametric,0,0.0,0.028334675,empty,0,1015,0,gen_empty_plain_n2000_uniform_neg30_r0,data/generated/gen_empty_plain_n2000_uniform_neg30_r0.json,35817d1c1aafd47a030dfa03b1ebfca0690ff6596363b8ec045a4e63a6ce7876,0,507,,2000,48078.02777777778,1014,generated,25251840,0,0.000288988,0.0,0.0,0,0,,1,ef779da0f632c22d,0.03377038799226284,optimal,0.026780032,0.0,True
0,493f6f942eca3576ac0253ad50581fbe0469e8e417d3f97011c676f7789871fd,0,"""instance""",0.000184502,"['taskset', '-c', '2', '<project>/build/release/pclp', 'solve', '--instance', '<project>/data/generated/gen_empty_plain_n2000_uniform_neg30_r1.json', '--config', '<project>/experiments/runs/scalability/bc1cb1713c6b1c9b/resolved_config.json', '--output', '<project>/experiments/runs/scalability/bc1cb1713c6b1c9b/result.json']",False,dinkelbach,0,0.0,0.727767308,empty,0,18380,0,gen_empty_plain_n2000_uniform_neg30_r1,data/generated/gen_empty_plain_n2000_uniform_neg30_r1.json,bce815c51eda986721b82372ee4cb360fb837c049b12ef25633d190f898ec801,0,1354,,2000,5987.840785714286,1355,generated,25251840,0,0.00030349,0.0,0.0,0,0,,0,bc1cb1713c6b1c9b,0.7349767410050845,optimal,0.725821553,0.0,True
0,493f6f942eca3576ac0253ad50581fbe0469e8e417d3f97011c676f7789871fd,0,"""instance""",0.000178696,"['taskset', '-c', '2', '<project>/build/release/pclp', 'solve', '--instance', '<project>/data/generated/gen_empty_plain_n2000_uniform_neg30_r1.json', '--config', '<project>/experiments/runs/scalability/a635884edf3626b8/resolved_config.json', '--output', '<project>/experiments/runs/scalability/a635884edf3626b8/result.json']",False,dinkelbach,0,0.0,0.727854658,empty,0,18380,0,gen_empty_plain_n2000_uniform_neg30_r1,data/generated/gen_empty_plain_n2000_uniform_neg30_r1.json,bce815c51eda986721b82372ee4cb360fb837c049b12ef25633d190f898ec801,0,1354,,2000,5987.840785714286,1355,generated,25251840,0,0.000304382,0.0,0.0,0,0,,1,a635884edf3626b8,0.734268175001489,optimal,0.725915514,0.0,True
0,493f6f942eca3576ac0253ad50581fbe0469e8e417d3f97011c676f7789871fd,1754084,"""instance""",0.000206596,"['taskset', '-c', '2', '<project>/build/release/pclp', 'solve', '--instance', '<project>/data/generated/gen_empty_plain_n2000_uniform_neg30_r1.json', '--config', '<project>/experiments/runs/scalability/88977d8378346faf/resolved_config.json', '--output', '<project>/experiments/runs/scalability/88977d8378346faf/result.json']",False,forest-tuned,0,0.0,0.128227875,empty,0,0,1355,gen_empty_plain_n2000_uniform_neg30_r1,data/generated/gen_empty_plain_n2000_uniform_neg30_r1.json,bce815c51eda986721b82372ee4cb360fb837c049b12ef25633d190f898ec801,0,1354,,2000,5987.840785714286,1355,generated,25251840,0,0.000308553,0.012412832,0.0,1755439,0,,0,88977d8378346faf,0.13343907799571753,optimal,0.126227416,0.026145869,True
0,493f6f942eca3576ac0253ad50581fbe0469e8e417d3f97011c676f7789871fd,1754084,"""instance""",0.000195642,"['taskset', '-c', '2', '<project>/build/release/pclp', 'solve', '--instance', '<project>/data/generated/gen_empty_plain_n2000_uniform_neg30_r1.json', '--config', '<project>/experiments/runs/scalability/8c53bb5bc6c26bab/resolved_config.json', '--output', '<project>/experiments/runs/scalability/8c53bb5bc6c26bab/result.json']",False,forest-tuned,0,0.0,0.129985226,empty,0,0,1355,gen_empty_plain_n2000_uniform_neg30_r1,data/generated/gen_empty_plain_n2000_uniform_neg30_r1.json,bce815c51eda986721b82372ee4cb360fb837c049b12ef25633d190f898ec801,0,1354,,2000,5987.840785714286,1355,generated,25251840,0,0.000292415,0.01273046,0.0,1755439,0,,1,8c53bb5bc6c26bab,0.1378311700100312,optimal,0.127983412,0.026438623,True
0,493f6f942eca3576ac0253ad50581fbe0469e8e417d3f97011c676f7789871fd,0,"""instance""",0.000199539,"['taskset', '-c', '2', '<project>/build/release/pclp', 'solve', '--instance', '<project>/data/generated/gen_empty_plain_n2000_uniform_neg30_r1.json', '--config', '<project>/experiments/runs/scalability/d7647b0d5dbb5f46/resolved_config.json', '--output', '<project>/experiments/runs/scalability/d7647b0d5dbb5f46/result.json']",False,parametric,0,0.0,0.066422093,empty,0,2709,0,gen_empty_plain_n2000_uniform_neg30_r1,data/generated/gen_empty_plain_n2000_uniform_neg30_r1.json,bce815c51eda986721b82372ee4cb360fb837c049b12ef25633d190f898ec801,0,1354,,2000,5987.840785714286,2708,generated,25251840,0,0.000276977,0.0,0.0,0,0,,0,d7647b0d5dbb5f46,0.07301860199368093,optimal,0.064593877,0.0,True
0,493f6f942eca3576ac0253ad50581fbe0469e8e417d3f97011c676f7789871fd,0,"""instance""",0.000187356,"['taskset', '-c', '2', '<project>/build/release/pclp', 'solve', '--instance', '<project>/data/generated/gen_empty_plain_n2000_uniform_neg30_r1.json', '--config', '<project>/experiments/runs/scalability/ac4b040d5c2d6ba3/resolved_config.json', '--output', '<project>/experiments/runs/scalability/ac4b040d5c2d6ba3/result.json']",False,parametric,0,0.0,0.065491219,empty,0,2709,0,gen_empty_plain_n2000_uniform_neg30_r1,data/generated/gen_empty_plain_n2000_uniform_neg30_r1.json,bce815c51eda986721b82372ee4cb360fb837c049b12ef25633d190f898ec801,0,1354,,2000,5987.840785714286,2708,generated,25251840,0,0.000274001,0.0,0.0,0,0,,1,ac4b040d5c2d6ba3,0.07213333999970928,optimal,0.063628016,0.0,True
0,493f6f942eca3576ac0253ad50581fbe0469e8e417d3f97011c676f7789871fd,0,"""instance""",0.000183574,"['taskset', '-c', '2', '<project>/build/release/pclp', 'solve', '--instance', '<project>/data/generated/gen_empty_plain_n2000_uniform_neg30_r2.json', '--config', '<project>/experiments/runs/scalability/92a1fc40bb76b970/resolved_config.json', '--output', '<project>/experiments/runs/scalability/92a1fc40bb76b970/result.json']",False,dinkelbach,0,0.0,0.177939889,empty,0,4898,0,gen_empty_plain_n2000_uniform_neg30_r2,data/generated/gen_empty_plain_n2000_uniform_neg30_r2.json,20b19a123addae775c7ef25f93e39318f7390835950a425bc692f1f13643546a,0,428,,2000,35535.975,429,generated,25251840,0,0.000262137,0.0,0.0,0,0,,0,92a1fc40bb76b970,0.18391446600435302,optimal,0.176512129,0.0,True
0,493f6f942eca3576ac0253ad50581fbe0469e8e417d3f97011c676f7789871fd,0,"""instance""",0.000196308,"['taskset', '-c', '2', '<project>/build/release/pclp', 'solve', '--instance', '<project>/data/generated/gen_empty_plain_n2000_uniform_neg30_r2.json', '--config', '<project>/experiments/runs/scalability/2d97999f1aad2d05/resolved_config.json', '--output', '<project>/experiments/runs/scalability/2d97999f1aad2d05/result.json']",False,dinkelbach,0,0.0,0.177726264,empty,0,4898,0,gen_empty_plain_n2000_uniform_neg30_r2,data/generated/gen_empty_plain_n2000_uniform_neg30_r2.json,20b19a123addae775c7ef25f93e39318f7390835950a425bc692f1f13643546a,0,428,,2000,35535.975,429,generated,25251840,0,0.000286752,0.0,0.0,0,0,,1,2d97999f1aad2d05,0.18215979999513365,optimal,0.176264596,0.0,True
0,493f6f942eca3576ac0253ad50581fbe0469e8e417d3f97011c676f7789871fd,656165,"""instance""",0.000181904,"['taskset', '-c', '2', '<project>/build/release/pclp', 'solve', '--instance', '<project>/data/generated/gen_empty_plain_n2000_uniform_neg30_r2.json', '--config', '<project>/experiments/runs/scalability/9a70c0a04a5490d2/resolved_config.json', '--output', '<project>/experiments/runs/scalability/9a70c0a04a5490d2/result.json']",False,forest-tuned,0,0.0,0.044381407,empty,0,0,429,gen_empty_plain_n2000_uniform_neg30_r2,data/generated/gen_empty_plain_n2000_uniform_neg30_r2.json,20b19a123addae775c7ef25f93e39318f7390835950a425bc692f1f13643546a,0,428,,2000,35535.975,429,generated,25251840,0,0.000280035,0.004231872,0.0,656594,0,,0,9a70c0a04a5490d2,0.05193779099499807,optimal,0.042760377,0.008797967,True
0,493f6f942eca3576ac0253ad50581fbe0469e8e417d3f97011c676f7789871fd,656165,"""instance""",0.000177124,"['taskset', '-c', '2', '<project>/build/release/pclp', 'solve', '--instance', '<project>/data/generated/gen_empty_plain_n2000_uniform_neg30_r2.json', '--config', '<project>/experiments/runs/scalability/eed79033c2cbe010/resolved_config.json', '--output', '<project>/experiments/runs/scalability/eed79033c2cbe010/result.json']",False,forest-tuned,0,0.0,0.045846168,empty,0,0,429,gen_empty_plain_n2000_uniform_neg30_r2,data/generated/gen_empty_plain_n2000_uniform_neg30_r2.json,20b19a123addae775c7ef25f93e39318f7390835950a425bc692f1f13643546a,0,428,,2000,35535.975,429,generated,25251840,0,0.000278018,0.004467187,0.0,656594,0,,1,eed79033c2cbe010,0.05172667199803982,optimal,0.044353954,0.009066594,True
0,493f6f942eca3576ac0253ad50581fbe0469e8e417d3f97011c676f7789871fd,0,"""instance""",0.000198019,"['taskset', '-c', '2', '<project>/build/release/pclp', 'solve', '--instance', '<project>/data/generated/gen_empty_plain_n2000_uniform_neg30_r2.json', '--config', '<project>/experiments/runs/scalability/f5b8e7c7779bc04c/resolved_config.json', '--output', '<project>/experiments/runs/scalability/f5b8e7c7779bc04c/result.json']",False,parametric,0,0.0,0.023879333,empty,0,857,0,gen_empty_plain_n2000_uniform_neg30_r2,data/generated/gen_empty_plain_n2000_uniform_neg30_r2.json,20b19a123addae775c7ef25f93e39318f7390835950a425bc692f1f13643546a,0,428,,2000,35535.975,856,generated,25251840,0,0.000296979,0.0,0.0,0,0,,0,f5b8e7c7779bc04c,0.02820959199743811,optimal,0.022405603,0.0,True
0,493f6f942eca3576ac0253ad50581fbe0469e8e417d3f97011c676f7789871fd,0,"""instance""",0.000182587,"['taskset', '-c', '2', '<project>/build/release/pclp', 'solve', '--instance', '<project>/data/generated/gen_empty_plain_n2000_uniform_neg30_r2.json', '--config', '<project>/experiments/runs/scalability/248b1461eb106e9a/resolved_config.json', '--output', '<project>/experiments/runs/scalability/248b1461eb106e9a/result.json']",False,parametric,0,0.0,0.022932659,empty,0,857,0,gen_empty_plain_n2000_uniform_neg30_r2,data/generated/gen_empty_plain_n2000_uniform_neg30_r2.json,20b19a123addae775c7ef25f93e39318f7390835950a425bc692f1f13643546a,0,428,,2000,35535.975,856,generated,25251840,0,0.000293756,0.0,0.0,0,0,,1,248b1461eb106e9a,0.028155417006928474,optimal,0.02148214,0.0,True
0,493f6f942eca3576ac0253ad50581fbe0469e8e417d3f97011c676f7789871fd,0,"""instance""",3.7409e-05,"['taskset', '-c', '2', '<project>/build/release/pclp', 'solve', '--instance', '<project>/data/generated/gen_empty_plain_n200_uniform_neg0_r0.json', '--config', '<project>/experiments/runs/scalability/16f18d9201f9760a/resolved_config.json', '--output', '<project>/experiments/runs/scalability/16f18d9201f9760a/result.json']",True,dinkelbach,0,0.0,0.009648237,empty,0,1432,0,gen_empty_plain_n200_uniform_neg0_r0,data/generated/gen_empty_plain_n200_uniform_neg0_r0.json,bda4803b53ea9f9c95701b0f78d3827aa2092f1968e43c8c6b1bdf334a4c6b87,0,163,,200,5864.625,163,generated,23412736,0,6.3565e-05,0.0,0.0,0,0,,0,16f18d9201f9760a,0.015603503998136148,optimal,0.0091935,0.0,True
0,493f6f942eca3576ac0253ad50581fbe0469e8e417d3f97011c676f7789871fd,0,"""instance""",4.0866e-05,"['taskset', '-c', '2', '<project>/build/release/pclp', 'solve', '--instance', '<project>/data/generated/gen_empty_plain_n200_uniform_neg0_r0.json', '--config', '<project>/experiments/runs/scalability/87c6991acff841dd/resolved_config.json', '--output', '<project>/experiments/runs/scalability/87c6991acff841dd/result.json']",True,dinkelbach,0,0.0,0.00903499,empty,0,1432,0,gen_empty_plain_n200_uniform_neg0_r0,data/generated/gen_empty_plain_n200_uniform_neg0_r0.json,bda4803b53ea9f9c95701b0f78d3827aa2092f1968e43c8c6b1bdf334a4c6b87,0,163,,200,5864.625,163,generated,23412736,0,4.7281e-05,0.0,0.0,0,0,,1,87c6991acff841dd,0.014318282992462628,optimal,0.008630887,0.0,True
0,493f6f942eca3576ac0253ad50581fbe0469e8e417d3f97011c676f7789871fd,16611,"""instance""",2.7111e-05,"['taskset', '-c', '2', '<project>/build/release/pclp', 'solve', '--instance', '<project>/data/generated/gen_empty_plain_n200_uniform_neg0_r0.json', '--config', '<project>/experiments/runs/scalability/d8909dea703320b9/resolved_config.json', '--output', '<project>/experiments/runs/scalability/d8909dea703320b9/result.json']",True,forest-tuned,0,0.0,0.001829424,empty,0,0,163,gen_empty_plain_n200_uniform_neg0_r0,data/generated/gen_empty_plain_n200_uniform_neg0_r0.json,bda4803b53ea9f9c95701b0f78d3827aa2092f1968e43c8c6b1bdf334a4c6b87,0,163,,200,5864.625,163,generated,23117824,0,4.313e-05,0.000133059,0.0,16774,0,,0,d8909dea703320b9,0.005257967990473844,optimal,0.001536474,0.000268749,True
0,493f6f942eca3576ac0253ad50581fbe0469e8e417d3f97011c676f7789871fd,16611,"""instance""",4.2533e-05,"['taskset', '-c', '2', '<project>/build/release/pclp', 'solve', '--instance', '<project>/data/generated/gen_empty_plain_n200_uniform_neg0_r0.json', '--config', '<project>/experiments/runs/scalability/4e7f3de5555992c3/resolved_config.json', '--output', '<project>/experiments/runs/scalability/4e7f3de5555992c3/result.json']",True,forest-tuned,0,0.0,0.002977027,empty,0,0,163,gen_empty_plain_n200_uniform_neg0_r0,data/generated/gen_empty_plain_n200_uniform_neg0_r0.json,bda4803b53ea9f9c95701b0f78d3827aa2092f1968e43c8c6b1bdf334a4c6b87,0,163,,200,5864.625,163,generated,23248896,0,6.4285e-05,0.000244431,0.0,16774,0,,1,4e7f3de5555992c3,0.007544721011072397,optimal,0.002507888,0.000438604,True
0,493f6f942eca3576ac0253ad50581fbe0469e8e417d3f97011c676f7789871fd,0,"""instance""",2.7885e-05,"['taskset', '-c', '2', '<project>/build/release/pclp', 'solve', '--instance', '<project>/data/generated/gen_empty_plain_n200_uniform_neg0_r0.json', '--config', '<project>/experiments/runs/scalability/d1f3901e840df4a0/resolved_config.json', '--output', '<project>/experiments/runs/scalability/d1f3901e840df4a0/result.json']",False,parametric,0,0.0,0.001459051,empty,0,326,0,gen_empty_plain_n200_uniform_neg0_r0,data/generated/gen_empty_plain_n200_uniform_neg0_r0.json,bda4803b53ea9f9c95701b0f78d3827aa2092f1968e43c8c6b1bdf334a4c6b87,0,163,,200,5864.625,326,generated,23412736,0,4.6522e-05,0.0,0.0,0,0,,0,d1f3901e840df4a0,0.007444860995747149,optimal,0.001144738,0.0,True
0,493f6f942eca3576ac0253ad50581fbe0469e8e417d3f97011c676f7789871fd,0,"""instance""",2.7572e-05,"['taskset', '-c', '2', '<project>/build/release/pclp', 'solve', '--instance', '<project>/data/generated/gen_empty_plain_n200_uniform_neg0_r0.json', '--config', '<project>/experiments/runs/scalability/480a4ce95aa9b2ca/resolved_config.json', '--output', '<project>/experiments/runs/scalability/480a4ce95aa9b2ca/result.json']",False,parametric,0,0.0,0.001456248,empty,0,326,0,gen_empty_plain_n200_uniform_neg0_r0,data/generated/gen_empty_plain_n200_uniform_neg0_r0.json,bda4803b53ea9f9c95701b0f78d3827aa2092f1968e43c8c6b1bdf334a4c6b87,0,163,,200,5864.625,326,generated,23412736,0,4.6181e-05,0.0,0.0,0,0,,1,480a4ce95aa9b2ca,0.0051646040083142,optimal,0.001139365,0.0,True
0,493f6f942eca3576ac0253ad50581fbe0469e8e417d3f97011c676f7789871fd,0,"""instance""",2.8848e-05,"['taskset', '-c', '2', '<project>/build/release/pclp', 'solve', '--instance', '<project>/data/generated/gen_empty_plain_n200_uniform_neg0_r1.json', '--config', '<project>/experiments/runs/scalability/6dc4bcfea2bf0780/resolved_config.json', '--output', '<project>/experiments/runs/scalability/6dc4bcfea2bf0780/result.json']",True,dinkelbach,0,0.0,0.007386435,empty,0,1789,0,gen_empty_plain_n200_uniform_neg0_r1,data/generated/gen_empty_plain_n200_uniform_neg0_r1.json,71fcb322001696db442290c0b7dfe079a8f41615799f3aadeb64c0ff491f9ec1,0,199,,200,631.2907916666667,199,generated,23715840,0,4.8136e-05,0.0,0.0,0,0,,0,6dc4bcfea2bf0780,0.010771902001579292,optimal,0.007033958,0.0,True
0,493f6f942eca3576ac0253ad50581fbe0469e8e417d3f97011c676f7789871fd,0,"""instance""",2.8446e-05,"['taskset', '-c', '2', '<project>/build/release/pclp', 'solve', '--instance', '<project>/data/generated/gen_empty_plain_n200_uniform_neg0_r1.json', '--config', '<project>/experiments/runs/scalability/144ff33f00ea6838/resolved_config.json', '--output', '<project>/experiments/runs/scalability/144ff33f00ea6838/result.json']",True,dinkelbach,0,0.0,0.007218939,empty,0,1789,0,gen_empty_plain_n200_uniform_neg0_r1,data/generated/gen_empty_plain_n200_uniform_neg0_r1.json,71fcb322001696db442290c0b7dfe079a8f41615799f3aadeb64c0ff491f9ec1,0,199,,200,631.2907916666667,199,generated,23879680,0,4.725e-05,0.0,0.0,0,0,,1,144ff33f00ea6838,0.011153005994856358,optimal,0.00686666,0.0,True
0,493f6f942eca3576ac0253ad50581fbe0469e8e417d3f97011c676f7789871fd,19811,"""instance""",3.975e-05,"['taskset', '-c', '2', '<project>/build/release/pclp', 'solve', '--instance', '<project>/data/generated/gen_empty_plain_n200_uniform_neg0_r1.json', '--config', '<project>/experiments/runs/scalability/eeea60aa95fd4cd0/resolved_config.json', '--output', '<project>/experiments/runs/scalability/eeea60aa95fd4cd0/result.json']",True,forest-tuned,0,0.0,0.003219669,empty,0,0,199,gen_empty_plain_n200_uniform_neg0_r1,data/generated/gen_empty_plain_n200_uniform_neg0_r1.json,71fcb322001696db442290c0b7dfe079a8f41615799f3aadeb64c0ff491f9ec1,0,199,,200,631.2907916666667,199,generated,23552000,0,7.1473e-05,0.000247005,0.0,20010,0,,0,eeea60aa95fd4cd0,0.008064756999374367,optimal,0.002754358,0.000509033,True
0,493f6f942eca3576ac0253ad50581fbe0469e8e417d3f97011c676f7789871fd,19811,"""instance""",2.9035e-05,"['taskset', '-c', '2', '<project>/build/release/pclp', 'solve', '--instance', '<project>/data/generated/gen_empty_plain_n200_uniform_neg0_r1.json', '--config', '<project>/experiments/runs/scalability/dc3067d441d6bcaa/resolved_config.json', '--output', '<project>/experiments/runs/scalability/dc3067d441d6bcaa/result.json']",True,forest-tuned,0,0.0,0.002257351,empty,0,0,199,gen_empty_plain_n200_uniform_neg0_r1,data/generated/gen_empty_plain_n200_uniform_neg0_r1.json,71fcb322001696db442290c0b7dfe079a8f41615799f3aadeb64c0ff491f9ec1,0,199,,200,631.2907916666667,199,generated,23552000,0,4.5667e-05,0.000179651,0.0,20010,0,,1,dc3067d441d6bcaa,0.005211683994275518,optimal,0.001897225,0.000333525,True
0,493f6f942eca3576ac0253ad50581fbe0469e8e417d3f97011c676f7789871fd,0,"""instance""",2.7931e-05,"['taskset', '-c', '2', '<project>/build/release/pclp', 'solve', '--instance', '<project>/data/generated/gen_empty_plain_n200_uniform_neg0_r1.json', '--config', '<project>/experiments/runs/scalability/f5c24a6eb839cfc5/resolved_config.json', '--output', '<project>/experiments/runs/scalability/f5c24a6eb839cfc5/result.json']",False,parametric,0,0.0,0.001718757,empty,0,398,0,gen_empty_plain_n200_uniform_neg0_r1,data/generated/gen_empty_plain_n200_uniform_neg0_r1.json,71fcb322001696db442290c0b7dfe079a8f41615799f3aadeb64c0ff491f9ec1,0,199,,200,631.2907916666667,398,generated,23879680,0,8.4331e-05,0.0,0.0,0,0,,0,f5c24a6eb839cfc5,0.0050194009963888675,optimal,0.001366161,0.0,True
0,493f6f942eca3576ac0253ad50581fbe0469e8e417d3f97011c676f7789871fd,0,"""instance""",2.8149e-05,"['taskset', '-c', '2', '<project>/build/release/pclp', 'solve', '--instance', '<project>/data/generated/gen_empty_plain_n200_uniform_neg0_r1.json', '--config', '<project>/experiments/runs/scalability/426f8d0ede6c7660/resolved_config.json', '--output', '<project>/experiments/runs/scalability/426f8d0ede6c7660/result.json']",False,parametric,0,0.0,0.00176175,empty,0,398,0,gen_empty_plain_n200_uniform_neg0_r1,data/generated/gen_empty_plain_n200_uniform_neg0_r1.json,71fcb322001696db442290c0b7dfe079a8f41615799f3aadeb64c0ff491f9ec1,0,199,,200,631.2907916666667,398,generated,23879680,0,4.6027e-05,0.0,0.0,0,0,,1,426f8d0ede6c7660,0.005208673988818191,optimal,0.001367948,0.0,True
0,493f6f942eca3576ac0253ad50581fbe0469e8e417d3f97011c676f7789871fd,0,"""instance""",2.6036e-05,"['taskset', '-c', '2', '<project>/build/release/pclp', 'solve', '--instance', '<project>/data/generated/gen_empty_plain_n200_uniform_neg0_r2.json', '--config', '<project>/experiments/runs/scalability/2a796ce633b269ab/resolved_config.json', '--output', '<project>/experiments/runs/scalability/2a796ce633b269ab/result.json']",True,dinkelbach,0,0.0,0.00383287,empty,0,863,0,gen_empty_plain_n200_uniform_neg0_r2,data/generated/gen_empty_plain_n200_uniform_neg0_r2.json,3231fedda9c9d411c3cdc8584b286294bc069ee17e588b0d48a808abac7d5f89,0,103,,200,4188.85,103,generated,23994368,0,4.5469e-05,0.0,0.0,0,0,,0,2a796ce633b269ab,0.0073439039988443255,optimal,0.003541712,0.0,True
0,493f6f942eca3576ac0253ad50581fbe0469e8e417d3f97011c676f7789871fd,0,"""instance""",2.5504e-05,"['taskset', '-c', '2', '<project>/build/release/pclp', 'solve', '--instance', '<project>/data/generated/gen_empty_plain_n200_uniform_neg0_r2.json', '--config', '<project>/experiments/runs/scalability/2d6cba88d6fa981d/resolved_config.json', '--output', '<project>/experiments/runs/scalability/2d6cba88d6fa981d/result.json']",True,dinkelbach,0,0.0,0.003823819,empty,0,863,0,gen_empty_plain_n200_uniform_neg0_r2,data/generated/gen_empty_plain_n200_uniform_neg0_r2.json,3231fedda9c9d411c3cdc8584b286294bc069ee17e588b0d48a808abac7d5f89,0,103,,200,4188.85,103,generated,23994368,0,4.5248e-05,0.0,0.0,0,0,,1,2d6cba88d6fa981d,0.007527526002377272,optimal,0.003528432,0.0,True
0,493f6f942eca3576ac0253ad50581fbe0469e8e417d3f97011c676f7789871fd,13666,"""instance""",2.6729e-05,"['taskset', '-c', '2', '<project>/build/release/pclp', 'solve', '--instance', '<project>/data/generated/gen_empty_plain_n200_uniform_neg0_r2.json', '--config', '<project>/experiments/runs/scalability/c40c0ce6ddbe5038/resolved_config.json', '--output', '<project>/experiments/runs/scalability/c40c0ce6ddbe5038/result.json']",True,forest-tuned,0,0.0,0.001867998,empty,0,0,103,gen_empty_plain_n200_uniform_neg0_r2,data/generated/gen_empty_plain_n200_uniform_neg0_r2.json,3231fedda9c9d411c3cdc8584b286294bc069ee17e588b0d48a808abac7d5f89,0,103,,200,4188.85,103,generated,23879680,0,5.9497e-05,0.000134291,0.0,13769,0,,0,c40c0ce6ddbe5038,0.005246033004368655,optimal,0.001482046,0.00025238,True
0,493f6f942eca3576ac0253ad50581fbe0469e8e417d3f97011c676f7789871fd,13666,"""instance""",3.0328e-05,"['taskset', '-c', '2', '<project>/build/release/pclp', 'solve', '--instance', '<project>/data/generated/gen_empty_plain_n200_uniform_neg0_r2.json', '--config', '<project>/experiments/runs/scalability/6cd9a546e147a58b/resolved_config.json', '--output', '<project>/experiments/runs/scalability/6cd9a546e147a58b/result.json']",True,forest-tuned,0,0.0,0.00161616,empty,0,0,103,gen_empty_plain_n200_uniform_neg0_r2,data/generated/gen_empty_plain_n200_uniform_neg0_r2.json,3231fedda9c9d411c3cdc8584b286294bc069ee17e588b0d48a808abac7d5f89,0,103,,200,4188.85,103,generated,23994368,0,4.6914e-05,0.000115128,0.0,13769,0,,1,6cd9a546e147a58b,0.005377737004891969,optimal,0.001311133,0.000223513,True
0,493f6f942eca3576ac0253ad50581fbe0469e8e417d3f97011c676f7789871fd,0,"""instance""",2.6199e-05,"['taskset', '-c', '2', '<project>/build/release/pclp', 'solve', '--instance', '<project>/data/generated/gen_empty_plain_n200_uniform_neg0_r2.json', '--config', '<project>/experiments/runs/scalability/fb771847104cdc21/resolved_config.json', '--output', '<project>/experiments/runs/scalability/fb771847104cdc21/result.json']",False,parametric,0,0.0,0.001070096,empty,0,206,0,gen_empty_plain_n200_uniform_neg0_r2,data/generated/gen_empty_plain_n200_uniform_neg0_r2.json,3231fedda9c9d411c3cdc8584b286294bc069ee17e588b0d48a808abac7d5f89,0,103,,200,4188.85,206,generated,23994368,0,4.725e-05,0.0,0.0,0,0,,0,fb771847104cdc21,0.004570140998112038,optimal,0.000776088,0.0,True
0,493f6f942eca3576ac0253ad50581fbe0469e8e417d3f97011c676f7789871fd,0,"""instance""",2.5616e-05,"['taskset', '-c', '2', '<project>/build/release/pclp', 'solve', '--instance', '<project>/data/generated/gen_empty_plain_n200_uniform_neg0_r2.json', '--config', '<project>/experiments/runs/scalability/e56256f6ae460d67/resolved_config.json', '--output', '<project>/experiments/runs/scalability/e56256f6ae460d67/result.json']",False,parametric,0,0.0,0.001072224,empty,0,206,0,gen_empty_plain_n200_uniform_neg0_r2,data/generated/gen_empty_plain_n200_uniform_neg0_r2.json,3231fedda9c9d411c3cdc8584b286294bc069ee17e588b0d48a808abac7d5f89,0,103,,200,4188.85,206,generated,23994368,0,4.7957e-05,0.0,0.0,0,0,,1,e56256f6ae460d67,0.004538241992122494,optimal,0.000777545,0.0,True
0,493f6f942eca3576ac0253ad50581fbe0469e8e417d3f97011c676f7789871fd,0,"""instance""",2.7533e-05,"['taskset', '-c', '2', '<project>/build/release/pclp', 'solve', '--instance', '<project>/data/generated/gen_empty_plain_n200_uniform_neg30_r0.json', '--config', '<project>/experiments/runs/scalability/f3a0718112daed75/resolved_config.json', '--output', '<project>/experiments/runs/scalability/f3a0718112daed75/result.json']",False,dinkelbach,0,0.0,0.00494826,empty,0,1007,0,gen_empty_plain_n200_uniform_neg30_r0,data/generated/gen_empty_plain_n200_uniform_neg30_r0.json,906e998cb0f51643c9080a0153249f6aa3b3d96ba8b8e2f0816cf3073815f027,0,107,,200,4622.527777777777,108,generated,23994368,0,6.9173e-05,0.0,0.0,0,0,,0,f3a0718112daed75,0.012085244001355022,optimal,0.004552178,0.0,True
0,493f6f942eca3576ac0253ad50581fbe0469e8e417d3f97011c676f7789871fd,0,"""instance""",2.6914e-05,"['taskset', '-c', '2', '<project>/build/release/pclp', 'solve', '--instance', '<project>/data/generated/gen_empty_plain_n200_uniform_neg30_r0.json', '--config', '<project>/experiments/runs/scalability/921c9b4a122cc50d/resolved_config.json', '--output', '<project>/experiments/runs/scalability/921c9b4a122cc50d/result.json']",False,dinkelbach,0,0.0,0.004705037,empty,0,1007,0,gen_empty_plain_n200_uniform_neg30_r0,data/generated/gen_empty_plain_n200_uniform_neg30_r0.json,906e998cb0f51643c9080a0153249f6aa3b3d96ba8b8e2f0816cf3073815f027,0,107,,200,4622.527777777777,108,generated,23994368,0,4.8121e-05,0.0,0.0,0,0,,1,921c9b4a122cc50d,0.00859415900777094,optimal,0.004388396,0.0,True
0,493f6f942eca3576ac0253ad50581fbe0469e8e417d3f97011c676f7789871fd,14625,"""instance""",2.7749e-05,"['taskset', '-c', '2', '<project>/build/release/pclp', 'solve', '--instance', '<project>/data/generated/gen_empty_plain_n200_uniform_neg30_r0.json', '--config', '<project>/experiments/runs/scalability/b0bf8736dd0d4913/resolved_config.json', '--output', '<project>/experiments/runs/scalability/b0bf8736dd0d4913/result.json']",False,forest-tuned,0,0.0,0.001843149,empty,0,0,108,gen_empty_plain_n200_uniform_neg30_r0,data/generated/gen_empty_plain_n200_uniform_neg30_r0.json,906e998cb0f51643c9080a0153249f6aa3b3d96ba8b8e2f0816cf3073815f027,0,107,,200,4622.527777777777,108,generated,23994368,0,4.6195e-05,0.000128792,0.0,14733,0,,0,b0bf8736dd0d4913,0.005240612998022698,optimal,0.001389122,0.000242454,True
0,493f6f942eca3576ac0253ad50581fbe0469e8e417d3f97011c676f7789871fd,14625,"""instance""",2.8431e-05,"['taskset', '-c', '2', '<project>/build/release/pclp', 'solve', '--instance', '<project>/data/generated/gen_empty_plain_n200_uniform_neg30_r0.json', '--config', '<project>/experiments/runs/scalability/23ce550a642e7854/resolved_config.json', '--output', '<project>/experiments/runs/scalability/23ce550a642e7854/result.json']",False,forest-tuned,0,0.0,0.001706444,empty,0,0,108,gen_empty_plain_n200_uniform_neg30_r0,data/generated/gen_empty_plain_n200_uniform_neg30_r0.json,906e998cb0f51643c9080a0153249f6aa3b3d96ba8b8e2f0816cf3073815f027,0,107,,200,4622.527777777777,108,generated,23994368,0,4.6804e-05,0.000128903,0.0,14733,0,,1,23ce550a642e7854,0.007805840999935754,optimal,0.0014092,0.000250153,True
0,493f6f942eca3576ac0253ad50581fbe0469e8e417d3f97011c676f7789871fd,0,"""instance""",2.6101e-05,"['taskset', '-c', '2', '<project>/build/release/pclp', 'solve', '--instance', '<project>/data/generated/gen_empty_plain_n200_uniform_neg30_r0.json', '--config', '<project>/experiments/runs/scalability/121d713dec50dd3c/resolved_config.json', '--output', '<project>/experiments/runs/scalability/121d713dec50dd3c/result.json']",False,parametric,0,0.0,0.001129412,empty,0,215,0,gen_empty_plain_n200_uniform_neg30_r0,data/generated/gen_empty_plain_n200_uniform_neg30_r0.json,906e998cb0f51643c9080a0153249f6aa3b3d96ba8b8e2f0816cf3073815f027,0,107,,200,4622.527777777777,214,generated,24035328,0,4.7129e-05,0.0,0.0,0,0,,0,121d713dec50dd3c,0.0071991669974522665,optimal,0.000823922,0.0,True
0,493f6f942eca3576ac0253ad50581fbe0469e8e417d3f97011c676f7789871fd,0,"""instance""",2.5679e-05,"['taskset', '-c', '2', '<project>/build/release/pclp', 'solve', '--instance', '<project>/data/generated/gen_empty_plain_n200_uniform_neg30_r0.json', '--config', '<project>/experiments/runs/scalability/8ad1f09226e879ff/resolved_config.json', '--output', '<project>/experiments/runs/scalability/8ad1f09226e879ff/result.json']",False,parametric,0,0.0,0.001136021,empty,0,215,0,gen_empty_plain_n200_uniform_neg30_r0,data/generated/gen_empty_plain_n200_uniform_neg30_r0.json,906e998cb0f51643c9080a0153249f6aa3b3d96ba8b8e2f0816cf3073815f027,0,107,,200,4622.527777777777,214,generated,24035328,0,4.8023e-05,0.0,0.0,0,0,,1,8ad1f09226e879ff,0.005655304994434118,optimal,0.000835696,0.0,True
0,493f6f942eca3576ac0253ad50581fbe0469e8e417d3f97011c676f7789871fd,0,"""instance""",3.7579e-05,"['taskset', '-c', '2', '<project>/build/release/pclp', 'solve', '--instance', '<project>/data/generated/gen_empty_plain_n200_uniform_neg30_r1.json', '--config', '<project>/experiments/runs/scalability/7b5b8260767791ff/resolved_config.json', '--output', '<project>/experiments/runs/scalability/7b5b8260767791ff/result.json']",False,dinkelbach,0,0.0,0.010690474,empty,0,1405,0,gen_empty_plain_n200_uniform_neg30_r1,data/generated/gen_empty_plain_n200_uniform_neg30_r1.json,5acfa8ce1a15d01ab632c60df20a22f78daedfe5ede75df0e5b0c5b11af5133c,0,133,,200,579.62985,134,generated,24199168,0,6.9639e-05,0.0,0.0,0,0,,0,7b5b8260767791ff,0.015960081000230275,optimal,0.010162555,0.0,True
0,493f6f942eca3576ac0253ad50581fbe0469e8e417d3f97011c676f7789871fd,0,"""instance""",2.5366e-05,"['taskset', '-c', '2', '<project>/build/release/pclp', 'solve', '--instance', '<project>/data/generated/gen_empty_plain_n200_uniform_neg30_r1.json', '--config', '<project>/experiments/runs/scalability/952ff41cd255f49c/resolved_config.json', '--output', '<project>/experiments/runs/scalability/952ff41cd255f49c/result.json']",False,dinkelbach,0,0.0,0.006332502,empty,0,1405,0,gen_empty_plain_n200_uniform_neg30_r1,data/generated/gen_empty_plain_n200_uniform_neg30_r1.json,5acfa8ce1a15d01ab632c60df20a22f78daedfe5ede75df0e5b0c5b11af5133c,0,133,,200,579.62985,134,generated,24199168,0,4.7379e-05,0.0,0.0,0,0,,1,952ff41cd255f49c,0.009985345997847617,optimal,0.005998776,0.0,True
0,493f6f942eca3576ac0253ad50581fbe0469e8e417d3f97011c676f7789871fd,17632,"""instance""",3.9009e-05,"['taskset', '-c', '2', '<project>/build/release/pclp', 'solve', '--instance', '<project>/data/generated/gen_empty_plain_n200_uniform_neg30_r1.json', '--config', '<project>/experiments/runs/scalability/b8c97f159ea1360c/resolved_config.json', '--output', '<project>/experiments/runs/scalability/b8c97f159ea1360c/result.json']",False,forest-tuned,0,0.0,0.003603295,empty,0,0,134,gen_empty_plain_n200_uniform_neg30_r1,data/generated/gen_empty_plain_n200_uniform_neg30_r1.json,5acfa8ce1a15d01ab632c60df20a22f78daedfe5ede75df0e5b0c5b11af5133c,0,133,,200,579.62985,134,generated,24035328,0,6.9815e-05,0.000273205,0.0,17766,0,,0,b8c97f159ea1360c,0.007505180998123251,optimal,0.002936567,0.000561351,True
0,493f6f942eca3576ac0253ad50581fbe0469e8e417d3f97011c676f7789871fd,17632,"""instance""",3.9928e-05,"['taskset', '-c', '2', '<project>/build/release/pclp', 'solve', '--instance', '<project>/data/generated/gen_empty_plain_n200_uniform_neg30_r1.json', '--config', '<project>/experiments/runs/scalability/7646cf609db99db0/resolved_config.json', '--output', '<project>/experiments/runs/scalability/7646cf609db99db0/result.json']",False,forest-tuned,0,0.0,0.003545672,empty,0,0,134,gen_empty_plain_n200_uniform_neg30_r1,data/generated/gen_empty_plain_n200_uniform_neg30_r1.json,5acfa8ce1a15d01ab632c60df20a22f78daedfe5ede75df0e5b0c5b11af5133c,0,133,,200,579.62985,134,generated,24199168,0,6.9671e-05,0.000281217,0.0,17766,0,,1,7646cf609db99db0,0.007965889002662152,optimal,0.003012554,0.000571334,True
0,493f6f942eca3576ac0253ad50581fbe0469e8e417d3f97011c676f7789871fd,0,"""instance""",2.5247e-05,"['taskset', '-c', '2', '<project>/build/release/pclp', 'solve', '--instance', '<project>/data/generated/gen_empty_plain_n200_uniform_neg30_r1.json', '--config', '<project>/experiments/runs/scalability/4b06b67d6e8627ea/resolved_config.json', '--output', '<project>/experiments/runs/scalability/4b06b67d6e8627ea/result.json']",False,parametric,0,0.0,0.001326622,empty,0,267,0,gen_empty_plain_n200_uniform_neg30_r1,data/generated/gen_empty_plain_n200_uniform_neg30_r1.json,5acfa8ce1a15d01ab632c60df20a22f78daedfe5ede75df0e5b0c5b11af5133c,0,133,,200,579.62985,266,generated,24199168,0,4.82e-05,0.0,0.0,0,0,,0,4b06b67d6e8627ea,0.004714999013231136,optimal,0.000961235,0.0,True
0,493f6f942eca3576ac0253ad50581fbe0469e8e417d3f97011c676f7789871fd,0,"""instance""",2.5332e-05,"['taskset', '-c', '2', '<project>/build/release/pclp', 'solve', '--instance', '<project>/data/generated/gen_empty_plain_n200_uniform_neg30_r1.json', '--config', '<project>/experiments/runs/scalability/8b95eb358861bf2e/resolved_config.json', '--output', '<project>/experiments/runs/scalability/8b95eb358861bf2e/result.json']",False,parametric,0,0.0,0.001291296,empty,0,267,0,gen_empty_plain_n200_uniform_neg30_r1,data/generated/gen_empty_plain_n200_uniform_neg30_r1.json,5acfa8ce1a15d01ab632c60df20a22f78daedfe5ede75df0e5b0c5b11af5133c,0,133,,200,579.62985,266,generated,24199168,0,4.7485e-05,0.0,0.0,0,0,,1,8b95eb358861bf2e,0.0046320890105562285,optimal,0.000968032,0.0,True
0,493f6f942eca3576ac0253ad50581fbe0469e8e417d3f97011c676f7789871fd,0,"""instance""",2.5215e-05,"['taskset', '-c', '2', '<project>/build/release/pclp', 'solve', '--instance', '<project>/data/generated/gen_empty_plain_n200_uniform_neg30_r2.json', '--config', '<project>/experiments/runs/scalability/f384c016baa415ca/resolved_config.json', '--output', '<project>/experiments/runs/scalability/f384c016baa415ca/result.json']",False,dinkelbach,0,0.0,0.003424483,empty,0,717,0,gen_empty_plain_n200_uniform_neg30_r2,data/generated/gen_empty_plain_n200_uniform_neg30_r2.json,cae070ab253641944f51a27c311d814524f38337dfb726ef8f04adb3b0985bae,0,80,,200,3196.5,81,generated,24199168,0,4.741e-05,0.0,0.0,0,0,,0,f384c016baa415ca,0.007388133992208168,optimal,0.003131878,0.0,True
0,493f6f942eca3576ac0253ad50581fbe0469e8e417d3f97011c676f7789871fd,0,"""instance""",2.4341e-05,"['taskset', '-c', '2', '<project>/build/release/pclp', 'solve', '--instance', '<project>/data/generated/gen_empty_plain_n200_uniform_neg30_r2.json', '--config', '<project>/experiments/runs/scalability/8ba81ce060055859/resolved_config.json', '--output', '<project>/experiments/runs/scalability/8ba81ce060055859/result.json']",False,dinkelbach,0,0.0,0.00331543,empty,0,717,0,gen_empty_plain_n200_uniform_neg30_r2,data/generated/gen_empty_plain_n200_uniform_neg30_r2.json,cae070ab253641944f51a27c311d814524f38337dfb726ef8f04adb3b0985bae,0,80,,200,3196.5,81,generated,24199168,0,4.5041e-05,0.0,0.0,0,0,,1,8ba81ce060055859,0.00712209299672395,optimal,0.003036721,0.0,True
0,493f6f942eca3576ac0253ad50581fbe0469e8e417d3f97011c676f7789871fd,11763,"""instance""",2.5608e-05,"['taskset', '-c', '2', '<project>/build/release/pclp', 'solve', '--instance', '<project>/data/generated/gen_empty_plain_n200_uniform_neg30_r2.json', '--config', '<project>/experiments/runs/scalability/85e032045b7b90c5/resolved_config.json', '--output', '<project>/experiments/runs/scalability/85e032045b7b90c5/result.json']",False,forest-tuned,0,0.0,0.001605727,empty,0,0,81,gen_empty_plain_n200_uniform_neg30_r2,data/generated/gen_empty_plain_n200_uniform_neg30_r2.json,cae070ab253641944f51a27c311d814524f38337dfb726ef8f04adb3b0985bae,0,80,,200,3196.5,81,generated,24199168,0,4.727e-05,0.000106043,0.0,11844,0,,0,85e032045b7b90c5,0.005210080009419471,optimal,0.001156881,0.00019715,True
0,493f6f942eca3576ac0253ad50581fbe0469e8e417d3f97011c676f7789871fd,11763,"""instance""",2.8411e-05,"['taskset', '-c', '2', '<project>/build/release/pclp', 'solve', '--instance', '<project>/data/generated/gen_empty_plain_n200_uniform_neg30_r2.json', '--config', '<project>/experiments/runs/scalability/f48cd122d1137c90/resolved_config.json', '--output', '<project>/experiments/runs/scalability/f48cd122d1137c90/result.json']",False,forest-tuned,0,0.0,0.001477314,empty,0,0,81,gen_empty_plain_n200_uniform_neg30_r2,data/generated/gen_empty_plain_n200_uniform_neg30_r2.json,cae070ab253641944f51a27c311d814524f38337dfb726ef8f04adb3b0985bae,0,80,,200,3196.5,81,generated,24199168,0,4.6569e-05,0.000103774,0.0,11844,0,,1,f48cd122d1137c90,0.005126388990902342,optimal,0.001155194,0.00019619,True
0,493f6f942eca3576ac0253ad50581fbe0469e8e417d3f97011c676f7789871fd,0,"""instance""",2.3934e-05,"['taskset', '-c', '2', '<project>/build/release/pclp', 'solve', '--instance', '<project>/data/generated/gen_empty_plain_n200_uniform_neg30_r2.json', '--config', '<project>/experiments/runs/scalability/ce9de66a7157776a/resolved_config.json', '--output', '<project>/experiments/runs/scalability/ce9de66a7157776a/result.json']",False,parametric,0,0.0,0.000913013,empty,0,161,0,gen_empty_plain_n200_uniform_neg30_r2,data/generated/gen_empty_plain_n200_uniform_neg30_r2.json,cae070ab253641944f51a27c311d814524f38337dfb726ef8f04adb3b0985bae,0,80,,200,3196.5,160,generated,24199168,0,4.4791e-05,0.0,0.0,0,0,,0,ce9de66a7157776a,0.007016086994553916,optimal,0.000632231,0.0,True
0,493f6f942eca3576ac0253ad50581fbe0469e8e417d3f97011c676f7789871fd,0,"""instance""",3.3428e-05,"['taskset', '-c', '2', '<project>/build/release/pclp', 'solve', '--instance', '<project>/data/generated/gen_empty_plain_n200_uniform_neg30_r2.json', '--config', '<project>/experiments/runs/scalability/9d46b85ea1828b4b/resolved_config.json', '--output', '<project>/experiments/runs/scalability/9d46b85ea1828b4b/result.json']",False,parametric,0,0.0,0.001189555,empty,0,161,0,gen_empty_plain_n200_uniform_neg30_r2,data/generated/gen_empty_plain_n200_uniform_neg30_r2.json,cae070ab253641944f51a27c311d814524f38337dfb726ef8f04adb3b0985bae,0,80,,200,3196.5,160,generated,24199168,0,6.2964e-05,0.0,0.0,0,0,,1,9d46b85ea1828b4b,0.006150379005703144,optimal,0.000894278,0.0,True
4997,493f6f942eca3576ac0253ad50581fbe0469e8e417d3f97011c676f7789871fd,0,"""instance""",0.000305943,"['taskset', '-c', '2', '<project>/build/release/pclp', 'solve', '--instance', '<project>/data/generated/gen_layered_levels20-density0.02-skip0.005_n2000_dispersed_neg30_r0.json', '--config', '<project>/experiments/runs/scalability/0b7b534ac86bbd82/resolved_config.json', '--output', '<project>/experiments/runs/scalability/0b7b534ac86bbd82/result.json']",False,dinkelbach,0,0.0,2.334113728,layered,1245166,2370,0,gen_layered_levels20-density0.02-skip0.005_n2000_dispersed_neg30_r0,data/generated/gen_layered_levels20-density0.02-skip0.005_n2000_dispersed_neg30_r0.json,be895cfea9ee5376c7328764fdd826e8ff66f3d2fe59fb7cbefce1bc0378b8b5,0,232,,2000,23259.085117102593,233,generated,25251840,0,0.000590418,0.0,0.0,0,0,,0,0b7b534ac86bbd82,2.3405961639946327,optimal,2.32978494,0.0,True
4997,493f6f942eca3576ac0253ad50581fbe0469e8e417d3f97011c676f7789871fd,0,"""instance""",0.000310122,"['taskset', '-c', '2', '<project>/build/release/pclp', 'solve', '--instance', '<project>/data/generated/gen_layered_levels20-density0.02-skip0.005_n2000_dispersed_neg30_r0.json', '--config', '<project>/experiments/runs/scalability/04231e323294d843/resolved_config.json', '--output', '<project>/experiments/runs/scalability/04231e323294d843/result.json']",False,dinkelbach,0,0.0,2.302583431,layered,1245166,2370,0,gen_layered_levels20-density0.02-skip0.005_n2000_dispersed_neg30_r0,data/generated/gen_layered_levels20-density0.02-skip0.005_n2000_dispersed_neg30_r0.json,be895cfea9ee5376c7328764fdd826e8ff66f3d2fe59fb7cbefce1bc0378b8b5,0,232,,2000,23259.085117102593,233,generated,25251840,0,0.000595132,0.0,0.0,0,0,,1,04231e323294d843,2.3086078589985846,optimal,2.298377335,0.0,True
4997,493f6f942eca3576ac0253ad50581fbe0469e8e417d3f97011c676f7789871fd,38770897,"""instance""",0.000315153,"['taskset', '-c', '2', '<project>/build/release/pclp', 'solve', '--instance', '<project>/data/generated/gen_layered_levels20-density0.02-skip0.005_n2000_dispersed_neg30_r0.json', '--config', '<project>/experiments/runs/scalability/3820dffb60863bd4/resolved_config.json', '--output', '<project>/experiments/runs/scalability/3820dffb60863bd4/result.json']",False,forest-tuned,347870,0.788339371,6.083326697,layered,0,0,1593,gen_layered_levels20-density0.02-skip0.005_n2000_dispersed_neg30_r0,data/generated/gen_layered_levels20-density0.02-skip0.005_n2000_dispersed_neg30_r0.json,be895cfea9ee5376c7328764fdd826e8ff66f3d2fe59fb7cbefce1bc0378b8b5,346845,232,,2000,23259.085117102593,233,generated,25251840,348205,0.000610995,0.454823092,0.660038458,102408576,0,,0,3820dffb60863bd4,6.090886486999807,optimal,6.079064565,3.771018944,True
4997,493f6f942eca3576ac0253ad50581fbe0469e8e417d3f97011c676f7789871fd,38770897,"""instance""",0.000319626,"['taskset', '-c', '2', '<project>/build/release/pclp', 'solve', '--instance', '<project>/data/generated/gen_layered_levels20-density0.02-skip0.005_n2000_dispersed_neg30_r0.json', '--config', '<project>/experiments/runs/scalability/a0fdd7312e9621a1/resolved_config.json', '--output', '<project>/experiments/runs/scalability/a0fdd7312e9621a1/result.json']",False,forest-tuned,347870,0.916045555,6.646627064,layered,0,0,1593,gen_layered_levels20-density0.02-skip0.005_n2000_dispersed_neg30_r0,data/generated/gen_layered_levels20-density0.02-skip0.005_n2000_dispersed_neg30_r0.json,be895cfea9ee5376c7328764fdd826e8ff66f3d2fe59fb7cbefce1bc0378b8b5,346845,232,,2000,23259.085117102593,233,generated,25251840,348205,0.0005912,0.511654931,0.772877799,102408576,0,,1,a0fdd7312e9621a1,6.6542594990023645,optimal,6.642182889,4.008763425,True
4997,493f6f942eca3576ac0253ad50581fbe0469e8e417d3f97011c676f7789871fd,0,"""instance""",0.000314281,"['taskset', '-c', '2', '<project>/build/release/pclp', 'solve', '--instance', '<project>/data/generated/gen_layered_levels20-density0.02-skip0.005_n2000_dispersed_neg30_r0.json', '--config', '<project>/experiments/runs/scalability/48bf3fb6d112e57e/resolved_config.json', '--output', '<project>/experiments/runs/scalability/48bf3fb6d112e57e/result.json']",False,parametric,0,0.0,0.057498047,layered,12175,465,0,gen_layered_levels20-density0.02-skip0.005_n2000_dispersed_neg30_r0,data/generated/gen_layered_levels20-density0.02-skip0.005_n2000_dispersed_neg30_r0.json,be895cfea9ee5376c7328764fdd826e8ff66f3d2fe59fb7cbefce1bc0378b8b5,0,232,,2000,23259.085117102593,464,generated,25251840,0,0.000547076,0.0,0.0,0,0,,0,48bf3fb6d112e57e,0.06407218099047896,optimal,0.05338283,0.0,True
4997,493f6f942eca3576ac0253ad50581fbe0469e8e417d3f97011c676f7789871fd,0,"""instance""",0.000305119,"['taskset', '-c', '2', '<project>/build/release/pclp', 'solve', '--instance', '<project>/data/generated/gen_layered_levels20-density0.02-skip0.005_n2000_dispersed_neg30_r0.json', '--config', '<project>/experiments/runs/scalability/39d5da8b314ec9ff/resolved_config.json', '--output', '<project>/experiments/runs/scalability/39d5da8b314ec9ff/result.json']",False,parametric,0,0.0,0.058368121,layered,12175,465,0,gen_layered_levels20-density0.02-skip0.005_n2000_dispersed_neg30_r0,data/generated/gen_layered_levels20-density0.02-skip0.005_n2000_dispersed_neg30_r0.json,be895cfea9ee5376c7328764fdd826e8ff66f3d2fe59fb7cbefce1bc0378b8b5,0,232,,2000,23259.085117102593,464,generated,25251840,0,0.000606903,0.0,0.0,0,0,,1,39d5da8b314ec9ff,0.06482996999693569,optimal,0.053974984,0.0,True
4892,493f6f942eca3576ac0253ad50581fbe0469e8e417d3f97011c676f7789871fd,0,"""instance""",0.000305037,"['taskset', '-c', '2', '<project>/build/release/pclp', 'solve', '--instance', '<project>/data/generated/gen_layered_levels20-density0.02-skip0.005_n2000_dispersed_neg30_r1.json', '--config', '<project>/experiments/runs/scalability/7f665a96127618ad/resolved_config.json', '--output', '<project>/experiments/runs/scalability/7f665a96127618ad/result.json']",False,dinkelbach,0,0.0,2.551772488,layered,1449876,2546,0,gen_layered_levels20-density0.02-skip0.005_n2000_dispersed_neg30_r1,data/generated/gen_layered_levels20-density0.02-skip0.005_n2000_dispersed_neg30_r1.json,db8a288d794db5ce050e308adcd57bdf87fd684ac97f8e72304f32de0dc23656,0,244,,2000,324415.9961589882,245,generated,25378816,0,0.000645313,0.0,0.0,0,0,,0,7f665a96127618ad,2.557751162996283,optimal,2.547202591,0.0,True
4892,493f6f942eca3576ac0253ad50581fbe0469e8e417d3f97011c676f7789871fd,0,"""instance""",0.000303476,"['taskset', '-c', '2', '<project>/build/release/pclp', 'solve', '--instance', '<project>/data/generated/gen_layered_levels20-density0.02-skip0.005_n2000_dispersed_neg30_r1.json', '--config', '<project>/experiments/runs/scalability/93e795721d03230f/resolved_config.json', '--output', '<project>/experiments/runs/scalability/93e795721d03230f/result.json']",False,dinkelbach,0,0.0,2.601548928,layered,1449876,2546,0,gen_layered_levels20-density0.02-skip0.005_n2000_dispersed_neg30_r1,data/generated/gen_layered_levels20-density0.02-skip0.005_n2000_dispersed_neg30_r1.json,db8a288d794db5ce050e308adcd57bdf87fd684ac97f8e72304f32de0dc23656,0,244,,2000,324415.9961589882,245,generated,25378816,0,0.000628611,0.0,0.0,0,0,,1,93e795721d03230f,2.6088063700008206,optimal,2.596862403,0.0,True
4892,493f6f942eca3576ac0253ad50581fbe0469e8e417d3f97011c676f7789871fd,44464785,"""instance""",0.00030208,"['taskset', '-c', '2', '<project>/build/release/pclp', 'solve', '--instance', '<project>/data/generated/gen_layered_levels20-density0.02-skip0.005_n2000_dispersed_neg30_r1.json', '--config', '<project>/experiments/runs/scalability/ae648e4516cb7f7c/resolved_config.json', '--output', '<project>/experiments/runs/scalability/ae648e4516cb7f7c/result.json']",False,forest-tuned,389149,0.903509875,7.235762397,layered,0,0,1766,gen_layered_levels20-density0.02-skip0.005_n2000_dispersed_neg30_r1,data/generated/gen_layered_levels20-density0.02-skip0.005_n2000_dispersed_neg30_r1.json,db8a288d794db5ce050e308adcd57bdf87fd684ac97f8e72304f32de0dc23656,388041,244,,2000,324415.9961589882,245,generated,25378816,389562,0.000648284,0.50799732,0.731665785,125355651,0,,0,ae648e4516cb7f7c,7.244176378007978,optimal,7.231070411,4.627868392,True
4892,493f6f942eca3576ac0253ad50581fbe0469e8e417d3f97011c676f7789871fd,44464785,"""instance""",0.000308151,"['taskset', '-c', '2', '<project>/build/release/pclp', 'solve', '--instance', '<project>/data/generated/gen_layered_levels20-density0.02-skip0.005_n2000_dispersed_neg30_r1.json', '--config', '<project>/experiments/runs/scalability/b0aa75906e946b0a/resolved_config.json', '--output', '<project>/experiments/runs/scalability/b0aa75906e946b0a/result.json']",False,forest-tuned,389149,0.949868735,7.420635345,layered,0,0,1766,gen_layered_levels20-density0.02-skip0.005_n2000_dispersed_neg30_r1,data/generated/gen_layered_levels20-density0.02-skip0.005_n2000_dispersed_neg30_r1.json,db8a288d794db5ce050e308adcd57bdf87fd684ac97f8e72304f32de0dc23656,388041,244,,2000,324415.9961589882,245,generated,25378816,389562,0.000723149,0.51357108,0.764058521,125355651,0,,1,b0aa75906e946b0a,7.427968304997194,optimal,7.415838541,4.718434841,True
4892,493f6f942eca3576ac0253ad50581fbe0469e8e417d3f97011c676f7789871fd,0,"""instance""",0.000299679,"['taskset', '-c', '2', '<project>/build/release/pclp', 'solve', '--instance', '<project>/data/generated/gen_layered_levels20-density0.02-skip0.005_n2000_dispersed_neg30_r1.json', '--config', '<project>/experiments/runs/scalability/07629c72c56322e5/resolved_config.json', '--output', '<project>/experiments/runs/scalability/07629c72c56322e5/result.json']",False,parametric,0,0.0,0.062790913,layered,11729,489,0,gen_layered_levels20-density0.02-skip0.005_n2000_dispersed_neg30_r1,data/generated/gen_layered_levels20-density0.02-skip0.005_n2000_dispersed_neg30_r1.json,db8a288d794db5ce050e308adcd57bdf87fd684ac97f8e72304f32de0dc23656,0,244,,2000,324415.9961589882,488,generated,25440256,0,0.000653817,0.0,0.0,0,0,,0,07629c72c56322e5,0.06833184699644335,optimal,0.057945914,0.0,True
4892,493f6f942eca3576ac0253ad50581fbe0469e8e417d3f97011c676f7789871fd,0,"""instance""",0.00030614,"['taskset', '-c', '2', '<project>/build/release/pclp', 'solve', '--instance', '<project>/data/generated/gen_layered_levels20-density0.02-skip0.005_n2000_dispersed_neg30_r1.json', '--config', '<project>/experiments/runs/scalability/9e652d829d4d5f4f/resolved_config.json', '--output', '<project>/experiments/runs/scalability/9e652d829d4d5f4f/result.json']",False,parametric,0,0.0,0.061491509,layered,11729,489,0,gen_layered_levels20-density0.02-skip0.005_n2000_dispersed_neg30_r1,data/generated/gen_layered_levels20-density0.02-skip0.005_n2000_dispersed_neg30_r1.json,db8a288d794db5ce050e308adcd57bdf87fd684ac97f8e72304f32de0dc23656,0,244,,2000,324415.9961589882,488,generated,25440256,0,0.000631518,0.0,0.0,0,0,,1,9e652d829d4d5f4f,0.06811698900128249,optimal,0.056952982,0.0,True
4804,493f6f942eca3576ac0253ad50581fbe0469e8e417d3f97011c676f7789871fd,0,"""instance""",0.000322334,"['taskset', '-c', '2', '<project>/build/release/pclp', 'solve', '--instance', '<project>/data/generated/gen_layered_levels20-density0.02-skip0.005_n2000_dispersed_neg30_r2.json', '--config', '<project>/experiments/runs/scalability/7b7033d93acc2846/resolved_config.json', '--output', '<project>/experiments/runs/scalability/7b7033d93acc2846/result.json']",False,dinkelbach,0,0.0,1.82127836,layered,1173109,1696,0,gen_layered_levels20-density0.02-skip0.005_n2000_dispersed_neg30_r2,data/generated/gen_layered_levels20-density0.02-skip0.005_n2000_dispersed_neg30_r2.json,cbd40cb9e4261cabaeb23c52f4da2adfae89d28e5b0f7b8fc9bf71fe90fb3b00,0,170,,2000,14175.711982856385,171,generated,25440256,0,0.00063089,0.0,0.0,0,0,,0,7b7033d93acc2846,1.8288646290020552,optimal,1.816879062,0.0,True
4804,493f6f942eca3576ac0253ad50581fbe0469e8e417d3f97011c676f7789871fd,0,"""instance""",0.000316033,"['taskset', '-c', '2', '<project>/build/release/pclp', 'solve', '--instance', '<project>/data/generated/gen_layered_levels20-density0.02-skip0.005_n2000_dispersed_neg30_r2.json', '--config', '<project>/experiments/runs/scalability/c9f4e3438041dfa5/resolved_config.json', '--output', '<project>/experiments/runs/scalability/c9f4e3438041dfa5/result.json']",False,dinkelbach,0,0.0,1.822208705,layered,1173109,1696,0,gen_layered_levels20-density0.02-skip0.005_n2000_dispersed_neg30_r2,data/generated/gen_layered_levels20-density0.02-skip0.005_n2000_dispersed_neg30_r2.json,cbd40cb9e4261cabaeb23c52f4da2adfae89d28e5b0f7b8fc9bf71fe90fb3b00,0,170,,2000,14175.711982856385,171,generated,25440256,0,0.000686798,0.0,0.0,0,0,,1,c9f4e3438041dfa5,1.8299832610064186,optimal,1.817712025,0.0,True
4804,493f6f942eca3576ac0253ad50581fbe0469e8e417d3f97011c676f7789871fd,33724350,"""instance""",0.000294222,"['taskset', '-c', '2', '<project>/build/release/pclp', 'solve', '--instance', '<project>/data/generated/gen_layered_levels20-density0.02-skip0.005_n2000_dispersed_neg30_r2.json', '--config', '<project>/experiments/runs/scalability/e9fdd5667ef5db24/resolved_config.json', '--output', '<project>/experiments/runs/scalability/e9fdd5667ef5db24/result.json']",False,forest-tuned,289903,0.760171527,6.490538605,layered,0,0,1304,gen_layered_levels20-density0.02-skip0.005_n2000_dispersed_neg30_r2,data/generated/gen_layered_levels20-density0.02-skip0.005_n2000_dispersed_neg30_r2.json,cbd40cb9e4261cabaeb23c52f4da2adfae89d28e5b0f7b8fc9bf71fe90fb3b00,289130,170,,2000,14175.711982856385,171,generated,25440256,290263,0.000626626,0.398443459,0.603903698,114162678,0,,0,e9fdd5667ef5db24,6.498567183007253,optimal,6.486257482,4.334276609,True
4804,493f6f942eca3576ac0253ad50581fbe0469e8e417d3f97011c676f7789871fd,33724350,"""instance""",0.000316833,"['taskset', '-c', '2', '<project>/build/release/pclp', 'solve', '--instance', '<project>/data/generated/gen_layered_levels20-density0.02-skip0.005_n2000_dispersed_neg30_r2.json', '--config', '<project>/experiments/runs/scalability/d857dad3f6e7e8fe/resolved_config.json', '--output', '<project>/experiments/runs/scalability/d857dad3f6e7e8fe/result.json']",False,forest-tuned,289903,0.786677205,6.811901353,layered,0,0,1304,gen_layered_levels20-density0.02-skip0.005_n2000_dispersed_neg30_r2,data/generated/gen_layered_levels20-density0.02-skip0.005_n2000_dispersed_neg30_r2.json,cbd40cb9e4261cabaeb23c52f4da2adfae89d28e5b0f7b8fc9bf71fe90fb3b00,289130,170,,2000,14175.711982856385,171,generated,25440256,290263,0.000657065,0.412329434,0.62446052,114162678,0,,1,d857dad3f6e7e8fe,6.821064189003664,optimal,6.807444618,4.5791624,True
4804,493f6f942eca3576ac0253ad50581fbe0469e8e417d3f97011c676f7789871fd,0,"""instance""",0.000318438,"['taskset', '-c', '2', '<project>/build/release/pclp', 'solve', '--instance', '<project>/data/generated/gen_layered_levels20-density0.02-skip0.005_n2000_dispersed_neg30_r2.json', '--config', '<project>/experiments/runs/scalability/febfcc22aa9df802/resolved_config.json', '--output', '<project>/experiments/runs/scalability/febfcc22aa9df802/result.json']",False,parametric,0,0.0,0.046732263,layered,9746,341,0,gen_layered_levels20-density0.02-skip0.005_n2000_dispersed_neg30_r2,data/generated/gen_layered_levels20-density0.02-skip0.005_n2000_dispersed_neg30_r2.json,cbd40cb9e4261cabaeb23c52f4da2adfae89d28e5b0f7b8fc9bf71fe90fb3b00,0,170,,2000,14175.711982856385,340,generated,25440256,0,0.000622293,0.0,0.0,0,0,,0,febfcc22aa9df802,0.05318735699984245,optimal,0.042333915,0.0,True
4804,493f6f942eca3576ac0253ad50581fbe0469e8e417d3f97011c676f7789871fd,0,"""instance""",0.000326279,"['taskset', '-c', '2', '<project>/build/release/pclp', 'solve', '--instance', '<project>/data/generated/gen_layered_levels20-density0.02-skip0.005_n2000_dispersed_neg30_r2.json', '--config', '<project>/experiments/runs/scalability/119a7bd1da641d0b/resolved_config.json', '--output', '<project>/experiments/runs/scalability/119a7bd1da641d0b/result.json']",False,parametric,0,0.0,0.047951436,layered,9746,341,0,gen_layered_levels20-density0.02-skip0.005_n2000_dispersed_neg30_r2,data/generated/gen_layered_levels20-density0.02-skip0.005_n2000_dispersed_neg30_r2.json,cbd40cb9e4261cabaeb23c52f4da2adfae89d28e5b0f7b8fc9bf71fe90fb3b00,0,170,,2000,14175.711982856385,340,generated,25440256,0,0.000642491,0.0,0.0,0,0,,1,119a7bd1da641d0b,0.05435441400913987,optimal,0.043434593,0.0,True
75197,493f6f942eca3576ac0253ad50581fbe0469e8e417d3f97011c676f7789871fd,0,"""instance""",0.0,"['taskset', '-c', '2', '<project>/build/release/pclp', 'solve', '--instance', '<project>/data/generated/gen_layered_levels20-density0.02-skip0.005_n8000_dispersed_neg30_r0.json', '--config', '<project>/experiments/runs/scalability/e35c8d92151b5c8a/resolved_config.json', '--output', '<project>/experiments/runs/scalability/e35c8d92151b5c8a/result.json']",False,dinkelbach,0,0.0,30.067156775,layered,0,0,0,gen_layered_levels20-density0.02-skip0.005_n8000_dispersed_neg30_r0,data/generated/gen_layered_levels20-density0.02-skip0.005_n8000_dispersed_neg30_r0.json,d3906c74d6b5ab8d9acf9fcf9d20d6dadd437ec0a097f4aa906c2341ba1a77bc,0,0,time limit reached before a maximum flow,8000,0.0,201,generated,30244864,0,0.004554953,0.0,0.0,0,0,,0,e35c8d92151b5c8a,30.07772558699071,time_limit,30.018239045,0.0,False
75197,493f6f942eca3576ac0253ad50581fbe0469e8e417d3f97011c676f7789871fd,,"""instance""",,,,dinkelbach,,,,layered,,,,gen_layered_levels20-density0.02-skip0.005_n8000_dispersed_neg30_r0,data/generated/gen_layered_levels20-density0.02-skip0.005_n8000_dispersed_neg30_r0.json,d3906c74d6b5ab8d9acf9fcf9d20d6dadd437ec0a097f4aa906c2341ba1a77bc,,,time limit reached before a maximum flow,8000,,,generated,,,,,,,,True,1,f642c10f8c4f2c1d,30.07772558699071,time_limit,,,False
75197,493f6f942eca3576ac0253ad50581fbe0469e8e417d3f97011c676f7789871fd,168011874,"""instance""",0.0,"['taskset', '-c', '2', '<project>/build/release/pclp', 'solve', '--instance', '<project>/data/generated/gen_layered_levels20-density0.02-skip0.005_n8000_dispersed_neg30_r0.json', '--config', '<project>/experiments/runs/scalability/96e9570102ba3047/resolved_config.json', '--output', '<project>/experiments/runs/scalability/96e9570102ba3047/result.json']",False,forest-tuned,918039,6.233963552,30.049625643,layered,0,0,3702,gen_layered_levels20-density0.02-skip0.005_n8000_dispersed_neg30_r0,data/generated/gen_layered_levels20-density0.02-skip0.005_n8000_dispersed_neg30_r0.json,d3906c74d6b5ab8d9acf9fcf9d20d6dadd437ec0a097f4aa906c2341ba1a77bc,914819,114,residual oracle did not certify optimality,8000,0.0,115,generated,27136000,918406,0.005469719,1.636265125,4.634277184,451427677,0,,0,96e9570102ba3047,30.06052868301049,time_limit,30.000589095,15.657004747,False
75197,493f6f942eca3576ac0253ad50581fbe0469e8e417d3f97011c676f7789871fd,,"""instance""",,,,forest-tuned,,,,layered,,,,gen_layered_levels20-density0.02-skip0.005_n8000_dispersed_neg30_r0,data/generated/gen_layered_levels20-density0.02-skip0.005_n8000_dispersed_neg30_r0.json,d3906c74d6b5ab8d9acf9fcf9d20d6dadd437ec0a097f4aa906c2341ba1a77bc,,,residual oracle did not certify optimality,8000,,,generated,,,,,,,,True,1,cd7a99951ea894df,30.06052868301049,time_limit,,,False
75197,493f6f942eca3576ac0253ad50581fbe0469e8e417d3f97011c676f7789871fd,0,"""instance""",0.002060899,"['taskset', '-c', '2', '<project>/build/release/pclp', 'solve', '--instance', '<project>/data/generated/gen_layered_levels20-density0.02-skip0.005_n8000_dispersed_neg30_r0.json', '--config', '<project>/experiments/runs/scalability/c9f7870f7ec7112e/resolved_config.json', '--output', '<project>/experiments/runs/scalability/c9f7870f7ec7112e/result.json']",False,parametric,0,0.0,0.555229402,layered,36650,585,0,gen_layered_levels20-density0.02-skip0.005_n8000_dispersed_neg30_r0,data/generated/gen_layered_levels20-density0.02-skip0.005_n8000_dispersed_neg30_r0.json,d3906c74d6b5ab8d9acf9fcf9d20d6dadd437ec0a097f4aa906c2341ba1a77bc,0,292,,8000,65949.8939455344,584,generated,31268864,0,0.004810185,0.0,0.0,0,0,,0,c9f7870f7ec7112e,0.5751852980029071,optimal,0.495399338,0.0,True
75197,493f6f942eca3576ac0253ad50581fbe0469e8e417d3f97011c676f7789871fd,0,"""instance""",0.002317758,"['taskset', '-c', '2', '<project>/build/release/pclp', 'solve', '--instance', '<project>/data/generated/gen_layered_levels20-density0.02-skip0.005_n8000_dispersed_neg30_r0.json', '--config', '<project>/experiments/runs/scalability/b1b5f1a12c5d4191/resolved_config.json', '--output', '<project>/experiments/runs/scalability/b1b5f1a12c5d4191/result.json']",False,parametric,0,0.0,0.559960992,layered,36650,585,0,gen_layered_levels20-density0.02-skip0.005_n8000_dispersed_neg30_r0,data/generated/gen_layered_levels20-density0.02-skip0.005_n8000_dispersed_neg30_r0.json,d3906c74d6b5ab8d9acf9fcf9d20d6dadd437ec0a097f4aa906c2341ba1a77bc,0,292,,8000,65949.8939455344,584,generated,33411072,0,0.004743853,0.0,0.0,0,0,,1,b1b5f1a12c5d4191,0.5781851369974902,optimal,0.510976164,0.0,True
74892,493f6f942eca3576ac0253ad50581fbe0469e8e417d3f97011c676f7789871fd,0,"""instance""",0.002023653,"['taskset', '-c', '2', '<project>/build/release/pclp', 'solve', '--instance', '<project>/data/generated/gen_layered_levels20-density0.02-skip0.005_n8000_dispersed_neg30_r1.json', '--config', '<project>/experiments/runs/scalability/0ef5fc8df73c6b6e/resolved_config.json', '--output', '<project>/experiments/runs/scalability/0ef5fc8df73c6b6e/result.json']",False,dinkelbach,0,0.0,23.162891096,layered,8115420,3039,0,gen_layered_levels20-density0.02-skip0.005_n8000_dispersed_neg30_r1,data/generated/gen_layered_levels20-density0.02-skip0.005_n8000_dispersed_neg30_r1.json,ac8207f5bc83777792b21677fe6d333d28f5df656c1681f61e8b7a2a7655a76a,0,284,,8000,1135881.3879279725,285,generated,34623488,0,0.004894889,0.0,0.0,0,0,,0,0ef5fc8df73c6b6e,23.180764572010958,optimal,23.112857939,0.0,True
74892,493f6f942eca3576ac0253ad50581fbe0469e8e417d3f97011c676f7789871fd,0,"""instance""",0.001998005,"['taskset', '-c', '2', '<project>/build/release/pclp', 'solve', '--instance', '<project>/data/generated/gen_layered_levels20-density0.02-skip0.005_n8000_dispersed_neg30_r1.json', '--config', '<project>/experiments/runs/scalability/4df0eb8dcf0c679c/resolved_config.json', '--output', '<project>/experiments/runs/scalability/4df0eb8dcf0c679c/result.json']",False,dinkelbach,0,0.0,23.07505019,layered,8115420,3039,0,gen_layered_levels20-density0.02-skip0.005_n8000_dispersed_neg30_r1,data/generated/gen_layered_levels20-density0.02-skip0.005_n8000_dispersed_neg30_r1.json,ac8207f5bc83777792b21677fe6d333d28f5df656c1681f61e8b7a2a7655a76a,0,284,,8000,1135881.3879279725,285,generated,35590144,0,0.005088078,0.0,0.0,0,0,,1,4df0eb8dcf0c679c,23.096287481996114,optimal,23.024790147,0.0,True
74892,493f6f942eca3576ac0253ad50581fbe0469e8e417d3f97011c676f7789871fd,182046569,"""instance""",0.0,"['taskset', '-c', '2', '<project>/build/release/pclp', 'solve', '--instance', '<project>/data/generated/gen_layered_levels20-density0.02-skip0.005_n8000_dispersed_neg30_r1.json', '--config', '<project>/experiments/runs/scalability/6301b6b56a345fd1/resolved_config.json', '--output', '<project>/experiments/runs/scalability/6301b6b56a345fd1/result.json']",False,forest-tuned,979466,6.418660311,30.05026357,layered,0,0,3952,gen_layered_levels20-density0.02-skip0.005_n8000_dispersed_neg30_r1,data/generated/gen_layered_levels20-density0.02-skip0.005_n8000_dispersed_neg30_r1.json,ac8207f5bc83777792b21677fe6d333d28f5df656c1681f61e8b7a2a7655a76a,976044,124,residual oracle did not certify optimality,8000,0.0,125,generated,34623488,979871,0.005441018,1.745734678,4.774997922,448520254,0,,0,6301b6b56a345fd1,30.06090452701028,time_limit,30.000602402,15.213208915000001,False
74892,493f6f942eca3576ac0253ad50581fbe0469e8e417d3f97011c676f7789871fd,,"""instance""",,,,forest-tuned,,,,layered,,,,gen_layered_levels20-density0.02-skip0.005_n8000_dispersed_neg30_r1,data/generated/gen_layered_levels20-density0.02-skip0.005_n8000_dispersed_neg30_r1.json,ac8207f5bc83777792b21677fe6d333d28f5df656c1681f61e8b7a2a7655a76a,,,residual oracle did not certify optimality,8000,,,generated,,,,,,,,True,1,37c35dc4d55fbe25,30.06090452701028,time_limit,,,False
74892,493f6f942eca3576ac0253ad50581fbe0469e8e417d3f97011c676f7789871fd,0,"""instance""",0.002552487,"['taskset', '-c', '2', '<project>/build/release/pclp', 'solve', '--instance', '<project>/data/generated/gen_layered_levels20-density0.02-skip0.005_n8000_dispersed_neg30_r1.json', '--config', '<project>/experiments/runs/scalability/166f10be6ce679a5/resolved_config.json', '--output', '<project>/experiments/runs/scalability/166f10be6ce679a5/result.json']",False,parametric,0,0.0,0.653551779,layered,42879,569,0,gen_layered_levels20-density0.02-skip0.005_n8000_dispersed_neg30_r1,data/generated/gen_layered_levels20-density0.02-skip0.005_n8000_dispersed_neg30_r1.json,ac8207f5bc83777792b21677fe6d333d28f5df656c1681f61e8b7a2a7655a76a,0,284,,8000,1135881.3879279725,568,generated,35602432,0,0.004626162,0.0,0.0,0,0,,0,166f10be6ce679a5,0.6719122920039808,optimal,0.605168866,0.0,True
74892,493f6f942eca3576ac0253ad50581fbe0469e8e417d3f97011c676f7789871fd,0,"""instance""",0.002386089,"['taskset', '-c', '2', '<project>/build/release/pclp', 'solve', '--instance', '<project>/data/generated/gen_layered_levels20-density0.02-skip0.005_n8000_dispersed_neg30_r1.json', '--config', '<project>/experiments/runs/scalability/24cc61ad7a833ecd/resolved_config.json', '--output', '<project>/experiments/runs/scalability/24cc61ad7a833ecd/result.json']",False,parametric,0,0.0,0.67633497,layered,42879,569,0,gen_layered_levels20-density0.02-skip0.005_n8000_dispersed_neg30_r1,data/generated/gen_layered_levels20-density0.02-skip0.005_n8000_dispersed_neg30_r1.json,ac8207f5bc83777792b21677fe6d333d28f5df656c1681f61e8b7a2a7655a76a,0,284,,8000,1135881.3879279725,568,generated,35602432,0,0.005625657,0.0,0.0,0,0,,1,24cc61ad7a833ecd,0.6978045809955802,optimal,0.621054803,0.0,True
75044,493f6f942eca3576ac0253ad50581fbe0469e8e417d3f97011c676f7789871fd,0,"""instance""",0.001987542,"['taskset', '-c', '2', '<project>/build/release/pclp', 'solve', '--instance', '<project>/data/generated/gen_layered_levels20-density0.02-skip0.005_n8000_dispersed_neg30_r2.json', '--config', '<project>/experiments/runs/scalability/2972eeb10fb3b59e/resolved_config.json', '--output', '<project>/experiments/runs/scalability/2972eeb10fb3b59e/result.json']",False,dinkelbach,0,0.0,22.265782516,layered,6553482,1984,0,gen_layered_levels20-density0.02-skip0.005_n8000_dispersed_neg30_r2,data/generated/gen_layered_levels20-density0.02-skip0.005_n8000_dispersed_neg30_r2.json,05a66d82e7c73e9530aa98fdf1afded3f8e73d2154a67d81225b444fc0775424,0,191,,8000,44739.104105804436,192,generated,35602432,0,0.007006569,0.0,0.0,0,0,,0,2972eeb10fb3b59e,22.283517488991492,optimal,22.193398094,0.0,True
75044,493f6f942eca3576ac0253ad50581fbe0469e8e417d3f97011c676f7789871fd,0,"""instance""",0.00210311,"['taskset', '-c', '2', '<project>/build/release/pclp', 'solve', '--instance', '<project>/data/generated/gen_layered_levels20-density0.02-skip0.005_n8000_dispersed_neg30_r2.json', '--config', '<project>/experiments/runs/scalability/67aa1d962c4cf376/resolved_config.json', '--output', '<project>/experiments/runs/scalability/67aa1d962c4cf376/result.json']",False,dinkelbach,0,0.0,21.832396873,layered,6553482,1984,0,gen_layered_levels20-density0.02-skip0.005_n8000_dispersed_neg30_r2,data/generated/gen_layered_levels20-density0.02-skip0.005_n8000_dispersed_neg30_r2.json,05a66d82e7c73e9530aa98fdf1afded3f8e73d2154a67d81225b444fc0775424,0,191,,8000,44739.104105804436,192,generated,35602432,0,0.004823271,0.0,0.0,0,0,,1,67aa1d962c4cf376,21.850208395990194,optimal,21.785959446,0.0,True
75044,493f6f942eca3576ac0253ad50581fbe0469e8e417d3f97011c676f7789871fd,122900770,"""instance""",0.0,"['taskset', '-c', '2', '<project>/build/release/pclp', 'solve', '--instance', '<project>/data/generated/gen_layered_levels20-density0.02-skip0.005_n8000_dispersed_neg30_r2.json', '--config', '<project>/experiments/runs/scalability/407984c3d8157c16/resolved_config.json', '--output', '<project>/experiments/runs/scalability/407984c3d8157c16/result.json']",False,forest-tuned,626333,4.535446972,30.047688347,layered,0,0,2522,gen_layered_levels20-density0.02-skip0.005_n8000_dispersed_neg30_r2,data/generated/gen_layered_levels20-density0.02-skip0.005_n8000_dispersed_neg30_r2.json,05a66d82e7c73e9530aa98fdf1afded3f8e73d2154a67d81225b444fc0775424,624091,74,residual oracle did not certify optimality,8000,0.0,75,generated,35602432,626538,0.005052425,1.3677900379999999,4.897433235,457115766,0,,0,407984c3d8157c16,30.058494532990153,time_limit,30.000705852,17.566947708,False
75044,493f6f942eca3576ac0253ad50581fbe0469e8e417d3f97011c676f7789871fd,,"""instance""",,,,forest-tuned,,,,layered,,,,gen_layered_levels20-density0.02-skip0.005_n8000_dispersed_neg30_r2,data/generated/gen_layered_levels20-density0.02-skip0.005_n8000_dispersed_neg30_r2.json,05a66d82e7c73e9530aa98fdf1afded3f8e73d2154a67d81225b444fc0775424,,,residual oracle did not certify optimality,8000,,,generated,,,,,,,,True,1,72edafa7c1fb754b,30.058494532990153,time_limit,,,False
75044,493f6f942eca3576ac0253ad50581fbe0469e8e417d3f97011c676f7789871fd,0,"""instance""",0.002242165,"['taskset', '-c', '2', '<project>/build/release/pclp', 'solve', '--instance', '<project>/data/generated/gen_layered_levels20-density0.02-skip0.005_n8000_dispersed_neg30_r2.json', '--config', '<project>/experiments/runs/scalability/37a0a21f2b589ed0/resolved_config.json', '--output', '<project>/experiments/runs/scalability/37a0a21f2b589ed0/result.json']",False,parametric,0,0.0,0.455767511,layered,42758,383,0,gen_layered_levels20-density0.02-skip0.005_n8000_dispersed_neg30_r2,data/generated/gen_layered_levels20-density0.02-skip0.005_n8000_dispersed_neg30_r2.json,05a66d82e7c73e9530aa98fdf1afded3f8e73d2154a67d81225b444fc0775424,0,191,,8000,44739.104105804436,382,generated,35602432,0,0.004641921,0.0,0.0,0,0,,0,37a0a21f2b589ed0,0.4741217770060757,optimal,0.408364933,0.0,True
75044,493f6f942eca3576ac0253ad50581fbe0469e8e417d3f97011c676f7789871fd,0,"""instance""",0.002412494,"['taskset', '-c', '2', '<project>/build/release/pclp', 'solve', '--instance', '<project>/data/generated/gen_layered_levels20-density0.02-skip0.005_n8000_dispersed_neg30_r2.json', '--config', '<project>/experiments/runs/scalability/957da8aaad108650/resolved_config.json', '--output', '<project>/experiments/runs/scalability/957da8aaad108650/result.json']",False,parametric,0,0.0,0.535395742,layered,42758,383,0,gen_layered_levels20-density0.02-skip0.005_n8000_dispersed_neg30_r2,data/generated/gen_layered_levels20-density0.02-skip0.005_n8000_dispersed_neg30_r2.json,05a66d82e7c73e9530aa98fdf1afded3f8e73d2154a67d81225b444fc0775424,0,191,,8000,44739.104105804436,382,generated,35602432,0,0.005488892,0.0,0.0,0,0,,1,957da8aaad108650,0.5529309270059457,optimal,0.482192105,0.0,True
21746,493f6f942eca3576ac0253ad50581fbe0469e8e417d3f97011c676f7789871fd,0,"""instance""",0.000667667,"['taskset', '-c', '2', '<project>/build/release/pclp', 'solve', '--instance', '<project>/data/generated/gen_layered_levels8-density0.05_n2000_uniform_neg0_r0.json', '--config', '<project>/experiments/runs/scalability/e2afe39ff69de9bd/resolved_config.json', '--output', '<project>/experiments/runs/scalability/e2afe39ff69de9bd/result.json']",True,dinkelbach,0,0.0,1.797132404,layered,774468,1710,0,gen_layered_levels8-density0.05_n2000_uniform_neg0_r0,data/generated/gen_layered_levels8-density0.05_n2000_uniform_neg0_r0.json,118278b68ea59b5ddfa5b8fd3a11b8f7efc5113032868125da90c8507273ba0b,0,190,,2000,30641.616593661427,190,generated,25448448,0,0.001561523,0.0,0.0,0,0,,0,e2afe39ff69de9bd,1.8062572460039519,optimal,1.782211262,0.0,True
21746,493f6f942eca3576ac0253ad50581fbe0469e8e417d3f97011c676f7789871fd,0,"""instance""",0.000670878,"['taskset', '-c', '2', '<project>/build/release/pclp', 'solve', '--instance', '<project>/data/generated/gen_layered_levels8-density0.05_n2000_uniform_neg0_r0.json', '--config', '<project>/experiments/runs/scalability/6120413963d24d34/resolved_config.json', '--output', '<project>/experiments/runs/scalability/6120413963d24d34/result.json']",True,dinkelbach,0,0.0,1.807418246,layered,774468,1710,0,gen_layered_levels8-density0.05_n2000_uniform_neg0_r0,data/generated/gen_layered_levels8-density0.05_n2000_uniform_neg0_r0.json,118278b68ea59b5ddfa5b8fd3a11b8f7efc5113032868125da90c8507273ba0b,0,190,,2000,30641.616593661427,190,generated,26275840,0,0.001340589,0.0,0.0,0,0,,1,6120413963d24d34,1.8168424810137367,optimal,1.793436641,0.0,True
21746,493f6f942eca3576ac0253ad50581fbe0469e8e417d3f97011c676f7789871fd,183081234,"""instance""",0.0,"['taskset', '-c', '2', '<project>/build/release/pclp', 'solve', '--instance', '<project>/data/generated/gen_layered_levels8-density0.05_n2000_uniform_neg0_r0.json', '--config', '<project>/experiments/runs/scalability/48f40b03fc7ab88d/resolved_config.json', '--output', '<project>/experiments/runs/scalability/48f40b03fc7ab88d/result.json']",False,forest-tuned,523552,1.874031419,30.014765928,layered,0,0,2131,gen_layered_levels8-density0.05_n2000_uniform_neg0_r0,data/generated/gen_layered_levels8-density0.05_n2000_uniform_neg0_r0.json,118278b68ea59b5ddfa5b8fd3a11b8f7efc5113032868125da90c8507273ba0b,521720,85,residual oracle did not certify optimality,2000,0.0,86,generated,25440256,523765,0.001573017,1.839164086,8.979441705,410797952,0,,0,48f40b03fc7ab88d,30.022759917992516,time_limit,30.000366393,16.238738823,False
21746,493f6f942eca3576ac0253ad50581fbe0469e8e417d3f97011c676f7789871fd,,"""instance""",,,,forest-tuned,,,,layered,,,,gen_layered_levels8-density0.05_n2000_uniform_neg0_r0,data/generated/gen_layered_levels8-density0.05_n2000_uniform_neg0_r0.json,118278b68ea59b5ddfa5b8fd3a11b8f7efc5113032868125da90c8507273ba0b,,,residual oracle did not certify optimality,2000,,,generated,,,,,,,,True,1,929a3fb03ad60b72,30.022759917992516,time_limit,,,False
21746,493f6f942eca3576ac0253ad50581fbe0469e8e417d3f97011c676f7789871fd,0,"""instance""",0.000664515,"['taskset', '-c', '2', '<project>/build/release/pclp', 'solve', '--instance', '<project>/data/generated/gen_layered_levels8-density0.05_n2000_uniform_neg0_r0.json', '--config', '<project>/experiments/runs/scalability/6b59297f52963d5c/resolved_config.json', '--output', '<project>/experiments/runs/scalability/6b59297f52963d5c/result.json']",False,parametric,0,0.0,0.071256733,layered,9457,380,0,gen_layered_levels8-density0.05_n2000_uniform_neg0_r0,data/generated/gen_layered_levels8-density0.05_n2000_uniform_neg0_r0.json,118278b68ea59b5ddfa5b8fd3a11b8f7efc5113032868125da90c8507273ba0b,0,190,,2000,30641.616593661427,380,generated,26439680,0,0.001438526,0.0,0.0,0,0,,0,6b59297f52963d5c,0.07978090099641122,optimal,0.057168199,0.0,True
21746,493f6f942eca3576ac0253ad50581fbe0469e8e417d3f97011c676f7789871fd,0,"""instance""",0.00067797,"['taskset', '-c', '2', '<project>/build/release/pclp', 'solve', '--instance', '<project>/data/generated/gen_layered_levels8-density0.05_n2000_uniform_neg0_r0.json', '--config', '<project>/experiments/runs/scalability/4756fe17fa49e2dd/resolved_config.json', '--output', '<project>/experiments/runs/scalability/4756fe17fa49e2dd/result.json']",False,parametric,0,0.0,0.071488302,layered,9457,380,0,gen_layered_levels8-density0.05_n2000_uniform_neg0_r0,data/generated/gen_layered_levels8-density0.05_n2000_uniform_neg0_r0.json,118278b68ea59b5ddfa5b8fd3a11b8f7efc5113032868125da90c8507273ba0b,0,190,,2000,30641.616593661427,380,generated,26484736,0,0.001429397,0.0,0.0,0,0,,1,4756fe17fa49e2dd,0.08014054999512155,optimal,0.057582536,0.0,True
21735,493f6f942eca3576ac0253ad50581fbe0469e8e417d3f97011c676f7789871fd,0,"""instance""",0.000653436,"['taskset', '-c', '2', '<project>/build/release/pclp', 'solve', '--instance', '<project>/data/generated/gen_layered_levels8-density0.05_n2000_uniform_neg0_r1.json', '--config', '<project>/experiments/runs/scalability/50426e6bfeb58185/resolved_config.json', '--output', '<project>/experiments/runs/scalability/50426e6bfeb58185/result.json']",True,dinkelbach,0,0.0,2.705562147,layered,1129557,2525,0,gen_layered_levels8-density0.05_n2000_uniform_neg0_r1,data/generated/gen_layered_levels8-density0.05_n2000_uniform_neg0_r1.json,635eb6458ee53382f01acb27c847c132b954a159bf9e5e21e70cf9a0398f679c,0,266,,2000,4523.685592251951,266,generated,26587136,0,0.001669241,0.0,0.0,0,0,,0,50426e6bfeb58185,2.7148001239984296,optimal,2.689500221,0.0,True
21735,493f6f942eca3576ac0253ad50581fbe0469e8e417d3f97011c676f7789871fd,0,"""instance""",0.000584354,"['taskset', '-c', '2', '<project>/build/release/pclp', 'solve', '--instance', '<project>/data/generated/gen_layered_levels8-density0.05_n2000_uniform_neg0_r1.json', '--config', '<project>/experiments/runs/scalability/8bfba4f7d65e1e6c/resolved_config.json', '--output', '<project>/experiments/runs/scalability/8bfba4f7d65e1e6c/result.json']",True,dinkelbach,0,0.0,2.626793631,layered,1129557,2525,0,gen_layered_levels8-density0.05_n2000_uniform_neg0_r1,data/generated/gen_layered_levels8-density0.05_n2000_uniform_neg0_r1.json,635eb6458ee53382f01acb27c847c132b954a159bf9e5e21e70cf9a0398f679c,0,266,,2000,4523.685592251951,266,generated,27136000,0,0.001537963,0.0,0.0,0,0,,1,8bfba4f7d65e1e6c,2.6431053029955365,optimal,2.612144053,0.0,True
21735,493f6f942eca3576ac0253ad50581fbe0469e8e417d3f97011c676f7789871fd,217322666,"""instance""",0.0,"['taskset', '-c', '2', '<project>/build/release/pclp', 'solve', '--instance', '<project>/data/generated/gen_layered_levels8-density0.05_n2000_uniform_neg0_r1.json', '--config', '<project>/experiments/runs/scalability/f41fcbc02befbc9a/resolved_config.json', '--output', '<project>/experiments/runs/scalability/f41fcbc02befbc9a/result.json']",False,forest-tuned,538507,1.774506351,30.013639313,layered,0,0,2227,gen_layered_levels8-density0.05_n2000_uniform_neg0_r1,data/generated/gen_layered_levels8-density0.05_n2000_uniform_neg0_r1.json,635eb6458ee53382f01acb27c847c132b954a159bf9e5e21e70cf9a0398f679c,536765,122,residual oracle did not certify optimality,2000,0.0,123,generated,26587136,538869,0.001437606,2.01782758,10.946605254,372504597,0,,0,f41fcbc02befbc9a,30.03183087600337,time_limit,30.000354343,14.277293723,False
21735,493f6f942eca3576ac0253ad50581fbe0469e8e417d3f97011c676f7789871fd,,"""instance""",,,,forest-tuned,,,,layered,,,,gen_layered_levels8-density0.05_n2000_uniform_neg0_r1,data/generated/gen_layered_levels8-density0.05_n2000_uniform_neg0_r1.json,635eb6458ee53382f01acb27c847c132b954a159bf9e5e21e70cf9a0398f679c,,,residual oracle did not certify optimality,2000,,,generated,,,,,,,,True,1,a9c92a5c7bf61068,30.03183087600337,time_limit,,,False
21735,493f6f942eca3576ac0253ad50581fbe0469e8e417d3f97011c676f7789871fd,0,"""instance""",0.000654071,"['taskset', '-c', '2', '<project>/build/release/pclp', 'solve', '--instance', '<project>/data/generated/gen_layered_levels8-density0.05_n2000_uniform_neg0_r1.json', '--config', '<project>/experiments/runs/scalability/030e5ce48792fcc0/resolved_config.json', '--output', '<project>/experiments/runs/scalability/030e5ce48792fcc0/result.json']",False,parametric,0,0.0,0.082331291,layered,8224,532,0,gen_layered_levels8-density0.05_n2000_uniform_neg0_r1,data/generated/gen_layered_levels8-density0.05_n2000_uniform_neg0_r1.json,635eb6458ee53382f01acb27c847c132b954a159bf9e5e21e70cf9a0398f679c,0,266,,2000,4523.685592251951,532,generated,27136000,0,0.001590971,0.0,0.0,0,0,,0,030e5ce48792fcc0,0.09349688699876424,optimal,0.067728611,0.0,True
21735,493f6f942eca3576ac0253ad50581fbe0469e8e417d3f97011c676f7789871fd,0,"""instance""",0.000701681,"['taskset', '-c', '2', '<project>/build/release/pclp', 'solve', '--instance', '<project>/data/generated/gen_layered_levels8-density0.05_n2000_uniform_neg0_r1.json', '--config', '<project>/experiments/runs/scalability/05d3a99f6cf92d24/resolved_config.json', '--output', '<project>/experiments/runs/scalability/05d3a99f6cf92d24/result.json']",False,parametric,0,0.0,0.088118715,layered,8224,532,0,gen_layered_levels8-density0.05_n2000_uniform_neg0_r1,data/generated/gen_layered_levels8-density0.05_n2000_uniform_neg0_r1.json,635eb6458ee53382f01acb27c847c132b954a159bf9e5e21e70cf9a0398f679c,0,266,,2000,4523.685592251951,532,generated,27136000,0,0.001555523,0.0,0.0,0,0,,1,05d3a99f6cf92d24,0.10242362800636329,optimal,0.07284496,0.0,True
21857,493f6f942eca3576ac0253ad50581fbe0469e8e417d3f97011c676f7789871fd,0,"""instance""",0.000665963,"['taskset', '-c', '2', '<project>/build/release/pclp', 'solve', '--instance', '<project>/data/generated/gen_layered_levels8-density0.05_n2000_uniform_neg0_r2.json', '--config', '<project>/experiments/runs/scalability/e1de29d017f76746/resolved_config.json', '--output', '<project>/experiments/runs/scalability/e1de29d017f76746/result.json']",True,dinkelbach,0,0.0,1.913421174,layered,582330,1124,0,gen_layered_levels8-density0.05_n2000_uniform_neg0_r2,data/generated/gen_layered_levels8-density0.05_n2000_uniform_neg0_r2.json,c6bd36e31564c7e0a4c7e8746fa2577b34459671abe61d742b1b31434808d43f,0,126,,2000,19837.504033926354,126,generated,27136000,0,0.001614238,0.0,0.0,0,0,,0,e1de29d017f76746,1.9231052279938012,optimal,1.897608431,0.0,True
21857,493f6f942eca3576ac0253ad50581fbe0469e8e417d3f97011c676f7789871fd,0,"""instance""",0.000668036,"['taskset', '-c', '2', '<project>/build/release/pclp', 'solve', '--instance', '<project>/data/generated/gen_layered_levels8-density0.05_n2000_uniform_neg0_r2.json', '--config', '<project>/experiments/runs/scalability/cc6ca4f9149af328/resolved_config.json', '--output', '<project>/experiments/runs/scalability/cc6ca4f9149af328/result.json']",True,dinkelbach,0,0.0,1.896894193,layered,582330,1124,0,gen_layered_levels8-density0.05_n2000_uniform_neg0_r2,data/generated/gen_layered_levels8-density0.05_n2000_uniform_neg0_r2.json,c6bd36e31564c7e0a4c7e8746fa2577b34459671abe61d742b1b31434808d43f,0,126,,2000,19837.504033926354,126,generated,27136000,0,0.001692895,0.0,0.0,0,0,,1,cc6ca4f9149af328,1.906011580998893,optimal,1.880710921,0.0,True
21857,493f6f942eca3576ac0253ad50581fbe0469e8e417d3f97011c676f7789871fd,231334793,"""instance""",0.0,"['taskset', '-c', '2', '<project>/build/release/pclp', 'solve', '--instance', '<project>/data/generated/gen_layered_levels8-density0.05_n2000_uniform_neg0_r2.json', '--config', '<project>/experiments/runs/scalability/7ed44c8899241482/resolved_config.json', '--output', '<project>/experiments/runs/scalability/7ed44c8899241482/result.json']",False,forest-tuned,497347,1.647118487,30.013535395,layered,0,0,2012,gen_layered_levels8-density0.05_n2000_uniform_neg0_r2,data/generated/gen_layered_levels8-density0.05_n2000_uniform_neg0_r2.json,c6bd36e31564c7e0a4c7e8746fa2577b34459671abe61d742b1b31434808d43f,495558,68,residual oracle did not certify optimality,2000,0.0,69,generated,27136000,497501,0.001629427,2.016390768,10.456319687,412392419,0,,0,7ed44c8899241482,30.021245447002002,time_limit,30.000056035,14.935321972,False
21857,493f6f942eca3576ac0253ad50581fbe0469e8e417d3f97011c676f7789871fd,,"""instance""",,,,forest-tuned,,,,layered,,,,gen_layered_levels8-density0.05_n2000_uniform_neg0_r2,data/generated/gen_layered_levels8-density0.05_n2000_uniform_neg0_r2.json,c6bd36e31564c7e0a4c7e8746fa2577b34459671abe61d742b1b31434808d43f,,,residual oracle did not certify optimality,2000,,,generated,,,,,,,,True,1,23ef5eaba7a25952,30.021245447002002,time_limit,,,False
21857,493f6f942eca3576ac0253ad50581fbe0469e8e417d3f97011c676f7789871fd,0,"""instance""",0.000734115,"['taskset', '-c', '2', '<project>/build/release/pclp', 'solve', '--instance', '<project>/data/generated/gen_layered_levels8-density0.05_n2000_uniform_neg0_r2.json', '--config', '<project>/experiments/runs/scalability/fe146cc27ef65bdf/resolved_config.json', '--output', '<project>/experiments/runs/scalability/fe146cc27ef65bdf/result.json']",False,parametric,0,0.0,0.075393986,layered,10067,252,0,gen_layered_levels8-density0.05_n2000_uniform_neg0_r2,data/generated/gen_layered_levels8-density0.05_n2000_uniform_neg0_r2.json,c6bd36e31564c7e0a4c7e8746fa2577b34459671abe61d742b1b31434808d43f,0,126,,2000,19837.504033926354,252,generated,27136000,0,0.001546095,0.0,0.0,0,0,,0,fe146cc27ef65bdf,0.08368506400438491,optimal,0.060119685,0.0,True
21857,493f6f942eca3576ac0253ad50581fbe0469e8e417d3f97011c676f7789871fd,0,"""instance""",0.000719409,"['taskset', '-c', '2', '<project>/build/release/pclp', 'solve', '--instance', '<project>/data/generated/gen_layered_levels8-density0.05_n2000_uniform_neg0_r2.json', '--config', '<project>/experiments/runs/scalability/b648f8aa191b0f9b/resolved_config.json', '--output', '<project>/experiments/runs/scalability/b648f8aa191b0f9b/result.json']",False,parametric,0,0.0,0.076452571,layered,10067,252,0,gen_layered_levels8-density0.05_n2000_uniform_neg0_r2,data/generated/gen_layered_levels8-density0.05_n2000_uniform_neg0_r2.json,c6bd36e31564c7e0a4c7e8746fa2577b34459671abe61d742b1b31434808d43f,0,126,,2000,19837.504033926354,252,generated,27136000,0,0.001568253,0.0,0.0,0,0,,1,b648f8aa191b0f9b,0.08491034898906946,optimal,0.061263243,0.0,True
21972,493f6f942eca3576ac0253ad50581fbe0469e8e417d3f97011c676f7789871fd,0,"""instance""",0.000635218,"['taskset', '-c', '2', '<project>/build/release/pclp', 'solve', '--instance', '<project>/data/generated/gen_layered_levels8-density0.05_n2000_uniform_neg30_r0.json', '--config', '<project>/experiments/runs/scalability/98e9f3a205ae813d/resolved_config.json', '--output', '<project>/experiments/runs/scalability/98e9f3a205ae813d/result.json']",False,dinkelbach,0,0.0,2.341276349,layered,961178,1529,0,gen_layered_levels8-density0.05_n2000_uniform_neg30_r0,data/generated/gen_layered_levels8-density0.05_n2000_uniform_neg30_r0.json,a8431ff0856f9b0b7110f257576ea40e8e79b644796d5171398c0b33c0844cc1,0,153,,2000,21082.71434169279,154,generated,27136000,0,0.001537078,0.0,0.0,0,0,,0,98e9f3a205ae813d,2.352589898990118,optimal,2.32615226,0.0,True
21972,493f6f942eca3576ac0253ad50581fbe0469e8e417d3f97011c676f7789871fd,0,"""instance""",0.000601604,"['taskset', '-c', '2', '<project>/build/release/pclp', 'solve', '--instance', '<project>/data/generated/gen_layered_levels8-density0.05_n2000_uniform_neg30_r0.json', '--config', '<project>/experiments/runs/scalability/6b4c427cf4881d6f/resolved_config.json', '--output', '<project>/experiments/runs/scalability/6b4c427cf4881d6f/result.json']",False,dinkelbach,0,0.0,2.295811301,layered,961178,1529,0,gen_layered_levels8-density0.05_n2000_uniform_neg30_r0,data/generated/gen_layered_levels8-density0.05_n2000_uniform_neg30_r0.json,a8431ff0856f9b0b7110f257576ea40e8e79b644796d5171398c0b33c0844cc1,0,153,,2000,21082.71434169279,154,generated,27136000,0,0.001546287,0.0,0.0,0,0,,1,6b4c427cf4881d6f,2.3039891380030895,optimal,2.280642174,0.0,True
21972,493f6f942eca3576ac0253ad50581fbe0469e8e417d3f97011c676f7789871fd,237493739,"""instance""",0.0,"['taskset', '-c', '2', '<project>/build/release/pclp', 'solve', '--instance', '<project>/data/generated/gen_layered_levels8-density0.05_n2000_uniform_neg30_r0.json', '--config', '<project>/experiments/runs/scalability/32f8bb7dfe299606/resolved_config.json', '--output', '<project>/experiments/runs/scalability/32f8bb7dfe299606/result.json']",False,forest-tuned,588696,1.765352486,30.013883286,layered,0,0,2399,gen_layered_levels8-density0.05_n2000_uniform_neg30_r0,data/generated/gen_layered_levels8-density0.05_n2000_uniform_neg30_r0.json,a8431ff0856f9b0b7110f257576ea40e8e79b644796d5171398c0b33c0844cc1,586661,98,residual oracle did not certify optimality,2000,0.0,99,generated,27136000,588961,0.001465752,1.986450981,9.903781467,437903986,0,,0,32f8bb7dfe299606,30.02117424500466,time_limit,30.000040105,15.283588768,False
21972,493f6f942eca3576ac0253ad50581fbe0469e8e417d3f97011c676f7789871fd,,"""instance""",,,,forest-tuned,,,,layered,,,,gen_layered_levels8-density0.05_n2000_uniform_neg30_r0,data/generated/gen_layered_levels8-density0.05_n2000_uniform_neg30_r0.json,a8431ff0856f9b0b7110f257576ea40e8e79b644796d5171398c0b33c0844cc1,,,residual oracle did not certify optimality,2000,,,generated,,,,,,,,True,1,f950a821b102a474,30.02117424500466,time_limit,,,False
21972,493f6f942eca3576ac0253ad50581fbe0469e8e417d3f97011c676f7789871fd,0,"""instance""",0.000681559,"['taskset', '-c', '2', '<project>/build/release/pclp', 'solve', '--instance', '<project>/data/generated/gen_layered_levels8-density0.05_n2000_uniform_neg30_r0.json', '--config', '<project>/experiments/runs/scalability/6517b8e868a6f24b/resolved_config.json', '--output', '<project>/experiments/runs/scalability/6517b8e868a6f24b/result.json']",False,parametric,0,0.0,0.063385931,layered,9247,307,0,gen_layered_levels8-density0.05_n2000_uniform_neg30_r0,data/generated/gen_layered_levels8-density0.05_n2000_uniform_neg30_r0.json,a8431ff0856f9b0b7110f257576ea40e8e79b644796d5171398c0b33c0844cc1,0,153,,2000,21082.71434169279,306,generated,27136000,0,0.001462964,0.0,0.0,0,0,,0,6517b8e868a6f24b,0.07195453600434121,optimal,0.048818738,0.0,True
21972,493f6f942eca3576ac0253ad50581fbe0469e8e417d3f97011c676f7789871fd,0,"""instance""",0.000684608,"['taskset', '-c', '2', '<project>/build/release/pclp', 'solve', '--instance', '<project>/data/generated/gen_layered_levels8-density0.05_n2000_uniform_neg30_r0.json', '--config', '<project>/experiments/runs/scalability/9e8bad8ead3d23a9/resolved_config.json', '--output', '<project>/experiments/runs/scalability/9e8bad8ead3d23a9/result.json']",False,parametric,0,0.0,0.065326013,layered,9247,307,0,gen_layered_levels8-density0.05_n2000_uniform_neg30_r0,data/generated/gen_layered_levels8-density0.05_n2000_uniform_neg30_r0.json,a8431ff0856f9b0b7110f257576ea40e8e79b644796d5171398c0b33c0844cc1,0,153,,2000,21082.71434169279,306,generated,27136000,0,0.001591398,0.0,0.0,0,0,,1,9e8bad8ead3d23a9,0.0738786970032379,optimal,0.050159665,0.0,True
21723,493f6f942eca3576ac0253ad50581fbe0469e8e417d3f97011c676f7789871fd,0,"""instance""",0.000518963,"['taskset', '-c', '2', '<project>/build/release/pclp', 'solve', '--instance', '<project>/data/generated/gen_layered_levels8-density0.05_n2000_uniform_neg30_r1.json', '--config', '<project>/experiments/runs/scalability/51a7a5c9fcfdbd85/resolved_config.json', '--output', '<project>/experiments/runs/scalability/51a7a5c9fcfdbd85/result.json']",False,dinkelbach,0,0.0,3.691455132,layered,1584433,1916,0,gen_layered_levels8-density0.05_n2000_uniform_neg30_r1,data/generated/gen_layered_levels8-density0.05_n2000_uniform_neg30_r1.json,09a8621a73db4e355bdb0b15f75e34bbb15b836ceb2e8ccbace8beba7f52acc6,0,170,,2000,1569.804,171,generated,27136000,0,0.001604993,0.0,0.0,0,0,,0,51a7a5c9fcfdbd85,3.7006716140022036,optimal,3.675907716,0.0,True
21723,493f6f942eca3576ac0253ad50581fbe0469e8e417d3f97011c676f7789871fd,0,"""instance""",0.000523799,"['taskset', '-c', '2', '<project>/build/release/pclp', 'solve', '--instance', '<project>/data/generated/gen_layered_levels8-density0.05_n2000_uniform_neg30_r1.json', '--config', '<project>/experiments/runs/scalability/f2acb1df2c65f711/resolved_config.json', '--output', '<project>/experiments/runs/scalability/f2acb1df2c65f711/result.json']",False,dinkelbach,0,0.0,3.634944294,layered,1584433,1916,0,gen_layered_levels8-density0.05_n2000_uniform_neg30_r1,data/generated/gen_layered_levels8-density0.05_n2000_uniform_neg30_r1.json,09a8621a73db4e355bdb0b15f75e34bbb15b836ceb2e8ccbace8beba7f52acc6,0,170,,2000,1569.804,171,generated,27136000,0,0.00151133,0.0,0.0,0,0,,1,f2acb1df2c65f711,3.6446177509933477,optimal,3.619946792,0.0,True
21723,493f6f942eca3576ac0253ad50581fbe0469e8e417d3f97011c676f7789871fd,184075425,"""instance""",0.0,"['taskset', '-c', '2', '<project>/build/release/pclp', 'solve', '--instance', '<project>/data/generated/gen_layered_levels8-density0.05_n2000_uniform_neg30_r1.json', '--config', '<project>/experiments/runs/scalability/b9ffdd0e5904e413/resolved_config.json', '--output', '<project>/experiments/runs/scalability/b9ffdd0e5904e413/result.json']",False,forest-tuned,542573,2.4718131899999998,30.015192618,layered,0,0,2292,gen_layered_levels8-density0.05_n2000_uniform_neg30_r1,data/generated/gen_layered_levels8-density0.05_n2000_uniform_neg30_r1.json,09a8621a73db4e355bdb0b15f75e34bbb15b836ceb2e8ccbace8beba7f52acc6,540967,170,residual oracle did not certify optimality,2000,0.0,171,generated,27136000,543088,0.001423578,1.886021286,8.890094625,436477553,0,,0,b9ffdd0e5904e413,30.021675198004232,time_limit,30.000194911,15.730600348,False
21723,493f6f942eca3576ac0253ad50581fbe0469e8e417d3f97011c676f7789871fd,,"""instance""",,,,forest-tuned,,,,layered,,,,gen_layered_levels8-density0.05_n2000_uniform_neg30_r1,data/generated/gen_layered_levels8-density0.05_n2000_uniform_neg30_r1.json,09a8621a73db4e355bdb0b15f75e34bbb15b836ceb2e8ccbace8beba7f52acc6,,,residual oracle did not certify optimality,2000,,,generated,,,,,,,,True,1,4967d39e6773e8b6,30.021675198004232,time_limit,,,False
21723,493f6f942eca3576ac0253ad50581fbe0469e8e417d3f97011c676f7789871fd,0,"""instance""",0.000600891,"['taskset', '-c', '2', '<project>/build/release/pclp', 'solve', '--instance', '<project>/data/generated/gen_layered_levels8-density0.05_n2000_uniform_neg30_r1.json', '--config', '<project>/experiments/runs/scalability/16c29b1c7402160e/resolved_config.json', '--output', '<project>/experiments/runs/scalability/16c29b1c7402160e/result.json']",False,parametric,0,0.0,0.0468216,layered,3459,341,0,gen_layered_levels8-density0.05_n2000_uniform_neg30_r1,data/generated/gen_layered_levels8-density0.05_n2000_uniform_neg30_r1.json,09a8621a73db4e355bdb0b15f75e34bbb15b836ceb2e8ccbace8beba7f52acc6,0,170,,2000,1569.804,340,generated,27136000,0,0.00141184,0.0,0.0,0,0,,0,16c29b1c7402160e,0.05490269399888348,optimal,0.032392129,0.0,True
21723,493f6f942eca3576ac0253ad50581fbe0469e8e417d3f97011c676f7789871fd,0,"""instance""",0.000670251,"['taskset', '-c', '2', '<project>/build/release/pclp', 'solve', '--instance', '<project>/data/generated/gen_layered_levels8-density0.05_n2000_uniform_neg30_r1.json', '--config', '<project>/experiments/runs/scalability/e3116dc190546a72/resolved_config.json', '--output', '<project>/experiments/runs/scalability/e3116dc190546a72/result.json']",False,parametric,0,0.0,0.047778619,layered,3459,341,0,gen_layered_levels8-density0.05_n2000_uniform_neg30_r1,data/generated/gen_layered_levels8-density0.05_n2000_uniform_neg30_r1.json,09a8621a73db4e355bdb0b15f75e34bbb15b836ceb2e8ccbace8beba7f52acc6,0,170,,2000,1569.804,340,generated,27136000,0,0.001542176,0.0,0.0,0,0,,1,e3116dc190546a72,0.056634780994500034,optimal,0.033051816,0.0,True
21866,493f6f942eca3576ac0253ad50581fbe0469e8e417d3f97011c676f7789871fd,0,"""instance""",0.000660279,"['taskset', '-c', '2', '<project>/build/release/pclp', 'solve', '--instance', '<project>/data/generated/gen_layered_levels8-density0.05_n2000_uniform_neg30_r2.json', '--config', '<project>/experiments/runs/scalability/9be8ab0ce495f655/resolved_config.json', '--output', '<project>/experiments/runs/scalability/9be8ab0ce495f655/result.json']",False,dinkelbach,0,0.0,1.497273614,layered,576527,1028,0,gen_layered_levels8-density0.05_n2000_uniform_neg30_r2,data/generated/gen_layered_levels8-density0.05_n2000_uniform_neg30_r2.json,323c7dcd242146b757f18c7830d4b4f307ea4d02eca21ddf09c44e9d73aa61d2,0,109,,2000,14492.41087015821,110,generated,27136000,0,0.001654933,0.0,0.0,0,0,,0,9be8ab0ce495f655,1.5066375989990775,optimal,1.481767759,0.0,True
21866,493f6f942eca3576ac0253ad50581fbe0469e8e417d3f97011c676f7789871fd,0,"""instance""",0.000679536,"['taskset', '-c', '2', '<project>/build/release/pclp', 'solve', '--instance', '<project>/data/generated/gen_layered_levels8-density0.05_n2000_uniform_neg30_r2.json', '--config', '<project>/experiments/runs/scalability/2dd77fafa65a8f8c/resolved_config.json', '--output', '<project>/experiments/runs/scalability/2dd77fafa65a8f8c/result.json']",False,dinkelbach,0,0.0,1.490632825,layered,576527,1028,0,gen_layered_levels8-density0.05_n2000_uniform_neg30_r2,data/generated/gen_layered_levels8-density0.05_n2000_uniform_neg30_r2.json,323c7dcd242146b757f18c7830d4b4f307ea4d02eca21ddf09c44e9d73aa61d2,0,109,,2000,14492.41087015821,110,generated,27136000,0,0.001464435,0.0,0.0,0,0,,1,2dd77fafa65a8f8c,1.4991856929991627,optimal,1.475750575,0.0,True
21866,493f6f942eca3576ac0253ad50581fbe0469e8e417d3f97011c676f7789871fd,249546287,"""instance""",0.0,"['taskset', '-c', '2', '<project>/build/release/pclp', 'solve', '--instance', '<project>/data/generated/gen_layered_levels8-density0.05_n2000_uniform_neg30_r2.json', '--config', '<project>/experiments/runs/scalability/fd365af27b3220d7/resolved_config.json', '--output', '<project>/experiments/runs/scalability/fd365af27b3220d7/result.json']",False,forest-tuned,415388,1.595527978,30.014463064,layered,0,0,1696,gen_layered_levels8-density0.05_n2000_uniform_neg30_r2,data/generated/gen_layered_levels8-density0.05_n2000_uniform_neg30_r2.json,323c7dcd242146b757f18c7830d4b4f307ea4d02eca21ddf09c44e9d73aa61d2,413941,72,residual oracle did not certify optimality,2000,0.0,73,generated,27136000,415564,0.001599415,2.273679028,13.158361449,312772708,0,,0,fd365af27b3220d7,30.022146525996504,time_limit,30.00019525,12.187258736,False
21866,493f6f942eca3576ac0253ad50581fbe0469e8e417d3f97011c676f7789871fd,,"""instance""",,,,forest-tuned,,,,layered,,,,gen_layered_levels8-density0.05_n2000_uniform_neg30_r2,data/generated/gen_layered_levels8-density0.05_n2000_uniform_neg30_r2.json,323c7dcd242146b757f18c7830d4b4f307ea4d02eca21ddf09c44e9d73aa61d2,,,residual oracle did not certify optimality,2000,,,generated,,,,,,,,True,1,77da0450a40c25ba,30.022146525996504,time_limit,,,False
21866,493f6f942eca3576ac0253ad50581fbe0469e8e417d3f97011c676f7789871fd,0,"""instance""",0.000688756,"['taskset', '-c', '2', '<project>/build/release/pclp', 'solve', '--instance', '<project>/data/generated/gen_layered_levels8-density0.05_n2000_uniform_neg30_r2.json', '--config', '<project>/experiments/runs/scalability/72481f280461dafd/resolved_config.json', '--output', '<project>/experiments/runs/scalability/72481f280461dafd/result.json']",False,parametric,0,0.0,0.068028795,layered,9355,219,0,gen_layered_levels8-density0.05_n2000_uniform_neg30_r2,data/generated/gen_layered_levels8-density0.05_n2000_uniform_neg30_r2.json,323c7dcd242146b757f18c7830d4b4f307ea4d02eca21ddf09c44e9d73aa61d2,0,109,,2000,14492.41087015821,218,generated,27136000,0,0.001422741,0.0,0.0,0,0,,0,72481f280461dafd,0.07639825200021733,optimal,0.053848663,0.0,True
21866,493f6f942eca3576ac0253ad50581fbe0469e8e417d3f97011c676f7789871fd,0,"""instance""",0.000723399,"['taskset', '-c', '2', '<project>/build/release/pclp', 'solve', '--instance', '<project>/data/generated/gen_layered_levels8-density0.05_n2000_uniform_neg30_r2.json', '--config', '<project>/experiments/runs/scalability/7554a820dae0c942/resolved_config.json', '--output', '<project>/experiments/runs/scalability/7554a820dae0c942/result.json']",False,parametric,0,0.0,0.071912194,layered,9355,219,0,gen_layered_levels8-density0.05_n2000_uniform_neg30_r2,data/generated/gen_layered_levels8-density0.05_n2000_uniform_neg30_r2.json,323c7dcd242146b757f18c7830d4b4f307ea4d02eca21ddf09c44e9d73aa61d2,0,109,,2000,14492.41087015821,218,generated,27136000,0,0.001461015,0.0,0.0,0,0,,1,7554a820dae0c942,0.08035296099842526,optimal,0.057144842,0.0,True
21734,493f6f942eca3576ac0253ad50581fbe0469e8e417d3f97011c676f7789871fd,0,"""instance""",0.000668996,"['taskset', '-c', '2', '<project>/build/release/pclp', 'solve', '--instance', '<project>/data/generated/gen_layered_levels8-density0.05_n2000_uniform_neg60_r0.json', '--config', '<project>/experiments/runs/scalability/64fd3d3bf0f1ee48/resolved_config.json', '--output', '<project>/experiments/runs/scalability/64fd3d3bf0f1ee48/result.json']",False,dinkelbach,0,0.0,2.258591005,layered,655425,1016,0,gen_layered_levels8-density0.05_n2000_uniform_neg60_r0,data/generated/gen_layered_levels8-density0.05_n2000_uniform_neg60_r0.json,80b1e65861a21d81cf4f10b96f0719fcce128716412c617d319f364776a1b839,0,99,,2000,10007.722090261283,100,generated,27136000,0,0.001629051,0.0,0.0,0,0,,0,64fd3d3bf0f1ee48,2.2669366949994583,optimal,2.242802392,0.0,True
21734,493f6f942eca3576ac0253ad50581fbe0469e8e417d3f97011c676f7789871fd,0,"""instance""",0.000694357,"['taskset', '-c', '2', '<project>/build/release/pclp', 'solve', '--instance', '<project>/data/generated/gen_layered_levels8-density0.05_n2000_uniform_neg60_r0.json', '--config', '<project>/experiments/runs/scalability/5020b0b71a98b725/resolved_config.json', '--output', '<project>/experiments/runs/scalability/5020b0b71a98b725/result.json']",False,dinkelbach,0,0.0,2.22221494,layered,655425,1016,0,gen_layered_levels8-density0.05_n2000_uniform_neg60_r0,data/generated/gen_layered_levels8-density0.05_n2000_uniform_neg60_r0.json,80b1e65861a21d81cf4f10b96f0719fcce128716412c617d319f364776a1b839,0,99,,2000,10007.722090261283,100,generated,27136000,0,0.001517091,0.0,0.0,0,0,,1,5020b0b71a98b725,2.2329802269960055,optimal,2.207777704,0.0,True
21734,493f6f942eca3576ac0253ad50581fbe0469e8e417d3f97011c676f7789871fd,308834177,"""instance""",0.0,"['taskset', '-c', '2', '<project>/build/release/pclp', 'solve', '--instance', '<project>/data/generated/gen_layered_levels8-density0.05_n2000_uniform_neg60_r0.json', '--config', '<project>/experiments/runs/scalability/8883515cd41e7653/resolved_config.json', '--output', '<project>/experiments/runs/scalability/8883515cd41e7653/result.json']",False,forest-tuned,443936,1.444309213,30.014859,layered,0,0,1814,gen_layered_levels8-density0.05_n2000_uniform_neg60_r0,data/generated/gen_layered_levels8-density0.05_n2000_uniform_neg60_r0.json,80b1e65861a21d81cf4f10b96f0719fcce128716412c617d319f364776a1b839,442407,79,residual oracle did not certify optimality,2000,0.0,80,generated,27136000,444141,0.001534249,2.684998856,12.784199248,328653602,0,,0,8883515cd41e7653,30.02223433200561,time_limit,30.000387274,12.255051474,False
21734,493f6f942eca3576ac0253ad50581fbe0469e8e417d3f97011c676f7789871fd,,"""instance""",,,,forest-tuned,,,,layered,,,,gen_layered_levels8-density0.05_n2000_uniform_neg60_r0,data/generated/gen_layered_levels8-density0.05_n2000_uniform_neg60_r0.json,80b1e65861a21d81cf4f10b96f0719fcce128716412c617d319f364776a1b839,,,residual oracle did not certify optimality,2000,,,generated,,,,,,,,True,1,216e6a712337c9ee,30.02223433200561,time_limit,,,False
21734,493f6f942eca3576ac0253ad50581fbe0469e8e417d3f97011c676f7789871fd,0,"""instance""",0.000718566,"['taskset', '-c', '2', '<project>/build/release/pclp', 'solve', '--instance', '<project>/data/generated/gen_layered_levels8-density0.05_n2000_uniform_neg60_r0.json', '--config', '<project>/experiments/runs/scalability/200e0e99d8512e48/resolved_config.json', '--output', '<project>/experiments/runs/scalability/200e0e99d8512e48/result.json']",False,parametric,0,0.0,0.078405172,layered,11213,199,0,gen_layered_levels8-density0.05_n2000_uniform_neg60_r0,data/generated/gen_layered_levels8-density0.05_n2000_uniform_neg60_r0.json,80b1e65861a21d81cf4f10b96f0719fcce128716412c617d319f364776a1b839,0,99,,2000,10007.722090261283,198,generated,27136000,0,0.001479209,0.0,0.0,0,0,,0,200e0e99d8512e48,0.08718816100736149,optimal,0.063712515,0.0,True
21734,493f6f942eca3576ac0253ad50581fbe0469e8e417d3f97011c676f7789871fd,0,"""instance""",0.000717665,"['taskset', '-c', '2', '<project>/build/release/pclp', 'solve', '--instance', '<project>/data/generated/gen_layered_levels8-density0.05_n2000_uniform_neg60_r0.json', '--config', '<project>/experiments/runs/scalability/bb23c7491bd94f67/resolved_config.json', '--output', '<project>/experiments/runs/scalability/bb23c7491bd94f67/result.json']",False,parametric,0,0.0,0.080587773,layered,11213,199,0,gen_layered_levels8-density0.05_n2000_uniform_neg60_r0,data/generated/gen_layered_levels8-density0.05_n2000_uniform_neg60_r0.json,80b1e65861a21d81cf4f10b96f0719fcce128716412c617d319f364776a1b839,0,99,,2000,10007.722090261283,198,generated,27136000,0,0.001509531,0.0,0.0,0,0,,1,bb23c7491bd94f67,0.08924331900198013,optimal,0.065853912,0.0,True
22013,493f6f942eca3576ac0253ad50581fbe0469e8e417d3f97011c676f7789871fd,0,"""instance""",0.000588892,"['taskset', '-c', '2', '<project>/build/release/pclp', 'solve', '--instance', '<project>/data/generated/gen_layered_levels8-density0.05_n2000_uniform_neg60_r1.json', '--config', '<project>/experiments/runs/scalability/12ba862a13375e81/resolved_config.json', '--output', '<project>/experiments/runs/scalability/12ba862a13375e81/result.json']",False,dinkelbach,0,0.0,1.380467348,layered,673716,1031,0,gen_layered_levels8-density0.05_n2000_uniform_neg60_r1,data/generated/gen_layered_levels8-density0.05_n2000_uniform_neg60_r1.json,a34886f7fe40acbc0a074a906c40c1cf228d0263c0bc8f9e22849e2920bc9f90,0,89,,2000,757.804,90,generated,27136000,0,0.0014759,0.0,0.0,0,0,,0,12ba862a13375e81,1.3891972029960016,optimal,1.366559948,0.0,True
22013,493f6f942eca3576ac0253ad50581fbe0469e8e417d3f97011c676f7789871fd,0,"""instance""",0.000842886,"['taskset', '-c', '2', '<project>/build/release/pclp', 'solve', '--instance', '<project>/data/generated/gen_layered_levels8-density0.05_n2000_uniform_neg60_r1.json', '--config', '<project>/experiments/runs/scalability/37d5a21995bd481c/resolved_config.json', '--output', '<project>/experiments/runs/scalability/37d5a21995bd481c/result.json']",False,dinkelbach,0,0.0,1.642469021,layered,673716,1031,0,gen_layered_levels8-density0.05_n2000_uniform_neg60_r1,data/generated/gen_layered_levels8-density0.05_n2000_uniform_neg60_r1.json,a34886f7fe40acbc0a074a906c40c1cf228d0263c0bc8f9e22849e2920bc9f90,0,89,,2000,757.804,90,generated,27136000,0,0.002151699,0.0,0.0,0,0,,1,37d5a21995bd481c,1.6541624889941886,optimal,1.619421325,0.0,True
22013,493f6f942eca3576ac0253ad50581fbe0469e8e417d3f97011c676f7789871fd,13559811,"""instance""",0.000635708,"['taskset', '-c', '2', '<project>/build/release/pclp', 'solve', '--instance', '<project>/data/generated/gen_layered_levels8-density0.05_n2000_uniform_neg60_r1.json', '--config', '<project>/experiments/runs/scalability/c77b4559adb24a93/resolved_config.json', '--output', '<project>/experiments/runs/scalability/c77b4559adb24a93/result.json']",False,forest-tuned,167995,0.335774466,2.544370057,layered,0,0,747,gen_layered_levels8-density0.05_n2000_uniform_neg60_r1,data/generated/gen_layered_levels8-density0.05_n2000_uniform_neg60_r1.json,a34886f7fe40acbc0a074a906c40c1cf228d0263c0bc8f9e22849e2920bc9f90,167591,89,,2000,757.804,90,generated,27136000,168248,0.001517023,0.157816652,0.293108459,46422115,0,,0,c77b4559adb24a93,2.553791429992998,optimal,2.529975044,1.533503747,True
22013,493f6f942eca3576ac0253ad50581fbe0469e8e417d3f97011c676f7789871fd,13559811,"""instance""",0.000563764,"['taskset', '-c', '2', '<project>/build/release/pclp', 'solve', '--instance', '<project>/data/generated/gen_layered_levels8-density0.05_n2000_uniform_neg60_r1.json', '--config', '<project>/experiments/runs/scalability/4e92063e44ae1c28/resolved_config.json', '--output', '<project>/experiments/runs/scalability/4e92063e44ae1c28/result.json']",False,forest-tuned,167995,0.384060833,2.818737409,layered,0,0,747,gen_layered_levels8-density0.05_n2000_uniform_neg60_r1,data/generated/gen_layered_levels8-density0.05_n2000_uniform_neg60_r1.json,a34886f7fe40acbc0a074a906c40c1cf228d0263c0bc8f9e22849e2920bc9f90,167591,89,,2000,757.804,90,generated,27136000,168248,0.002175631,0.180355241,0.332993239,46422115,0,,1,4e92063e44ae1c28,2.82842528000765,optimal,2.795813754,1.681788193,True
22013,493f6f942eca3576ac0253ad50581fbe0469e8e417d3f97011c676f7789871fd,0,"""instance""",0.000952175,"['taskset', '-c', '2', '<project>/build/release/pclp', 'solve', '--instance', '<project>/data/generated/gen_layered_levels8-density0.05_n2000_uniform_neg60_r1.json', '--config', '<project>/experiments/runs/scalability/321ecbcaf1097600/resolved_config.json', '--output', '<project>/experiments/runs/scalability/321ecbcaf1097600/result.json']",False,parametric,0,0.0,0.044874932,layered,1780,179,0,gen_layered_levels8-density0.05_n2000_uniform_neg60_r1,data/generated/gen_layered_levels8-density0.05_n2000_uniform_neg60_r1.json,a34886f7fe40acbc0a074a906c40c1cf228d0263c0bc8f9e22849e2920bc9f90,0,89,,2000,757.804,178,generated,27136000,0,0.002221518,0.0,0.0,0,0,,0,321ecbcaf1097600,0.05512537300819531,optimal,0.022088094,0.0,True
22013,493f6f942eca3576ac0253ad50581fbe0469e8e417d3f97011c676f7789871fd,0,"""instance""",0.000931883,"['taskset', '-c', '2', '<project>/build/release/pclp', 'solve', '--instance', '<project>/data/generated/gen_layered_levels8-density0.05_n2000_uniform_neg60_r1.json', '--config', '<project>/experiments/runs/scalability/a06bca84a02cab2b/resolved_config.json', '--output', '<project>/experiments/runs/scalability/a06bca84a02cab2b/result.json']",False,parametric,0,0.0,0.043944632,layered,1780,179,0,gen_layered_levels8-density0.05_n2000_uniform_neg60_r1,data/generated/gen_layered_levels8-density0.05_n2000_uniform_neg60_r1.json,a34886f7fe40acbc0a074a906c40c1cf228d0263c0bc8f9e22849e2920bc9f90,0,89,,2000,757.804,178,generated,27136000,0,0.002074581,0.0,0.0,0,0,,1,a06bca84a02cab2b,0.05439129400474485,optimal,0.021637101,0.0,True
21874,493f6f942eca3576ac0253ad50581fbe0469e8e417d3f97011c676f7789871fd,0,"""instance""",0.000675964,"['taskset', '-c', '2', '<project>/build/release/pclp', 'solve', '--instance', '<project>/data/generated/gen_layered_levels8-density0.05_n2000_uniform_neg60_r2.json', '--config', '<project>/experiments/runs/scalability/e1992e6fcd86c57b/resolved_config.json', '--output', '<project>/experiments/runs/scalability/e1992e6fcd86c57b/result.json']",False,dinkelbach,0,0.0,1.499178391,layered,376085,563,0,gen_layered_levels8-density0.05_n2000_uniform_neg60_r2,data/generated/gen_layered_levels8-density0.05_n2000_uniform_neg60_r2.json,d18fa0f0f1d660deba660714dd0b45adddddccd21d72a19bd92f5338813904b1,0,59,,2000,4606.588266384778,60,generated,27136000,0,0.001606266,0.0,0.0,0,0,,0,e1992e6fcd86c57b,1.5080211559979944,optimal,1.483479795,0.0,True
21874,493f6f942eca3576ac0253ad50581fbe0469e8e417d3f97011c676f7789871fd,0,"""instance""",0.000679686,"['taskset', '-c', '2', '<project>/build/release/pclp', 'solve', '--instance', '<project>/data/generated/gen_layered_levels8-density0.05_n2000_uniform_neg60_r2.json', '--config', '<project>/experiments/runs/scalability/7f55f6f878e134e0/resolved_config.json', '--output', '<project>/experiments/runs/scalability/7f55f6f878e134e0/result.json']",False,dinkelbach,0,0.0,1.47559927,layered,376085,563,0,gen_layered_levels8-density0.05_n2000_uniform_neg60_r2,data/generated/gen_layered_levels8-density0.05_n2000_uniform_neg60_r2.json,d18fa0f0f1d660deba660714dd0b45adddddccd21d72a19bd92f5338813904b1,0,59,,2000,4606.588266384778,60,generated,27136000,0,0.00159551,0.0,0.0,0,0,,1,7f55f6f878e134e0,1.482658779990743,optimal,1.460702428,0.0,True
21874,493f6f942eca3576ac0253ad50581fbe0469e8e417d3f97011c676f7789871fd,261963391,"""instance""",0.0,"['taskset', '-c', '2', '<project>/build/release/pclp', 'solve', '--instance', '<project>/data/generated/gen_layered_levels8-density0.05_n2000_uniform_neg60_r2.json', '--config', '<project>/experiments/runs/scalability/c9b36ebfda588de4/resolved_config.json', '--output', '<project>/experiments/runs/scalability/c9b36ebfda588de4/result.json']",False,forest-tuned,392901,1.513109673,30.022177049,layered,0,0,1585,gen_layered_levels8-density0.05_n2000_uniform_neg60_r2,data/generated/gen_layered_levels8-density0.05_n2000_uniform_neg60_r2.json,d18fa0f0f1d660deba660714dd0b45adddddccd21d72a19bd92f5338813904b1,391480,49,residual oracle did not certify optimality,2000,0.0,50,generated,27136000,393015,0.002114217,2.4004849520000002,12.176828224,346686148,0,,0,c9b36ebfda588de4,30.03010814700974,time_limit,30.000265513,13.135145791,False
21874,493f6f942eca3576ac0253ad50581fbe0469e8e417d3f97011c676f7789871fd,,"""instance""",,,,forest-tuned,,,,layered,,,,gen_layered_levels8-density0.05_n2000_uniform_neg60_r2,data/generated/gen_layered_levels8-density0.05_n2000_uniform_neg60_r2.json,d18fa0f0f1d660deba660714dd0b45adddddccd21d72a19bd92f5338813904b1,,,residual oracle did not certify optimality,2000,,,generated,,,,,,,,True,1,118e31a40099221a,30.03010814700974,time_limit,,,False
21874,493f6f942eca3576ac0253ad50581fbe0469e8e417d3f97011c676f7789871fd,0,"""instance""",0.000700681,"['taskset', '-c', '2', '<project>/build/release/pclp', 'solve', '--instance', '<project>/data/generated/gen_layered_levels8-density0.05_n2000_uniform_neg60_r2.json', '--config', '<project>/experiments/runs/scalability/816db150f5f322a4/resolved_config.json', '--output', '<project>/experiments/runs/scalability/816db150f5f322a4/result.json']",False,parametric,0,0.0,0.070390544,layered,10281,119,0,gen_layered_levels8-density0.05_n2000_uniform_neg60_r2,data/generated/gen_layered_levels8-density0.05_n2000_uniform_neg60_r2.json,d18fa0f0f1d660deba660714dd0b45adddddccd21d72a19bd92f5338813904b1,0,59,,2000,4606.588266384778,118,generated,27136000,0,0.001458645,0.0,0.0,0,0,,0,816db150f5f322a4,0.07901779100939166,optimal,0.055948163,0.0,True
21874,493f6f942eca3576ac0253ad50581fbe0469e8e417d3f97011c676f7789871fd,0,"""instance""",0.000722392,"['taskset', '-c', '2', '<project>/build/release/pclp', 'solve', '--instance', '<project>/data/generated/gen_layered_levels8-density0.05_n2000_uniform_neg60_r2.json', '--config', '<project>/experiments/runs/scalability/e0e81d7dcd9227fe/resolved_config.json', '--output', '<project>/experiments/runs/scalability/e0e81d7dcd9227fe/result.json']",False,parametric,0,0.0,0.074813269,layered,10281,119,0,gen_layered_levels8-density0.05_n2000_uniform_neg60_r2,data/generated/gen_layered_levels8-density0.05_n2000_uniform_neg60_r2.json,d18fa0f0f1d660deba660714dd0b45adddddccd21d72a19bd92f5338813904b1,0,59,,2000,4606.588266384778,118,generated,27136000,0,0.001550709,0.0,0.0,0,0,,1,e0e81d7dcd9227fe,0.08383196700015105,optimal,0.060251634,0.0,True
275,493f6f942eca3576ac0253ad50581fbe0469e8e417d3f97011c676f7789871fd,0,"""instance""",5.1151e-05,"['taskset', '-c', '2', '<project>/build/release/pclp', 'solve', '--instance', '<project>/data/generated/gen_layered_levels8-density0.05_n200_uniform_neg0_r0.json', '--config', '<project>/experiments/runs/scalability/7d7b93e29c499fef/resolved_config.json', '--output', '<project>/experiments/runs/scalability/7d7b93e29c499fef/result.json']",True,dinkelbach,0,0.0,0.016430127,layered,15422,644,0,gen_layered_levels8-density0.05_n200_uniform_neg0_r0,data/generated/gen_layered_levels8-density0.05_n200_uniform_neg0_r0.json,a7abb3388358918df8f1639db26d73b860ee95635e114a4e353796262281dee4,0,83,,200,4089.15,83,generated,24199168,0,7.2476e-05,0.0,0.0,0,0,,0,7d7b93e29c499fef,0.021411612004158087,optimal,0.015921402,0.0,True
275,493f6f942eca3576ac0253ad50581fbe0469e8e417d3f97011c676f7789871fd,0,"""instance""",5.0585e-05,"['taskset', '-c', '2', '<project>/build/release/pclp', 'solve', '--instance', '<project>/data/generated/gen_layered_levels8-density0.05_n200_uniform_neg0_r0.json', '--config', '<project>/experiments/runs/scalability/cdeaffcfc297b32e/resolved_config.json', '--output', '<project>/experiments/runs/scalability/cdeaffcfc297b32e/result.json']",True,dinkelbach,0,0.0,0.015890064,layered,15422,644,0,gen_layered_levels8-density0.05_n200_uniform_neg0_r0,data/generated/gen_layered_levels8-density0.05_n200_uniform_neg0_r0.json,a7abb3388358918df8f1639db26d73b860ee95635e114a4e353796262281dee4,0,83,,200,4089.15,83,generated,24199168,0,7.1639e-05,0.0,0.0,0,0,,1,cdeaffcfc297b32e,0.019944050000049174,optimal,0.01526415,0.0,True
275,493f6f942eca3576ac0253ad50581fbe0469e8e417d3f97011c676f7789871fd,211307,"""instance""",3.5918e-05,"['taskset', '-c', '2', '<project>/build/release/pclp', 'solve', '--instance', '<project>/data/generated/gen_layered_levels8-density0.05_n200_uniform_neg0_r0.json', '--config', '<project>/experiments/runs/scalability/e5f1bd9e4629086b/resolved_config.json', '--output', '<project>/experiments/runs/scalability/e5f1bd9e4629086b/result.json']",True,forest-tuned,5267,0.001610176,0.02007751,layered,0,0,103,gen_layered_levels8-density0.05_n200_uniform_neg0_r0,data/generated/gen_layered_levels8-density0.05_n200_uniform_neg0_r0.json,a7abb3388358918df8f1639db26d73b860ee95635e114a4e353796262281dee4,5303,83,,200,4089.15,83,generated,24199168,5323,7.742e-05,0.003277225,0.002316648,183144,0,,0,e5f1bd9e4629086b,0.023943217005580664,optimal,0.019390489,0.008408401,True
275,493f6f942eca3576ac0253ad50581fbe0469e8e417d3f97011c676f7789871fd,211307,"""instance""",3.5649e-05,"['taskset', '-c', '2', '<project>/build/release/pclp', 'solve', '--instance', '<project>/data/generated/gen_layered_levels8-density0.05_n200_uniform_neg0_r0.json', '--config', '<project>/experiments/runs/scalability/f7c2d0d57bde2439/resolved_config.json', '--output', '<project>/experiments/runs/scalability/f7c2d0d57bde2439/result.json']",True,forest-tuned,5267,0.0015943,0.019896554,layered,0,0,103,gen_layered_levels8-density0.05_n200_uniform_neg0_r0,data/generated/gen_layered_levels8-density0.05_n200_uniform_neg0_r0.json,a7abb3388358918df8f1639db26d73b860ee95635e114a4e353796262281dee4,5303,83,,200,4089.15,83,generated,24199168,5323,7.6789e-05,0.003266002,0.002322408,183144,0,,1,f7c2d0d57bde2439,0.024604984995676205,optimal,0.019390087,0.00843145,True
275,493f6f942eca3576ac0253ad50581fbe0469e8e417d3f97011c676f7789871fd,0,"""instance""",4.4943e-05,"['taskset', '-c', '2', '<project>/build/release/pclp', 'solve', '--instance', '<project>/data/generated/gen_layered_levels8-density0.05_n200_uniform_neg0_r0.json', '--config', '<project>/experiments/runs/scalability/520d6de22b449921/resolved_config.json', '--output', '<project>/experiments/runs/scalability/520d6de22b449921/result.json']",False,parametric,0,0.0,0.002030037,layered,576,166,0,gen_layered_levels8-density0.05_n200_uniform_neg0_r0,data/generated/gen_layered_levels8-density0.05_n200_uniform_neg0_r0.json,a7abb3388358918df8f1639db26d73b860ee95635e114a4e353796262281dee4,0,83,,200,4089.15,166,generated,24199168,0,7.2481e-05,0.0,0.0,0,0,,0,520d6de22b449921,0.005799225007649511,optimal,0.001547392,0.0,True
275,493f6f942eca3576ac0253ad50581fbe0469e8e417d3f97011c676f7789871fd,0,"""instance""",4.1995e-05,"['taskset', '-c', '2', '<project>/build/release/pclp', 'solve', '--instance', '<project>/data/generated/gen_layered_levels8-density0.05_n200_uniform_neg0_r0.json', '--config', '<project>/experiments/runs/scalability/0aeea217240cbcda/resolved_config.json', '--output', '<project>/experiments/runs/scalability/0aeea217240cbcda/result.json']",False,parametric,0,0.0,0.00202212,layered,576,166,0,gen_layered_levels8-density0.05_n200_uniform_neg0_r0,data/generated/gen_layered_levels8-density0.05_n200_uniform_neg0_r0.json,a7abb3388358918df8f1639db26d73b860ee95635e114a4e353796262281dee4,0,83,,200,4089.15,166,generated,24199168,0,7.0436e-05,0.0,0.0,0,0,,1,0aeea217240cbcda,0.005892058004974388,optimal,0.001544371,0.0,True
291,493f6f942eca3576ac0253ad50581fbe0469e8e417d3f97011c676f7789871fd,0,"""instance""",5.1833e-05,"['taskset', '-c', '2', '<project>/build/release/pclp', 'solve', '--instance', '<project>/data/generated/gen_layered_levels8-density0.05_n200_uniform_neg0_r1.json', '--config', '<project>/experiments/runs/scalability/2b223874d5914f1f/resolved_config.json', '--output', '<project>/experiments/runs/scalability/2b223874d5914f1f/result.json']",True,dinkelbach,0,0.0,0.018464396,layered,18814,719,0,gen_layered_levels8-density0.05_n200_uniform_neg0_r1,data/generated/gen_layered_levels8-density0.05_n200_uniform_neg0_r1.json,a34b6c55712853890b29b1f2ce6b51eb6952ed691c6e8e821b92760c8df74f7a,0,89,,200,493.5196625,89,generated,24199168,0,7.3047e-05,0.0,0.0,0,0,,0,2b223874d5914f1f,0.023579551998409443,optimal,0.017957053,0.0,True
291,493f6f942eca3576ac0253ad50581fbe0469e8e417d3f97011c676f7789871fd,0,"""instance""",4.6588e-05,"['taskset', '-c', '2', '<project>/build/release/pclp', 'solve', '--instance', '<project>/data/generated/gen_layered_levels8-density0.05_n200_uniform_neg0_r1.json', '--config', '<project>/experiments/runs/scalability/d00419b40e172884/resolved_config.json', '--output', '<project>/experiments/runs/scalability/d00419b40e172884/result.json']",True,dinkelbach,0,0.0,0.01815189,layered,18814,719,0,gen_layered_levels8-density0.05_n200_uniform_neg0_r1,data/generated/gen_layered_levels8-density0.05_n200_uniform_neg0_r1.json,a34b6c55712853890b29b1f2ce6b51eb6952ed691c6e8e821b92760c8df74f7a,0,89,,200,493.5196625,89,generated,24199168,0,6.7367e-05,0.0,0.0,0,0,,1,d00419b40e172884,0.023113045986974612,optimal,0.017627258,0.0,True
291,493f6f942eca3576ac0253ad50581fbe0469e8e417d3f97011c676f7789871fd,261258,"""instance""",3.4291e-05,"['taskset', '-c', '2', '<project>/build/release/pclp', 'solve', '--instance', '<project>/data/generated/gen_layered_levels8-density0.05_n200_uniform_neg0_r1.json', '--config', '<project>/experiments/runs/scalability/fbf9fb5706e91feb/resolved_config.json', '--output', '<project>/experiments/runs/scalability/fbf9fb5706e91feb/result.json']",True,forest-tuned,6363,0.001745428,0.022899557,layered,0,0,114,gen_layered_levels8-density0.05_n200_uniform_neg0_r1,data/generated/gen_layered_levels8-density0.05_n200_uniform_neg0_r1.json,a34b6c55712853890b29b1f2ce6b51eb6952ed691c6e8e821b92760c8df74f7a,6420,89,,200,493.5196625,89,generated,24199168,6445,8.0293e-05,0.003726702,0.002641807,228791,0,,0,fbf9fb5706e91feb,0.02788074899581261,optimal,0.022124319,0.009825699,True
291,493f6f942eca3576ac0253ad50581fbe0469e8e417d3f97011c676f7789871fd,261258,"""instance""",4.7241e-05,"['taskset', '-c', '2', '<project>/build/release/pclp', 'solve', '--instance', '<project>/data/generated/gen_layered_levels8-density0.05_n200_uniform_neg0_r1.json', '--config', '<project>/experiments/runs/scalability/0d6a4da18718d924/resolved_config.json', '--output', '<project>/experiments/runs/scalability/0d6a4da18718d924/result.json']",True,forest-tuned,6363,0.00258881,0.024575154,layered,0,0,114,gen_layered_levels8-density0.05_n200_uniform_neg0_r1,data/generated/gen_layered_levels8-density0.05_n200_uniform_neg0_r1.json,a34b6c55712853890b29b1f2ce6b51eb6952ed691c6e8e821b92760c8df74f7a,6420,89,,200,493.5196625,89,generated,24199168,6445,6.9517e-05,0.003974096,0.002751704,228791,0,,1,0d6a4da18718d924,0.02884433999133762,optimal,0.024006052,0.010315288,True
291,493f6f942eca3576ac0253ad50581fbe0469e8e417d3f97011c676f7789871fd,0,"""instance""",3.675e-05,"['taskset', '-c', '2', '<project>/build/release/pclp', 'solve', '--instance', '<project>/data/generated/gen_layered_levels8-density0.05_n200_uniform_neg0_r1.json', '--config', '<project>/experiments/runs/scalability/a8d9ed481413fd5c/resolved_config.json', '--output', '<project>/experiments/runs/scalability/a8d9ed481413fd5c/result.json']",False,parametric,0,0.0,0.001920834,layered,636,178,0,gen_layered_levels8-density0.05_n200_uniform_neg0_r1,data/generated/gen_layered_levels8-density0.05_n200_uniform_neg0_r1.json,a34b6c55712853890b29b1f2ce6b51eb6952ed691c6e8e821b92760c8df74f7a,0,89,,200,493.5196625,178,generated,24199168,0,6.7547e-05,0.0,0.0,0,0,,0,a8d9ed481413fd5c,0.005436570994788781,optimal,0.001433406,0.0,True
291,493f6f942eca3576ac0253ad50581fbe0469e8e417d3f97011c676f7789871fd,0,"""instance""",3.9253e-05,"['taskset', '-c', '2', '<project>/build/release/pclp', 'solve', '--instance', '<project>/data/generated/gen_layered_levels8-density0.05_n200_uniform_neg0_r1.json', '--config', '<project>/experiments/runs/scalability/c6944e3d242ac264/resolved_config.json', '--output', '<project>/experiments/runs/scalability/c6944e3d242ac264/result.json']",False,parametric,0,0.0,0.001931147,layered,636,178,0,gen_layered_levels8-density0.05_n200_uniform_neg0_r1,data/generated/gen_layered_levels8-density0.05_n200_uniform_neg0_r1.json,a34b6c55712853890b29b1f2ce6b51eb6952ed691c6e8e821b92760c8df74f7a,0,89,,200,493.5196625,178,generated,24199168,0,6.6267e-05,0.0,0.0,0,0,,1,c6944e3d242ac264,0.005538338999031112,optimal,0.001438511,0.0,True
241,493f6f942eca3576ac0253ad50581fbe0469e8e417d3f97011c676f7789871fd,0,"""instance""",2.7316e-05,"['taskset', '-c', '2', '<project>/build/release/pclp', 'solve', '--instance', '<project>/data/generated/gen_layered_levels8-density0.05_n200_uniform_neg0_r2.json', '--config', '<project>/experiments/runs/scalability/493b9108d2308800/resolved_config.json', '--output', '<project>/experiments/runs/scalability/493b9108d2308800/result.json']",True,dinkelbach,0,0.0,0.009949037,layered,10773,395,0,gen_layered_levels8-density0.05_n200_uniform_neg0_r2,data/generated/gen_layered_levels8-density0.05_n200_uniform_neg0_r2.json,91627b0389c15e241c61bcb38405a39958a794f73912f7d208c62bde1fa79663,0,53,,200,3153.955882352941,53,generated,24199168,0,5.8397e-05,0.0,0.0,0,0,,0,493b9108d2308800,0.014391563992830925,optimal,0.009548487,0.0,True
241,493f6f942eca3576ac0253ad50581fbe0469e8e417d3f97011c676f7789871fd,0,"""instance""",2.8358e-05,"['taskset', '-c', '2', '<project>/build/release/pclp', 'solve', '--instance', '<project>/data/generated/gen_layered_levels8-density0.05_n200_uniform_neg0_r2.json', '--config', '<project>/experiments/runs/scalability/eb5363308f212364/resolved_config.json', '--output', '<project>/experiments/runs/scalability/eb5363308f212364/result.json']",True,dinkelbach,0,0.0,0.010202656,layered,10773,395,0,gen_layered_levels8-density0.05_n200_uniform_neg0_r2,data/generated/gen_layered_levels8-density0.05_n200_uniform_neg0_r2.json,91627b0389c15e241c61bcb38405a39958a794f73912f7d208c62bde1fa79663,0,53,,200,3153.955882352941,53,generated,24199168,0,5.7645e-05,0.0,0.0,0,0,,1,eb5363308f212364,0.014813481000601314,optimal,0.009813196,0.0,True
241,493f6f942eca3576ac0253ad50581fbe0469e8e417d3f97011c676f7789871fd,177469,"""instance""",3.1032e-05,"['taskset', '-c', '2', '<project>/build/release/pclp', 'solve', '--instance', '<project>/data/generated/gen_layered_levels8-density0.05_n200_uniform_neg0_r2.json', '--config', '<project>/experiments/runs/scalability/f7542e2200e7e7c4/resolved_config.json', '--output', '<project>/experiments/runs/scalability/f7542e2200e7e7c4/result.json']",True,forest-tuned,4432,0.001900955,0.018980376,layered,0,0,70,gen_layered_levels8-density0.05_n200_uniform_neg0_r2,data/generated/gen_layered_levels8-density0.05_n200_uniform_neg0_r2.json,91627b0389c15e241c61bcb38405a39958a794f73912f7d208c62bde1fa79663,4459,53,,200,3153.955882352941,53,generated,24199168,4476,8.6039e-05,0.003837452,0.002455966,106899,0,,0,f7542e2200e7e7c4,0.025198645002092235,optimal,0.01819774,0.006503826,True
241,493f6f942eca3576ac0253ad50581fbe0469e8e417d3f97011c676f7789871fd,177469,"""instance""",2.9956e-05,"['taskset', '-c', '2', '<project>/build/release/pclp', 'solve', '--instance', '<project>/data/generated/gen_layered_levels8-density0.05_n200_uniform_neg0_r2.json', '--config', '<project>/experiments/runs/scalability/1e85508aea657532/resolved_config.json', '--output', '<project>/experiments/runs/scalability/1e85508aea657532/result.json']",True,forest-tuned,4432,0.001111516,0.012364876,layered,0,0,70,gen_layered_levels8-density0.05_n200_uniform_neg0_r2,data/generated/gen_layered_levels8-density0.05_n200_uniform_neg0_r2.json,91627b0389c15e241c61bcb38405a39958a794f73912f7d208c62bde1fa79663,4459,53,,200,3153.955882352941,53,generated,24199168,4476,5.7371e-05,0.002271327,0.001688911,106899,0,,1,1e85508aea657532,0.016879335991689004,optimal,0.011967486,0.004387024,True
241,493f6f942eca3576ac0253ad50581fbe0469e8e417d3f97011c676f7789871fd,0,"""instance""",2.933e-05,"['taskset', '-c', '2', '<project>/build/release/pclp', 'solve', '--instance', '<project>/data/generated/gen_layered_levels8-density0.05_n200_uniform_neg0_r2.json', '--config', '<project>/experiments/runs/scalability/52bf66d66b264ea9/resolved_config.json', '--output', '<project>/experiments/runs/scalability/52bf66d66b264ea9/result.json']",False,parametric,0,0.0,0.001692961,layered,596,106,0,gen_layered_levels8-density0.05_n200_uniform_neg0_r2,data/generated/gen_layered_levels8-density0.05_n200_uniform_neg0_r2.json,91627b0389c15e241c61bcb38405a39958a794f73912f7d208c62bde1fa79663,0,53,,200,3153.955882352941,106,generated,24199168,0,6.6968e-05,0.0,0.0,0,0,,0,52bf66d66b264ea9,0.005918291994021274,optimal,0.00127597,0.0,True
241,493f6f942eca3576ac0253ad50581fbe0469e8e417d3f97011c676f7789871fd,0,"""instance""",2.8456e-05,"['taskset', '-c', '2', '<project>/build/release/pclp', 'solve', '--instance', '<project>/data/generated/gen_layered_levels8-density0.05_n200_uniform_neg0_r2.json', '--config', '<project>/experiments/runs/scalability/687d0f9ca1bc1c6d/resolved_config.json', '--output', '<project>/experiments/runs/scalability/687d0f9ca1bc1c6d/result.json']",False,parametric,0,0.0,0.001581761,layered,596,106,0,gen_layered_levels8-density0.05_n200_uniform_neg0_r2,data/generated/gen_layered_levels8-density0.05_n200_uniform_neg0_r2.json,91627b0389c15e241c61bcb38405a39958a794f73912f7d208c62bde1fa79663,0,53,,200,3153.955882352941,106,generated,24199168,0,5.7284e-05,0.0,0.0,0,0,,1,687d0f9ca1bc1c6d,0.004722564990515821,optimal,0.001174066,0.0,True
308,493f6f942eca3576ac0253ad50581fbe0469e8e417d3f97011c676f7789871fd,0,"""instance""",3.1131e-05,"['taskset', '-c', '2', '<project>/build/release/pclp', 'solve', '--instance', '<project>/data/generated/gen_layered_levels8-density0.05_n200_uniform_neg30_r0.json', '--config', '<project>/experiments/runs/scalability/25bfcd1fab3b648c/resolved_config.json', '--output', '<project>/experiments/runs/scalability/25bfcd1fab3b648c/result.json']",False,dinkelbach,0,0.0,0.007307842,layered,7731,214,0,gen_layered_levels8-density0.05_n200_uniform_neg30_r0,data/generated/gen_layered_levels8-density0.05_n200_uniform_neg30_r0.json,d0d5931e16868a0a2bc4585d6cabaf6dc9e5fc1ebcfb5acbac5d082fc17680d8,0,29,,200,2106.1368613138684,30,generated,24199168,0,7.3494e-05,0.0,0.0,0,0,,0,25bfcd1fab3b648c,0.010613164005917497,optimal,0.006867362,0.0,True
308,493f6f942eca3576ac0253ad50581fbe0469e8e417d3f97011c676f7789871fd,0,"""instance""",3.1306e-05,"['taskset', '-c', '2', '<project>/build/release/pclp', 'solve', '--instance', '<project>/data/generated/gen_layered_levels8-density0.05_n200_uniform_neg30_r0.json', '--config', '<project>/experiments/runs/scalability/fe9afd39cc7cea58/resolved_config.json', '--output', '<project>/experiments/runs/scalability/fe9afd39cc7cea58/result.json']",False,dinkelbach,0,0.0,0.007400627,layered,7731,214,0,gen_layered_levels8-density0.05_n200_uniform_neg30_r0,data/generated/gen_layered_levels8-density0.05_n200_uniform_neg30_r0.json,d0d5931e16868a0a2bc4585d6cabaf6dc9e5fc1ebcfb5acbac5d082fc17680d8,0,29,,200,2106.1368613138684,30,generated,24199168,0,7.3118e-05,0.0,0.0,0,0,,1,fe9afd39cc7cea58,0.010879270994337276,optimal,0.00695254,0.0,True
308,493f6f942eca3576ac0253ad50581fbe0469e8e417d3f97011c676f7789871fd,76331,"""instance""",3.1539e-05,"['taskset', '-c', '2', '<project>/build/release/pclp', 'solve', '--instance', '<project>/data/generated/gen_layered_levels8-density0.05_n200_uniform_neg30_r0.json', '--config', '<project>/experiments/runs/scalability/1c40de614a2c73c1/resolved_config.json', '--output', '<project>/experiments/runs/scalability/1c40de614a2c73c1/result.json']",False,forest-tuned,1904,0.000549453,0.007177487,layered,0,0,37,gen_layered_levels8-density0.05_n200_uniform_neg30_r0,data/generated/gen_layered_levels8-density0.05_n200_uniform_neg30_r0.json,d0d5931e16868a0a2bc4585d6cabaf6dc9e5fc1ebcfb5acbac5d082fc17680d8,1930,29,,200,2106.1368613138684,30,generated,24199168,1937,7.585e-05,0.001093145,0.000786415,70607,0,,0,1c40de614a2c73c1,0.010779810007079504,optimal,0.006717892,0.002889479,True
308,493f6f942eca3576ac0253ad50581fbe0469e8e417d3f97011c676f7789871fd,76331,"""instance""",3.2638e-05,"['taskset', '-c', '2', '<project>/build/release/pclp', 'solve', '--instance', '<project>/data/generated/gen_layered_levels8-density0.05_n200_uniform_neg30_r0.json', '--config', '<project>/experiments/runs/scalability/7a244d00b7100c35/resolved_config.json', '--output', '<project>/experiments/runs/scalability/7a244d00b7100c35/result.json']",False,forest-tuned,1904,0.000569346,0.007573397,layered,0,0,37,gen_layered_levels8-density0.05_n200_uniform_neg30_r0,data/generated/gen_layered_levels8-density0.05_n200_uniform_neg30_r0.json,d0d5931e16868a0a2bc4585d6cabaf6dc9e5fc1ebcfb5acbac5d082fc17680d8,1930,29,,200,2106.1368613138684,30,generated,24199168,1937,9.9515e-05,0.001107131,0.000800324,70607,0,,1,7a244d00b7100c35,0.011136717002955265,optimal,0.006919336,0.003001831,True
308,493f6f942eca3576ac0253ad50581fbe0469e8e417d3f97011c676f7789871fd,0,"""instance""",3.0321e-05,"['taskset', '-c', '2', '<project>/build/release/pclp', 'solve', '--instance', '<project>/data/generated/gen_layered_levels8-density0.05_n200_uniform_neg30_r0.json', '--config', '<project>/experiments/runs/scalability/fbe61ca9a42bf729/resolved_config.json', '--output', '<project>/experiments/runs/scalability/fbe61ca9a42bf729/result.json']",False,parametric,0,0.0,0.00159147,layered,707,59,0,gen_layered_levels8-density0.05_n200_uniform_neg30_r0,data/generated/gen_layered_levels8-density0.05_n200_uniform_neg30_r0.json,d0d5931e16868a0a2bc4585d6cabaf6dc9e5fc1ebcfb5acbac5d082fc17680d8,0,29,,200,2106.1368613138684,58,generated,24199168,0,7.4863e-05,0.0,0.0,0,0,,0,fbe61ca9a42bf729,0.005556892996537499,optimal,0.00112885,0.0,True
308,493f6f942eca3576ac0253ad50581fbe0469e8e417d3f97011c676f7789871fd,0,"""instance""",3.0707e-05,"['taskset', '-c', '2', '<project>/build/release/pclp', 'solve', '--instance', '<project>/data/generated/gen_layered_levels8-density0.05_n200_uniform_neg30_r0.json', '--config', '<project>/experiments/runs/scalability/ca6fced81fc67bf8/resolved_config.json', '--output', '<project>/experiments/runs/scalability/ca6fced81fc67bf8/result.json']",False,parametric,0,0.0,0.001561685,layered,707,59,0,gen_layered_levels8-density0.05_n200_uniform_neg30_r0,data/generated/gen_layered_levels8-density0.05_n200_uniform_neg30_r0.json,d0d5931e16868a0a2bc4585d6cabaf6dc9e5fc1ebcfb5acbac5d082fc17680d8,0,29,,200,2106.1368613138684,58,generated,24199168,0,7.0207e-05,0.0,0.0,0,0,,1,ca6fced81fc67bf8,0.004474027999094687,optimal,0.001117576,0.0,True
281,493f6f942eca3576ac0253ad50581fbe0469e8e417d3f97011c676f7789871fd,0,"""instance""",3.5057e-05,"['taskset', '-c', '2', '<project>/build/release/pclp', 'solve', '--instance', '<project>/data/generated/gen_layered_levels8-density0.05_n200_uniform_neg30_r1.json', '--config', '<project>/experiments/runs/scalability/015dd8eab294d472/resolved_config.json', '--output', '<project>/experiments/runs/scalability/015dd8eab294d472/result.json']",False,dinkelbach,0,0.0,0.024975922,layered,25084,542,0,gen_layered_levels8-density0.05_n200_uniform_neg30_r1,data/generated/gen_layered_levels8-density0.05_n200_uniform_neg30_r1.json,4b83b663f8c1a07ddecc0f37aa06b3a32ad19cf6036aa12dd8969ec919b7392b,0,59,,200,436.449375,60,generated,24199168,0,6.439e-05,0.0,0.0,0,0,,0,015dd8eab294d472,0.029501737997634336,optimal,0.024486456,0.0,True
281,493f6f942eca3576ac0253ad50581fbe0469e8e417d3f97011c676f7789871fd,0,"""instance""",2.9328e-05,"['taskset', '-c', '2', '<project>/build/release/pclp', 'solve', '--instance', '<project>/data/generated/gen_layered_levels8-density0.05_n200_uniform_neg30_r1.json', '--config', '<project>/experiments/runs/scalability/4eae2b4f19e00f7b/resolved_config.json', '--output', '<project>/experiments/runs/scalability/4eae2b4f19e00f7b/result.json']",False,dinkelbach,0,0.0,0.023706057,layered,25084,542,0,gen_layered_levels8-density0.05_n200_uniform_neg30_r1,data/generated/gen_layered_levels8-density0.05_n200_uniform_neg30_r1.json,4b83b663f8c1a07ddecc0f37aa06b3a32ad19cf6036aa12dd8969ec919b7392b,0,59,,200,436.449375,60,generated,24199168,0,6.5337e-05,0.0,0.0,0,0,,1,4eae2b4f19e00f7b,0.02812996799184475,optimal,0.023238601,0.0,True
281,493f6f942eca3576ac0253ad50581fbe0469e8e417d3f97011c676f7789871fd,266569,"""instance""",3.3413e-05,"['taskset', '-c', '2', '<project>/build/release/pclp', 'solve', '--instance', '<project>/data/generated/gen_layered_levels8-density0.05_n200_uniform_neg30_r1.json', '--config', '<project>/experiments/runs/scalability/ee386d9f511264a9/resolved_config.json', '--output', '<project>/experiments/runs/scalability/ee386d9f511264a9/result.json']",False,forest-tuned,6291,0.001674595,0.021781651,layered,0,0,84,gen_layered_levels8-density0.05_n200_uniform_neg30_r1,data/generated/gen_layered_levels8-density0.05_n200_uniform_neg30_r1.json,4b83b663f8c1a07ddecc0f37aa06b3a32ad19cf6036aa12dd8969ec919b7392b,6344,59,,200,436.449375,60,generated,24199168,6368,6.3941e-05,0.003620456,0.002503122,236162,0,,0,ee386d9f511264a9,0.02676986598817166,optimal,0.021312797,0.009582442,True
281,493f6f942eca3576ac0253ad50581fbe0469e8e417d3f97011c676f7789871fd,266569,"""instance""",3.1641e-05,"['taskset', '-c', '2', '<project>/build/release/pclp', 'solve', '--instance', '<project>/data/generated/gen_layered_levels8-density0.05_n200_uniform_neg30_r1.json', '--config', '<project>/experiments/runs/scalability/7cb7187a23c33404/resolved_config.json', '--output', '<project>/experiments/runs/scalability/7cb7187a23c33404/result.json']",False,forest-tuned,6291,0.001639944,0.021343936,layered,0,0,84,gen_layered_levels8-density0.05_n200_uniform_neg30_r1,data/generated/gen_layered_levels8-density0.05_n200_uniform_neg30_r1.json,4b83b663f8c1a07ddecc0f37aa06b3a32ad19cf6036aa12dd8969ec919b7392b,6344,59,,200,436.449375,60,generated,24199168,6368,6.5138e-05,0.003526817,0.002437068,236162,0,,1,7cb7187a23c33404,0.0254731540044304,optimal,0.020879711,0.009405074,True
281,493f6f942eca3576ac0253ad50581fbe0469e8e417d3f97011c676f7789871fd,0,"""instance""",2.8428e-05,"['taskset', '-c', '2', '<project>/build/release/pclp', 'solve', '--instance', '<project>/data/generated/gen_layered_levels8-density0.05_n200_uniform_neg30_r1.json', '--config', '<project>/experiments/runs/scalability/6db68623edf0bcea/resolved_config.json', '--output', '<project>/experiments/runs/scalability/6db68623edf0bcea/result.json']",False,parametric,0,0.0,0.00166663,layered,547,119,0,gen_layered_levels8-density0.05_n200_uniform_neg30_r1,data/generated/gen_layered_levels8-density0.05_n200_uniform_neg30_r1.json,4b83b663f8c1a07ddecc0f37aa06b3a32ad19cf6036aa12dd8969ec919b7392b,0,59,,200,436.449375,118,generated,24199168,0,6.3127e-05,0.0,0.0,0,0,,0,6db68623edf0bcea,0.004733687994303182,optimal,0.001203197,0.0,True
281,493f6f942eca3576ac0253ad50581fbe0469e8e417d3f97011c676f7789871fd,0,"""instance""",2.8267e-05,"['taskset', '-c', '2', '<project>/build/release/pclp', 'solve', '--instance', '<project>/data/generated/gen_layered_levels8-density0.05_n200_uniform_neg30_r1.json', '--config', '<project>/experiments/runs/scalability/5d457cc3a46ae742/resolved_config.json', '--output', '<project>/experiments/runs/scalability/5d457cc3a46ae742/result.json']",False,parametric,0,0.0,0.001662455,layered,547,119,0,gen_layered_levels8-density0.05_n200_uniform_neg30_r1,data/generated/gen_layered_levels8-density0.05_n200_uniform_neg30_r1.json,4b83b663f8c1a07ddecc0f37aa06b3a32ad19cf6036aa12dd8969ec919b7392b,0,59,,200,436.449375,118,generated,24199168,0,6.2763e-05,0.0,0.0,0,0,,1,5d457cc3a46ae742,0.0047787850053282455,optimal,0.001193576,0.0,True
268,493f6f942eca3576ac0253ad50581fbe0469e8e417d3f97011c676f7789871fd,0,"""instance""",2.9035e-05,"['taskset', '-c', '2', '<project>/build/release/pclp', 'solve', '--instance', '<project>/data/generated/gen_layered_levels8-density0.05_n200_uniform_neg30_r2.json', '--config', '<project>/experiments/runs/scalability/e37a5a5301c382fb/resolved_config.json', '--output', '<project>/experiments/runs/scalability/e37a5a5301c382fb/result.json']",False,dinkelbach,0,0.0,0.011019119,layered,11388,359,0,gen_layered_levels8-density0.05_n200_uniform_neg30_r2,data/generated/gen_layered_levels8-density0.05_n200_uniform_neg30_r2.json,acec72ccf17d295fafac2b36423aede125b947f89e7da835f1962b9cbe12108d,0,44,,200,2422.7368421052633,45,generated,24199168,0,6.1772e-05,0.0,0.0,0,0,,0,e37a5a5301c382fb,0.015345740001066588,optimal,0.010619106,0.0,True
268,493f6f942eca3576ac0253ad50581fbe0469e8e417d3f97011c676f7789871fd,0,"""instance""",3.0379e-05,"['taskset', '-c', '2', '<project>/build/release/pclp', 'solve', '--instance', '<project>/data/generated/gen_layered_levels8-density0.05_n200_uniform_neg30_r2.json', '--config', '<project>/experiments/runs/scalability/90f4271de4c45a7e/resolved_config.json', '--output', '<project>/experiments/runs/scalability/90f4271de4c45a7e/result.json']",False,dinkelbach,0,0.0,0.011155026,layered,11388,359,0,gen_layered_levels8-density0.05_n200_uniform_neg30_r2,data/generated/gen_layered_levels8-density0.05_n200_uniform_neg30_r2.json,acec72ccf17d295fafac2b36423aede125b947f89e7da835f1962b9cbe12108d,0,44,,200,2422.7368421052633,45,generated,24199168,0,6.72e-05,0.0,0.0,0,0,,1,90f4271de4c45a7e,0.015061063997563906,optimal,0.01075228,0.0,True
268,493f6f942eca3576ac0253ad50581fbe0469e8e417d3f97011c676f7789871fd,157462,"""instance""",3.0633e-05,"['taskset', '-c', '2', '<project>/build/release/pclp', 'solve', '--instance', '<project>/data/generated/gen_layered_levels8-density0.05_n200_uniform_neg30_r2.json', '--config', '<project>/experiments/runs/scalability/d40985d47d508ce4/resolved_config.json', '--output', '<project>/experiments/runs/scalability/d40985d47d508ce4/result.json']",False,forest-tuned,3834,0.001154526,0.013868302,layered,0,0,60,gen_layered_levels8-density0.05_n200_uniform_neg30_r2,data/generated/gen_layered_levels8-density0.05_n200_uniform_neg30_r2.json,acec72ccf17d295fafac2b36423aede125b947f89e7da835f1962b9cbe12108d,3970,44,,200,2422.7368421052633,45,generated,24199168,3985,6.4077e-05,0.002095459,0.001698685,136395,0,,0,d40985d47d508ce4,0.017969457010622136,optimal,0.012889695,0.005515961,True
268,493f6f942eca3576ac0253ad50581fbe0469e8e417d3f97011c676f7789871fd,157462,"""instance""",3.1921e-05,"['taskset', '-c', '2', '<project>/build/release/pclp', 'solve', '--instance', '<project>/data/generated/gen_layered_levels8-density0.05_n200_uniform_neg30_r2.json', '--config', '<project>/experiments/runs/scalability/d8f8224ad2b5c9c1/resolved_config.json', '--output', '<project>/experiments/runs/scalability/d8f8224ad2b5c9c1/result.json']",False,forest-tuned,3834,0.001698648,0.013479749,layered,0,0,60,gen_layered_levels8-density0.05_n200_uniform_neg30_r2,data/generated/gen_layered_levels8-density0.05_n200_uniform_neg30_r2.json,acec72ccf17d295fafac2b36423aede125b947f89e7da835f1962b9cbe12108d,3970,44,,200,2422.7368421052633,45,generated,24199168,3985,6.4533e-05,0.002037502,0.001655206,136395,0,,1,d8f8224ad2b5c9c1,0.017833573001553304,optimal,0.01306322,0.005270101,True
268,493f6f942eca3576ac0253ad50581fbe0469e8e417d3f97011c676f7789871fd,0,"""instance""",2.8445e-05,"['taskset', '-c', '2', '<project>/build/release/pclp', 'solve', '--instance', '<project>/data/generated/gen_layered_levels8-density0.05_n200_uniform_neg30_r2.json', '--config', '<project>/experiments/runs/scalability/71735fd0f8565ef9/resolved_config.json', '--output', '<project>/experiments/runs/scalability/71735fd0f8565ef9/result.json']",False,parametric,0,0.0,0.001662847,layered,683,89,0,gen_layered_levels8-density0.05_n200_uniform_neg30_r2,data/generated/gen_layered_levels8-density0.05_n200_uniform_neg30_r2.json,acec72ccf17d295fafac2b36423aede125b947f89e7da835f1962b9cbe12108d,0,44,,200,2422.7368421052633,88,generated,24199168,0,6.2672e-05,0.0,0.0,0,0,,0,71735fd0f8565ef9,0.0048940780106931925,optimal,0.001234623,0.0,True
268,493f6f942eca3576ac0253ad50581fbe0469e8e417d3f97011c676f7789871fd,0,"""instance""",2.9364e-05,"['taskset', '-c', '2', '<project>/build/release/pclp', 'solve', '--instance', '<project>/data/generated/gen_layered_levels8-density0.05_n200_uniform_neg30_r2.json', '--config', '<project>/experiments/runs/scalability/774ca8acf743d929/resolved_config.json', '--output', '<project>/experiments/runs/scalability/774ca8acf743d929/result.json']",False,parametric,0,0.0,0.001619299,layered,683,89,0,gen_layered_levels8-density0.05_n200_uniform_neg30_r2,data/generated/gen_layered_levels8-density0.05_n200_uniform_neg30_r2.json,acec72ccf17d295fafac2b36423aede125b947f89e7da835f1962b9cbe12108d,0,44,,200,2422.7368421052633,88,generated,24199168,0,6.4954e-05,0.0,0.0,0,0,,1,774ca8acf743d929,0.00466773500374984,optimal,0.001203435,0.0,True
232,493f6f942eca3576ac0253ad50581fbe0469e8e417d3f97011c676f7789871fd,0,"""instance""",3.8992e-05,"['taskset', '-c', '2', '<project>/build/release/pclp', 'solve', '--instance', '<project>/data/generated/gen_layered_levels8-density0.05_n200_uniform_neg60_r0.json', '--config', '<project>/experiments/runs/scalability/1e1e5402fd29a21a/resolved_config.json', '--output', '<project>/experiments/runs/scalability/1e1e5402fd29a21a/result.json']",False,dinkelbach,0,0.0,0.011458925,layered,9953,309,0,gen_layered_levels8-density0.05_n200_uniform_neg60_r0,data/generated/gen_layered_levels8-density0.05_n200_uniform_neg60_r0.json,c23b4db18b88e92aaf93eba448ba5bfd541c9e38d72b1c6b10d4f21e58cfe0a6,0,36,,200,1911.090909090909,37,generated,24199168,0,9.1783e-05,0.0,0.0,0,0,,0,1e1e5402fd29a21a,0.0155316719901748,optimal,0.010796393,0.0,True
232,493f6f942eca3576ac0253ad50581fbe0469e8e417d3f97011c676f7789871fd,0,"""instance""",2.6657e-05,"['taskset', '-c', '2', '<project>/build/release/pclp', 'solve', '--instance', '<project>/data/generated/gen_layered_levels8-density0.05_n200_uniform_neg60_r0.json', '--config', '<project>/experiments/runs/scalability/16e2f40dd12851fa/resolved_config.json', '--output', '<project>/experiments/runs/scalability/16e2f40dd12851fa/result.json']",False,dinkelbach,0,0.0,0.008187543,layered,9953,309,0,gen_layered_levels8-density0.05_n200_uniform_neg60_r0,data/generated/gen_layered_levels8-density0.05_n200_uniform_neg60_r0.json,c23b4db18b88e92aaf93eba448ba5bfd541c9e38d72b1c6b10d4f21e58cfe0a6,0,36,,200,1911.090909090909,37,generated,24199168,0,6.1531e-05,0.0,0.0,0,0,,1,16e2f40dd12851fa,0.011683863995131105,optimal,0.007774058,0.0,True
232,493f6f942eca3576ac0253ad50581fbe0469e8e417d3f97011c676f7789871fd,159719,"""instance""",3.1875e-05,"['taskset', '-c', '2', '<project>/build/release/pclp', 'solve', '--instance', '<project>/data/generated/gen_layered_levels8-density0.05_n200_uniform_neg60_r0.json', '--config', '<project>/experiments/runs/scalability/40a4e892a2701f3d/resolved_config.json', '--output', '<project>/experiments/runs/scalability/40a4e892a2701f3d/result.json']",False,forest-tuned,3816,0.000935463,0.011375295,layered,0,0,52,gen_layered_levels8-density0.05_n200_uniform_neg60_r0,data/generated/gen_layered_levels8-density0.05_n200_uniform_neg60_r0.json,c23b4db18b88e92aaf93eba448ba5bfd541c9e38d72b1c6b10d4f21e58cfe0a6,3852,36,,200,1911.090909090909,37,generated,24199168,3867,5.7521e-05,0.002021391,0.001534985,104561,0,,0,40a4e892a2701f3d,0.014497395997750573,optimal,0.01096533,0.004263742,True
232,493f6f942eca3576ac0253ad50581fbe0469e8e417d3f97011c676f7789871fd,159719,"""instance""",2.9715e-05,"['taskset', '-c', '2', '<project>/build/release/pclp', 'solve', '--instance', '<project>/data/generated/gen_layered_levels8-density0.05_n200_uniform_neg60_r0.json', '--config', '<project>/experiments/runs/scalability/e69fd42bc37d41a5/resolved_config.json', '--output', '<project>/experiments/runs/scalability/e69fd42bc37d41a5/result.json']",False,forest-tuned,3816,0.000974905,0.011813351,layered,0,0,52,gen_layered_levels8-density0.05_n200_uniform_neg60_r0,data/generated/gen_layered_levels8-density0.05_n200_uniform_neg60_r0.json,c23b4db18b88e92aaf93eba448ba5bfd541c9e38d72b1c6b10d4f21e58cfe0a6,3852,36,,200,1911.090909090909,37,generated,24199168,3867,6.1957e-05,0.002102958,0.001613572,104561,0,,1,e69fd42bc37d41a5,0.015686215992900543,optimal,0.011390938,0.004409162,True
232,493f6f942eca3576ac0253ad50581fbe0469e8e417d3f97011c676f7789871fd,0,"""instance""",2.6802e-05,"['taskset', '-c', '2', '<project>/build/release/pclp', 'solve', '--instance', '<project>/data/generated/gen_layered_levels8-density0.05_n200_uniform_neg60_r0.json', '--config', '<project>/experiments/runs/scalability/704727587c1dd0ef/resolved_config.json', '--output', '<project>/experiments/runs/scalability/704727587c1dd0ef/result.json']",False,parametric,0,0.0,0.001265454,layered,521,73,0,gen_layered_levels8-density0.05_n200_uniform_neg60_r0,data/generated/gen_layered_levels8-density0.05_n200_uniform_neg60_r0.json,c23b4db18b88e92aaf93eba448ba5bfd541c9e38d72b1c6b10d4f21e58cfe0a6,0,36,,200,1911.090909090909,72,generated,24199168,0,6.0087e-05,0.0,0.0,0,0,,0,704727587c1dd0ef,0.004368460999103263,optimal,0.000884632,0.0,True
232,493f6f942eca3576ac0253ad50581fbe0469e8e417d3f97011c676f7789871fd,0,"""instance""",2.7116e-05,"['taskset', '-c', '2', '<project>/build/release/pclp', 'solve', '--instance', '<project>/data/generated/gen_layered_levels8-density0.05_n200_uniform_neg60_r0.json', '--config', '<project>/experiments/runs/scalability/f2942f57c33bcc36/resolved_config.json', '--output', '<project>/experiments/runs/scalability/f2942f57c33bcc36/result.json']",False,parametric,0,0.0,0.001284376,layered,521,73,0,gen_layered_levels8-density0.05_n200_uniform_neg60_r0,data/generated/gen_layered_levels8-density0.05_n200_uniform_neg60_r0.json,c23b4db18b88e92aaf93eba448ba5bfd541c9e38d72b1c6b10d4f21e58cfe0a6,0,36,,200,1911.090909090909,72,generated,24199168,0,5.9814e-05,0.0,0.0,0,0,,1,f2942f57c33bcc36,0.004605374997481704,optimal,0.000883251,0.0,True
213,493f6f942eca3576ac0253ad50581fbe0469e8e417d3f97011c676f7789871fd,0,"""instance""",2.4661e-05,"['taskset', '-c', '2', '<project>/build/release/pclp', 'solve', '--instance', '<project>/data/generated/gen_layered_levels8-density0.05_n200_uniform_neg60_r1.json', '--config', '<project>/experiments/runs/scalability/633f1f476ffa5d86/resolved_config.json', '--output', '<project>/experiments/runs/scalability/633f1f476ffa5d86/result.json']",False,dinkelbach,0,0.0,0.008633785,layered,11685,398,0,gen_layered_levels8-density0.05_n200_uniform_neg60_r1,data/generated/gen_layered_levels8-density0.05_n200_uniform_neg60_r1.json,287879093a7dc5c033377f2f5e36fca44f77c35cf87de7cee986086f2ac3846b,0,39,,200,400.2606875,40,generated,24199168,0,5.8221e-05,0.0,0.0,0,0,,0,633f1f476ffa5d86,0.012653596990276128,optimal,0.008255223,0.0,True
213,493f6f942eca3576ac0253ad50581fbe0469e8e417d3f97011c676f7789871fd,0,"""instance""",2.41e-05,"['taskset', '-c', '2', '<project>/build/release/pclp', 'solve', '--instance', '<project>/data/generated/gen_layered_levels8-density0.05_n200_uniform_neg60_r1.json', '--config', '<project>/experiments/runs/scalability/e4e319bc9151c82a/resolved_config.json', '--output', '<project>/experiments/runs/scalability/e4e319bc9151c82a/result.json']",False,dinkelbach,0,0.0,0.008652159,layered,11685,398,0,gen_layered_levels8-density0.05_n200_uniform_neg60_r1,data/generated/gen_layered_levels8-density0.05_n200_uniform_neg60_r1.json,287879093a7dc5c033377f2f5e36fca44f77c35cf87de7cee986086f2ac3846b,0,39,,200,400.2606875,40,generated,24199168,0,5.8655e-05,0.0,0.0,0,0,,1,e4e319bc9151c82a,0.01270645999466069,optimal,0.008270593,0.0,True
213,493f6f942eca3576ac0253ad50581fbe0469e8e417d3f97011c676f7789871fd,228566,"""instance""",2.7508e-05,"['taskset', '-c', '2', '<project>/build/release/pclp', 'solve', '--instance', '<project>/data/generated/gen_layered_levels8-density0.05_n200_uniform_neg60_r1.json', '--config', '<project>/experiments/runs/scalability/1d2edeef3a65b976/resolved_config.json', '--output', '<project>/experiments/runs/scalability/1d2edeef3a65b976/result.json']",False,forest-tuned,5102,0.001322709,0.01523572,layered,0,0,60,gen_layered_levels8-density0.05_n200_uniform_neg60_r1,data/generated/gen_layered_levels8-density0.05_n200_uniform_neg60_r1.json,287879093a7dc5c033377f2f5e36fca44f77c35cf87de7cee986086f2ac3846b,5120,39,,200,400.2606875,40,generated,24199168,5140,5.7816e-05,0.00278592,0.001971141,152130,0,,0,1d2edeef3a65b976,0.019510161990183406,optimal,0.014847977,0.006067007,True
213,493f6f942eca3576ac0253ad50581fbe0469e8e417d3f97011c676f7789871fd,228566,"""instance""",2.6202e-05,"['taskset', '-c', '2', '<project>/build/release/pclp', 'solve', '--instance', '<project>/data/generated/gen_layered_levels8-density0.05_n200_uniform_neg60_r1.json', '--config', '<project>/experiments/runs/scalability/25a9a64f6f1f0077/resolved_config.json', '--output', '<project>/experiments/runs/scalability/25a9a64f6f1f0077/result.json']",False,forest-tuned,5102,0.001407347,0.015263392,layered,0,0,60,gen_layered_levels8-density0.05_n200_uniform_neg60_r1,data/generated/gen_layered_levels8-density0.05_n200_uniform_neg60_r1.json,287879093a7dc5c033377f2f5e36fca44f77c35cf87de7cee986086f2ac3846b,5120,39,,200,400.2606875,40,generated,24199168,5140,5.7712e-05,0.002764612,0.00197524,152130,0,,1,25a9a64f6f1f0077,0.019540111999958754,optimal,0.014875778,0.006045979,True
213,493f6f942eca3576ac0253ad50581fbe0469e8e417d3f97011c676f7789871fd,0,"""instance""",2.4681e-05,"['taskset', '-c', '2', '<project>/build/release/pclp', 'solve', '--instance', '<project>/data/generated/gen_layered_levels8-density0.05_n200_uniform_neg60_r1.json', '--config', '<project>/experiments/runs/scalability/24091e30670a73e3/resolved_config.json', '--output', '<project>/experiments/runs/scalability/24091e30670a73e3/result.json']",False,parametric,0,0.0,0.000861017,layered,126,79,0,gen_layered_levels8-density0.05_n200_uniform_neg60_r1,data/generated/gen_layered_levels8-density0.05_n200_uniform_neg60_r1.json,287879093a7dc5c033377f2f5e36fca44f77c35cf87de7cee986086f2ac3846b,0,39,,200,400.2606875,78,generated,24199168,0,6.0679e-05,0.0,0.0,0,0,,0,24091e30670a73e3,0.0038321059982990846,optimal,0.000466689,0.0,True
213,493f6f942eca3576ac0253ad50581fbe0469e8e417d3f97011c676f7789871fd,0,"""instance""",2.464e-05,"['taskset', '-c', '2', '<project>/build/release/pclp', 'solve', '--instance', '<project>/data/generated/gen_layered_levels8-density0.05_n200_uniform_neg60_r1.json', '--config', '<project>/experiments/runs/scalability/183b7b6c549316e9/resolved_config.json', '--output', '<project>/experiments/runs/scalability/183b7b6c549316e9/result.json']",False,parametric,0,0.0,0.000865139,layered,126,79,0,gen_layered_levels8-density0.05_n200_uniform_neg60_r1,data/generated/gen_layered_levels8-density0.05_n200_uniform_neg60_r1.json,287879093a7dc5c033377f2f5e36fca44f77c35cf87de7cee986086f2ac3846b,0,39,,200,400.2606875,78,generated,24199168,0,5.6697e-05,0.0,0.0,0,0,,1,183b7b6c549316e9,0.0039255640003830194,optimal,0.00047247,0.0,True
251,493f6f942eca3576ac0253ad50581fbe0469e8e417d3f97011c676f7789871fd,0,"""instance""",2.7424e-05,"['taskset', '-c', '2', '<project>/build/release/pclp', 'solve', '--instance', '<project>/data/generated/gen_layered_levels8-density0.05_n200_uniform_neg60_r2.json', '--config', '<project>/experiments/runs/scalability/276974c022679778/resolved_config.json', '--output', '<project>/experiments/runs/scalability/276974c022679778/result.json']",False,dinkelbach,0,0.0,0.006671309,layered,6118,275,0,gen_layered_levels8-density0.05_n200_uniform_neg60_r2,data/generated/gen_layered_levels8-density0.05_n200_uniform_neg60_r2.json,6789a29f625a953b6070b583f11a730b0c4685fd54aa5bdca04aef4b069e19f1,0,32,,200,1797.2987804878048,33,generated,24199168,0,6.1858e-05,0.0,0.0,0,0,,0,276974c022679778,0.009690072998637334,optimal,0.00626713,0.0,True
251,493f6f942eca3576ac0253ad50581fbe0469e8e417d3f97011c676f7789871fd,0,"""instance""",2.7075e-05,"['taskset', '-c', '2', '<project>/build/release/pclp', 'solve', '--instance', '<project>/data/generated/gen_layered_levels8-density0.05_n200_uniform_neg60_r2.json', '--config', '<project>/experiments/runs/scalability/5855b7be59073add/resolved_config.json', '--output', '<project>/experiments/runs/scalability/5855b7be59073add/result.json']",False,dinkelbach,0,0.0,0.006512153,layered,6118,275,0,gen_layered_levels8-density0.05_n200_uniform_neg60_r2,data/generated/gen_layered_levels8-density0.05_n200_uniform_neg60_r2.json,6789a29f625a953b6070b583f11a730b0c4685fd54aa5bdca04aef4b069e19f1,0,32,,200,1797.2987804878048,33,generated,24199168,0,5.8254e-05,0.0,0.0,0,0,,1,5855b7be59073add,0.009661100993980654,optimal,0.00610545,0.0,True
251,493f6f942eca3576ac0253ad50581fbe0469e8e417d3f97011c676f7789871fd,188923,"""instance""",2.8376e-05,"['taskset', '-c', '2', '<project>/build/release/pclp', 'solve', '--instance', '<project>/data/generated/gen_layered_levels8-density0.05_n200_uniform_neg60_r2.json', '--config', '<project>/experiments/runs/scalability/c58a01f2b9144ee4/resolved_config.json', '--output', '<project>/experiments/runs/scalability/c58a01f2b9144ee4/result.json']",False,forest-tuned,4362,0.001131579,0.012629093,layered,0,0,50,gen_layered_levels8-density0.05_n200_uniform_neg60_r2,data/generated/gen_layered_levels8-density0.05_n200_uniform_neg60_r2.json,6789a29f625a953b6070b583f11a730b0c4685fd54aa5bdca04aef4b069e19f1,4385,32,,200,1797.2987804878048,33,generated,24199168,4402,5.6185e-05,0.002265744,0.001524585,129795,0,,0,c58a01f2b9144ee4,0.015967636005370878,optimal,0.012223965,0.00499248,True
251,493f6f942eca3576ac0253ad50581fbe0469e8e417d3f97011c676f7789871fd,188923,"""instance""",2.7711e-05,"['taskset', '-c', '2', '<project>/build/release/pclp', 'solve', '--instance', '<project>/data/generated/gen_layered_levels8-density0.05_n200_uniform_neg60_r2.json', '--config', '<project>/experiments/runs/scalability/7bf60a9cb508052a/resolved_config.json', '--output', '<project>/experiments/runs/scalability/7bf60a9cb508052a/result.json']",False,forest-tuned,4362,0.001190005,0.013316533,layered,0,0,50,gen_layered_levels8-density0.05_n200_uniform_neg60_r2,data/generated/gen_layered_levels8-density0.05_n200_uniform_neg60_r2.json,6789a29f625a953b6070b583f11a730b0c4685fd54aa5bdca04aef4b069e19f1,4385,32,,200,1797.2987804878048,33,generated,24199168,4402,5.7762e-05,0.002388062,0.001618555,129795,0,,1,7bf60a9cb508052a,0.016706114998669364,optimal,0.012890513,0.005272369,True
251,493f6f942eca3576ac0253ad50581fbe0469e8e417d3f97011c676f7789871fd,0,"""instance""",2.621e-05,"['taskset', '-c', '2', '<project>/build/release/pclp', 'solve', '--instance', '<project>/data/generated/gen_layered_levels8-density0.05_n200_uniform_neg60_r2.json', '--config', '<project>/experiments/runs/scalability/6c999f7eef45dcf9/resolved_config.json', '--output', '<project>/experiments/runs/scalability/6c999f7eef45dcf9/result.json']",False,parametric,0,0.0,0.001092766,layered,347,65,0,gen_layered_levels8-density0.05_n200_uniform_neg60_r2,data/generated/gen_layered_levels8-density0.05_n200_uniform_neg60_r2.json,6789a29f625a953b6070b583f11a730b0c4685fd54aa5bdca04aef4b069e19f1,0,32,,200,1797.2987804878048,64,generated,24199168,0,5.6235e-05,0.0,0.0,0,0,,0,6c999f7eef45dcf9,0.004172529996139929,optimal,0.000712494,0.0,True
251,493f6f942eca3576ac0253ad50581fbe0469e8e417d3f97011c676f7789871fd,0,"""instance""",2.6436e-05,"['taskset', '-c', '2', '<project>/build/release/pclp', 'solve', '--instance', '<project>/data/generated/gen_layered_levels8-density0.05_n200_uniform_neg60_r2.json', '--config', '<project>/experiments/runs/scalability/413967f30f1d09a7/resolved_config.json', '--output', '<project>/experiments/runs/scalability/413967f30f1d09a7/result.json']",False,parametric,0,0.0,0.001104067,layered,347,65,0,gen_layered_levels8-density0.05_n200_uniform_neg60_r2,data/generated/gen_layered_levels8-density0.05_n200_uniform_neg60_r2.json,6789a29f625a953b6070b583f11a730b0c4685fd54aa5bdca04aef4b069e19f1,0,32,,200,1797.2987804878048,64,generated,24199168,0,5.78e-05,0.0,0.0,0,0,,1,413967f30f1d09a7,0.004265518000465818,optimal,0.000693709,0.0,True
350018,493f6f942eca3576ac0253ad50581fbe0469e8e417d3f97011c676f7789871fd,0,"""instance""",0.0,"['taskset', '-c', '2', '<project>/build/release/pclp', 'solve', '--instance', '<project>/data/generated/gen_layered_levels8-density0.05_n8000_uniform_neg0_r0.json', '--config', '<project>/experiments/runs/scalability/a6874e0a078f1c6b/resolved_config.json', '--output', '<project>/experiments/runs/scalability/a6874e0a078f1c6b/result.json']",False,dinkelbach,0,0.0,30.19688385,layered,0,0,0,gen_layered_levels8-density0.05_n8000_uniform_neg0_r0,data/generated/gen_layered_levels8-density0.05_n8000_uniform_neg0_r0.json,d4c7519b1e0f315ec3813e7309b4980735383cac81c790d6f9c718765adb764c,0,0,time limit reached before a maximum flow,8000,0.0,179,generated,112422912,0,0.022927957,0.0,0.0,0,0,,0,a6874e0a078f1c6b,30.221567187996698,time_limit,30.004614349,0.0,False
350018,493f6f942eca3576ac0253ad50581fbe0469e8e417d3f97011c676f7789871fd,,"""instance""",,,,dinkelbach,,,,layered,,,,gen_layered_levels8-density0.05_n8000_uniform_neg0_r0,data/generated/gen_layered_levels8-density0.05_n8000_uniform_neg0_r0.json,d4c7519b1e0f315ec3813e7309b4980735383cac81c790d6f9c718765adb764c,,,time limit reached before a maximum flow,8000,,,generated,,,,,,,,True,1,b8b5b3b123206285,30.221567187996698,time_limit,,,False
350018,493f6f942eca3576ac0253ad50581fbe0469e8e417d3f97011c676f7789871fd,120865230,"""instance""",0.0,"['taskset', '-c', '2', '<project>/build/release/pclp', 'solve', '--instance', '<project>/data/generated/gen_layered_levels8-density0.05_n8000_uniform_neg0_r0.json', '--config', '<project>/experiments/runs/scalability/4888b5a0c752324d/resolved_config.json', '--output', '<project>/experiments/runs/scalability/4888b5a0c752324d/result.json']",False,forest-tuned,636618,4.200760051,30.22209175,layered,0,0,2570,gen_layered_levels8-density0.05_n8000_uniform_neg0_r0,data/generated/gen_layered_levels8-density0.05_n8000_uniform_neg0_r0.json,d4c7519b1e0f315ec3813e7309b4980735383cac81c790d6f9c718765adb764c,634468,81,residual oracle did not certify optimality,8000,0.0,82,generated,96677888,636956,0.024060827,1.002871215,3.15034369,578046437,0,,0,4888b5a0c752324d,30.2482909179962,time_limit,30.002063558,19.421950751,False
350018,493f6f942eca3576ac0253ad50581fbe0469e8e417d3f97011c676f7789871fd,,"""instance""",,,,forest-tuned,,,,layered,,,,gen_layered_levels8-density0.05_n8000_uniform_neg0_r0,data/generated/gen_layered_levels8-density0.05_n8000_uniform_neg0_r0.json,d4c7519b1e0f315ec3813e7309b4980735383cac81c790d6f9c718765adb764c,,,residual oracle did not certify optimality,8000,,,generated,,,,,,,,True,1,6919efbe8c685bd4,30.2482909179962,time_limit,,,False
350018,493f6f942eca3576ac0253ad50581fbe0469e8e417d3f97011c676f7789871fd,0,"""instance""",0.008057303,"['taskset', '-c', '2', '<project>/build/release/pclp', 'solve', '--instance', '<project>/data/generated/gen_layered_levels8-density0.05_n8000_uniform_neg0_r0.json', '--config', '<project>/experiments/runs/scalability/4b302e15822ed3d4/resolved_config.json', '--output', '<project>/experiments/runs/scalability/4b302e15822ed3d4/result.json']",False,parametric,0,0.0,1.879607404,layered,27855,862,0,gen_layered_levels8-density0.05_n8000_uniform_neg0_r0,data/generated/gen_layered_levels8-density0.05_n8000_uniform_neg0_r0.json,d4c7519b1e0f315ec3813e7309b4980735383cac81c790d6f9c718765adb764c,0,431,,8000,117184.65163774742,862,generated,117751808,0,0.021269874,0.0,0.0,0,0,,0,4b302e15822ed3d4,1.9306084660056513,optimal,1.663513104,0.0,True
350018,493f6f942eca3576ac0253ad50581fbe0469e8e417d3f97011c676f7789871fd,0,"""instance""",0.008957478,"['taskset', '-c', '2', '<project>/build/release/pclp', 'solve', '--instance', '<project>/data/generated/gen_layered_levels8-density0.05_n8000_uniform_neg0_r0.json', '--config', '<project>/experiments/runs/scalability/db56a5ec442c4ae5/resolved_config.json', '--output', '<project>/experiments/runs/scalability/db56a5ec442c4ae5/result.json']",False,parametric,0,0.0,1.805241345,layered,27855,862,0,gen_layered_levels8-density0.05_n8000_uniform_neg0_r0,data/generated/gen_layered_levels8-density0.05_n8000_uniform_neg0_r0.json,d4c7519b1e0f315ec3813e7309b4980735383cac81c790d6f9c718765adb764c,0,431,,8000,117184.65163774742,862,generated,117694464,0,0.019711825,0.0,0.0,0,0,,1,db56a5ec442c4ae5,1.8569260299991583,optimal,1.609710057,0.0,True
350057,493f6f942eca3576ac0253ad50581fbe0469e8e417d3f97011c676f7789871fd,0,"""instance""",0.0,"['taskset', '-c', '2', '<project>/build/release/pclp', 'solve', '--instance', '<project>/data/generated/gen_layered_levels8-density0.05_n8000_uniform_neg0_r1.json', '--config', '<project>/experiments/runs/scalability/41e96b4022253908/resolved_config.json', '--output', '<project>/experiments/runs/scalability/41e96b4022253908/result.json']",False,dinkelbach,0,0.0,30.238251665,layered,0,0,0,gen_layered_levels8-density0.05_n8000_uniform_neg0_r1,data/generated/gen_layered_levels8-density0.05_n8000_uniform_neg0_r1.json,75fa1e662e1fa3659e523efc57b7d104fc53f92c86e340259902054088162b2c,0,0,time limit reached before a maximum flow,8000,0.0,160,generated,112279552,0,0.023138616,0.0,0.0,0,0,,0,41e96b4022253908,30.264616339001805,time_limit,30.044063554,0.0,False
350057,493f6f942eca3576ac0253ad50581fbe0469e8e417d3f97011c676f7789871fd,,"""instance""",,,,dinkelbach,,,,layered,,,,gen_layered_levels8-density0.05_n8000_uniform_neg0_r1,data/generated/gen_layered_levels8-density0.05_n8000_uniform_neg0_r1.json,75fa1e662e1fa3659e523efc57b7d104fc53f92c86e340259902054088162b2c,,,time limit reached before a maximum flow,8000,,,generated,,,,,,,,True,1,6b831d9066cf54d2,30.264616339001805,time_limit,,,False
350057,493f6f942eca3576ac0253ad50581fbe0469e8e417d3f97011c676f7789871fd,125796625,"""instance""",0.0,"['taskset', '-c', '2', '<project>/build/release/pclp', 'solve', '--instance', '<project>/data/generated/gen_layered_levels8-density0.05_n8000_uniform_neg0_r1.json', '--config', '<project>/experiments/runs/scalability/0d0d08f9829b488d/resolved_config.json', '--output', '<project>/experiments/runs/scalability/0d0d08f9829b488d/result.json']",False,forest-tuned,640134,4.260795193,30.210926706,layered,0,0,2584,gen_layered_levels8-density0.05_n8000_uniform_neg0_r1,data/generated/gen_layered_levels8-density0.05_n8000_uniform_neg0_r1.json,75fa1e662e1fa3659e523efc57b7d104fc53f92c86e340259902054088162b2c,638034,81,residual oracle did not certify optimality,8000,0.0,82,generated,96522240,640536,0.022668766,0.963989066,2.893040723,603431799,0,,0,0d0d08f9829b488d,30.236758475002716,time_limit,30.002067136,19.71498649,False
350057,493f6f942eca3576ac0253ad50581fbe0469e8e417d3f97011c676f7789871fd,,"""instance""",,,,forest-tuned,,,,layered,,,,gen_layered_levels8-density0.05_n8000_uniform_neg0_r1,data/generated/gen_layered_levels8-density0.05_n8000_uniform_neg0_r1.json,75fa1e662e1fa3659e523efc57b7d104fc53f92c86e340259902054088162b2c,,,residual oracle did not certify optimality,8000,,,generated,,,,,,,,True,1,d7d8dccdf6c1c205,30.236758475002716,time_limit,,,False
350057,493f6f942eca3576ac0253ad50581fbe0469e8e417d3f97011c676f7789871fd,0,"""instance""",0.007844777,"['taskset', '-c', '2', '<project>/build/release/pclp', 'solve', '--instance', '<project>/data/generated/gen_layered_levels8-density0.05_n8000_uniform_neg0_r1.json', '--config', '<project>/experiments/runs/scalability/20372994d1058dd2/resolved_config.json', '--output', '<project>/experiments/runs/scalability/20372994d1058dd2/result.json']",False,parametric,0,0.0,3.225917582,layered,30530,1956,0,gen_layered_levels8-density0.05_n8000_uniform_neg0_r1,data/generated/gen_layered_levels8-density0.05_n8000_uniform_neg0_r1.json,75fa1e662e1fa3659e523efc57b7d104fc53f92c86e340259902054088162b2c,0,978,,8000,17884.232852813657,1956,generated,117813248,0,0.020373024,0.0,0.0,0,0,,0,20372994d1058dd2,3.2768592210049974,optimal,3.026388979,0.0,True
350057,493f6f942eca3576ac0253ad50581fbe0469e8e417d3f97011c676f7789871fd,0,"""instance""",0.009174089,"['taskset', '-c', '2', '<project>/build/release/pclp', 'solve', '--instance', '<project>/data/generated/gen_layered_levels8-density0.05_n8000_uniform_neg0_r1.json', '--config', '<project>/experiments/runs/scalability/b82728bb94f125a5/resolved_config.json', '--output', '<project>/experiments/runs/scalability/b82728bb94f125a5/result.json']",False,parametric,0,0.0,3.351650257,layered,30530,1956,0,gen_layered_levels8-density0.05_n8000_uniform_neg0_r1,data/generated/gen_layered_levels8-density0.05_n8000_uniform_neg0_r1.json,75fa1e662e1fa3659e523efc57b7d104fc53f92c86e340259902054088162b2c,0,978,,8000,17884.232852813657,1956,generated,117817344,0,0.020642369,0.0,0.0,0,0,,1,b82728bb94f125a5,3.4037351940060034,optimal,3.147947535,0.0,True
349132,493f6f942eca3576ac0253ad50581fbe0469e8e417d3f97011c676f7789871fd,0,"""instance""",0.0,"['taskset', '-c', '2', '<project>/build/release/pclp', 'solve', '--instance', '<project>/data/generated/gen_layered_levels8-density0.05_n8000_uniform_neg0_r2.json', '--config', '<project>/experiments/runs/scalability/5b7f48338a13c778/resolved_config.json', '--output', '<project>/experiments/runs/scalability/5b7f48338a13c778/result.json']",False,dinkelbach,0,0.0,30.199658463,layered,0,0,0,gen_layered_levels8-density0.05_n8000_uniform_neg0_r2,data/generated/gen_layered_levels8-density0.05_n8000_uniform_neg0_r2.json,26054b1362545f33074a34683924bcfe97c88a25c5f0eb11e761104d226b7e35,0,0,time limit reached before a maximum flow,8000,0.0,140,generated,112185344,0,0.023515533,0.0,0.0,0,0,,0,5b7f48338a13c778,30.22612801899959,time_limit,30.004797915,0.0,False
349132,493f6f942eca3576ac0253ad50581fbe0469e8e417d3f97011c676f7789871fd,,"""instance""",,,,dinkelbach,,,,layered,,,,gen_layered_levels8-density0.05_n8000_uniform_neg0_r2,data/generated/gen_layered_levels8-density0.05_n8000_uniform_neg0_r2.json,26054b1362545f33074a34683924bcfe97c88a25c5f0eb11e761104d226b7e35,,,time limit reached before a maximum flow,8000,,,generated,,,,,,,,True,1,d1ce24aec7943ac8,30.22612801899959,time_limit,,,False
349132,493f6f942eca3576ac0253ad50581fbe0469e8e417d3f97011c676f7789871fd,121936479,"""instance""",0.0,"['taskset', '-c', '2', '<project>/build/release/pclp', 'solve', '--instance', '<project>/data/generated/gen_layered_levels8-density0.05_n8000_uniform_neg0_r2.json', '--config', '<project>/experiments/runs/scalability/78ce224cbf6cebff/resolved_config.json', '--output', '<project>/experiments/runs/scalability/78ce224cbf6cebff/result.json']",False,forest-tuned,627595,4.072748844,30.202107764,layered,0,0,2532,gen_layered_levels8-density0.05_n8000_uniform_neg0_r2,data/generated/gen_layered_levels8-density0.05_n8000_uniform_neg0_r2.json,26054b1362545f33074a34683924bcfe97c88a25c5f0eb11e761104d226b7e35,625435,79,residual oracle did not certify optimality,8000,0.0,80,generated,96407552,627887,0.022256084,0.995790156,3.114101671,579817481,0,,0,78ce224cbf6cebff,30.2299739660084,time_limit,30.002132157,19.611268072,False
349132,493f6f942eca3576ac0253ad50581fbe0469e8e417d3f97011c676f7789871fd,,"""instance""",,,,forest-tuned,,,,layered,,,,gen_layered_levels8-density0.05_n8000_uniform_neg0_r2,data/generated/gen_layered_levels8-density0.05_n8000_uniform_neg0_r2.json,26054b1362545f33074a34683924bcfe97c88a25c5f0eb11e761104d226b7e35,,,residual oracle did not certify optimality,8000,,,generated,,,,,,,,True,1,acf70d82a887d271,30.2299739660084,time_limit,,,False
349132,493f6f942eca3576ac0253ad50581fbe0469e8e417d3f97011c676f7789871fd,0,"""instance""",0.007999841,"['taskset', '-c', '2', '<project>/build/release/pclp', 'solve', '--instance', '<project>/data/generated/gen_layered_levels8-density0.05_n8000_uniform_neg0_r2.json', '--config', '<project>/experiments/runs/scalability/97a1feac466eeb6b/resolved_config.json', '--output', '<project>/experiments/runs/scalability/97a1feac466eeb6b/result.json']",False,parametric,0,0.0,1.617419345,layered,35786,646,0,gen_layered_levels8-density0.05_n8000_uniform_neg0_r2,data/generated/gen_layered_levels8-density0.05_n8000_uniform_neg0_r2.json,26054b1362545f33074a34683924bcfe97c88a25c5f0eb11e761104d226b7e35,0,323,,8000,79002.10728167593,646,generated,117465088,0,0.01994002,0.0,0.0,0,0,,0,97a1feac466eeb6b,1.6629626659996575,optimal,1.422131308,0.0,True
349132,493f6f942eca3576ac0253ad50581fbe0469e8e417d3f97011c676f7789871fd,0,"""instance""",0.009451556,"['taskset', '-c', '2', '<project>/build/release/pclp', 'solve', '--instance', '<project>/data/generated/gen_layered_levels8-density0.05_n8000_uniform_neg0_r2.json', '--config', '<project>/experiments/runs/scalability/d4bf8d1f86d835c6/resolved_config.json', '--output', '<project>/experiments/runs/scalability/d4bf8d1f86d835c6/result.json']",False,parametric,0,0.0,1.731015129,layered,35786,646,0,gen_layered_levels8-density0.05_n8000_uniform_neg0_r2,data/generated/gen_layered_levels8-density0.05_n8000_uniform_neg0_r2.json,26054b1362545f33074a34683924bcfe97c88a25c5f0eb11e761104d226b7e35,0,323,,8000,79002.10728167593,646,generated,117473280,0,0.020035383,0.0,0.0,0,0,,1,d4bf8d1f86d835c6,1.7838770540111,optimal,1.53177346,0.0,True
349827,493f6f942eca3576ac0253ad50581fbe0469e8e417d3f97011c676f7789871fd,0,"""instance""",0.0,"['taskset', '-c', '2', '<project>/build/release/pclp', 'solve', '--instance', '<project>/data/generated/gen_layered_levels8-density0.05_n8000_uniform_neg30_r0.json', '--config', '<project>/experiments/runs/scalability/89d193fd7a66bae1/resolved_config.json', '--output', '<project>/experiments/runs/scalability/89d193fd7a66bae1/result.json']",False,dinkelbach,0,0.0,30.19995501,layered,0,0,0,gen_layered_levels8-density0.05_n8000_uniform_neg30_r0,data/generated/gen_layered_levels8-density0.05_n8000_uniform_neg30_r0.json,5344a18b18becf507b7ee360eb4107d4e50636169efc86157f6fe72b5e8ab7a8,0,0,time limit reached before a maximum flow,8000,0.0,174,generated,112336896,0,0.022589013,0.0,0.0,0,0,,0,89d193fd7a66bae1,30.22178055200493,time_limit,30.01274213,0.0,False
349827,493f6f942eca3576ac0253ad50581fbe0469e8e417d3f97011c676f7789871fd,,"""instance""",,,,dinkelbach,,,,layered,,,,gen_layered_levels8-density0.05_n8000_uniform_neg30_r0,data/generated/gen_layered_levels8-density0.05_n8000_uniform_neg30_r0.json,5344a18b18becf507b7ee360eb4107d4e50636169efc86157f6fe72b5e8ab7a8,,,time limit reached before a maximum flow,8000,,,generated,,,,,,,,True,1,39f0d666b752c21d,30.22178055200493,time_limit,,,False
349827,493f6f942eca3576ac0253ad50581fbe0469e8e417d3f97011c676f7789871fd,124630622,"""instance""",0.0,"['taskset', '-c', '2', '<project>/build/release/pclp', 'solve', '--instance', '<project>/data/generated/gen_layered_levels8-density0.05_n8000_uniform_neg30_r0.json', '--config', '<project>/experiments/runs/scalability/2e6d5ea36c600fbe/resolved_config.json', '--output', '<project>/experiments/runs/scalability/2e6d5ea36c600fbe/result.json']",False,forest-tuned,667828,4.249242072,30.208032317,layered,0,0,2695,gen_layered_levels8-density0.05_n8000_uniform_neg30_r0,data/generated/gen_layered_levels8-density0.05_n8000_uniform_neg30_r0.json,5344a18b18becf507b7ee360eb4107d4e50636169efc86157f6fe72b5e8ab7a8,665550,84,residual oracle did not certify optimality,8000,0.0,85,generated,96653312,668160,0.022154164,1.015940829,3.231353914,598652748,0,,0,2e6d5ea36c600fbe,30.233068622997962,time_limit,30.002040752,19.270181038,False
349827,493f6f942eca3576ac0253ad50581fbe0469e8e417d3f97011c676f7789871fd,,"""instance""",,,,forest-tuned,,,,layered,,,,gen_layered_levels8-density0.05_n8000_uniform_neg30_r0,data/generated/gen_layered_levels8-density0.05_n8000_uniform_neg30_r0.json,5344a18b18becf507b7ee360eb4107d4e50636169efc86157f6fe72b5e8ab7a8,,,residual oracle did not certify optimality,8000,,,generated,,,,,,,,True,1,922c23bb5f16c251,30.233068622997962,time_limit,,,False
349827,493f6f942eca3576ac0253ad50581fbe0469e8e417d3f97011c676f7789871fd,0,"""instance""",0.008780124,"['taskset', '-c', '2', '<project>/build/release/pclp', 'solve', '--instance', '<project>/data/generated/gen_layered_levels8-density0.05_n8000_uniform_neg30_r0.json', '--config', '<project>/experiments/runs/scalability/651491393943722c/resolved_config.json', '--output', '<project>/experiments/runs/scalability/651491393943722c/result.json']",False,parametric,0,0.0,1.715420806,layered,37385,725,0,gen_layered_levels8-density0.05_n8000_uniform_neg30_r0,data/generated/gen_layered_levels8-density0.05_n8000_uniform_neg30_r0.json,5344a18b18becf507b7ee360eb4107d4e50636169efc86157f6fe72b5e8ab7a8,0,362,,8000,74642.71351573295,724,generated,117727232,0,0.020122525,0.0,0.0,0,0,,0,651491393943722c,1.7662819510005647,optimal,1.509416959,0.0,True
349827,493f6f942eca3576ac0253ad50581fbe0469e8e417d3f97011c676f7789871fd,0,"""instance""",0.009805303,"['taskset', '-c', '2', '<project>/build/release/pclp', 'solve', '--instance', '<project>/data/generated/gen_layered_levels8-density0.05_n8000_uniform_neg30_r0.json', '--config', '<project>/experiments/runs/scalability/82fe5adfe3c18d93/resolved_config.json', '--output', '<project>/experiments/runs/scalability/82fe5adfe3c18d93/result.json']",False,parametric,0,0.0,2.032943446,layered,37385,725,0,gen_layered_levels8-density0.05_n8000_uniform_neg30_r0,data/generated/gen_layered_levels8-density0.05_n8000_uniform_neg30_r0.json,5344a18b18becf507b7ee360eb4107d4e50636169efc86157f6fe72b5e8ab7a8,0,362,,8000,74642.71351573295,724,generated,117792768,0,0.023522043,0.0,0.0,0,0,,1,82fe5adfe3c18d93,2.0992684380034916,optimal,1.689927518,0.0,True
349398,493f6f942eca3576ac0253ad50581fbe0469e8e417d3f97011c676f7789871fd,0,"""instance""",0.0,"['taskset', '-c', '2', '<project>/build/release/pclp', 'solve', '--instance', '<project>/data/generated/gen_layered_levels8-density0.05_n8000_uniform_neg30_r1.json', '--config', '<project>/experiments/runs/scalability/afe780d0e3d98e7d/resolved_config.json', '--output', '<project>/experiments/runs/scalability/afe780d0e3d98e7d/result.json']",False,dinkelbach,0,0.0,30.213732045,layered,0,0,0,gen_layered_levels8-density0.05_n8000_uniform_neg30_r1,data/generated/gen_layered_levels8-density0.05_n8000_uniform_neg30_r1.json,8eeb2a1b54d5686b99f143e480c774ced2fa6a22d7ba5b39c1fb17168c50a84a,0,0,time limit reached before a maximum flow,8000,0.0,141,generated,112173056,0,0.022398295,0.0,0.0,0,0,,0,afe780d0e3d98e7d,30.240431708007236,time_limit,30.016490497,0.0,False
349398,493f6f942eca3576ac0253ad50581fbe0469e8e417d3f97011c676f7789871fd,,"""instance""",,,,dinkelbach,,,,layered,,,,gen_layered_levels8-density0.05_n8000_uniform_neg30_r1,data/generated/gen_layered_levels8-density0.05_n8000_uniform_neg30_r1.json,8eeb2a1b54d5686b99f143e480c774ced2fa6a22d7ba5b39c1fb17168c50a84a,,,time limit reached before a maximum flow,8000,,,generated,,,,,,,,True,1,5b13fdc8735c58b2,30.240431708007236,time_limit,,,False
349398,493f6f942eca3576ac0253ad50581fbe0469e8e417d3f97011c676f7789871fd,122161557,"""instance""",0.0,"['taskset', '-c', '2', '<project>/build/release/pclp', 'solve', '--instance', '<project>/data/generated/gen_layered_levels8-density0.05_n8000_uniform_neg30_r1.json', '--config', '<project>/experiments/runs/scalability/5797b4d7695ff7c8/resolved_config.json', '--output', '<project>/experiments/runs/scalability/5797b4d7695ff7c8/result.json']",False,forest-tuned,645064,4.383489575,30.236695568,layered,0,0,2603,gen_layered_levels8-density0.05_n8000_uniform_neg30_r1,data/generated/gen_layered_levels8-density0.05_n8000_uniform_neg30_r1.json,8eeb2a1b54d5686b99f143e480c774ced2fa6a22d7ba5b39c1fb17168c50a84a,642972,81,residual oracle did not certify optimality,8000,0.0,82,generated,96534528,645493,0.023972959,0.995209987,3.125169741,569798875,0,,0,5797b4d7695ff7c8,30.263477405998856,time_limit,30.001855871,19.245439057,False
349398,493f6f942eca3576ac0253ad50581fbe0469e8e417d3f97011c676f7789871fd,,"""instance""",,,,forest-tuned,,,,layered,,,,gen_layered_levels8-density0.05_n8000_uniform_neg30_r1,data/generated/gen_layered_levels8-density0.05_n8000_uniform_neg30_r1.json,8eeb2a1b54d5686b99f143e480c774ced2fa6a22d7ba5b39c1fb17168c50a84a,,,residual oracle did not certify optimality,8000,,,generated,,,,,,,,True,1,0e4c4f18a72c4137,30.263477405998856,time_limit,,,False
349398,493f6f942eca3576ac0253ad50581fbe0469e8e417d3f97011c676f7789871fd,0,"""instance""",0.008802568,"['taskset', '-c', '2', '<project>/build/release/pclp', 'solve', '--instance', '<project>/data/generated/gen_layered_levels8-density0.05_n8000_uniform_neg30_r1.json', '--config', '<project>/experiments/runs/scalability/448bcf4c0111bbc5/resolved_config.json', '--output', '<project>/experiments/runs/scalability/448bcf4c0111bbc5/result.json']",False,parametric,0,0.0,2.370740256,layered,13662,1299,0,gen_layered_levels8-density0.05_n8000_uniform_neg30_r1,data/generated/gen_layered_levels8-density0.05_n8000_uniform_neg30_r1.json,8eeb2a1b54d5686b99f143e480c774ced2fa6a22d7ba5b39c1fb17168c50a84a,0,649,,8000,5570.128,1298,generated,117575680,0,0.030528032,0.0,0.0,0,0,,0,448bcf4c0111bbc5,2.421222067991039,optimal,2.070192026,0.0,True
349398,493f6f942eca3576ac0253ad50581fbe0469e8e417d3f97011c676f7789871fd,0,"""instance""",0.00808053,"['taskset', '-c', '2', '<project>/build/release/pclp', 'solve', '--instance', '<project>/data/generated/gen_layered_levels8-density0.05_n8000_uniform_neg30_r1.json', '--config', '<project>/experiments/runs/scalability/bc65cdac5f9a2223/resolved_config.json', '--output', '<project>/experiments/runs/scalability/bc65cdac5f9a2223/result.json']",False,parametric,0,0.0,2.275059636,layered,13662,1299,0,gen_layered_levels8-density0.05_n8000_uniform_neg30_r1,data/generated/gen_layered_levels8-density0.05_n8000_uniform_neg30_r1.json,8eeb2a1b54d5686b99f143e480c774ced2fa6a22d7ba5b39c1fb17168c50a84a,0,649,,8000,5570.128,1298,generated,117510144,0,0.023782677,0.0,0.0,0,0,,1,bc65cdac5f9a2223,2.3272594139998546,optimal,2.049489331,0.0,True
349976,493f6f942eca3576ac0253ad50581fbe0469e8e417d3f97011c676f7789871fd,0,"""instance""",0.0,"['taskset', '-c', '2', '<project>/build/release/pclp', 'solve', '--instance', '<project>/data/generated/gen_layered_levels8-density0.05_n8000_uniform_neg30_r2.json', '--config', '<project>/experiments/runs/scalability/017ec5b0efd64929/resolved_config.json', '--output', '<project>/experiments/runs/scalability/017ec5b0efd64929/result.json']",False,dinkelbach,0,0.0,30.208845861,layered,0,0,0,gen_layered_levels8-density0.05_n8000_uniform_neg30_r2,data/generated/gen_layered_levels8-density0.05_n8000_uniform_neg30_r2.json,d7b4a23088387a7a9349ece3a1a56b133cfab5138bc71672688129fe2f88bb91,0,0,time limit reached before a maximum flow,8000,0.0,172,generated,112386048,0,0.024074672,0.0,0.0,0,0,,0,017ec5b0efd64929,30.235982238998986,time_limit,30.015048734,0.0,False
349976,493f6f942eca3576ac0253ad50581fbe0469e8e417d3f97011c676f7789871fd,,"""instance""",,,,dinkelbach,,,,layered,,,,gen_layered_levels8-density0.05_n8000_uniform_neg30_r2,data/generated/gen_layered_levels8-density0.05_n8000_uniform_neg30_r2.json,d7b4a23088387a7a9349ece3a1a56b133cfab5138bc71672688129fe2f88bb91,,,time limit reached before a maximum flow,8000,,,generated,,,,,,,,True,1,7d0ca6acecf094e1,30.235982238998986,time_limit,,,False
349976,493f6f942eca3576ac0253ad50581fbe0469e8e417d3f97011c676f7789871fd,135243619,"""instance""",0.0,"['taskset', '-c', '2', '<project>/build/release/pclp', 'solve', '--instance', '<project>/data/generated/gen_layered_levels8-density0.05_n8000_uniform_neg30_r2.json', '--config', '<project>/experiments/runs/scalability/41ece8c9f52087a9/resolved_config.json', '--output', '<project>/experiments/runs/scalability/41ece8c9f52087a9/result.json']",False,forest-tuned,724303,4.864767961,30.207421784,layered,0,0,2922,gen_layered_levels8-density0.05_n8000_uniform_neg30_r2,data/generated/gen_layered_levels8-density0.05_n8000_uniform_neg30_r2.json,d7b4a23088387a7a9349ece3a1a56b133cfab5138bc71672688129fe2f88bb91,721881,91,residual oracle did not certify optimality,8000,0.0,92,generated,96616448,724711,0.02205823,1.093506432,3.54372105,559502826,0,,0,41ece8c9f52087a9,30.233562702997006,time_limit,30.001763978,18.171308015,False
349976,493f6f942eca3576ac0253ad50581fbe0469e8e417d3f97011c676f7789871fd,,"""instance""",,,,forest-tuned,,,,layered,,,,gen_layered_levels8-density0.05_n8000_uniform_neg30_r2,data/generated/gen_layered_levels8-density0.05_n8000_uniform_neg30_r2.json,d7b4a23088387a7a9349ece3a1a56b133cfab5138bc71672688129fe2f88bb91,,,residual oracle did not certify optimality,8000,,,generated,,,,,,,,True,1,915cf02998dcc703,30.233562702997006,time_limit,,,False
349976,493f6f942eca3576ac0253ad50581fbe0469e8e417d3f97011c676f7789871fd,0,"""instance""",0.008256518,"['taskset', '-c', '2', '<project>/build/release/pclp', 'solve', '--instance', '<project>/data/generated/gen_layered_levels8-density0.05_n8000_uniform_neg30_r2.json', '--config', '<project>/experiments/runs/scalability/2fd2008316a08f11/resolved_config.json', '--output', '<project>/experiments/runs/scalability/2fd2008316a08f11/result.json']",False,parametric,0,0.0,1.756274557,layered,38125,563,0,gen_layered_levels8-density0.05_n8000_uniform_neg30_r2,data/generated/gen_layered_levels8-density0.05_n8000_uniform_neg30_r2.json,d7b4a23088387a7a9349ece3a1a56b133cfab5138bc71672688129fe2f88bb91,0,281,,8000,51581.09413436316,562,generated,117813248,0,0.01967157,0.0,0.0,0,0,,0,2fd2008316a08f11,1.806989001997863,optimal,1.547135144,0.0,True
349976,493f6f942eca3576ac0253ad50581fbe0469e8e417d3f97011c676f7789871fd,0,"""instance""",0.009170964,"['taskset', '-c', '2', '<project>/build/release/pclp', 'solve', '--instance', '<project>/data/generated/gen_layered_levels8-density0.05_n8000_uniform_neg30_r2.json', '--config', '<project>/experiments/runs/scalability/dc731d2624aaa152/resolved_config.json', '--output', '<project>/experiments/runs/scalability/dc731d2624aaa152/result.json']",False,parametric,0,0.0,1.757684711,layered,38125,563,0,gen_layered_levels8-density0.05_n8000_uniform_neg30_r2,data/generated/gen_layered_levels8-density0.05_n8000_uniform_neg30_r2.json,d7b4a23088387a7a9349ece3a1a56b133cfab5138bc71672688129fe2f88bb91,0,281,,8000,51581.09413436316,562,generated,117817344,0,0.01931648,0.0,0.0,0,0,,1,dc731d2624aaa152,1.808895242997096,optimal,1.550819897,0.0,True
349499,493f6f942eca3576ac0253ad50581fbe0469e8e417d3f97011c676f7789871fd,0,"""instance""",0.0,"['taskset', '-c', '2', '<project>/build/release/pclp', 'solve', '--instance', '<project>/data/generated/gen_layered_levels8-density0.05_n8000_uniform_neg60_r0.json', '--config', '<project>/experiments/runs/scalability/1e4c28b3b731e30a/resolved_config.json', '--output', '<project>/experiments/runs/scalability/1e4c28b3b731e30a/result.json']",False,dinkelbach,0,0.0,30.215271102,layered,0,0,0,gen_layered_levels8-density0.05_n8000_uniform_neg60_r0,data/generated/gen_layered_levels8-density0.05_n8000_uniform_neg60_r0.json,d29ace5792c5b95eee1132f1755e8c3ac98708f75e9523402d6ccd274a468824,0,0,time limit reached before a maximum flow,8000,0.0,129,generated,112144384,0,0.024057474,0.0,0.0,0,0,,0,1e4c28b3b731e30a,30.24142077298893,time_limit,30.014064732,0.0,False
349499,493f6f942eca3576ac0253ad50581fbe0469e8e417d3f97011c676f7789871fd,,"""instance""",,,,dinkelbach,,,,layered,,,,gen_layered_levels8-density0.05_n8000_uniform_neg60_r0,data/generated/gen_layered_levels8-density0.05_n8000_uniform_neg60_r0.json,d29ace5792c5b95eee1132f1755e8c3ac98708f75e9523402d6ccd274a468824,,,time limit reached before a maximum flow,8000,,,generated,,,,,,,,True,1,8ed36ab62687fa4e,30.24142077298893,time_limit,,,False
349499,493f6f942eca3576ac0253ad50581fbe0469e8e417d3f97011c676f7789871fd,118655646,"""instance""",0.0,"['taskset', '-c', '2', '<project>/build/release/pclp', 'solve', '--instance', '<project>/data/generated/gen_layered_levels8-density0.05_n8000_uniform_neg60_r0.json', '--config', '<project>/experiments/runs/scalability/3ca01488cd8e5185/resolved_config.json', '--output', '<project>/experiments/runs/scalability/3ca01488cd8e5185/result.json']",False,forest-tuned,619355,4.387224435,30.214250333,layered,0,0,2500,gen_layered_levels8-density0.05_n8000_uniform_neg60_r0,data/generated/gen_layered_levels8-density0.05_n8000_uniform_neg60_r0.json,d29ace5792c5b95eee1132f1755e8c3ac98708f75e9523402d6ccd274a468824,617421,78,residual oracle did not certify optimality,8000,0.0,79,generated,96481280,619842,0.022242489,1.022536687,3.2752057470000002,547560119,0,,0,3ca01488cd8e5185,30.239532285995665,time_limit,30.001878127,19.055688197,False
349499,493f6f942eca3576ac0253ad50581fbe0469e8e417d3f97011c676f7789871fd,,"""instance""",,,,forest-tuned,,,,layered,,,,gen_layered_levels8-density0.05_n8000_uniform_neg60_r0,data/generated/gen_layered_levels8-density0.05_n8000_uniform_neg60_r0.json,d29ace5792c5b95eee1132f1755e8c3ac98708f75e9523402d6ccd274a468824,,,residual oracle did not certify optimality,8000,,,generated,,,,,,,,True,1,9122e8769d8050ee,30.239532285995665,time_limit,,,False
349499,493f6f942eca3576ac0253ad50581fbe0469e8e417d3f97011c676f7789871fd,0,"""instance""",0.008568005,"['taskset', '-c', '2', '<project>/build/release/pclp', 'solve', '--instance', '<project>/data/generated/gen_layered_levels8-density0.05_n8000_uniform_neg60_r0.json', '--config', '<project>/experiments/runs/scalability/5ff63a84738f479d/resolved_config.json', '--output', '<project>/experiments/runs/scalability/5ff63a84738f479d/result.json']",False,parametric,0,0.0,1.581895556,layered,45006,527,0,gen_layered_levels8-density0.05_n8000_uniform_neg60_r0,data/generated/gen_layered_levels8-density0.05_n8000_uniform_neg60_r0.json,d29ace5792c5b95eee1132f1755e8c3ac98708f75e9523402d6ccd274a468824,0,263,,8000,33972.98625207603,526,generated,117690368,0,0.020829369,0.0,0.0,0,0,,0,5ff63a84738f479d,1.633718797005713,optimal,1.382053273,0.0,True
349499,493f6f942eca3576ac0253ad50581fbe0469e8e417d3f97011c676f7789871fd,0,"""instance""",0.009450353,"['taskset', '-c', '2', '<project>/build/release/pclp', 'solve', '--instance', '<project>/data/generated/gen_layered_levels8-density0.05_n8000_uniform_neg60_r0.json', '--config', '<project>/experiments/runs/scalability/a50de826ba8c16f8/resolved_config.json', '--output', '<project>/experiments/runs/scalability/a50de826ba8c16f8/result.json']",False,parametric,0,0.0,1.642863615,layered,45006,527,0,gen_layered_levels8-density0.05_n8000_uniform_neg60_r0,data/generated/gen_layered_levels8-density0.05_n8000_uniform_neg60_r0.json,d29ace5792c5b95eee1132f1755e8c3ac98708f75e9523402d6ccd274a468824,0,263,,8000,33972.98625207603,526,generated,117755904,0,0.022785521,0.0,0.0,0,0,,1,a50de826ba8c16f8,1.7026795699930517,optimal,1.408839137,0.0,True
350302,493f6f942eca3576ac0253ad50581fbe0469e8e417d3f97011c676f7789871fd,0,"""instance""",0.0,"['taskset', '-c', '2', '<project>/build/release/pclp', 'solve', '--instance', '<project>/data/generated/gen_layered_levels8-density0.05_n8000_uniform_neg60_r1.json', '--config', '<project>/experiments/runs/scalability/5e279e0f6ab403ad/resolved_config.json', '--output', '<project>/experiments/runs/scalability/5e279e0f6ab403ad/result.json']",False,dinkelbach,0,0.0,30.205936372,layered,0,0,0,gen_layered_levels8-density0.05_n8000_uniform_neg60_r1,data/generated/gen_layered_levels8-density0.05_n8000_uniform_neg60_r1.json,71f796536022c384a138706ae8c3e2b82a7d04294f564f41bc8f2f56ff3e4c41,0,0,time limit reached before a maximum flow,8000,0.0,119,generated,112484352,0,0.023857995,0.0,0.0,0,0,,0,5e279e0f6ab403ad,30.232817406998947,time_limit,30.004007385,0.0,False
350302,493f6f942eca3576ac0253ad50581fbe0469e8e417d3f97011c676f7789871fd,,"""instance""",,,,dinkelbach,,,,layered,,,,gen_layered_levels8-density0.05_n8000_uniform_neg60_r1,data/generated/gen_layered_levels8-density0.05_n8000_uniform_neg60_r1.json,71f796536022c384a138706ae8c3e2b82a7d04294f564f41bc8f2f56ff3e4c41,,,time limit reached before a maximum flow,8000,,,generated,,,,,,,,True,1,f9f8514e01838b54,30.232817406998947,time_limit,,,False
350302,493f6f942eca3576ac0253ad50581fbe0469e8e417d3f97011c676f7789871fd,143748408,"""instance""",0.0,"['taskset', '-c', '2', '<project>/build/release/pclp', 'solve', '--instance', '<project>/data/generated/gen_layered_levels8-density0.05_n8000_uniform_neg60_r1.json', '--config', '<project>/experiments/runs/scalability/9d5e0d3278b08261/resolved_config.json', '--output', '<project>/experiments/runs/scalability/9d5e0d3278b08261/result.json']",False,forest-tuned,734110,4.918117671,30.222332241,layered,0,0,2963,gen_layered_levels8-density0.05_n8000_uniform_neg60_r1,data/generated/gen_layered_levels8-density0.05_n8000_uniform_neg60_r1.json,71f796536022c384a138706ae8c3e2b82a7d04294f564f41bc8f2f56ff3e4c41,731709,93,residual oracle did not certify optimality,8000,0.0,94,generated,96714752,734578,0.023542024,1.1360244800000001,3.501038887,551775455,0,,0,9d5e0d3278b08261,30.249031462997664,time_limit,30.002077564,18.026492906,False
350302,493f6f942eca3576ac0253ad50581fbe0469e8e417d3f97011c676f7789871fd,,"""instance""",,,,forest-tuned,,,,layered,,,,gen_layered_levels8-density0.05_n8000_uniform_neg60_r1,data/generated/gen_layered_levels8-density0.05_n8000_uniform_neg60_r1.json,71f796536022c384a138706ae8c3e2b82a7d04294f564f41bc8f2f56ff3e4c41,,,residual oracle did not certify optimality,8000,,,generated,,,,,,,,True,1,36d507933952af37,30.249031462997664,time_limit,,,False
350302,493f6f942eca3576ac0253ad50581fbe0469e8e417d3f97011c676f7789871fd,0,"""instance""",0.008931755,"['taskset', '-c', '2', '<project>/build/release/pclp', 'solve', '--instance', '<project>/data/generated/gen_layered_levels8-density0.05_n8000_uniform_neg60_r1.json', '--config', '<project>/experiments/runs/scalability/5fe045ba403beb89/resolved_config.json', '--output', '<project>/experiments/runs/scalability/5fe045ba403beb89/result.json']",False,parametric,0,0.0,1.509325259,layered,7490,805,0,gen_layered_levels8-density0.05_n8000_uniform_neg60_r1,data/generated/gen_layered_levels8-density0.05_n8000_uniform_neg60_r1.json,71f796536022c384a138706ae8c3e2b82a7d04294f564f41bc8f2f56ff3e4c41,0,402,,8000,3363.428,804,generated,117764096,0,0.020089878,0.0,0.0,0,0,,0,5fe045ba403beb89,1.560428236000007,optimal,1.314414617,0.0,True
350302,493f6f942eca3576ac0253ad50581fbe0469e8e417d3f97011c676f7789871fd,0,"""instance""",0.009058064,"['taskset', '-c', '2', '<project>/build/release/pclp', 'solve', '--instance', '<project>/data/generated/gen_layered_levels8-density0.05_n8000_uniform_neg60_r1.json', '--config', '<project>/experiments/runs/scalability/8353f0dcf57f62f3/resolved_config.json', '--output', '<project>/experiments/runs/scalability/8353f0dcf57f62f3/result.json']",False,parametric,0,0.0,1.590951829,layered,7490,805,0,gen_layered_levels8-density0.05_n8000_uniform_neg60_r1,data/generated/gen_layered_levels8-density0.05_n8000_uniform_neg60_r1.json,71f796536022c384a138706ae8c3e2b82a7d04294f564f41bc8f2f56ff3e4c41,0,402,,8000,3363.428,804,generated,117780480,0,0.024250461,0.0,0.0,0,0,,1,8353f0dcf57f62f3,1.6438676729885628,optimal,1.355255759,0.0,True
350024,493f6f942eca3576ac0253ad50581fbe0469e8e417d3f97011c676f7789871fd,0,"""instance""",0.0,"['taskset', '-c', '2', '<project>/build/release/pclp', 'solve', '--instance', '<project>/data/generated/gen_layered_levels8-density0.05_n8000_uniform_neg60_r2.json', '--config', '<project>/experiments/runs/scalability/cc3c03ef78400dba/resolved_config.json', '--output', '<project>/experiments/runs/scalability/cc3c03ef78400dba/result.json']",False,dinkelbach,0,0.0,30.203975003,layered,0,0,0,gen_layered_levels8-density0.05_n8000_uniform_neg60_r2,data/generated/gen_layered_levels8-density0.05_n8000_uniform_neg60_r2.json,f046e14762ea90cb9e4f00f05d8098cbbdf829a56917a385e6345724136c66b7,0,0,time limit reached before a maximum flow,8000,0.0,163,generated,112431104,0,0.022965431,0.0,0.0,0,0,,0,cc3c03ef78400dba,30.231283563000034,time_limit,30.006147257,0.0,False
350024,493f6f942eca3576ac0253ad50581fbe0469e8e417d3f97011c676f7789871fd,,"""instance""",,,,dinkelbach,,,,layered,,,,gen_layered_levels8-density0.05_n8000_uniform_neg60_r2,data/generated/gen_layered_levels8-density0.05_n8000_uniform_neg60_r2.json,f046e14762ea90cb9e4f00f05d8098cbbdf829a56917a385e6345724136c66b7,,,time limit reached before a maximum flow,8000,,,generated,,,,,,,,True,1,687d4a7e5c66dd42,30.231283563000034,time_limit,,,False
350024,493f6f942eca3576ac0253ad50581fbe0469e8e417d3f97011c676f7789871fd,136177243,"""instance""",0.0,"['taskset', '-c', '2', '<project>/build/release/pclp', 'solve', '--instance', '<project>/data/generated/gen_layered_levels8-density0.05_n8000_uniform_neg60_r2.json', '--config', '<project>/experiments/runs/scalability/b3a509829845946a/resolved_config.json', '--output', '<project>/experiments/runs/scalability/b3a509829845946a/result.json']",False,forest-tuned,726263,4.786598648,30.212954825,layered,0,0,2930,gen_layered_levels8-density0.05_n8000_uniform_neg60_r2,data/generated/gen_layered_levels8-density0.05_n8000_uniform_neg60_r2.json,f046e14762ea90cb9e4f00f05d8098cbbdf829a56917a385e6345724136c66b7,723778,91,residual oracle did not certify optimality,8000,0.0,92,generated,96464896,726616,0.02251077,1.13026875,3.6040166499999997,545262104,0,,0,b3a509829845946a,30.23953336798877,time_limit,30.002291185,18.125054543,False
350024,493f6f942eca3576ac0253ad50581fbe0469e8e417d3f97011c676f7789871fd,,"""instance""",,,,forest-tuned,,,,layered,,,,gen_layered_levels8-density0.05_n8000_uniform_neg60_r2,data/generated/gen_layered_levels8-density0.05_n8000_uniform_neg60_r2.json,f046e14762ea90cb9e4f00f05d8098cbbdf829a56917a385e6345724136c66b7,,,residual oracle did not certify optimality,8000,,,generated,,,,,,,,True,1,0b39f051922b8360,30.23953336798877,time_limit,,,False
350024,493f6f942eca3576ac0253ad50581fbe0469e8e417d3f97011c676f7789871fd,0,"""instance""",0.010075837,"['taskset', '-c', '2', '<project>/build/release/pclp', 'solve', '--instance', '<project>/data/generated/gen_layered_levels8-density0.05_n8000_uniform_neg60_r2.json', '--config', '<project>/experiments/runs/scalability/dc7b641d86c876d4/resolved_config.json', '--output', '<project>/experiments/runs/scalability/dc7b641d86c876d4/result.json']",False,parametric,0,0.0,1.206652763,layered,36467,381,0,gen_layered_levels8-density0.05_n8000_uniform_neg60_r2,data/generated/gen_layered_levels8-density0.05_n8000_uniform_neg60_r2.json,f046e14762ea90cb9e4f00f05d8098cbbdf829a56917a385e6345724136c66b7,0,190,,8000,20294.6101744781,380,generated,117817344,0,0.023199289,0.0,0.0,0,0,,0,dc7b641d86c876d4,1.256024399001035,optimal,0.998070735,0.0,True
350024,493f6f942eca3576ac0253ad50581fbe0469e8e417d3f97011c676f7789871fd,0,"""instance""",0.010013432,"['taskset', '-c', '2', '<project>/build/release/pclp', 'solve', '--instance', '<project>/data/generated/gen_layered_levels8-density0.05_n8000_uniform_neg60_r2.json', '--config', '<project>/experiments/runs/scalability/0c46e60ae465e691/resolved_config.json', '--output', '<project>/experiments/runs/scalability/0c46e60ae465e691/result.json']",False,parametric,0,0.0,1.259077937,layered,36467,381,0,gen_layered_levels8-density0.05_n8000_uniform_neg60_r2,data/generated/gen_layered_levels8-density0.05_n8000_uniform_neg60_r2.json,f046e14762ea90cb9e4f00f05d8098cbbdf829a56917a385e6345724136c66b7,0,190,,8000,20294.6101744781,380,generated,117604352,0,0.023507014,0.0,0.0,0,0,,1,0c46e60ae465e691,1.3111183739965782,optimal,1.031375821,0.0,True
59966,493f6f942eca3576ac0253ad50581fbe0469e8e417d3f97011c676f7789871fd,0,"""instance""",0.0,"['taskset', '-c', '2', '<project>/build/release/pclp', 'solve', '--instance', '<project>/data/generated/gen_sparse_degree3_n20000_dispersed_neg30_r0.json', '--config', '<project>/experiments/runs/scalability/c506daa1945ee8e2/resolved_config.json', '--output', '<project>/experiments/runs/scalability/c506daa1945ee8e2/result.json']",False,dinkelbach,0,0.0,30.054102669,sparse,0,0,0,gen_sparse_degree3_n20000_dispersed_neg30_r0,data/generated/gen_sparse_degree3_n20000_dispersed_neg30_r0.json,7e50c8328fe87b05e782c03e3d34e296fdc99937000499cdeb3be674992756cd,0,0,time limit reached before a maximum flow,20000,0.0,40,generated,64708608,0,0.006012129,0.0,0.0,0,0,,0,c506daa1945ee8e2,30.065144759995746,time_limit,30.001021973,0.0,False
59966,493f6f942eca3576ac0253ad50581fbe0469e8e417d3f97011c676f7789871fd,,"""instance""",,,,dinkelbach,,,,sparse,,,,gen_sparse_degree3_n20000_dispersed_neg30_r0,data/generated/gen_sparse_degree3_n20000_dispersed_neg30_r0.json,7e50c8328fe87b05e782c03e3d34e296fdc99937000499cdeb3be674992756cd,,,time limit reached before a maximum flow,20000,,,generated,,,,,,,,True,1,0ace270a97297b20,30.065144759995746,time_limit,,,False
59966,493f6f942eca3576ac0253ad50581fbe0469e8e417d3f97011c676f7789871fd,9528390,"""instance""",0.0,"['taskset', '-c', '2', '<project>/build/release/pclp', 'solve', '--instance', '<project>/data/generated/gen_sparse_degree3_n20000_dispersed_neg30_r0.json', '--config', '<project>/experiments/runs/scalability/d3d67d23752f17c0/resolved_config.json', '--output', '<project>/experiments/runs/scalability/d3d67d23752f17c0/result.json']",False,forest-tuned,17366,2.183570447,30.050116297,sparse,0,0,79,gen_sparse_degree3_n20000_dispersed_neg30_r0,data/generated/gen_sparse_degree3_n20000_dispersed_neg30_r0.json,7e50c8328fe87b05e782c03e3d34e296fdc99937000499cdeb3be674992756cd,20006,0,residual oracle did not certify optimality,20000,0.0,1,generated,64708608,20084,0.006243838,0.148095905,1.248423998,337449125,0,,0,d3d67d23752f17c0,30.061201404998428,time_limit,30.000944456,25.10637084,False
59966,493f6f942eca3576ac0253ad50581fbe0469e8e417d3f97011c676f7789871fd,,"""instance""",,,,forest-tuned,,,,sparse,,,,gen_sparse_degree3_n20000_dispersed_neg30_r0,data/generated/gen_sparse_degree3_n20000_dispersed_neg30_r0.json,7e50c8328fe87b05e782c03e3d34e296fdc99937000499cdeb3be674992756cd,,,residual oracle did not certify optimality,20000,,,generated,,,,,,,,True,1,96d9a38ccf0c4cdb,30.061201404998428,time_limit,,,False
59966,493f6f942eca3576ac0253ad50581fbe0469e8e417d3f97011c676f7789871fd,0,"""instance""",0.002914548,"['taskset', '-c', '2', '<project>/build/release/pclp', 'solve', '--instance', '<project>/data/generated/gen_sparse_degree3_n20000_dispersed_neg30_r0.json', '--config', '<project>/experiments/runs/scalability/2011bcce5757167c/resolved_config.json', '--output', '<project>/experiments/runs/scalability/2011bcce5757167c/result.json']",False,parametric,0,0.0,4.886298079,sparse,163277,5431,0,gen_sparse_degree3_n20000_dispersed_neg30_r0,data/generated/gen_sparse_degree3_n20000_dispersed_neg30_r0.json,7e50c8328fe87b05e782c03e3d34e296fdc99937000499cdeb3be674992756cd,0,2715,,20000,238351.3658980141,5430,generated,64708608,0,0.005721819,0.0,0.0,0,0,,0,2011bcce5757167c,4.908190294998349,optimal,4.830458555,0.0,True
59966,493f6f942eca3576ac0253ad50581fbe0469e8e417d3f97011c676f7789871fd,0,"""instance""",0.002780889,"['taskset', '-c', '2', '<project>/build/release/pclp', 'solve', '--instance', '<project>/data/generated/gen_sparse_degree3_n20000_dispersed_neg30_r0.json', '--config', '<project>/experiments/runs/scalability/ff4826fa409e88fb/resolved_config.json', '--output', '<project>/experiments/runs/scalability/ff4826fa409e88fb/result.json']",False,parametric,0,0.0,4.710706938,sparse,163277,5431,0,gen_sparse_degree3_n20000_dispersed_neg30_r0,data/generated/gen_sparse_degree3_n20000_dispersed_neg30_r0.json,7e50c8328fe87b05e782c03e3d34e296fdc99937000499cdeb3be674992756cd,0,2715,,20000,238351.3658980141,5430,generated,64708608,0,0.005614948,0.0,0.0,0,0,,1,ff4826fa409e88fb,4.732647647993872,optimal,4.656603719,0.0,True
59971,493f6f942eca3576ac0253ad50581fbe0469e8e417d3f97011c676f7789871fd,0,"""instance""",0.0,"['taskset', '-c', '2', '<project>/build/release/pclp', 'solve', '--instance', '<project>/data/generated/gen_sparse_degree3_n20000_dispersed_neg30_r1.json', '--config', '<project>/experiments/runs/scalability/c72b1929482f9a60/resolved_config.json', '--output', '<project>/experiments/runs/scalability/c72b1929482f9a60/result.json']",False,dinkelbach,0,0.0,30.118986448,sparse,0,0,0,gen_sparse_degree3_n20000_dispersed_neg30_r1,data/generated/gen_sparse_degree3_n20000_dispersed_neg30_r1.json,8e9e84b2c583d87eda0176a5431e2a02f63293cbe6c019397265df66a39db50f,0,0,time limit reached before a maximum flow,20000,0.0,45,generated,64708608,0,0.005528356,0.0,0.0,0,0,,0,c72b1929482f9a60,30.128784542990616,time_limit,30.072928548,0.0,False
59971,493f6f942eca3576ac0253ad50581fbe0469e8e417d3f97011c676f7789871fd,,"""instance""",,,,dinkelbach,,,,sparse,,,,gen_sparse_degree3_n20000_dispersed_neg30_r1,data/generated/gen_sparse_degree3_n20000_dispersed_neg30_r1.json,8e9e84b2c583d87eda0176a5431e2a02f63293cbe6c019397265df66a39db50f,,,time limit reached before a maximum flow,20000,,,generated,,,,,,,,True,1,d3b29af06f49783f,30.128784542990616,time_limit,,,False
59971,493f6f942eca3576ac0253ad50581fbe0469e8e417d3f97011c676f7789871fd,10163147,"""instance""",0.0,"['taskset', '-c', '2', '<project>/build/release/pclp', 'solve', '--instance', '<project>/data/generated/gen_sparse_degree3_n20000_dispersed_neg30_r1.json', '--config', '<project>/experiments/runs/scalability/1b33ad63210cfdfe/resolved_config.json', '--output', '<project>/experiments/runs/scalability/1b33ad63210cfdfe/result.json']",False,forest-tuned,18650,2.19649602,30.049569968,sparse,0,0,84,gen_sparse_degree3_n20000_dispersed_neg30_r1,data/generated/gen_sparse_degree3_n20000_dispersed_neg30_r1.json,8e9e84b2c583d87eda0176a5431e2a02f63293cbe6c019397265df66a39db50f,21394,0,residual oracle did not certify optimality,20000,0.0,1,generated,64708608,21477,0.005399156,0.148034468,1.255640089,357856614,0,,0,1b33ad63210cfdfe,30.058407404998434,time_limit,30.001293381,25.106036209,False
59971,493f6f942eca3576ac0253ad50581fbe0469e8e417d3f97011c676f7789871fd,,"""instance""",,,,forest-tuned,,,,sparse,,,,gen_sparse_degree3_n20000_dispersed_neg30_r1,data/generated/gen_sparse_degree3_n20000_dispersed_neg30_r1.json,8e9e84b2c583d87eda0176a5431e2a02f63293cbe6c019397265df66a39db50f,,,residual oracle did not certify optimality,20000,,,generated,,,,,,,,True,1,c812d3b8bf1c2b38,30.058407404998434,time_limit,,,False
59971,493f6f942eca3576ac0253ad50581fbe0469e8e417d3f97011c676f7789871fd,0,"""instance""",0.003081992,"['taskset', '-c', '2', '<project>/build/release/pclp', 'solve', '--instance', '<project>/data/generated/gen_sparse_degree3_n20000_dispersed_neg30_r1.json', '--config', '<project>/experiments/runs/scalability/4d484e6df267427e/resolved_config.json', '--output', '<project>/experiments/runs/scalability/4d484e6df267427e/result.json']",False,parametric,0,0.0,4.927995278,sparse,159198,5749,0,gen_sparse_degree3_n20000_dispersed_neg30_r1,data/generated/gen_sparse_degree3_n20000_dispersed_neg30_r1.json,8e9e84b2c583d87eda0176a5431e2a02f63293cbe6c019397265df66a39db50f,0,2874,,20000,3450084.1031837733,5748,generated,64708608,0,0.006134481,0.0,0.0,0,0,,0,4d484e6df267427e,4.954525812994689,optimal,4.87201758,0.0,True
59971,493f6f942eca3576ac0253ad50581fbe0469e8e417d3f97011c676f7789871fd,0,"""instance""",0.003138819,"['taskset', '-c', '2', '<project>/build/release/pclp', 'solve', '--instance', '<project>/data/generated/gen_sparse_degree3_n20000_dispersed_neg30_r1.json', '--config', '<project>/experiments/runs/scalability/96c5a4af4e20c643/resolved_config.json', '--output', '<project>/experiments/runs/scalability/96c5a4af4e20c643/result.json']",False,parametric,0,0.0,4.850721817,sparse,159198,5749,0,gen_sparse_degree3_n20000_dispersed_neg30_r1,data/generated/gen_sparse_degree3_n20000_dispersed_neg30_r1.json,8e9e84b2c583d87eda0176a5431e2a02f63293cbe6c019397265df66a39db50f,0,2874,,20000,3450084.1031837733,5748,generated,64708608,0,0.006325257,0.0,0.0,0,0,,1,96c5a4af4e20c643,4.8742509839939885,optimal,4.78910107,0.0,True
59972,493f6f942eca3576ac0253ad50581fbe0469e8e417d3f97011c676f7789871fd,0,"""instance""",0.0,"['taskset', '-c', '2', '<project>/build/release/pclp', 'solve', '--instance', '<project>/data/generated/gen_sparse_degree3_n20000_dispersed_neg30_r2.json', '--config', '<project>/experiments/runs/scalability/6523dc47c76900a5/resolved_config.json', '--output', '<project>/experiments/runs/scalability/6523dc47c76900a5/result.json']",False,dinkelbach,0,0.0,30.087130031,sparse,0,0,0,gen_sparse_degree3_n20000_dispersed_neg30_r2,data/generated/gen_sparse_degree3_n20000_dispersed_neg30_r2.json,5622f937429caa5ae783b6e6865234614ad9a22c988b6d2ef2a68d48e98811de,0,0,time limit reached before a maximum flow,20000,0.0,34,generated,64708608,0,0.005670336,0.0,0.0,0,0,,0,6523dc47c76900a5,30.098290611000266,time_limit,30.030856577,0.0,False
59972,493f6f942eca3576ac0253ad50581fbe0469e8e417d3f97011c676f7789871fd,,"""instance""",,,,dinkelbach,,,,sparse,,,,gen_sparse_degree3_n20000_dispersed_neg30_r2,data/generated/gen_sparse_degree3_n20000_dispersed_neg30_r2.json,5622f937429caa5ae783b6e6865234614ad9a22c988b6d2ef2a68d48e98811de,,,time limit reached before a maximum flow,20000,,,generated,,,,,,,,True,1,09d592520c05bc0d,30.098290611000266,time_limit,,,False
59972,493f6f942eca3576ac0253ad50581fbe0469e8e417d3f97011c676f7789871fd,9682572,"""instance""",0.0,"['taskset', '-c', '2', '<project>/build/release/pclp', 'solve', '--instance', '<project>/data/generated/gen_sparse_degree3_n20000_dispersed_neg30_r2.json', '--config', '<project>/experiments/runs/scalability/1b97268689171b0c/resolved_config.json', '--output', '<project>/experiments/runs/scalability/1b97268689171b0c/result.json']",False,forest-tuned,17860,2.16168748,30.054290232,sparse,0,0,80,gen_sparse_degree3_n20000_dispersed_neg30_r2,data/generated/gen_sparse_degree3_n20000_dispersed_neg30_r2.json,5622f937429caa5ae783b6e6865234614ad9a22c988b6d2ef2a68d48e98811de,20338,0,residual oracle did not certify optimality,20000,0.0,1,generated,64708608,20417,0.006216116,0.147077683,1.215453435,346706302,0,,0,1b97268689171b0c,30.06499776999408,time_limit,30.00192911,25.183384281,False
59972,493f6f942eca3576ac0253ad50581fbe0469e8e417d3f97011c676f7789871fd,,"""instance""",,,,forest-tuned,,,,sparse,,,,gen_sparse_degree3_n20000_dispersed_neg30_r2,data/generated/gen_sparse_degree3_n20000_dispersed_neg30_r2.json,5622f937429caa5ae783b6e6865234614ad9a22c988b6d2ef2a68d48e98811de,,,residual oracle did not certify optimality,20000,,,generated,,,,,,,,True,1,82859539efa52916,30.06499776999408,time_limit,,,False
59972,493f6f942eca3576ac0253ad50581fbe0469e8e417d3f97011c676f7789871fd,0,"""instance""",0.003131542,"['taskset', '-c', '2', '<project>/build/release/pclp', 'solve', '--instance', '<project>/data/generated/gen_sparse_degree3_n20000_dispersed_neg30_r2.json', '--config', '<project>/experiments/runs/scalability/7ec420aa38cd489e/resolved_config.json', '--output', '<project>/experiments/runs/scalability/7ec420aa38cd489e/result.json']",False,parametric,0,0.0,4.147884686,sparse,157845,4183,0,gen_sparse_degree3_n20000_dispersed_neg30_r2,data/generated/gen_sparse_degree3_n20000_dispersed_neg30_r2.json,5622f937429caa5ae783b6e6865234614ad9a22c988b6d2ef2a68d48e98811de,0,2091,,20000,161383.57045517265,4182,generated,64708608,0,0.00621318,0.0,0.0,0,0,,0,7ec420aa38cd489e,4.169677119993139,optimal,4.093504732,0.0,True
59972,493f6f942eca3576ac0253ad50581fbe0469e8e417d3f97011c676f7789871fd,0,"""instance""",0.002775517,"['taskset', '-c', '2', '<project>/build/release/pclp', 'solve', '--instance', '<project>/data/generated/gen_sparse_degree3_n20000_dispersed_neg30_r2.json', '--config', '<project>/experiments/runs/scalability/1ff6aba50c4ba975/resolved_config.json', '--output', '<project>/experiments/runs/scalability/1ff6aba50c4ba975/result.json']",False,parametric,0,0.0,4.040069804,sparse,157845,4183,0,gen_sparse_degree3_n20000_dispersed_neg30_r2,data/generated/gen_sparse_degree3_n20000_dispersed_neg30_r2.json,5622f937429caa5ae783b6e6865234614ad9a22c988b6d2ef2a68d48e98811de,0,2091,,20000,161383.57045517265,4182,generated,64708608,0,0.006189107,0.0,0.0,0,0,,1,1ff6aba50c4ba975,4.062586090993136,optimal,3.988373871,0.0,True
59964,493f6f942eca3576ac0253ad50581fbe0469e8e417d3f97011c676f7789871fd,0,"""instance""",0.0,"['taskset', '-c', '2', '<project>/build/release/pclp', 'solve', '--instance', '<project>/data/generated/gen_sparse_degree3_n20000_uniform_neg30_r0.json', '--config', '<project>/experiments/runs/scalability/ec29351f34344699/resolved_config.json', '--output', '<project>/experiments/runs/scalability/ec29351f34344699/result.json']",False,dinkelbach,0,0.0,30.074555497,sparse,0,0,0,gen_sparse_degree3_n20000_uniform_neg30_r0,data/generated/gen_sparse_degree3_n20000_uniform_neg30_r0.json,ddbf6fbbbcad0c986a5872181b04ee88907a56ff9f49139bd3c3330812bb5ca5,0,0,time limit reached before a maximum flow,20000,0.0,37,generated,64708608,0,0.006182002,0.0,0.0,0,0,,0,ec29351f34344699,30.086111338998307,time_limit,30.025271004,0.0,False
59964,493f6f942eca3576ac0253ad50581fbe0469e8e417d3f97011c676f7789871fd,,"""instance""",,,,dinkelbach,,,,sparse,,,,gen_sparse_degree3_n20000_uniform_neg30_r0,data/generated/gen_sparse_degree3_n20000_uniform_neg30_r0.json,ddbf6fbbbcad0c986a5872181b04ee88907a56ff9f49139bd3c3330812bb5ca5,,,time limit reached before a maximum flow,20000,,,generated,,,,,,,,True,1,677c23c78f64ed69,30.086111338998307,time_limit,,,False
59964,493f6f942eca3576ac0253ad50581fbe0469e8e417d3f97011c676f7789871fd,11750510,"""instance""",0.0,"['taskset', '-c', '2', '<project>/build/release/pclp', 'solve', '--instance', '<project>/data/generated/gen_sparse_degree3_n20000_uniform_neg30_r0.json', '--config', '<project>/experiments/runs/scalability/dfd3d93f723276aa/resolved_config.json', '--output', '<project>/experiments/runs/scalability/dfd3d93f723276aa/result.json']",False,forest-tuned,23463,2.295646481,30.044944851,sparse,0,0,102,gen_sparse_degree3_n20000_uniform_neg30_r0,data/generated/gen_sparse_degree3_n20000_uniform_neg30_r0.json,ddbf6fbbbcad0c986a5872181b04ee88907a56ff9f49139bd3c3330812bb5ca5,25922,0,residual oracle did not certify optimality,20000,0.0,1,generated,64708608,26023,0.00520305,0.172421486,1.472122936,344492177,0,,0,dfd3d93f723276aa,30.055257867003093,time_limit,30.000626966,24.747661369,False
59964,493f6f942eca3576ac0253ad50581fbe0469e8e417d3f97011c676f7789871fd,,"""instance""",,,,forest-tuned,,,,sparse,,,,gen_sparse_degree3_n20000_uniform_neg30_r0,data/generated/gen_sparse_degree3_n20000_uniform_neg30_r0.json,ddbf6fbbbcad0c986a5872181b04ee88907a56ff9f49139bd3c3330812bb5ca5,,,residual oracle did not certify optimality,20000,,,generated,,,,,,,,True,1,9f52fe74692064d8,30.055257867003093,time_limit,,,False
59964,493f6f942eca3576ac0253ad50581fbe0469e8e417d3f97011c676f7789871fd,0,"""instance""",0.003146644,"['taskset', '-c', '2', '<project>/build/release/pclp', 'solve', '--instance', '<project>/data/generated/gen_sparse_degree3_n20000_uniform_neg30_r0.json', '--config', '<project>/experiments/runs/scalability/fcce45e08cdc18fd/resolved_config.json', '--output', '<project>/experiments/runs/scalability/fcce45e08cdc18fd/result.json']",False,parametric,0,0.0,3.369305045,sparse,147010,2301,0,gen_sparse_degree3_n20000_uniform_neg30_r0,data/generated/gen_sparse_degree3_n20000_uniform_neg30_r0.json,ddbf6fbbbcad0c986a5872181b04ee88907a56ff9f49139bd3c3330812bb5ca5,0,1150,,20000,233943.67182410424,2300,generated,64708608,0,0.005605025,0.0,0.0,0,0,,0,fcce45e08cdc18fd,3.3909729900042294,optimal,3.31684589,0.0,True
59964,493f6f942eca3576ac0253ad50581fbe0469e8e417d3f97011c676f7789871fd,0,"""instance""",0.002936333,"['taskset', '-c', '2', '<project>/build/release/pclp', 'solve', '--instance', '<project>/data/generated/gen_sparse_degree3_n20000_uniform_neg30_r0.json', '--config', '<project>/experiments/runs/scalability/58e6448a8c162ae7/resolved_config.json', '--output', '<project>/experiments/runs/scalability/58e6448a8c162ae7/result.json']",False,parametric,0,0.0,3.261036333,sparse,147010,2301,0,gen_sparse_degree3_n20000_uniform_neg30_r0,data/generated/gen_sparse_degree3_n20000_uniform_neg30_r0.json,ddbf6fbbbcad0c986a5872181b04ee88907a56ff9f49139bd3c3330812bb5ca5,0,1150,,20000,233943.67182410424,2300,generated,64708608,0,0.005852489,0.0,0.0,0,0,,1,58e6448a8c162ae7,3.2836868750018766,optimal,3.208660342,0.0,True
59968,493f6f942eca3576ac0253ad50581fbe0469e8e417d3f97011c676f7789871fd,0,"""instance""",0.0,"['taskset', '-c', '2', '<project>/build/release/pclp', 'solve', '--instance', '<project>/data/generated/gen_sparse_degree3_n20000_uniform_neg30_r1.json', '--config', '<project>/experiments/runs/scalability/9b727d6723f9496f/resolved_config.json', '--output', '<project>/experiments/runs/scalability/9b727d6723f9496f/result.json']",False,dinkelbach,0,0.0,30.063292876,sparse,0,0,0,gen_sparse_degree3_n20000_uniform_neg30_r1,data/generated/gen_sparse_degree3_n20000_uniform_neg30_r1.json,c1505363c8d452cf7ae69c34e04b665202ef64280fa4bbac30de41be304f981a,0,0,time limit reached before a maximum flow,20000,0.0,30,generated,64708608,0,0.006048735,0.0,0.0,0,0,,0,9b727d6723f9496f,30.073304941004608,time_limit,30.012838486,0.0,False
59968,493f6f942eca3576ac0253ad50581fbe0469e8e417d3f97011c676f7789871fd,,"""instance""",,,,dinkelbach,,,,sparse,,,,gen_sparse_degree3_n20000_uniform_neg30_r1,data/generated/gen_sparse_degree3_n20000_uniform_neg30_r1.json,c1505363c8d452cf7ae69c34e04b665202ef64280fa4bbac30de41be304f981a,,,time limit reached before a maximum flow,20000,,,generated,,,,,,,,True,1,eaac612f90807a23,30.073304941004608,time_limit,,,False
59968,493f6f942eca3576ac0253ad50581fbe0469e8e417d3f97011c676f7789871fd,8704952,"""instance""",0.0,"['taskset', '-c', '2', '<project>/build/release/pclp', 'solve', '--instance', '<project>/data/generated/gen_sparse_degree3_n20000_uniform_neg30_r1.json', '--config', '<project>/experiments/runs/scalability/be5a988eec3ab739/resolved_config.json', '--output', '<project>/experiments/runs/scalability/be5a988eec3ab739/result.json']",False,forest-tuned,16761,2.073023445,30.065135257,sparse,0,0,74,gen_sparse_degree3_n20000_uniform_neg30_r1,data/generated/gen_sparse_degree3_n20000_uniform_neg30_r1.json,c1505363c8d452cf7ae69c34e04b665202ef64280fa4bbac30de41be304f981a,18623,0,residual oracle did not certify optimality,20000,0.0,1,generated,64708608,18696,0.005636603,0.136574907,1.122265027,333092388,0,,0,be5a988eec3ab739,30.075856462994125,time_limit,30.001406525,25.354383518,False
59968,493f6f942eca3576ac0253ad50581fbe0469e8e417d3f97011c676f7789871fd,,"""instance""",,,,forest-tuned,,,,sparse,,,,gen_sparse_degree3_n20000_uniform_neg30_r1,data/generated/gen_sparse_degree3_n20000_uniform_neg30_r1.json,c1505363c8d452cf7ae69c34e04b665202ef64280fa4bbac30de41be304f981a,,,residual oracle did not certify optimality,20000,,,generated,,,,,,,,True,1,6c2a7f5b178f7624,30.075856462994125,time_limit,,,False
59968,493f6f942eca3576ac0253ad50581fbe0469e8e417d3f97011c676f7789871fd,0,"""instance""",0.003231203,"['taskset', '-c', '2', '<project>/build/release/pclp', 'solve', '--instance', '<project>/data/generated/gen_sparse_degree3_n20000_uniform_neg30_r1.json', '--config', '<project>/experiments/runs/scalability/397add9f6f34c461/resolved_config.json', '--output', '<project>/experiments/runs/scalability/397add9f6f34c461/result.json']",False,parametric,0,0.0,2.845245763,sparse,146110,1473,0,gen_sparse_degree3_n20000_uniform_neg30_r1,data/generated/gen_sparse_degree3_n20000_uniform_neg30_r1.json,c1505363c8d452cf7ae69c34e04b665202ef64280fa4bbac30de41be304f981a,0,736,,20000,23665.60714469697,1472,generated,64708608,0,0.005719414,0.0,0.0,0,0,,0,397add9f6f34c461,2.8672308980021626,optimal,2.791532023,0.0,True
59968,493f6f942eca3576ac0253ad50581fbe0469e8e417d3f97011c676f7789871fd,0,"""instance""",0.002748956,"['taskset', '-c', '2', '<project>/build/release/pclp', 'solve', '--instance', '<project>/data/generated/gen_sparse_degree3_n20000_uniform_neg30_r1.json', '--config', '<project>/experiments/runs/scalability/38a1d266c51f3127/resolved_config.json', '--output', '<project>/experiments/runs/scalability/38a1d266c51f3127/result.json']",False,parametric,0,0.0,2.660660065,sparse,146110,1473,0,gen_sparse_degree3_n20000_uniform_neg30_r1,data/generated/gen_sparse_degree3_n20000_uniform_neg30_r1.json,c1505363c8d452cf7ae69c34e04b665202ef64280fa4bbac30de41be304f981a,0,736,,20000,23665.60714469697,1472,generated,64708608,0,0.006025651,0.0,0.0,0,0,,1,38a1d266c51f3127,2.6812403410003753,optimal,2.603942142,0.0,True
59964,493f6f942eca3576ac0253ad50581fbe0469e8e417d3f97011c676f7789871fd,0,"""instance""",0.0,"['taskset', '-c', '2', '<project>/build/release/pclp', 'solve', '--instance', '<project>/data/generated/gen_sparse_degree3_n20000_uniform_neg30_r2.json', '--config', '<project>/experiments/runs/scalability/c205ccb340d7c1e8/resolved_config.json', '--output', '<project>/experiments/runs/scalability/c205ccb340d7c1e8/result.json']",False,dinkelbach,0,0.0,30.073998693,sparse,0,0,0,gen_sparse_degree3_n20000_uniform_neg30_r2,data/generated/gen_sparse_degree3_n20000_uniform_neg30_r2.json,8c7cc3224f992afc5c832f2fa39208d48219bf1b8ba7d809c47ab71e52447b2e,0,0,time limit reached before a maximum flow,20000,0.0,41,generated,64708608,0,0.006236968,0.0,0.0,0,0,,0,c205ccb340d7c1e8,30.08470419800142,time_limit,30.027233494,0.0,False
59964,493f6f942eca3576ac0253ad50581fbe0469e8e417d3f97011c676f7789871fd,,"""instance""",,,,dinkelbach,,,,sparse,,,,gen_sparse_degree3_n20000_uniform_neg30_r2,data/generated/gen_sparse_degree3_n20000_uniform_neg30_r2.json,8c7cc3224f992afc5c832f2fa39208d48219bf1b8ba7d809c47ab71e52447b2e,,,time limit reached before a maximum flow,20000,,,generated,,,,,,,,True,1,92e36c3bc2286b2f,30.08470419800142,time_limit,,,False
59964,493f6f942eca3576ac0253ad50581fbe0469e8e417d3f97011c676f7789871fd,9660429,"""instance""",0.0,"['taskset', '-c', '2', '<project>/build/release/pclp', 'solve', '--instance', '<project>/data/generated/gen_sparse_degree3_n20000_uniform_neg30_r2.json', '--config', '<project>/experiments/runs/scalability/4044e2d1307cedac/resolved_config.json', '--output', '<project>/experiments/runs/scalability/4044e2d1307cedac/result.json']",False,forest-tuned,17592,2.297830845,30.051052256,sparse,0,0,80,gen_sparse_degree3_n20000_uniform_neg30_r2,data/generated/gen_sparse_degree3_n20000_uniform_neg30_r2.json,8c7cc3224f992afc5c832f2fa39208d48219bf1b8ba7d809c47ab71e52447b2e,20353,0,residual oracle did not certify optimality,20000,0.0,1,generated,64708608,20432,0.00544515,0.144063426,1.285371326,338647629,0,,0,4044e2d1307cedac,30.06197715799499,time_limit,30.000687752,24.982843314,False
59964,493f6f942eca3576ac0253ad50581fbe0469e8e417d3f97011c676f7789871fd,,"""instance""",,,,forest-tuned,,,,sparse,,,,gen_sparse_degree3_n20000_uniform_neg30_r2,data/generated/gen_sparse_degree3_n20000_uniform_neg30_r2.json,8c7cc3224f992afc5c832f2fa39208d48219bf1b8ba7d809c47ab71e52447b2e,,,residual oracle did not certify optimality,20000,,,generated,,,,,,,,True,1,07f23a3fa33f990d,30.06197715799499,time_limit,,,False
59964,493f6f942eca3576ac0253ad50581fbe0469e8e417d3f97011c676f7789871fd,0,"""instance""",0.003050646,"['taskset', '-c', '2', '<project>/build/release/pclp', 'solve', '--instance', '<project>/data/generated/gen_sparse_degree3_n20000_uniform_neg30_r2.json', '--config', '<project>/experiments/runs/scalability/8b317664d68d040b/resolved_config.json', '--output', '<project>/experiments/runs/scalability/8b317664d68d040b/result.json']",False,parametric,0,0.0,3.07277498,sparse,142260,1811,0,gen_sparse_degree3_n20000_uniform_neg30_r2,data/generated/gen_sparse_degree3_n20000_uniform_neg30_r2.json,8c7cc3224f992afc5c832f2fa39208d48219bf1b8ba7d809c47ab71e52447b2e,0,905,,20000,161870.19089939567,1810,generated,64708608,0,0.005613876,0.0,0.0,0,0,,0,8b317664d68d040b,3.0933865340048214,optimal,3.020343029,0.0,True
59964,493f6f942eca3576ac0253ad50581fbe0469e8e417d3f97011c676f7789871fd,0,"""instance""",0.003205716,"['taskset', '-c', '2', '<project>/build/release/pclp', 'solve', '--instance', '<project>/data/generated/gen_sparse_degree3_n20000_uniform_neg30_r2.json', '--config', '<project>/experiments/runs/scalability/4acd9c34ef5031bd/resolved_config.json', '--output', '<project>/experiments/runs/scalability/4acd9c34ef5031bd/result.json']",False,parametric,0,0.0,2.906190643,sparse,142260,1811,0,gen_sparse_degree3_n20000_uniform_neg30_r2,data/generated/gen_sparse_degree3_n20000_uniform_neg30_r2.json,8c7cc3224f992afc5c832f2fa39208d48219bf1b8ba7d809c47ab71e52447b2e,0,905,,20000,161870.19089939567,1810,generated,64708608,0,0.006799793,0.0,0.0,0,0,,1,4acd9c34ef5031bd,2.9252787470031762,optimal,2.853993591,0.0,True
5977,493f6f942eca3576ac0253ad50581fbe0469e8e417d3f97011c676f7789871fd,0,"""instance""",0.000322096,"['taskset', '-c', '2', '<project>/build/release/pclp', 'solve', '--instance', '<project>/data/generated/gen_sparse_degree3_n2000_dispersed_neg30_r0.json', '--config', '<project>/experiments/runs/scalability/c16e1cdccf6f9bd7/resolved_config.json', '--output', '<project>/experiments/runs/scalability/c16e1cdccf6f9bd7/result.json']",False,dinkelbach,0,0.0,1.259973338,sparse,621673,2957,0,gen_sparse_degree3_n2000_dispersed_neg30_r0,data/generated/gen_sparse_degree3_n2000_dispersed_neg30_r0.json,07f04a9ab9d9cbc13e8ce55612c8b4558230e60d2774c6af4e662347e9445212,0,282,,2000,24405.823160331383,283,generated,27136000,0,0.000551818,0.0,0.0,0,0,,0,c16e1cdccf6f9bd7,1.2674568810034543,optimal,1.254880267,0.0,True
5977,493f6f942eca3576ac0253ad50581fbe0469e8e417d3f97011c676f7789871fd,0,"""instance""",0.000325656,"['taskset', '-c', '2', '<project>/build/release/pclp', 'solve', '--instance', '<project>/data/generated/gen_sparse_degree3_n2000_dispersed_neg30_r0.json', '--config', '<project>/experiments/runs/scalability/5f949468c61451d2/resolved_config.json', '--output', '<project>/experiments/runs/scalability/5f949468c61451d2/result.json']",False,dinkelbach,0,0.0,1.272037687,sparse,621673,2957,0,gen_sparse_degree3_n2000_dispersed_neg30_r0,data/generated/gen_sparse_degree3_n2000_dispersed_neg30_r0.json,07f04a9ab9d9cbc13e8ce55612c8b4558230e60d2774c6af4e662347e9445212,0,282,,2000,24405.823160331383,283,generated,27136000,0,0.000612875,0.0,0.0,0,0,,1,5f949468c61451d2,1.2800184109946713,optimal,1.266948415,0.0,True
5977,493f6f942eca3576ac0253ad50581fbe0469e8e417d3f97011c676f7789871fd,10300430,"""instance""",0.000335792,"['taskset', '-c', '2', '<project>/build/release/pclp', 'solve', '--instance', '<project>/data/generated/gen_sparse_degree3_n2000_dispersed_neg30_r0.json', '--config', '<project>/experiments/runs/scalability/34e0492d1a9d93cb/resolved_config.json', '--output', '<project>/experiments/runs/scalability/34e0492d1a9d93cb/result.json']",False,forest-tuned,133984,0.213285995,1.3154998,sparse,0,0,809,gen_sparse_degree3_n2000_dispersed_neg30_r0,data/generated/gen_sparse_degree3_n2000_dispersed_neg30_r0.json,07f04a9ab9d9cbc13e8ce55612c8b4558230e60d2774c6af4e662347e9445212,134304,282,,2000,24405.823160331383,283,generated,27136000,134830,0.000585823,0.124075939,0.207732206,15203115,0,,0,34e0492d1a9d93cb,1.3225096440000925,optimal,1.310553133,0.641017808,True
5977,493f6f942eca3576ac0253ad50581fbe0469e8e417d3f97011c676f7789871fd,10300430,"""instance""",0.000322724,"['taskset', '-c', '2', '<project>/build/release/pclp', 'solve', '--instance', '<project>/data/generated/gen_sparse_degree3_n2000_dispersed_neg30_r0.json', '--config', '<project>/experiments/runs/scalability/8af106e65fc6549f/resolved_config.json', '--output', '<project>/experiments/runs/scalability/8af106e65fc6549f/result.json']",False,forest-tuned,133984,0.219114721,1.393189254,sparse,0,0,809,gen_sparse_degree3_n2000_dispersed_neg30_r0,data/generated/gen_sparse_degree3_n2000_dispersed_neg30_r0.json,07f04a9ab9d9cbc13e8ce55612c8b4558230e60d2774c6af4e662347e9445212,134304,282,,2000,24405.823160331383,283,generated,27136000,134830,0.00055622,0.131590592,0.2210168,15203115,0,,1,8af106e65fc6549f,1.4007919799914816,optimal,1.387982913,0.684378363,True
5977,493f6f942eca3576ac0253ad50581fbe0469e8e417d3f97011c676f7789871fd,0,"""instance""",0.000356078,"['taskset', '-c', '2', '<project>/build/release/pclp', 'solve', '--instance', '<project>/data/generated/gen_sparse_degree3_n2000_dispersed_neg30_r0.json', '--config', '<project>/experiments/runs/scalability/fa67018dfdb2fd8a/resolved_config.json', '--output', '<project>/experiments/runs/scalability/fa67018dfdb2fd8a/result.json']",False,parametric,0,0.0,0.068870564,sparse,11825,565,0,gen_sparse_degree3_n2000_dispersed_neg30_r0,data/generated/gen_sparse_degree3_n2000_dispersed_neg30_r0.json,07f04a9ab9d9cbc13e8ce55612c8b4558230e60d2774c6af4e662347e9445212,0,282,,2000,24405.823160331383,564,generated,27136000,0,0.000596079,0.0,0.0,0,0,,0,fa67018dfdb2fd8a,0.07793606200721115,optimal,0.06346271,0.0,True
5977,493f6f942eca3576ac0253ad50581fbe0469e8e417d3f97011c676f7789871fd,0,"""instance""",0.000361855,"['taskset', '-c', '2', '<project>/build/release/pclp', 'solve', '--instance', '<project>/data/generated/gen_sparse_degree3_n2000_dispersed_neg30_r0.json', '--config', '<project>/experiments/runs/scalability/570df0295fd4bc24/resolved_config.json', '--output', '<project>/experiments/runs/scalability/570df0295fd4bc24/result.json']",False,parametric,0,0.0,0.070235702,sparse,11825,565,0,gen_sparse_degree3_n2000_dispersed_neg30_r0,data/generated/gen_sparse_degree3_n2000_dispersed_neg30_r0.json,07f04a9ab9d9cbc13e8ce55612c8b4558230e60d2774c6af4e662347e9445212,0,282,,2000,24405.823160331383,564,generated,27136000,0,0.000563667,0.0,0.0,0,0,,1,570df0295fd4bc24,0.07701189999352209,optimal,0.064997229,0.0,True
5967,493f6f942eca3576ac0253ad50581fbe0469e8e417d3f97011c676f7789871fd,0,"""instance""",0.000357494,"['taskset', '-c', '2', '<project>/build/release/pclp', 'solve', '--instance', '<project>/data/generated/gen_sparse_degree3_n2000_dispersed_neg30_r1.json', '--config', '<project>/experiments/runs/scalability/a219b482fc4f0759/resolved_config.json', '--output', '<project>/experiments/runs/scalability/a219b482fc4f0759/result.json']",False,dinkelbach,0,0.0,0.905207719,sparse,464027,2588,0,gen_sparse_degree3_n2000_dispersed_neg30_r1,data/generated/gen_sparse_degree3_n2000_dispersed_neg30_r1.json,bf17aeb5706708f42fba87b787ad283a9945a9f73dc6800bdef411f3a91e5bb1,0,258,,2000,340470.39182430913,259,generated,27136000,0,0.000580454,0.0,0.0,0,0,,0,a219b482fc4f0759,0.911776168999495,optimal,0.899546656,0.0,True
5967,493f6f942eca3576ac0253ad50581fbe0469e8e417d3f97011c676f7789871fd,0,"""instance""",0.000349202,"['taskset', '-c', '2', '<project>/build/release/pclp', 'solve', '--instance', '<project>/data/generated/gen_sparse_degree3_n2000_dispersed_neg30_r1.json', '--config', '<project>/experiments/runs/scalability/bc1016eb9e32bf36/resolved_config.json', '--output', '<project>/experiments/runs/scalability/bc1016eb9e32bf36/result.json']",False,dinkelbach,0,0.0,0.859931353,sparse,464027,2588,0,gen_sparse_degree3_n2000_dispersed_neg30_r1,data/generated/gen_sparse_degree3_n2000_dispersed_neg30_r1.json,bf17aeb5706708f42fba87b787ad283a9945a9f73dc6800bdef411f3a91e5bb1,0,258,,2000,340470.39182430913,259,generated,27136000,0,0.000580033,0.0,0.0,0,0,,1,bc1016eb9e32bf36,0.8674983259988949,optimal,0.854323849,0.0,True
5967,493f6f942eca3576ac0253ad50581fbe0469e8e417d3f97011c676f7789871fd,8353314,"""instance""",0.000333905,"['taskset', '-c', '2', '<project>/build/release/pclp', 'solve', '--instance', '<project>/data/generated/gen_sparse_degree3_n2000_dispersed_neg30_r1.json', '--config', '<project>/experiments/runs/scalability/64a4297e041735bc/resolved_config.json', '--output', '<project>/experiments/runs/scalability/64a4297e041735bc/result.json']",False,forest-tuned,97511,0.16732945,1.241539433,sparse,0,0,642,gen_sparse_degree3_n2000_dispersed_neg30_r1,data/generated/gen_sparse_degree3_n2000_dispersed_neg30_r1.json,bf17aeb5706708f42fba87b787ad283a9945a9f73dc6800bdef411f3a91e5bb1,97855,258,,2000,340470.39182430913,259,generated,27136000,98238,0.00054937,0.096303276,0.163263021,17237583,0,,0,64a4297e041735bc,1.2502430029999232,optimal,1.236410853,0.705438143,True
5967,493f6f942eca3576ac0253ad50581fbe0469e8e417d3f97011c676f7789871fd,8353314,"""instance""",0.000362009,"['taskset', '-c', '2', '<project>/build/release/pclp', 'solve', '--instance', '<project>/data/generated/gen_sparse_degree3_n2000_dispersed_neg30_r1.json', '--config', '<project>/experiments/runs/scalability/7729a6b2b2158bc1/resolved_config.json', '--output', '<project>/experiments/runs/scalability/7729a6b2b2158bc1/result.json']",False,forest-tuned,97511,0.18217571899999999,1.292340663,sparse,0,0,642,gen_sparse_degree3_n2000_dispersed_neg30_r1,data/generated/gen_sparse_degree3_n2000_dispersed_neg30_r1.json,bf17aeb5706708f42fba87b787ad283a9945a9f73dc6800bdef411f3a91e5bb1,97855,258,,2000,340470.39182430913,259,generated,27136000,98238,0.000679836,0.100770313,0.17003538,17237583,0,,1,7729a6b2b2158bc1,1.3001292289991397,optimal,1.287188817,0.725257265,True
5967,493f6f942eca3576ac0253ad50581fbe0469e8e417d3f97011c676f7789871fd,0,"""instance""",0.000362809,"['taskset', '-c', '2', '<project>/build/release/pclp', 'solve', '--instance', '<project>/data/generated/gen_sparse_degree3_n2000_dispersed_neg30_r1.json', '--config', '<project>/experiments/runs/scalability/77cdff022cfe3f92/resolved_config.json', '--output', '<project>/experiments/runs/scalability/77cdff022cfe3f92/result.json']",False,parametric,0,0.0,0.068171289,sparse,11294,517,0,gen_sparse_degree3_n2000_dispersed_neg30_r1,data/generated/gen_sparse_degree3_n2000_dispersed_neg30_r1.json,bf17aeb5706708f42fba87b787ad283a9945a9f73dc6800bdef411f3a91e5bb1,0,258,,2000,340470.39182430913,516,generated,27136000,0,0.000604511,0.0,0.0,0,0,,0,77cdff022cfe3f92,0.075329672996304,optimal,0.062640347,0.0,True
5967,493f6f942eca3576ac0253ad50581fbe0469e8e417d3f97011c676f7789871fd,0,"""instance""",0.000357168,"['taskset', '-c', '2', '<project>/build/release/pclp', 'solve', '--instance', '<project>/data/generated/gen_sparse_degree3_n2000_dispersed_neg30_r1.json', '--config', '<project>/experiments/runs/scalability/e7ccdd8ef6c31061/resolved_config.json', '--output', '<project>/experiments/runs/scalability/e7ccdd8ef6c31061/result.json']",False,parametric,0,0.0,0.068551107,sparse,11294,517,0,gen_sparse_degree3_n2000_dispersed_neg30_r1,data/generated/gen_sparse_degree3_n2000_dispersed_neg30_r1.json,bf17aeb5706708f42fba87b787ad283a9945a9f73dc6800bdef411f3a91e5bb1,0,258,,2000,340470.39182430913,516,generated,27136000,0,0.000625904,0.0,0.0,0,0,,1,e7ccdd8ef6c31061,0.07511231400712859,optimal,0.062925087,0.0,True
5975,493f6f942eca3576ac0253ad50581fbe0469e8e417d3f97011c676f7789871fd,0,"""instance""",0.000334146,"['taskset', '-c', '2', '<project>/build/release/pclp', 'solve', '--instance', '<project>/data/generated/gen_sparse_degree3_n2000_dispersed_neg30_r2.json', '--config', '<project>/experiments/runs/scalability/4e7a3221a34d7068/resolved_config.json', '--output', '<project>/experiments/runs/scalability/4e7a3221a34d7068/result.json']",False,dinkelbach,0,0.0,0.889997703,sparse,537729,2282,0,gen_sparse_degree3_n2000_dispersed_neg30_r2,data/generated/gen_sparse_degree3_n2000_dispersed_neg30_r2.json,4d3f1bd4ad094c67d209eddde78ab0fab8c9a897d1bca818a659453c9b0d63aa,0,222,,2000,16786.826054774243,223,generated,27136000,0,0.000508477,0.0,0.0,0,0,,0,4e7a3221a34d7068,0.8971976460015867,optimal,0.885008155,0.0,True
5975,493f6f942eca3576ac0253ad50581fbe0469e8e417d3f97011c676f7789871fd,0,"""instance""",0.000356865,"['taskset', '-c', '2', '<project>/build/release/pclp', 'solve', '--instance', '<project>/data/generated/gen_sparse_degree3_n2000_dispersed_neg30_r2.json', '--config', '<project>/experiments/runs/scalability/21d7db4d8a4186c7/resolved_config.json', '--output', '<project>/experiments/runs/scalability/21d7db4d8a4186c7/result.json']",False,dinkelbach,0,0.0,0.894536314,sparse,537729,2282,0,gen_sparse_degree3_n2000_dispersed_neg30_r2,data/generated/gen_sparse_degree3_n2000_dispersed_neg30_r2.json,4d3f1bd4ad094c67d209eddde78ab0fab8c9a897d1bca818a659453c9b0d63aa,0,222,,2000,16786.826054774243,223,generated,27136000,0,0.000643557,0.0,0.0,0,0,,1,21d7db4d8a4186c7,0.9018389989942079,optimal,0.889242867,0.0,True
5975,493f6f942eca3576ac0253ad50581fbe0469e8e417d3f97011c676f7789871fd,6953032,"""instance""",0.000321616,"['taskset', '-c', '2', '<project>/build/release/pclp', 'solve', '--instance', '<project>/data/generated/gen_sparse_degree3_n2000_dispersed_neg30_r2.json', '--config', '<project>/experiments/runs/scalability/256055550a048d6c/resolved_config.json', '--output', '<project>/experiments/runs/scalability/256055550a048d6c/result.json']",False,forest-tuned,102703,0.17207012,1.025461911,sparse,0,0,627,gen_sparse_degree3_n2000_dispersed_neg30_r2,data/generated/gen_sparse_degree3_n2000_dispersed_neg30_r2.json,4d3f1bd4ad094c67d209eddde78ab0fab8c9a897d1bca818a659453c9b0d63aa,103026,222,,2000,16786.826054774243,223,generated,27136000,103430,0.000577158,0.087097442,0.151570034,11864654,0,,0,256055550a048d6c,1.032722150994232,optimal,1.020228434,0.511851835,True
5975,493f6f942eca3576ac0253ad50581fbe0469e8e417d3f97011c676f7789871fd,6953032,"""instance""",0.000323125,"['taskset', '-c', '2', '<project>/build/release/pclp', 'solve', '--instance', '<project>/data/generated/gen_sparse_degree3_n2000_dispersed_neg30_r2.json', '--config', '<project>/experiments/runs/scalability/c13206750450e9bc/resolved_config.json', '--output', '<project>/experiments/runs/scalability/c13206750450e9bc/result.json']",False,forest-tuned,102703,0.150647665,0.987222134,sparse,0,0,627,gen_sparse_degree3_n2000_dispersed_neg30_r2,data/generated/gen_sparse_degree3_n2000_dispersed_neg30_r2.json,4d3f1bd4ad094c67d209eddde78ab0fab8c9a897d1bca818a659453c9b0d63aa,103026,222,,2000,16786.826054774243,223,generated,27136000,103430,0.000535375,0.086064025,0.149852814,11864654,0,,1,c13206750450e9bc,0.9945759030088084,optimal,0.982364191,0.499594504,True
5975,493f6f942eca3576ac0253ad50581fbe0469e8e417d3f97011c676f7789871fd,0,"""instance""",0.000370739,"['taskset', '-c', '2', '<project>/build/release/pclp', 'solve', '--instance', '<project>/data/generated/gen_sparse_degree3_n2000_dispersed_neg30_r2.json', '--config', '<project>/experiments/runs/scalability/1451307f0ae46881/resolved_config.json', '--output', '<project>/experiments/runs/scalability/1451307f0ae46881/result.json']",False,parametric,0,0.0,0.058801972,sparse,10450,445,0,gen_sparse_degree3_n2000_dispersed_neg30_r2,data/generated/gen_sparse_degree3_n2000_dispersed_neg30_r2.json,4d3f1bd4ad094c67d209eddde78ab0fab8c9a897d1bca818a659453c9b0d63aa,0,222,,2000,16786.826054774243,444,generated,27136000,0,0.000569623,0.0,0.0,0,0,,0,1451307f0ae46881,0.06543877699004952,optimal,0.053674748,0.0,True
5975,493f6f942eca3576ac0253ad50581fbe0469e8e417d3f97011c676f7789871fd,0,"""instance""",0.000384621,"['taskset', '-c', '2', '<project>/build/release/pclp', 'solve', '--instance', '<project>/data/generated/gen_sparse_degree3_n2000_dispersed_neg30_r2.json', '--config', '<project>/experiments/runs/scalability/a44f439de902b1f7/resolved_config.json', '--output', '<project>/experiments/runs/scalability/a44f439de902b1f7/result.json']",False,parametric,0,0.0,0.062231198,sparse,10450,445,0,gen_sparse_degree3_n2000_dispersed_neg30_r2,data/generated/gen_sparse_degree3_n2000_dispersed_neg30_r2.json,4d3f1bd4ad094c67d209eddde78ab0fab8c9a897d1bca818a659453c9b0d63aa,0,222,,2000,16786.826054774243,444,generated,27136000,0,0.000595201,0.0,0.0,0,0,,1,a44f439de902b1f7,0.06889851498999633,optimal,0.056786499,0.0,True
5976,493f6f942eca3576ac0253ad50581fbe0469e8e417d3f97011c676f7789871fd,0,"""instance""",0.000368068,"['taskset', '-c', '2', '<project>/build/release/pclp', 'solve', '--instance', '<project>/data/generated/gen_sparse_degree3_n2000_uniform_neg30_r0.json', '--config', '<project>/experiments/runs/scalability/fbaae1ee24b15f89/resolved_config.json', '--output', '<project>/experiments/runs/scalability/fbaae1ee24b15f89/result.json']",False,dinkelbach,0,0.0,0.720708389,sparse,392818,2348,0,gen_sparse_degree3_n2000_uniform_neg30_r0,data/generated/gen_sparse_degree3_n2000_uniform_neg30_r0.json,214504eb0a3c0949393dfc52c669f121f626a4633f0c7ebc3564b6133474ef1d,0,230,,2000,24468.069668820677,231,generated,27136000,0,0.000626221,0.0,0.0,0,0,,0,fbaae1ee24b15f89,0.7295458019943908,optimal,0.715525643,0.0,True
5976,493f6f942eca3576ac0253ad50581fbe0469e8e417d3f97011c676f7789871fd,0,"""instance""",0.000362815,"['taskset', '-c', '2', '<project>/build/release/pclp', 'solve', '--instance', '<project>/data/generated/gen_sparse_degree3_n2000_uniform_neg30_r0.json', '--config', '<project>/experiments/runs/scalability/cf895af280091f01/resolved_config.json', '--output', '<project>/experiments/runs/scalability/cf895af280091f01/result.json']",False,dinkelbach,0,0.0,0.736756139,sparse,392818,2348,0,gen_sparse_degree3_n2000_uniform_neg30_r0,data/generated/gen_sparse_degree3_n2000_uniform_neg30_r0.json,214504eb0a3c0949393dfc52c669f121f626a4633f0c7ebc3564b6133474ef1d,0,230,,2000,24468.069668820677,231,generated,27136000,0,0.000606997,0.0,0.0,0,0,,1,cf895af280091f01,0.7439629699947545,optimal,0.731424476,0.0,True
5976,493f6f942eca3576ac0253ad50581fbe0469e8e417d3f97011c676f7789871fd,5535340,"""instance""",0.000338215,"['taskset', '-c', '2', '<project>/build/release/pclp', 'solve', '--instance', '<project>/data/generated/gen_sparse_degree3_n2000_uniform_neg30_r0.json', '--config', '<project>/experiments/runs/scalability/524d54c0be169417/resolved_config.json', '--output', '<project>/experiments/runs/scalability/524d54c0be169417/result.json']",False,forest-tuned,88067,0.145882654,0.940999979,sparse,0,0,577,gen_sparse_degree3_n2000_uniform_neg30_r0,data/generated/gen_sparse_degree3_n2000_uniform_neg30_r0.json,214504eb0a3c0949393dfc52c669f121f626a4633f0c7ebc3564b6133474ef1d,88420,230,,2000,24468.069668820677,231,generated,27136000,88766,0.000617358,0.073698658,0.13658439,10752244,0,,0,524d54c0be169417,0.949363235005876,optimal,0.935583463,0.491343133,True
5976,493f6f942eca3576ac0253ad50581fbe0469e8e417d3f97011c676f7789871fd,5535340,"""instance""",0.000336318,"['taskset', '-c', '2', '<project>/build/release/pclp', 'solve', '--instance', '<project>/data/generated/gen_sparse_degree3_n2000_uniform_neg30_r0.json', '--config', '<project>/experiments/runs/scalability/420fa692680b92a4/resolved_config.json', '--output', '<project>/experiments/runs/scalability/420fa692680b92a4/result.json']",False,forest-tuned,88067,0.133924182,0.871831555,sparse,0,0,577,gen_sparse_degree3_n2000_uniform_neg30_r0,data/generated/gen_sparse_degree3_n2000_uniform_neg30_r0.json,214504eb0a3c0949393dfc52c669f121f626a4633f0c7ebc3564b6133474ef1d,88420,230,,2000,24468.069668820677,231,generated,27136000,88766,0.000586659,0.069002275,0.127391761,10752244,0,,1,420fa692680b92a4,0.8794598929962376,optimal,0.866815926,0.45439964099999997,True
5976,493f6f942eca3576ac0253ad50581fbe0469e8e417d3f97011c676f7789871fd,0,"""instance""",0.00034934,"['taskset', '-c', '2', '<project>/build/release/pclp', 'solve', '--instance', '<project>/data/generated/gen_sparse_degree3_n2000_uniform_neg30_r0.json', '--config', '<project>/experiments/runs/scalability/32190b2371c2ffea/resolved_config.json', '--output', '<project>/experiments/runs/scalability/32190b2371c2ffea/result.json']",False,parametric,0,0.0,0.055284001,sparse,9757,461,0,gen_sparse_degree3_n2000_uniform_neg30_r0,data/generated/gen_sparse_degree3_n2000_uniform_neg30_r0.json,214504eb0a3c0949393dfc52c669f121f626a4633f0c7ebc3564b6133474ef1d,0,230,,2000,24468.069668820677,460,generated,27136000,0,0.000613899,0.0,0.0,0,0,,0,32190b2371c2ffea,0.06208713399246335,optimal,0.050146549,0.0,True
5976,493f6f942eca3576ac0253ad50581fbe0469e8e417d3f97011c676f7789871fd,0,"""instance""",0.000342808,"['taskset', '-c', '2', '<project>/build/release/pclp', 'solve', '--instance', '<project>/data/generated/gen_sparse_degree3_n2000_uniform_neg30_r0.json', '--config', '<project>/experiments/runs/scalability/5b60abde71b1e1cb/resolved_config.json', '--output', '<project>/experiments/runs/scalability/5b60abde71b1e1cb/result.json']",False,parametric,0,0.0,0.054197483,sparse,9757,461,0,gen_sparse_degree3_n2000_uniform_neg30_r0,data/generated/gen_sparse_degree3_n2000_uniform_neg30_r0.json,214504eb0a3c0949393dfc52c669f121f626a4633f0c7ebc3564b6133474ef1d,0,230,,2000,24468.069668820677,460,generated,27136000,0,0.000563947,0.0,0.0,0,0,,1,5b60abde71b1e1cb,0.060962738993112,optimal,0.049087929,0.0,True
5973,493f6f942eca3576ac0253ad50581fbe0469e8e417d3f97011c676f7789871fd,0,"""instance""",0.000344394,"['taskset', '-c', '2', '<project>/build/release/pclp', 'solve', '--instance', '<project>/data/generated/gen_sparse_degree3_n2000_uniform_neg30_r1.json', '--config', '<project>/experiments/runs/scalability/646aea2474db9ddd/resolved_config.json', '--output', '<project>/experiments/runs/scalability/646aea2474db9ddd/result.json']",False,dinkelbach,0,0.0,0.991693918,sparse,411623,762,0,gen_sparse_degree3_n2000_uniform_neg30_r1,data/generated/gen_sparse_degree3_n2000_uniform_neg30_r1.json,3fe2a43bb07cda9a6f9a9e71d6ecf67ba6352d3298cd6814f46069ffe1fd301e,0,75,,2000,2144.4268541666665,76,generated,27136000,0,0.000592238,0.0,0.0,0,0,,0,646aea2474db9ddd,0.9996601349994307,optimal,0.986527686,0.0,True
5973,493f6f942eca3576ac0253ad50581fbe0469e8e417d3f97011c676f7789871fd,0,"""instance""",0.000353357,"['taskset', '-c', '2', '<project>/build/release/pclp', 'solve', '--instance', '<project>/data/generated/gen_sparse_degree3_n2000_uniform_neg30_r1.json', '--config', '<project>/experiments/runs/scalability/03432380b39611d4/resolved_config.json', '--output', '<project>/experiments/runs/scalability/03432380b39611d4/result.json']",False,dinkelbach,0,0.0,1.001481124,sparse,411623,762,0,gen_sparse_degree3_n2000_uniform_neg30_r1,data/generated/gen_sparse_degree3_n2000_uniform_neg30_r1.json,3fe2a43bb07cda9a6f9a9e71d6ecf67ba6352d3298cd6814f46069ffe1fd301e,0,75,,2000,2144.4268541666665,76,generated,27136000,0,0.00057459,0.0,0.0,0,0,,1,03432380b39611d4,1.0076866960007465,optimal,0.996280236,0.0,True
5973,493f6f942eca3576ac0253ad50581fbe0469e8e417d3f97011c676f7789871fd,11686606,"""instance""",0.000334377,"['taskset', '-c', '2', '<project>/build/release/pclp', 'solve', '--instance', '<project>/data/generated/gen_sparse_degree3_n2000_uniform_neg30_r1.json', '--config', '<project>/experiments/runs/scalability/0ef39d4739857950/resolved_config.json', '--output', '<project>/experiments/runs/scalability/0ef39d4739857950/result.json']",False,forest-tuned,85997,0.216678373,1.830047097,sparse,0,0,414,gen_sparse_degree3_n2000_uniform_neg30_r1,data/generated/gen_sparse_degree3_n2000_uniform_neg30_r1.json,3fe2a43bb07cda9a6f9a9e71d6ecf67ba6352d3298cd6814f46069ffe1fd301e,86337,75,,2000,2144.4268541666665,76,generated,27136000,86675,0.000584466,0.123678722,0.196916705,28820102,0,,0,0ef39d4739857950,1.8375759459886467,optimal,1.8249047,1.169807878,True
5973,493f6f942eca3576ac0253ad50581fbe0469e8e417d3f97011c676f7789871fd,11686606,"""instance""",0.000339779,"['taskset', '-c', '2', '<project>/build/release/pclp', 'solve', '--instance', '<project>/data/generated/gen_sparse_degree3_n2000_uniform_neg30_r1.json', '--config', '<project>/experiments/runs/scalability/96f88105d3353f2d/resolved_config.json', '--output', '<project>/experiments/runs/scalability/96f88105d3353f2d/result.json']",False,forest-tuned,85997,0.222760684,1.889249946,sparse,0,0,414,gen_sparse_degree3_n2000_uniform_neg30_r1,data/generated/gen_sparse_degree3_n2000_uniform_neg30_r1.json,3fe2a43bb07cda9a6f9a9e71d6ecf67ba6352d3298cd6814f46069ffe1fd301e,86337,75,,2000,2144.4268541666665,76,generated,27136000,86675,0.000549766,0.127242497,0.203306991,28820102,0,,1,96f88105d3353f2d,1.89537918100541,optimal,1.884190612,1.210018345,True
5973,493f6f942eca3576ac0253ad50581fbe0469e8e417d3f97011c676f7789871fd,0,"""instance""",0.00035086,"['taskset', '-c', '2', '<project>/build/release/pclp', 'solve', '--instance', '<project>/data/generated/gen_sparse_degree3_n2000_uniform_neg30_r1.json', '--config', '<project>/experiments/runs/scalability/05c781802840fa21/resolved_config.json', '--output', '<project>/experiments/runs/scalability/05c781802840fa21/result.json']",False,parametric,0,0.0,0.049921651,sparse,11022,151,0,gen_sparse_degree3_n2000_uniform_neg30_r1,data/generated/gen_sparse_degree3_n2000_uniform_neg30_r1.json,3fe2a43bb07cda9a6f9a9e71d6ecf67ba6352d3298cd6814f46069ffe1fd301e,0,75,,2000,2144.4268541666665,150,generated,27136000,0,0.000540732,0.0,0.0,0,0,,0,05c781802840fa21,0.056197215992142446,optimal,0.044768951,0.0,True
5973,493f6f942eca3576ac0253ad50581fbe0469e8e417d3f97011c676f7789871fd,0,"""instance""",0.000352156,"['taskset', '-c', '2', '<project>/build/release/pclp', 'solve', '--instance', '<project>/data/generated/gen_sparse_degree3_n2000_uniform_neg30_r1.json', '--config', '<project>/experiments/runs/scalability/43e8ac95bf8959b0/resolved_config.json', '--output', '<project>/experiments/runs/scalability/43e8ac95bf8959b0/result.json']",False,parametric,0,0.0,0.051366315,sparse,11022,151,0,gen_sparse_degree3_n2000_uniform_neg30_r1,data/generated/gen_sparse_degree3_n2000_uniform_neg30_r1.json,3fe2a43bb07cda9a6f9a9e71d6ecf67ba6352d3298cd6814f46069ffe1fd301e,0,75,,2000,2144.4268541666665,150,generated,27136000,0,0.000574786,0.0,0.0,0,0,,1,43e8ac95bf8959b0,0.05780028400477022,optimal,0.046012027,0.0,True
5973,493f6f942eca3576ac0253ad50581fbe0469e8e417d3f97011c676f7789871fd,0,"""instance""",0.000353803,"['taskset', '-c', '2', '<project>/build/release/pclp', 'solve', '--instance', '<project>/data/generated/gen_sparse_degree3_n2000_uniform_neg30_r2.json', '--config', '<project>/experiments/runs/scalability/2ad6002a12e9056f/resolved_config.json', '--output', '<project>/experiments/runs/scalability/2ad6002a12e9056f/result.json']",False,dinkelbach,0,0.0,0.765422708,sparse,324282,1393,0,gen_sparse_degree3_n2000_uniform_neg30_r2,data/generated/gen_sparse_degree3_n2000_uniform_neg30_r2.json,3900894d4686f05e9968e3c83d9493ad6c276346a22590d408036be3655b30e6,0,147,,2000,16560.6704805492,148,generated,27136000,0,0.000613164,0.0,0.0,0,0,,0,2ad6002a12e9056f,0.7722575639927527,optimal,0.760158267,0.0,True
5973,493f6f942eca3576ac0253ad50581fbe0469e8e417d3f97011c676f7789871fd,0,"""instance""",0.000354393,"['taskset', '-c', '2', '<project>/build/release/pclp', 'solve', '--instance', '<project>/data/generated/gen_sparse_degree3_n2000_uniform_neg30_r2.json', '--config', '<project>/experiments/runs/scalability/e12300a33a317acf/resolved_config.json', '--output', '<project>/experiments/runs/scalability/e12300a33a317acf/result.json']",False,dinkelbach,0,0.0,0.772540354,sparse,324282,1393,0,gen_sparse_degree3_n2000_uniform_neg30_r2,data/generated/gen_sparse_degree3_n2000_uniform_neg30_r2.json,3900894d4686f05e9968e3c83d9493ad6c276346a22590d408036be3655b30e6,0,147,,2000,16560.6704805492,148,generated,27136000,0,0.000569897,0.0,0.0,0,0,,1,e12300a33a317acf,0.7808374779997393,optimal,0.767278491,0.0,True
5973,493f6f942eca3576ac0253ad50581fbe0469e8e417d3f97011c676f7789871fd,10457413,"""instance""",0.000322164,"['taskset', '-c', '2', '<project>/build/release/pclp', 'solve', '--instance', '<project>/data/generated/gen_sparse_degree3_n2000_uniform_neg30_r2.json', '--config', '<project>/experiments/runs/scalability/e444f721f497edc7/resolved_config.json', '--output', '<project>/experiments/runs/scalability/e444f721f497edc7/result.json']",False,forest-tuned,114178,0.288822101,2.117165397,sparse,0,0,602,gen_sparse_degree3_n2000_uniform_neg30_r2,data/generated/gen_sparse_degree3_n2000_uniform_neg30_r2.json,3900894d4686f05e9968e3c83d9493ad6c276346a22590d408036be3655b30e6,115861,147,,2000,16560.6704805492,148,generated,27136000,116315,0.000561653,0.120822963,0.257217399,31855683,0,,0,e444f721f497edc7,2.1248764030024176,optimal,2.11212148,1.314499696,True
5973,493f6f942eca3576ac0253ad50581fbe0469e8e417d3f97011c676f7789871fd,10457413,"""instance""",0.000316795,"['taskset', '-c', '2', '<project>/build/release/pclp', 'solve', '--instance', '<project>/data/generated/gen_sparse_degree3_n2000_uniform_neg30_r2.json', '--config', '<project>/experiments/runs/scalability/8a063d3989445c23/resolved_config.json', '--output', '<project>/experiments/runs/scalability/8a063d3989445c23/result.json']",False,forest-tuned,114178,0.291368543,2.117477784,sparse,0,0,602,gen_sparse_degree3_n2000_uniform_neg30_r2,data/generated/gen_sparse_degree3_n2000_uniform_neg30_r2.json,3900894d4686f05e9968e3c83d9493ad6c276346a22590d408036be3655b30e6,115861,147,,2000,16560.6704805492,148,generated,27136000,116315,0.000619675,0.118988939,0.255230835,31855683,0,,1,8a063d3989445c23,2.124689178002882,optimal,2.112226299,1.316516869,True
5973,493f6f942eca3576ac0253ad50581fbe0469e8e417d3f97011c676f7789871fd,0,"""instance""",0.000361794,"['taskset', '-c', '2', '<project>/build/release/pclp', 'solve', '--instance', '<project>/data/generated/gen_sparse_degree3_n2000_uniform_neg30_r2.json', '--config', '<project>/experiments/runs/scalability/90c73f5f203ba25e/resolved_config.json', '--output', '<project>/experiments/runs/scalability/90c73f5f203ba25e/result.json']",False,parametric,0,0.0,0.057949719,sparse,10716,295,0,gen_sparse_degree3_n2000_uniform_neg30_r2,data/generated/gen_sparse_degree3_n2000_uniform_neg30_r2.json,3900894d4686f05e9968e3c83d9493ad6c276346a22590d408036be3655b30e6,0,147,,2000,16560.6704805492,294,generated,27136000,0,0.000577872,0.0,0.0,0,0,,0,90c73f5f203ba25e,0.06696455199562479,optimal,0.052793921,0.0,True
5973,493f6f942eca3576ac0253ad50581fbe0469e8e417d3f97011c676f7789871fd,0,"""instance""",0.000374838,"['taskset', '-c', '2', '<project>/build/release/pclp', 'solve', '--instance', '<project>/data/generated/gen_sparse_degree3_n2000_uniform_neg30_r2.json', '--config', '<project>/experiments/runs/scalability/0860ca15fd3a9b70/resolved_config.json', '--output', '<project>/experiments/runs/scalability/0860ca15fd3a9b70/result.json']",False,parametric,0,0.0,0.061588635,sparse,10716,295,0,gen_sparse_degree3_n2000_uniform_neg30_r2,data/generated/gen_sparse_degree3_n2000_uniform_neg30_r2.json,3900894d4686f05e9968e3c83d9493ad6c276346a22590d408036be3655b30e6,0,147,,2000,16560.6704805492,294,generated,27136000,0,0.000614409,0.0,0.0,0,0,,1,0860ca15fd3a9b70,0.0684731740038842,optimal,0.056102148,0.0,True
583,493f6f942eca3576ac0253ad50581fbe0469e8e417d3f97011c676f7789871fd,0,"""instance""",3.7787e-05,"['taskset', '-c', '2', '<project>/build/release/pclp', 'solve', '--instance', '<project>/data/generated/gen_sparse_degree3_n200_dispersed_neg30_r0.json', '--config', '<project>/experiments/runs/scalability/e628a1bf52faed1d/resolved_config.json', '--output', '<project>/experiments/runs/scalability/e628a1bf52faed1d/result.json']",False,dinkelbach,0,0.0,0.006213851,sparse,5492,235,0,gen_sparse_degree3_n200_dispersed_neg30_r0,data/generated/gen_sparse_degree3_n200_dispersed_neg30_r0.json,3a9badafa777fa26bf1330e27008ba32231bc17929b172b3ffb9c9d8ff7efd79,0,31,,200,2384.714953271028,32,generated,24199168,0,6.937e-05,0.0,0.0,0,0,,0,e628a1bf52faed1d,0.009425540993106551,optimal,0.005625129,0.0,True
583,493f6f942eca3576ac0253ad50581fbe0469e8e417d3f97011c676f7789871fd,0,"""instance""",3.9491e-05,"['taskset', '-c', '2', '<project>/build/release/pclp', 'solve', '--instance', '<project>/data/generated/gen_sparse_degree3_n200_dispersed_neg30_r0.json', '--config', '<project>/experiments/runs/scalability/2725ba8bec017b59/resolved_config.json', '--output', '<project>/experiments/runs/scalability/2725ba8bec017b59/result.json']",False,dinkelbach,0,0.0,0.006244207,sparse,5492,235,0,gen_sparse_degree3_n200_dispersed_neg30_r0,data/generated/gen_sparse_degree3_n200_dispersed_neg30_r0.json,3a9badafa777fa26bf1330e27008ba32231bc17929b172b3ffb9c9d8ff7efd79,0,31,,200,2384.714953271028,32,generated,24199168,0,8.6786e-05,0.0,0.0,0,0,,1,2725ba8bec017b59,0.009408065001480281,optimal,0.005653852,0.0,True
583,493f6f942eca3576ac0253ad50581fbe0469e8e417d3f97011c676f7789871fd,63392,"""instance""",3.8417e-05,"['taskset', '-c', '2', '<project>/build/release/pclp', 'solve', '--instance', '<project>/data/generated/gen_sparse_degree3_n200_dispersed_neg30_r0.json', '--config', '<project>/experiments/runs/scalability/d5b2f52fe466d4e2/resolved_config.json', '--output', '<project>/experiments/runs/scalability/d5b2f52fe466d4e2/result.json']",False,forest-tuned,1754,0.000927976,0.009269788,sparse,0,0,39,gen_sparse_degree3_n200_dispersed_neg30_r0,data/generated/gen_sparse_degree3_n200_dispersed_neg30_r0.json,3a9badafa777fa26bf1330e27008ba32231bc17929b172b3ffb9c9d8ff7efd79,1896,31,,200,2384.714953271028,32,generated,24199168,1903,6.8352e-05,0.000953063,0.001157232,107625,0,,0,d5b2f52fe466d4e2,0.012832085994887166,optimal,0.008658414,0.004209426,True
583,493f6f942eca3576ac0253ad50581fbe0469e8e417d3f97011c676f7789871fd,63392,"""instance""",3.8892e-05,"['taskset', '-c', '2', '<project>/build/release/pclp', 'solve', '--instance', '<project>/data/generated/gen_sparse_degree3_n200_dispersed_neg30_r0.json', '--config', '<project>/experiments/runs/scalability/d0b2a723db69c012/resolved_config.json', '--output', '<project>/experiments/runs/scalability/d0b2a723db69c012/result.json']",False,forest-tuned,1754,0.000886568,0.009045524,sparse,0,0,39,gen_sparse_degree3_n200_dispersed_neg30_r0,data/generated/gen_sparse_degree3_n200_dispersed_neg30_r0.json,3a9badafa777fa26bf1330e27008ba32231bc17929b172b3ffb9c9d8ff7efd79,1896,31,,200,2384.714953271028,32,generated,24199168,1903,7.3613e-05,0.000940523,0.00112561,107625,0,,1,d0b2a723db69c012,0.013667423001606949,optimal,0.008424507,0.004102671,True
583,493f6f942eca3576ac0253ad50581fbe0469e8e417d3f97011c676f7789871fd,0,"""instance""",3.6513e-05,"['taskset', '-c', '2', '<project>/build/release/pclp', 'solve', '--instance', '<project>/data/generated/gen_sparse_degree3_n200_dispersed_neg30_r0.json', '--config', '<project>/experiments/runs/scalability/3573b71025cc277d/resolved_config.json', '--output', '<project>/experiments/runs/scalability/3573b71025cc277d/result.json']",False,parametric,0,0.0,0.001989284,sparse,758,63,0,gen_sparse_degree3_n200_dispersed_neg30_r0,data/generated/gen_sparse_degree3_n200_dispersed_neg30_r0.json,3a9badafa777fa26bf1330e27008ba32231bc17929b172b3ffb9c9d8ff7efd79,0,31,,200,2384.714953271028,62,generated,24199168,0,7.0823e-05,0.0,0.0,0,0,,0,3573b71025cc277d,0.005275137998978607,optimal,0.001385055,0.0,True
583,493f6f942eca3576ac0253ad50581fbe0469e8e417d3f97011c676f7789871fd,0,"""instance""",5.036e-05,"['taskset', '-c', '2', '<project>/build/release/pclp', 'solve', '--instance', '<project>/data/generated/gen_sparse_degree3_n200_dispersed_neg30_r0.json', '--config', '<project>/experiments/runs/scalability/b2f4c4079aef27c8/resolved_config.json', '--output', '<project>/experiments/runs/scalability/b2f4c4079aef27c8/result.json']",False,parametric,0,0.0,0.001985901,sparse,758,63,0,gen_sparse_degree3_n200_dispersed_neg30_r0,data/generated/gen_sparse_degree3_n200_dispersed_neg30_r0.json,3a9badafa777fa26bf1330e27008ba32231bc17929b172b3ffb9c9d8ff7efd79,0,31,,200,2384.714953271028,62,generated,24199168,0,7.106e-05,0.0,0.0,0,0,,1,b2f4c4079aef27c8,0.005276354000670835,optimal,0.001400479,0.0,True
583,493f6f942eca3576ac0253ad50581fbe0469e8e417d3f97011c676f7789871fd,0,"""instance""",3.7987e-05,"['taskset', '-c', '2', '<project>/build/release/pclp', 'solve', '--instance', '<project>/data/generated/gen_sparse_degree3_n200_dispersed_neg30_r1.json', '--config', '<project>/experiments/runs/scalability/cfbdd9d3c05a21db/resolved_config.json', '--output', '<project>/experiments/runs/scalability/cfbdd9d3c05a21db/result.json']",False,dinkelbach,0,0.0,0.005521625,sparse,3769,172,0,gen_sparse_degree3_n200_dispersed_neg30_r1,data/generated/gen_sparse_degree3_n200_dispersed_neg30_r1.json,541ccedff8a50158967570311c5b1577767f45928cd69cb4765476635fee9eb9,0,25,,200,39122.88947818706,26,generated,24199168,0,6.9085e-05,0.0,0.0,0,0,,0,cfbdd9d3c05a21db,0.008569703990360722,optimal,0.004882924,0.0,True
583,493f6f942eca3576ac0253ad50581fbe0469e8e417d3f97011c676f7789871fd,0,"""instance""",3.7203e-05,"['taskset', '-c', '2', '<project>/build/release/pclp', 'solve', '--instance', '<project>/data/generated/gen_sparse_degree3_n200_dispersed_neg30_r1.json', '--config', '<project>/experiments/runs/scalability/c451c57178635427/resolved_config.json', '--output', '<project>/experiments/runs/scalability/c451c57178635427/result.json']",False,dinkelbach,0,0.0,0.005478831,sparse,3769,172,0,gen_sparse_degree3_n200_dispersed_neg30_r1,data/generated/gen_sparse_degree3_n200_dispersed_neg30_r1.json,541ccedff8a50158967570311c5b1577767f45928cd69cb4765476635fee9eb9,0,25,,200,39122.88947818706,26,generated,24199168,0,7.102e-05,0.0,0.0,0,0,,1,c451c57178635427,0.008791465996182524,optimal,0.004805605,0.0,True
583,493f6f942eca3576ac0253ad50581fbe0469e8e417d3f97011c676f7789871fd,58554,"""instance""",3.8516e-05,"['taskset', '-c', '2', '<project>/build/release/pclp', 'solve', '--instance', '<project>/data/generated/gen_sparse_degree3_n200_dispersed_neg30_r1.json', '--config', '<project>/experiments/runs/scalability/be702aa5dd41c007/resolved_config.json', '--output', '<project>/experiments/runs/scalability/be702aa5dd41c007/result.json']",False,forest-tuned,1493,0.001306315,0.011258243,sparse,0,0,32,gen_sparse_degree3_n200_dispersed_neg30_r1,data/generated/gen_sparse_degree3_n200_dispersed_neg30_r1.json,541ccedff8a50158967570311c5b1577767f45928cd69cb4765476635fee9eb9,1691,25,,200,39122.88947818706,26,generated,24199168,1697,6.8344e-05,0.00088621,0.001404819,161429,0,,0,be702aa5dd41c007,0.015708028004155494,optimal,0.010645996,0.005780221,True
583,493f6f942eca3576ac0253ad50581fbe0469e8e417d3f97011c676f7789871fd,58554,"""instance""",3.8627e-05,"['taskset', '-c', '2', '<project>/build/release/pclp', 'solve', '--instance', '<project>/data/generated/gen_sparse_degree3_n200_dispersed_neg30_r1.json', '--config', '<project>/experiments/runs/scalability/2ab27ce1bcc8a1b0/resolved_config.json', '--output', '<project>/experiments/runs/scalability/2ab27ce1bcc8a1b0/result.json']",False,forest-tuned,1493,0.001362355,0.011610789,sparse,0,0,32,gen_sparse_degree3_n200_dispersed_neg30_r1,data/generated/gen_sparse_degree3_n200_dispersed_neg30_r1.json,541ccedff8a50158967570311c5b1577767f45928cd69cb4765476635fee9eb9,1691,25,,200,39122.88947818706,26,generated,24199168,1697,7.1388e-05,0.000910368,0.00146253,161429,0,,1,2ab27ce1bcc8a1b0,0.015470181009732187,optimal,0.010909532,0.005896552,True
583,493f6f942eca3576ac0253ad50581fbe0469e8e417d3f97011c676f7789871fd,0,"""instance""",3.5508e-05,"['taskset', '-c', '2', '<project>/build/release/pclp', 'solve', '--instance', '<project>/data/generated/gen_sparse_degree3_n200_dispersed_neg30_r1.json', '--config', '<project>/experiments/runs/scalability/422cb10ba3da80b2/resolved_config.json', '--output', '<project>/experiments/runs/scalability/422cb10ba3da80b2/result.json']",False,parametric,0,0.0,0.001812911,sparse,711,51,0,gen_sparse_degree3_n200_dispersed_neg30_r1,data/generated/gen_sparse_degree3_n200_dispersed_neg30_r1.json,541ccedff8a50158967570311c5b1577767f45928cd69cb4765476635fee9eb9,0,25,,200,39122.88947818706,50,generated,24199168,0,6.8837e-05,0.0,0.0,0,0,,0,422cb10ba3da80b2,0.005148106996784918,optimal,0.001179933,0.0,True
583,493f6f942eca3576ac0253ad50581fbe0469e8e417d3f97011c676f7789871fd,0,"""instance""",3.5003e-05,"['taskset', '-c', '2', '<project>/build/release/pclp', 'solve', '--instance', '<project>/data/generated/gen_sparse_degree3_n200_dispersed_neg30_r1.json', '--config', '<project>/experiments/runs/scalability/c76aac30379121c2/resolved_config.json', '--output', '<project>/experiments/runs/scalability/c76aac30379121c2/result.json']",False,parametric,0,0.0,0.00180414,sparse,711,51,0,gen_sparse_degree3_n200_dispersed_neg30_r1,data/generated/gen_sparse_degree3_n200_dispersed_neg30_r1.json,541ccedff8a50158967570311c5b1577767f45928cd69cb4765476635fee9eb9,0,25,,200,39122.88947818706,50,generated,24199168,0,6.6895e-05,0.0,0.0,0,0,,1,c76aac30379121c2,0.0049111730040749535,optimal,0.001181015,0.0,True
577,493f6f942eca3576ac0253ad50581fbe0469e8e417d3f97011c676f7789871fd,0,"""instance""",3.7322e-05,"['taskset', '-c', '2', '<project>/build/release/pclp', 'solve', '--instance', '<project>/data/generated/gen_sparse_degree3_n200_dispersed_neg30_r2.json', '--config', '<project>/experiments/runs/scalability/1b10f38127dcf7b1/resolved_config.json', '--output', '<project>/experiments/runs/scalability/1b10f38127dcf7b1/result.json']",False,dinkelbach,0,0.0,0.005404023,sparse,4107,199,0,gen_sparse_degree3_n200_dispersed_neg30_r2,data/generated/gen_sparse_degree3_n200_dispersed_neg30_r2.json,f546cf86f355a7207edd08d8e8c1b88ef3c192e4227a5f7d51034bfb89fee898,0,26,,200,1731.3808539944903,27,generated,24199168,0,6.8418e-05,0.0,0.0,0,0,,0,1b10f38127dcf7b1,0.0084472560120048,optimal,0.004802183,0.0,True
577,493f6f942eca3576ac0253ad50581fbe0469e8e417d3f97011c676f7789871fd,0,"""instance""",3.627e-05,"['taskset', '-c', '2', '<project>/build/release/pclp', 'solve', '--instance', '<project>/data/generated/gen_sparse_degree3_n200_dispersed_neg30_r2.json', '--config', '<project>/experiments/runs/scalability/b69ddf3efad55412/resolved_config.json', '--output', '<project>/experiments/runs/scalability/b69ddf3efad55412/result.json']",False,dinkelbach,0,0.0,0.005302548,sparse,4107,199,0,gen_sparse_degree3_n200_dispersed_neg30_r2,data/generated/gen_sparse_degree3_n200_dispersed_neg30_r2.json,f546cf86f355a7207edd08d8e8c1b88ef3c192e4227a5f7d51034bfb89fee898,0,26,,200,1731.3808539944903,27,generated,24199168,0,6.5745e-05,0.0,0.0,0,0,,1,b69ddf3efad55412,0.008277107001049444,optimal,0.004740301,0.0,True
577,493f6f942eca3576ac0253ad50581fbe0469e8e417d3f97011c676f7789871fd,38390,"""instance""",3.6759e-05,"['taskset', '-c', '2', '<project>/build/release/pclp', 'solve', '--instance', '<project>/data/generated/gen_sparse_degree3_n200_dispersed_neg30_r2.json', '--config', '<project>/experiments/runs/scalability/031ab7a9140ea97e/resolved_config.json', '--output', '<project>/experiments/runs/scalability/031ab7a9140ea97e/result.json']",False,forest-tuned,1094,0.000489972,0.005660001,sparse,0,0,31,gen_sparse_degree3_n200_dispersed_neg30_r2,data/generated/gen_sparse_degree3_n200_dispersed_neg30_r2.json,f546cf86f355a7207edd08d8e8c1b88ef3c192e4227a5f7d51034bfb89fee898,1158,26,,200,1731.3808539944903,27,generated,24199168,1162,6.6127e-05,0.000562974,0.000600187,68388,0,,0,031ab7a9140ea97e,0.008796864000032656,optimal,0.005094389,0.002522781,True
577,493f6f942eca3576ac0253ad50581fbe0469e8e417d3f97011c676f7789871fd,38390,"""instance""",3.6686e-05,"['taskset', '-c', '2', '<project>/build/release/pclp', 'solve', '--instance', '<project>/data/generated/gen_sparse_degree3_n200_dispersed_neg30_r2.json', '--config', '<project>/experiments/runs/scalability/eb97335e0206da71/resolved_config.json', '--output', '<project>/experiments/runs/scalability/eb97335e0206da71/result.json']",False,forest-tuned,1094,0.000496095,0.005680099,sparse,0,0,31,gen_sparse_degree3_n200_dispersed_neg30_r2,data/generated/gen_sparse_degree3_n200_dispersed_neg30_r2.json,f546cf86f355a7207edd08d8e8c1b88ef3c192e4227a5f7d51034bfb89fee898,1158,26,,200,1731.3808539944903,27,generated,24199168,1162,7.422e-05,0.000552991,0.000604652,68388,0,,1,eb97335e0206da71,0.008517534006386995,optimal,0.005119639,0.002520594,True
577,493f6f942eca3576ac0253ad50581fbe0469e8e417d3f97011c676f7789871fd,0,"""instance""",5.4761e-05,"['taskset', '-c', '2', '<project>/build/release/pclp', 'solve', '--instance', '<project>/data/generated/gen_sparse_degree3_n200_dispersed_neg30_r2.json', '--config', '<project>/experiments/runs/scalability/dc15c6243f169aa3/resolved_config.json', '--output', '<project>/experiments/runs/scalability/dc15c6243f169aa3/result.json']",False,parametric,0,0.0,0.002261936,sparse,742,53,0,gen_sparse_degree3_n200_dispersed_neg30_r2,data/generated/gen_sparse_degree3_n200_dispersed_neg30_r2.json,f546cf86f355a7207edd08d8e8c1b88ef3c192e4227a5f7d51034bfb89fee898,0,26,,200,1731.3808539944903,52,generated,24199168,0,7.2541e-05,0.0,0.0,0,0,,0,dc15c6243f169aa3,0.0055632129951845855,optimal,0.001614134,0.0,True
577,493f6f942eca3576ac0253ad50581fbe0469e8e417d3f97011c676f7789871fd,0,"""instance""",3.58e-05,"['taskset', '-c', '2', '<project>/build/release/pclp', 'solve', '--instance', '<project>/data/generated/gen_sparse_degree3_n200_dispersed_neg30_r2.json', '--config', '<project>/experiments/runs/scalability/7c572381cb14ea8d/resolved_config.json', '--output', '<project>/experiments/runs/scalability/7c572381cb14ea8d/result.json']",False,parametric,0,0.0,0.001773428,sparse,742,53,0,gen_sparse_degree3_n200_dispersed_neg30_r2,data/generated/gen_sparse_degree3_n200_dispersed_neg30_r2.json,f546cf86f355a7207edd08d8e8c1b88ef3c192e4227a5f7d51034bfb89fee898,0,26,,200,1731.3808539944903,52,generated,24199168,0,6.6957e-05,0.0,0.0,0,0,,1,7c572381cb14ea8d,0.004977606004104018,optimal,0.001197168,0.0,True
582,493f6f942eca3576ac0253ad50581fbe0469e8e417d3f97011c676f7789871fd,0,"""instance""",3.8588e-05,"['taskset', '-c', '2', '<project>/build/release/pclp', 'solve', '--instance', '<project>/data/generated/gen_sparse_degree3_n200_uniform_neg30_r0.json', '--config', '<project>/experiments/runs/scalability/8f304306521cbf90/resolved_config.json', '--output', '<project>/experiments/runs/scalability/8f304306521cbf90/result.json']",False,dinkelbach,0,0.0,0.0067647,sparse,4693,194,0,gen_sparse_degree3_n200_uniform_neg30_r0,data/generated/gen_sparse_degree3_n200_uniform_neg30_r0.json,a8655527fc19a20359a38d30251f9dfb3fc3ece763125bab8bf4908235863eef,0,27,,200,2056.875,28,generated,24199168,0,6.8436e-05,0.0,0.0,0,0,,0,8f304306521cbf90,0.01039311099157203,optimal,0.006178296,0.0,True
582,493f6f942eca3576ac0253ad50581fbe0469e8e417d3f97011c676f7789871fd,0,"""instance""",3.9385e-05,"['taskset', '-c', '2', '<project>/build/release/pclp', 'solve', '--instance', '<project>/data/generated/gen_sparse_degree3_n200_uniform_neg30_r0.json', '--config', '<project>/experiments/runs/scalability/85a2344c84ebf0a1/resolved_config.json', '--output', '<project>/experiments/runs/scalability/85a2344c84ebf0a1/result.json']",False,dinkelbach,0,0.0,0.006797297,sparse,4693,194,0,gen_sparse_degree3_n200_uniform_neg30_r0,data/generated/gen_sparse_degree3_n200_uniform_neg30_r0.json,a8655527fc19a20359a38d30251f9dfb3fc3ece763125bab8bf4908235863eef,0,27,,200,2056.875,28,generated,24199168,0,7.042e-05,0.0,0.0,0,0,,1,85a2344c84ebf0a1,0.011519202002091333,optimal,0.006197019,0.0,True
582,493f6f942eca3576ac0253ad50581fbe0469e8e417d3f97011c676f7789871fd,52654,"""instance""",3.8084e-05,"['taskset', '-c', '2', '<project>/build/release/pclp', 'solve', '--instance', '<project>/data/generated/gen_sparse_degree3_n200_uniform_neg30_r0.json', '--config', '<project>/experiments/runs/scalability/69e74d6400488b4e/resolved_config.json', '--output', '<project>/experiments/runs/scalability/69e74d6400488b4e/result.json']",False,forest-tuned,1442,0.001001903,0.009318945,sparse,0,0,34,gen_sparse_degree3_n200_uniform_neg30_r0,data/generated/gen_sparse_degree3_n200_uniform_neg30_r0.json,a8655527fc19a20359a38d30251f9dfb3fc3ece763125bab8bf4908235863eef,1575,27,,200,2056.875,28,generated,24199168,1581,6.793e-05,0.000815717,0.001141431,126783,0,,0,69e74d6400488b4e,0.013815825994242914,optimal,0.008740899,0.004580122,True
582,493f6f942eca3576ac0253ad50581fbe0469e8e417d3f97011c676f7789871fd,52654,"""instance""",3.8218e-05,"['taskset', '-c', '2', '<project>/build/release/pclp', 'solve', '--instance', '<project>/data/generated/gen_sparse_degree3_n200_uniform_neg30_r0.json', '--config', '<project>/experiments/runs/scalability/d51229f2d8344a99/resolved_config.json', '--output', '<project>/experiments/runs/scalability/d51229f2d8344a99/result.json']",False,forest-tuned,1442,0.001007882,0.009330323,sparse,0,0,34,gen_sparse_degree3_n200_uniform_neg30_r0,data/generated/gen_sparse_degree3_n200_uniform_neg30_r0.json,a8655527fc19a20359a38d30251f9dfb3fc3ece763125bab8bf4908235863eef,1575,27,,200,2056.875,28,generated,24199168,1581,6.9708e-05,0.000815954,0.001141549,126783,0,,1,d51229f2d8344a99,0.013752471000771038,optimal,0.008748986,0.004582879,True
582,493f6f942eca3576ac0253ad50581fbe0469e8e417d3f97011c676f7789871fd,0,"""instance""",3.6728e-05,"['taskset', '-c', '2', '<project>/build/release/pclp', 'solve', '--instance', '<project>/data/generated/gen_sparse_degree3_n200_uniform_neg30_r0.json', '--config', '<project>/experiments/runs/scalability/0ed848831158575b/resolved_config.json', '--output', '<project>/experiments/runs/scalability/0ed848831158575b/result.json']",False,parametric,0,0.0,0.002062833,sparse,869,55,0,gen_sparse_degree3_n200_uniform_neg30_r0,data/generated/gen_sparse_degree3_n200_uniform_neg30_r0.json,a8655527fc19a20359a38d30251f9dfb3fc3ece763125bab8bf4908235863eef,0,27,,200,2056.875,54,generated,24199168,0,6.9061e-05,0.0,0.0,0,0,,0,0ed848831158575b,0.00675578200025484,optimal,0.00146131,0.0,True
582,493f6f942eca3576ac0253ad50581fbe0469e8e417d3f97011c676f7789871fd,0,"""instance""",3.8107e-05,"['taskset', '-c', '2', '<project>/build/release/pclp', 'solve', '--instance', '<project>/data/generated/gen_sparse_degree3_n200_uniform_neg30_r0.json', '--config', '<project>/experiments/runs/scalability/bce2d49c1b399e43/resolved_config.json', '--output', '<project>/experiments/runs/scalability/bce2d49c1b399e43/result.json']",False,parametric,0,0.0,0.002083566,sparse,869,55,0,gen_sparse_degree3_n200_uniform_neg30_r0,data/generated/gen_sparse_degree3_n200_uniform_neg30_r0.json,a8655527fc19a20359a38d30251f9dfb3fc3ece763125bab8bf4908235863eef,0,27,,200,2056.875,54,generated,24199168,0,7.1705e-05,0.0,0.0,0,0,,1,bce2d49c1b399e43,0.005187504997593351,optimal,0.001476927,0.0,True
582,493f6f942eca3576ac0253ad50581fbe0469e8e417d3f97011c676f7789871fd,0,"""instance""",3.6921e-05,"['taskset', '-c', '2', '<project>/build/release/pclp', 'solve', '--instance', '<project>/data/generated/gen_sparse_degree3_n200_uniform_neg30_r1.json', '--config', '<project>/experiments/runs/scalability/0df6ccb4dfb7595e/resolved_config.json', '--output', '<project>/experiments/runs/scalability/0df6ccb4dfb7595e/result.json']",False,dinkelbach,0,0.0,0.008001269,sparse,7064,122,0,gen_sparse_degree3_n200_uniform_neg30_r1,data/generated/gen_sparse_degree3_n200_uniform_neg30_r1.json,0f9c4ffe03d1e140d8013f64977af98f577bdb477c7dc2ccf78a5d20e9b16ce4,0,15,,200,268.95081263858094,16,generated,24199168,0,8.0929e-05,0.0,0.0,0,0,,0,0df6ccb4dfb7595e,0.011639445001492277,optimal,0.007385441,0.0,True
582,493f6f942eca3576ac0253ad50581fbe0469e8e417d3f97011c676f7789871fd,0,"""instance""",3.8706e-05,"['taskset', '-c', '2', '<project>/build/release/pclp', 'solve', '--instance', '<project>/data/generated/gen_sparse_degree3_n200_uniform_neg30_r1.json', '--config', '<project>/experiments/runs/scalability/c0ddb10619e57996/resolved_config.json', '--output', '<project>/experiments/runs/scalability/c0ddb10619e57996/result.json']",False,dinkelbach,0,0.0,0.008188055,sparse,7064,122,0,gen_sparse_degree3_n200_uniform_neg30_r1,data/generated/gen_sparse_degree3_n200_uniform_neg30_r1.json,0f9c4ffe03d1e140d8013f64977af98f577bdb477c7dc2ccf78a5d20e9b16ce4,0,15,,200,268.95081263858094,16,generated,24199168,0,7.3025e-05,0.0,0.0,0,0,,1,c0ddb10619e57996,0.01215941199916415,optimal,0.007566926,0.0,True
582,493f6f942eca3576ac0253ad50581fbe0469e8e417d3f97011c676f7789871fd,73023,"""instance""",4.0437e-05,"['taskset', '-c', '2', '<project>/build/release/pclp', 'solve', '--instance', '<project>/data/generated/gen_sparse_degree3_n200_uniform_neg30_r1.json', '--config', '<project>/experiments/runs/scalability/325de864f4ce63d0/resolved_config.json', '--output', '<project>/experiments/runs/scalability/325de864f4ce63d0/result.json']",False,forest-tuned,1806,0.001439061,0.012787015,sparse,0,0,23,gen_sparse_degree3_n200_uniform_neg30_r1,data/generated/gen_sparse_degree3_n200_uniform_neg30_r1.json,0f9c4ffe03d1e140d8013f64977af98f577bdb477c7dc2ccf78a5d20e9b16ce4,1970,15,,200,268.95081263858094,16,generated,24199168,1977,7.0182e-05,0.00108724,0.001555147,182260,0,,0,325de864f4ce63d0,0.01739096100209281,optimal,0.012169192,0.006661014,True
582,493f6f942eca3576ac0253ad50581fbe0469e8e417d3f97011c676f7789871fd,73023,"""instance""",4.0399e-05,"['taskset', '-c', '2', '<project>/build/release/pclp', 'solve', '--instance', '<project>/data/generated/gen_sparse_degree3_n200_uniform_neg30_r1.json', '--config', '<project>/experiments/runs/scalability/be43689d6abdf5ce/resolved_config.json', '--output', '<project>/experiments/runs/scalability/be43689d6abdf5ce/result.json']",False,forest-tuned,1806,0.001456873,0.013083963,sparse,0,0,23,gen_sparse_degree3_n200_uniform_neg30_r1,data/generated/gen_sparse_degree3_n200_uniform_neg30_r1.json,0f9c4ffe03d1e140d8013f64977af98f577bdb477c7dc2ccf78a5d20e9b16ce4,1970,15,,200,268.95081263858094,16,generated,24199168,1977,7.0994e-05,0.001110248,0.00156438,182260,0,,1,be43689d6abdf5ce,0.019875320009305142,optimal,0.012445101,0.006880902,True
582,493f6f942eca3576ac0253ad50581fbe0469e8e417d3f97011c676f7789871fd,0,"""instance""",4.1269e-05,"['taskset', '-c', '2', '<project>/build/release/pclp', 'solve', '--instance', '<project>/data/generated/gen_sparse_degree3_n200_uniform_neg30_r1.json', '--config', '<project>/experiments/runs/scalability/06d4d86199a99366/resolved_config.json', '--output', '<project>/experiments/runs/scalability/06d4d86199a99366/result.json']",False,parametric,0,0.0,0.001934698,sparse,763,31,0,gen_sparse_degree3_n200_uniform_neg30_r1,data/generated/gen_sparse_degree3_n200_uniform_neg30_r1.json,0f9c4ffe03d1e140d8013f64977af98f577bdb477c7dc2ccf78a5d20e9b16ce4,0,15,,200,268.95081263858094,30,generated,24199168,0,7.2825e-05,0.0,0.0,0,0,,0,06d4d86199a99366,0.005664354001055472,optimal,0.00131175,0.0,True
582,493f6f942eca3576ac0253ad50581fbe0469e8e417d3f97011c676f7789871fd,0,"""instance""",4.0008e-05,"['taskset', '-c', '2', '<project>/build/release/pclp', 'solve', '--instance', '<project>/data/generated/gen_sparse_degree3_n200_uniform_neg30_r1.json', '--config', '<project>/experiments/runs/scalability/e13f872974e223b7/resolved_config.json', '--output', '<project>/experiments/runs/scalability/e13f872974e223b7/result.json']",False,parametric,0,0.0,0.00197078,sparse,763,31,0,gen_sparse_degree3_n200_uniform_neg30_r1,data/generated/gen_sparse_degree3_n200_uniform_neg30_r1.json,0f9c4ffe03d1e140d8013f64977af98f577bdb477c7dc2ccf78a5d20e9b16ce4,0,15,,200,268.95081263858094,30,generated,24199168,0,7.4089e-05,0.0,0.0,0,0,,1,e13f872974e223b7,0.0054950789926806465,optimal,0.001315365,0.0,True
579,493f6f942eca3576ac0253ad50581fbe0469e8e417d3f97011c676f7789871fd,0,"""instance""",3.8413e-05,"['taskset', '-c', '2', '<project>/build/release/pclp', 'solve', '--instance', '<project>/data/generated/gen_sparse_degree3_n200_uniform_neg30_r2.json', '--config', '<project>/experiments/runs/scalability/ef3cc8359b262da8/resolved_config.json', '--output', '<project>/experiments/runs/scalability/ef3cc8359b262da8/result.json']",False,dinkelbach,0,0.0,0.003560978,sparse,2114,89,0,gen_sparse_degree3_n200_uniform_neg30_r2,data/generated/gen_sparse_degree3_n200_uniform_neg30_r2.json,0e53dc22d852d8a8a155a6276610516072761f83c3a46d43a75904b3ac07e76a,0,13,,200,1559.7058823529412,14,generated,24199168,0,8.1372e-05,0.0,0.0,0,0,,0,ef3cc8359b262da8,0.0068133669992676005,optimal,0.002931542,0.0,True
579,493f6f942eca3576ac0253ad50581fbe0469e8e417d3f97011c676f7789871fd,0,"""instance""",4.2338e-05,"['taskset', '-c', '2', '<project>/build/release/pclp', 'solve', '--instance', '<project>/data/generated/gen_sparse_degree3_n200_uniform_neg30_r2.json', '--config', '<project>/experiments/runs/scalability/e7a246343638544b/resolved_config.json', '--output', '<project>/experiments/runs/scalability/e7a246343638544b/result.json']",False,dinkelbach,0,0.0,0.003610487,sparse,2114,89,0,gen_sparse_degree3_n200_uniform_neg30_r2,data/generated/gen_sparse_degree3_n200_uniform_neg30_r2.json,0e53dc22d852d8a8a155a6276610516072761f83c3a46d43a75904b3ac07e76a,0,13,,200,1559.7058823529412,14,generated,24199168,0,8.1714e-05,0.0,0.0,0,0,,1,e7a246343638544b,0.007186995993833989,optimal,0.002947292,0.0,True
579,493f6f942eca3576ac0253ad50581fbe0469e8e417d3f97011c676f7789871fd,29326,"""instance""",3.9502e-05,"['taskset', '-c', '2', '<project>/build/release/pclp', 'solve', '--instance', '<project>/data/generated/gen_sparse_degree3_n200_uniform_neg30_r2.json', '--config', '<project>/experiments/runs/scalability/50d6ef512967817a/resolved_config.json', '--output', '<project>/experiments/runs/scalability/50d6ef512967817a/result.json']",False,forest-tuned,865,0.000531064,0.005344791,sparse,0,0,17,gen_sparse_degree3_n200_uniform_neg30_r2,data/generated/gen_sparse_degree3_n200_uniform_neg30_r2.json,0e53dc22d852d8a8a155a6276610516072761f83c3a46d43a75904b3ac07e76a,939,13,,200,1559.7058823529412,14,generated,24199168,942,7.0137e-05,0.000469459,0.000633166,60168,0,,0,50d6ef512967817a,0.008654666991787963,optimal,0.004742805,0.002342729,True
579,493f6f942eca3576ac0253ad50581fbe0469e8e417d3f97011c676f7789871fd,29326,"""instance""",3.9401e-05,"['taskset', '-c', '2', '<project>/build/release/pclp', 'solve', '--instance', '<project>/data/generated/gen_sparse_degree3_n200_uniform_neg30_r2.json', '--config', '<project>/experiments/runs/scalability/0a9fd0d33385f913/resolved_config.json', '--output', '<project>/experiments/runs/scalability/0a9fd0d33385f913/result.json']",False,forest-tuned,865,0.000521333,0.005322815,sparse,0,0,17,gen_sparse_degree3_n200_uniform_neg30_r2,data/generated/gen_sparse_degree3_n200_uniform_neg30_r2.json,0e53dc22d852d8a8a155a6276610516072761f83c3a46d43a75904b3ac07e76a,939,13,,200,1559.7058823529412,14,generated,24199168,942,8.2869e-05,0.000461425,0.000618287,60168,0,,1,0a9fd0d33385f913,0.010604509006952867,optimal,0.004711457,0.002331689,True
579,493f6f942eca3576ac0253ad50581fbe0469e8e417d3f97011c676f7789871fd,0,"""instance""",3.8681e-05,"['taskset', '-c', '2', '<project>/build/release/pclp', 'solve', '--instance', '<project>/data/generated/gen_sparse_degree3_n200_uniform_neg30_r2.json', '--config', '<project>/experiments/runs/scalability/f47b13b4c971afa8/resolved_config.json', '--output', '<project>/experiments/runs/scalability/f47b13b4c971afa8/result.json']",False,parametric,0,0.0,0.00192286,sparse,659,27,0,gen_sparse_degree3_n200_uniform_neg30_r2,data/generated/gen_sparse_degree3_n200_uniform_neg30_r2.json,0e53dc22d852d8a8a155a6276610516072761f83c3a46d43a75904b3ac07e76a,0,13,,200,1559.7058823529412,26,generated,24199168,0,7.5486e-05,0.0,0.0,0,0,,0,f47b13b4c971afa8,0.005669246005709283,optimal,0.001281852,0.0,True
579,493f6f942eca3576ac0253ad50581fbe0469e8e417d3f97011c676f7789871fd,0,"""instance""",3.7622e-05,"['taskset', '-c', '2', '<project>/build/release/pclp', 'solve', '--instance', '<project>/data/generated/gen_sparse_degree3_n200_uniform_neg30_r2.json', '--config', '<project>/experiments/runs/scalability/629bf82fe9ab5865/resolved_config.json', '--output', '<project>/experiments/runs/scalability/629bf82fe9ab5865/result.json']",False,parametric,0,0.0,0.001863428,sparse,659,27,0,gen_sparse_degree3_n200_uniform_neg30_r2,data/generated/gen_sparse_degree3_n200_uniform_neg30_r2.json,0e53dc22d852d8a8a155a6276610516072761f83c3a46d43a75904b3ac07e76a,0,13,,200,1559.7058823529412,26,generated,24199168,0,8.2317e-05,0.0,0.0,0,0,,1,629bf82fe9ab5865,0.0051809370052069426,optimal,0.001246099,0.0,True
15817,493f6f942eca3576ac0253ad50581fbe0469e8e417d3f97011c676f7789871fd,0,"""instance""",0.000544581,"['taskset', '-c', '2', '<project>/build/release/pclp', 'solve', '--instance', '<project>/data/generated/gen_sparse_degree8_n2000_uniform_neg30_r0.json', '--config', '<project>/experiments/runs/scalability/a1903b22f861fc99/resolved_config.json', '--output', '<project>/experiments/runs/scalability/a1903b22f861fc99/result.json']",False,dinkelbach,0,0.0,0.410271359,sparse,100956,837,0,gen_sparse_degree8_n2000_uniform_neg30_r0,data/generated/gen_sparse_degree8_n2000_uniform_neg30_r0.json,b985e03489516dd065c589ddc2a742cb0d42c5d6751657cff3bb25df8d5902ff,0,93,,2000,18873.36564476458,94,generated,27136000,0,0.001140895,0.0,0.0,0,0,,0,a1903b22f861fc99,0.41935900099633727,optimal,0.39860988,0.0,True
15817,493f6f942eca3576ac0253ad50581fbe0469e8e417d3f97011c676f7789871fd,0,"""instance""",0.000554713,"['taskset', '-c', '2', '<project>/build/release/pclp', 'solve', '--instance', '<project>/data/generated/gen_sparse_degree8_n2000_uniform_neg30_r0.json', '--config', '<project>/experiments/runs/scalability/1009de83a60d9ad1/resolved_config.json', '--output', '<project>/experiments/runs/scalability/1009de83a60d9ad1/result.json']",False,dinkelbach,0,0.0,0.417949082,sparse,100956,837,0,gen_sparse_degree8_n2000_uniform_neg30_r0,data/generated/gen_sparse_degree8_n2000_uniform_neg30_r0.json,b985e03489516dd065c589ddc2a742cb0d42c5d6751657cff3bb25df8d5902ff,0,93,,2000,18873.36564476458,94,generated,27136000,0,0.001031866,0.0,0.0,0,0,,1,1009de83a60d9ad1,0.42601135099539533,optimal,0.407064319,0.0,True
15817,493f6f942eca3576ac0253ad50581fbe0469e8e417d3f97011c676f7789871fd,4211004,"""instance""",0.000600212,"['taskset', '-c', '2', '<project>/build/release/pclp', 'solve', '--instance', '<project>/data/generated/gen_sparse_degree8_n2000_uniform_neg30_r0.json', '--config', '<project>/experiments/runs/scalability/7c52b1e0ad45ba8c/resolved_config.json', '--output', '<project>/experiments/runs/scalability/7c52b1e0ad45ba8c/result.json']",False,forest-tuned,39335,0.176364459,1.489251191,sparse,0,0,248,gen_sparse_degree8_n2000_uniform_neg30_r0,data/generated/gen_sparse_degree8_n2000_uniform_neg30_r0.json,b985e03489516dd065c589ddc2a742cb0d42c5d6751657cff3bb25df8d5902ff,39506,93,,2000,18873.36564476458,94,generated,27136000,39660,0.001104576,0.055201461,0.136501795,25214329,0,,0,7c52b1e0ad45ba8c,1.4972495789988898,optimal,1.477595973,1.035595527,True
15817,493f6f942eca3576ac0253ad50581fbe0469e8e417d3f97011c676f7789871fd,4211004,"""instance""",0.000584746,"['taskset', '-c', '2', '<project>/build/release/pclp', 'solve', '--instance', '<project>/data/generated/gen_sparse_degree8_n2000_uniform_neg30_r0.json', '--config', '<project>/experiments/runs/scalability/54a9ea4e3054a05a/resolved_config.json', '--output', '<project>/experiments/runs/scalability/54a9ea4e3054a05a/result.json']",False,forest-tuned,39335,0.189174449,1.599246182,sparse,0,0,248,gen_sparse_degree8_n2000_uniform_neg30_r0,data/generated/gen_sparse_degree8_n2000_uniform_neg30_r0.json,b985e03489516dd065c589ddc2a742cb0d42c5d6751657cff3bb25df8d5902ff,39506,93,,2000,18873.36564476458,94,generated,27136000,39660,0.001062891,0.058526413,0.145852867,25214329,0,,1,54a9ea4e3054a05a,1.6081527650094358,optimal,1.587916816,1.117071217,True
15817,493f6f942eca3576ac0253ad50581fbe0469e8e417d3f97011c676f7789871fd,0,"""instance""",0.000558275,"['taskset', '-c', '2', '<project>/build/release/pclp', 'solve', '--instance', '<project>/data/generated/gen_sparse_degree8_n2000_uniform_neg30_r0.json', '--config', '<project>/experiments/runs/scalability/fe7a2ca9fc0a6cda/resolved_config.json', '--output', '<project>/experiments/runs/scalability/fe7a2ca9fc0a6cda/result.json']",False,parametric,0,0.0,0.098591444,sparse,11262,187,0,gen_sparse_degree8_n2000_uniform_neg30_r0,data/generated/gen_sparse_degree8_n2000_uniform_neg30_r0.json,b985e03489516dd065c589ddc2a742cb0d42c5d6751657cff3bb25df8d5902ff,0,93,,2000,18873.36564476458,186,generated,27136000,0,0.001054963,0.0,0.0,0,0,,0,fe7a2ca9fc0a6cda,0.1065757360047428,optimal,0.087428813,0.0,True
15817,493f6f942eca3576ac0253ad50581fbe0469e8e417d3f97011c676f7789871fd,0,"""instance""",0.000552491,"['taskset', '-c', '2', '<project>/build/release/pclp', 'solve', '--instance', '<project>/data/generated/gen_sparse_degree8_n2000_uniform_neg30_r0.json', '--config', '<project>/experiments/runs/scalability/657374539cd62876/resolved_config.json', '--output', '<project>/experiments/runs/scalability/657374539cd62876/result.json']",False,parametric,0,0.0,0.094651216,sparse,11262,187,0,gen_sparse_degree8_n2000_uniform_neg30_r0,data/generated/gen_sparse_degree8_n2000_uniform_neg30_r0.json,b985e03489516dd065c589ddc2a742cb0d42c5d6751657cff3bb25df8d5902ff,0,93,,2000,18873.36564476458,186,generated,27136000,0,0.001031873,0.0,0.0,0,0,,1,657374539cd62876,0.10247011100000236,optimal,0.083639972,0.0,True
15805,493f6f942eca3576ac0253ad50581fbe0469e8e417d3f97011c676f7789871fd,0,"""instance""",0.000590007,"['taskset', '-c', '2', '<project>/build/release/pclp', 'solve', '--instance', '<project>/data/generated/gen_sparse_degree8_n2000_uniform_neg30_r1.json', '--config', '<project>/experiments/runs/scalability/3c068aaadb20c21d/resolved_config.json', '--output', '<project>/experiments/runs/scalability/3c068aaadb20c21d/result.json']",False,dinkelbach,0,0.0,0.389928126,sparse,85755,174,0,gen_sparse_degree8_n2000_uniform_neg30_r1,data/generated/gen_sparse_degree8_n2000_uniform_neg30_r1.json,8f558189a88e114c261377115fd996733e165f0c2672934e26f2f6df59464bbb,0,20,,2000,944.5439877613462,21,generated,27136000,0,0.001072954,0.0,0.0,0,0,,0,3c068aaadb20c21d,0.3962318330013659,optimal,0.378522091,0.0,True
15805,493f6f942eca3576ac0253ad50581fbe0469e8e417d3f97011c676f7789871fd,0,"""instance""",0.000552421,"['taskset', '-c', '2', '<project>/build/release/pclp', 'solve', '--instance', '<project>/data/generated/gen_sparse_degree8_n2000_uniform_neg30_r1.json', '--config', '<project>/experiments/runs/scalability/e8da698e9cfa436c/resolved_config.json', '--output', '<project>/experiments/runs/scalability/e8da698e9cfa436c/result.json']",False,dinkelbach,0,0.0,0.405057682,sparse,85755,174,0,gen_sparse_degree8_n2000_uniform_neg30_r1,data/generated/gen_sparse_degree8_n2000_uniform_neg30_r1.json,8f558189a88e114c261377115fd996733e165f0c2672934e26f2f6df59464bbb,0,20,,2000,944.5439877613462,21,generated,27136000,0,0.001101007,0.0,0.0,0,0,,1,e8da698e9cfa436c,0.41269001900218427,optimal,0.393138574,0.0,True
15805,493f6f942eca3576ac0253ad50581fbe0469e8e417d3f97011c676f7789871fd,17899644,"""instance""",0.000543793,"['taskset', '-c', '2', '<project>/build/release/pclp', 'solve', '--instance', '<project>/data/generated/gen_sparse_degree8_n2000_uniform_neg30_r1.json', '--config', '<project>/experiments/runs/scalability/173856594632a4a6/resolved_config.json', '--output', '<project>/experiments/runs/scalability/173856594632a4a6/result.json']",False,forest-tuned,119410,1.113209512,9.067998934,sparse,0,0,490,gen_sparse_degree8_n2000_uniform_neg30_r1,data/generated/gen_sparse_degree8_n2000_uniform_neg30_r1.json,8f558189a88e114c261377115fd996733e165f0c2672934e26f2f6df59464bbb,119767,20,,2000,944.5439877613462,21,generated,27136000,120236,0.001067087,0.222873378,0.830897443,162964195,0,,0,173856594632a4a6,9.076216102999751,optimal,9.057183386,6.576421616,True
15805,493f6f942eca3576ac0253ad50581fbe0469e8e417d3f97011c676f7789871fd,17899644,"""instance""",0.000478101,"['taskset', '-c', '2', '<project>/build/release/pclp', 'solve', '--instance', '<project>/data/generated/gen_sparse_degree8_n2000_uniform_neg30_r1.json', '--config', '<project>/experiments/runs/scalability/f627be671b031e0a/resolved_config.json', '--output', '<project>/experiments/runs/scalability/f627be671b031e0a/result.json']",False,forest-tuned,119410,1.008457901,8.24934376,sparse,0,0,490,gen_sparse_degree8_n2000_uniform_neg30_r1,data/generated/gen_sparse_degree8_n2000_uniform_neg30_r1.json,8f558189a88e114c261377115fd996733e165f0c2672934e26f2f6df59464bbb,119767,20,,2000,944.5439877613462,21,generated,27136000,120236,0.001121835,0.200262259,0.749377674,162964195,0,,1,f627be671b031e0a,8.25724188699678,optimal,8.238350956,5.986054375,True
15805,493f6f942eca3576ac0253ad50581fbe0469e8e417d3f97011c676f7789871fd,0,"""instance""",0.000564264,"['taskset', '-c', '2', '<project>/build/release/pclp', 'solve', '--instance', '<project>/data/generated/gen_sparse_degree8_n2000_uniform_neg30_r1.json', '--config', '<project>/experiments/runs/scalability/be3b9deaa55bcb72/resolved_config.json', '--output', '<project>/experiments/runs/scalability/be3b9deaa55bcb72/result.json']",False,parametric,0,0.0,0.087206153,sparse,10479,41,0,gen_sparse_degree8_n2000_uniform_neg30_r1,data/generated/gen_sparse_degree8_n2000_uniform_neg30_r1.json,8f558189a88e114c261377115fd996733e165f0c2672934e26f2f6df59464bbb,0,20,,2000,944.5439877613462,40,generated,27136000,0,0.001074141,0.0,0.0,0,0,,0,be3b9deaa55bcb72,0.09603068600699771,optimal,0.075677351,0.0,True
15805,493f6f942eca3576ac0253ad50581fbe0469e8e417d3f97011c676f7789871fd,0,"""instance""",0.000553737,"['taskset', '-c', '2', '<project>/build/release/pclp', 'solve', '--instance', '<project>/data/generated/gen_sparse_degree8_n2000_uniform_neg30_r1.json', '--config', '<project>/experiments/runs/scalability/0a24bc74699a72d2/resolved_config.json', '--output', '<project>/experiments/runs/scalability/0a24bc74699a72d2/result.json']",False,parametric,0,0.0,0.085024546,sparse,10479,41,0,gen_sparse_degree8_n2000_uniform_neg30_r1,data/generated/gen_sparse_degree8_n2000_uniform_neg30_r1.json,8f558189a88e114c261377115fd996733e165f0c2672934e26f2f6df59464bbb,0,20,,2000,944.5439877613462,40,generated,27136000,0,0.001147542,0.0,0.0,0,0,,1,0a24bc74699a72d2,0.09513946100196335,optimal,0.073325306,0.0,True
15787,493f6f942eca3576ac0253ad50581fbe0469e8e417d3f97011c676f7789871fd,0,"""instance""",0.000574648,"['taskset', '-c', '2', '<project>/build/release/pclp', 'solve', '--instance', '<project>/data/generated/gen_sparse_degree8_n2000_uniform_neg30_r2.json', '--config', '<project>/experiments/runs/scalability/ecd18425eb84ef8e/resolved_config.json', '--output', '<project>/experiments/runs/scalability/ecd18425eb84ef8e/result.json']",False,dinkelbach,0,0.0,0.661772857,sparse,124962,601,0,gen_sparse_degree8_n2000_uniform_neg30_r2,data/generated/gen_sparse_degree8_n2000_uniform_neg30_r2.json,7ea978823077a990a70f3913ed4be0095af08e551cd52392c3edaa6ad9a6dfa2,0,71,,2000,12727.210322580646,72,generated,27136000,0,0.001162504,0.0,0.0,0,0,,0,ecd18425eb84ef8e,0.6698250909976196,optimal,0.647745619,0.0,True
15787,493f6f942eca3576ac0253ad50581fbe0469e8e417d3f97011c676f7789871fd,0,"""instance""",0.000570147,"['taskset', '-c', '2', '<project>/build/release/pclp', 'solve', '--instance', '<project>/data/generated/gen_sparse_degree8_n2000_uniform_neg30_r2.json', '--config', '<project>/experiments/runs/scalability/5128126fa6728e10/resolved_config.json', '--output', '<project>/experiments/runs/scalability/5128126fa6728e10/result.json']",False,dinkelbach,0,0.0,0.669646279,sparse,124962,601,0,gen_sparse_degree8_n2000_uniform_neg30_r2,data/generated/gen_sparse_degree8_n2000_uniform_neg30_r2.json,7ea978823077a990a70f3913ed4be0095af08e551cd52392c3edaa6ad9a6dfa2,0,71,,2000,12727.210322580646,72,generated,27136000,0,0.001095942,0.0,0.0,0,0,,1,5128126fa6728e10,0.6808143780071987,optimal,0.658694102,0.0,True
15787,493f6f942eca3576ac0253ad50581fbe0469e8e417d3f97011c676f7789871fd,20309950,"""instance""",0.000481164,"['taskset', '-c', '2', '<project>/build/release/pclp', 'solve', '--instance', '<project>/data/generated/gen_sparse_degree8_n2000_uniform_neg30_r2.json', '--config', '<project>/experiments/runs/scalability/d3021fdf138ee449/resolved_config.json', '--output', '<project>/experiments/runs/scalability/d3021fdf138ee449/result.json']",False,forest-tuned,120140,0.685908496,5.989489136,sparse,0,0,545,gen_sparse_degree8_n2000_uniform_neg30_r2,data/generated/gen_sparse_degree8_n2000_uniform_neg30_r2.json,7ea978823077a990a70f3913ed4be0095af08e551cd52392c3edaa6ad9a6dfa2,120787,71,,2000,12727.210322580646,72,generated,27136000,121260,0.001162046,0.220489557,0.533689193,115179945,0,,0,d3021fdf138ee449,6.01577302700025,optimal,5.977913736,4.287283641,True
15787,493f6f942eca3576ac0253ad50581fbe0469e8e417d3f97011c676f7789871fd,20309950,"""instance""",0.000490814,"['taskset', '-c', '2', '<project>/build/release/pclp', 'solve', '--instance', '<project>/data/generated/gen_sparse_degree8_n2000_uniform_neg30_r2.json', '--config', '<project>/experiments/runs/scalability/bf28096974649eb8/resolved_config.json', '--output', '<project>/experiments/runs/scalability/bf28096974649eb8/result.json']",False,forest-tuned,120140,0.644202853,5.629419389,sparse,0,0,545,gen_sparse_degree8_n2000_uniform_neg30_r2,data/generated/gen_sparse_degree8_n2000_uniform_neg30_r2.json,7ea978823077a990a70f3913ed4be0095af08e551cd52392c3edaa6ad9a6dfa2,120787,71,,2000,12727.210322580646,72,generated,27136000,121260,0.001101055,0.210910726,0.501363551,115179945,0,,1,bf28096974649eb8,5.636448407996795,optimal,5.61721518,4.022535366,True
15787,493f6f942eca3576ac0253ad50581fbe0469e8e417d3f97011c676f7789871fd,0,"""instance""",0.000567927,"['taskset', '-c', '2', '<project>/build/release/pclp', 'solve', '--instance', '<project>/data/generated/gen_sparse_degree8_n2000_uniform_neg30_r2.json', '--config', '<project>/experiments/runs/scalability/96cf90bacc38866c/resolved_config.json', '--output', '<project>/experiments/runs/scalability/96cf90bacc38866c/result.json']",False,parametric,0,0.0,0.095070699,sparse,11988,143,0,gen_sparse_degree8_n2000_uniform_neg30_r2,data/generated/gen_sparse_degree8_n2000_uniform_neg30_r2.json,7ea978823077a990a70f3913ed4be0095af08e551cd52392c3edaa6ad9a6dfa2,0,71,,2000,12727.210322580646,142,generated,27136000,0,0.001013546,0.0,0.0,0,0,,0,96cf90bacc38866c,0.10312190299737267,optimal,0.084102208,0.0,True
15787,493f6f942eca3576ac0253ad50581fbe0469e8e417d3f97011c676f7789871fd,0,"""instance""",0.000582878,"['taskset', '-c', '2', '<project>/build/release/pclp', 'solve', '--instance', '<project>/data/generated/gen_sparse_degree8_n2000_uniform_neg30_r2.json', '--config', '<project>/experiments/runs/scalability/0f1fb7fef3d12243/resolved_config.json', '--output', '<project>/experiments/runs/scalability/0f1fb7fef3d12243/result.json']",False,parametric,0,0.0,0.098289972,sparse,11988,143,0,gen_sparse_degree8_n2000_uniform_neg30_r2,data/generated/gen_sparse_degree8_n2000_uniform_neg30_r2.json,7ea978823077a990a70f3913ed4be0095af08e551cd52392c3edaa6ad9a6dfa2,0,71,,2000,12727.210322580646,142,generated,27136000,0,0.001042196,0.0,0.0,0,0,,1,0f1fb7fef3d12243,0.10642003601242322,optimal,0.087026671,0.0,True
63774,493f6f942eca3576ac0253ad50581fbe0469e8e417d3f97011c676f7789871fd,0,"""instance""",0.002310855,"['taskset', '-c', '2', '<project>/build/release/pclp', 'solve', '--instance', '<project>/data/generated/gen_sparse_degree8_n8000_uniform_neg30_r0.json', '--config', '<project>/experiments/runs/scalability/1d20c8d138e09bba/resolved_config.json', '--output', '<project>/experiments/runs/scalability/1d20c8d138e09bba/result.json']",False,dinkelbach,0,0.0,9.107547223,sparse,1345133,3210,0,gen_sparse_degree8_n8000_uniform_neg30_r0,data/generated/gen_sparse_degree8_n8000_uniform_neg30_r0.json,294e771e6322ef03cb76074c3d98fa13a43764f73cccbd1097de2fc8e80ce911,0,301,,8000,70142.45224719102,302,generated,63889408,0,0.004574495,0.0,0.0,0,0,,0,1d20c8d138e09bba,9.125427022998338,optimal,9.062010762,0.0,True
63774,493f6f942eca3576ac0253ad50581fbe0469e8e417d3f97011c676f7789871fd,0,"""instance""",0.001807074,"['taskset', '-c', '2', '<project>/build/release/pclp', 'solve', '--instance', '<project>/data/generated/gen_sparse_degree8_n8000_uniform_neg30_r0.json', '--config', '<project>/experiments/runs/scalability/72c2a8fa6f5e8ce0/resolved_config.json', '--output', '<project>/experiments/runs/scalability/72c2a8fa6f5e8ce0/result.json']",False,dinkelbach,0,0.0,8.117350802,sparse,1345133,3210,0,gen_sparse_degree8_n8000_uniform_neg30_r0,data/generated/gen_sparse_degree8_n8000_uniform_neg30_r0.json,294e771e6322ef03cb76074c3d98fa13a43764f73cccbd1097de2fc8e80ce911,0,301,,8000,70142.45224719102,302,generated,63889408,0,0.004511009,0.0,0.0,0,0,,1,72c2a8fa6f5e8ce0,8.134148049997748,optimal,8.072590005,0.0,True
63774,493f6f942eca3576ac0253ad50581fbe0469e8e417d3f97011c676f7789871fd,22102009,"""instance""",0.0,"['taskset', '-c', '2', '<project>/build/release/pclp', 'solve', '--instance', '<project>/data/generated/gen_sparse_degree8_n8000_uniform_neg30_r0.json', '--config', '<project>/experiments/runs/scalability/53424577bba588a8/resolved_config.json', '--output', '<project>/experiments/runs/scalability/53424577bba588a8/result.json']",False,forest-tuned,60916,2.883004097,30.04303346,sparse,0,0,241,gen_sparse_degree8_n8000_uniform_neg30_r0,data/generated/gen_sparse_degree8_n8000_uniform_neg30_r0.json,294e771e6322ef03cb76074c3d98fa13a43764f73cccbd1097de2fc8e80ce911,61441,0,residual oracle did not certify optimality,8000,0.0,1,generated,63889408,61681,0.004513066,0.280087699,1.734005133,387298293,0,,0,53424577bba588a8,30.052134137993562,time_limit,30.000914873,24.181471234,False
63774,493f6f942eca3576ac0253ad50581fbe0469e8e417d3f97011c676f7789871fd,,"""instance""",,,,forest-tuned,,,,sparse,,,,gen_sparse_degree8_n8000_uniform_neg30_r0,data/generated/gen_sparse_degree8_n8000_uniform_neg30_r0.json,294e771e6322ef03cb76074c3d98fa13a43764f73cccbd1097de2fc8e80ce911,,,residual oracle did not certify optimality,8000,,,generated,,,,,,,,True,1,3d68fc2a9635e79f,30.052134137993562,time_limit,,,False
63774,493f6f942eca3576ac0253ad50581fbe0469e8e417d3f97011c676f7789871fd,0,"""instance""",0.002176847,"['taskset', '-c', '2', '<project>/build/release/pclp', 'solve', '--instance', '<project>/data/generated/gen_sparse_degree8_n8000_uniform_neg30_r0.json', '--config', '<project>/experiments/runs/scalability/259967e8ec07b6ec/resolved_config.json', '--output', '<project>/experiments/runs/scalability/259967e8ec07b6ec/result.json']",False,parametric,0,0.0,1.266036051,sparse,57503,603,0,gen_sparse_degree8_n8000_uniform_neg30_r0,data/generated/gen_sparse_degree8_n8000_uniform_neg30_r0.json,294e771e6322ef03cb76074c3d98fa13a43764f73cccbd1097de2fc8e80ce911,0,301,,8000,70142.45224719102,602,generated,63889408,0,0.003943603,0.0,0.0,0,0,,0,259967e8ec07b6ec,1.2834743639978115,optimal,1.221744416,0.0,True
63774,493f6f942eca3576ac0253ad50581fbe0469e8e417d3f97011c676f7789871fd,0,"""instance""",0.002175901,"['taskset', '-c', '2', '<project>/build/release/pclp', 'solve', '--instance', '<project>/data/generated/gen_sparse_degree8_n8000_uniform_neg30_r0.json', '--config', '<project>/experiments/runs/scalability/706dc5010c595c69/resolved_config.json', '--output', '<project>/experiments/runs/scalability/706dc5010c595c69/result.json']",False,parametric,0,0.0,1.274397487,sparse,57503,603,0,gen_sparse_degree8_n8000_uniform_neg30_r0,data/generated/gen_sparse_degree8_n8000_uniform_neg30_r0.json,294e771e6322ef03cb76074c3d98fa13a43764f73cccbd1097de2fc8e80ce911,0,301,,8000,70142.45224719102,602,generated,63889408,0,0.004418193,0.0,0.0,0,0,,1,706dc5010c595c69,1.2908031890110578,optimal,1.226336941,0.0,True
63777,493f6f942eca3576ac0253ad50581fbe0469e8e417d3f97011c676f7789871fd,0,"""instance""",0.00198125,"['taskset', '-c', '2', '<project>/build/release/pclp', 'solve', '--instance', '<project>/data/generated/gen_sparse_degree8_n8000_uniform_neg30_r1.json', '--config', '<project>/experiments/runs/scalability/ab0258e30bac1644/resolved_config.json', '--output', '<project>/experiments/runs/scalability/ab0258e30bac1644/result.json']",False,dinkelbach,0,0.0,5.519973099,sparse,690999,394,0,gen_sparse_degree8_n8000_uniform_neg30_r1,data/generated/gen_sparse_degree8_n8000_uniform_neg30_r1.json,e53dcb11465dfd61f571eb4cecff4cdd9f4542d764604994619daee627bbf8cb,0,39,,8000,2607.499967029091,40,generated,63889408,0,0.004066829,0.0,0.0,0,0,,0,ab0258e30bac1644,5.537907603997155,optimal,5.474517802,0.0,True
63777,493f6f942eca3576ac0253ad50581fbe0469e8e417d3f97011c676f7789871fd,0,"""instance""",0.001831605,"['taskset', '-c', '2', '<project>/build/release/pclp', 'solve', '--instance', '<project>/data/generated/gen_sparse_degree8_n8000_uniform_neg30_r1.json', '--config', '<project>/experiments/runs/scalability/88f28e39729936bd/resolved_config.json', '--output', '<project>/experiments/runs/scalability/88f28e39729936bd/result.json']",False,dinkelbach,0,0.0,5.520329029,sparse,690999,394,0,gen_sparse_degree8_n8000_uniform_neg30_r1,data/generated/gen_sparse_degree8_n8000_uniform_neg30_r1.json,e53dcb11465dfd61f571eb4cecff4cdd9f4542d764604994619daee627bbf8cb,0,39,,8000,2607.499967029091,40,generated,63889408,0,0.004318241,0.0,0.0,0,0,,1,88f28e39729936bd,5.540408377986751,optimal,5.475833802,0.0,True
63777,493f6f942eca3576ac0253ad50581fbe0469e8e417d3f97011c676f7789871fd,21379545,"""instance""",0.0,"['taskset', '-c', '2', '<project>/build/release/pclp', 'solve', '--instance', '<project>/data/generated/gen_sparse_degree8_n8000_uniform_neg30_r1.json', '--config', '<project>/experiments/runs/scalability/e2ee93d3d8b957c6/resolved_config.json', '--output', '<project>/experiments/runs/scalability/e2ee93d3d8b957c6/result.json']",False,forest-tuned,58828,2.755157302,30.04237167,sparse,0,0,232,gen_sparse_degree8_n8000_uniform_neg30_r1,data/generated/gen_sparse_degree8_n8000_uniform_neg30_r1.json,e53dcb11465dfd61f571eb4cecff4cdd9f4542d764604994619daee627bbf8cb,59152,0,residual oracle did not certify optimality,8000,0.0,1,generated,63889408,59383,0.004864324,0.266026081,1.583334176,395802290,0,,0,e2ee93d3d8b957c6,30.053015934987343,time_limit,30.000944736,24.44136716,False
63777,493f6f942eca3576ac0253ad50581fbe0469e8e417d3f97011c676f7789871fd,,"""instance""",,,,forest-tuned,,,,sparse,,,,gen_sparse_degree8_n8000_uniform_neg30_r1,data/generated/gen_sparse_degree8_n8000_uniform_neg30_r1.json,e53dcb11465dfd61f571eb4cecff4cdd9f4542d764604994619daee627bbf8cb,,,residual oracle did not certify optimality,8000,,,generated,,,,,,,,True,1,dfacf75aa6e92883,30.053015934987343,time_limit,,,False
63777,493f6f942eca3576ac0253ad50581fbe0469e8e417d3f97011c676f7789871fd,0,"""instance""",0.002222819,"['taskset', '-c', '2', '<project>/build/release/pclp', 'solve', '--instance', '<project>/data/generated/gen_sparse_degree8_n8000_uniform_neg30_r1.json', '--config', '<project>/experiments/runs/scalability/4a154a385790b5a7/resolved_config.json', '--output', '<project>/experiments/runs/scalability/4a154a385790b5a7/result.json']",False,parametric,0,0.0,0.779554902,sparse,47788,79,0,gen_sparse_degree8_n8000_uniform_neg30_r1,data/generated/gen_sparse_degree8_n8000_uniform_neg30_r1.json,e53dcb11465dfd61f571eb4cecff4cdd9f4542d764604994619daee627bbf8cb,0,39,,8000,2607.499967029091,78,generated,63889408,0,0.004046701,0.0,0.0,0,0,,0,4a154a385790b5a7,0.796606782998424,optimal,0.734968793,0.0,True
63777,493f6f942eca3576ac0253ad50581fbe0469e8e417d3f97011c676f7789871fd,0,"""instance""",0.002115146,"['taskset', '-c', '2', '<project>/build/release/pclp', 'solve', '--instance', '<project>/data/generated/gen_sparse_degree8_n8000_uniform_neg30_r1.json', '--config', '<project>/experiments/runs/scalability/aebb8cc06a99edc8/resolved_config.json', '--output', '<project>/experiments/runs/scalability/aebb8cc06a99edc8/result.json']",False,parametric,0,0.0,0.811038728,sparse,47788,79,0,gen_sparse_degree8_n8000_uniform_neg30_r1,data/generated/gen_sparse_degree8_n8000_uniform_neg30_r1.json,e53dcb11465dfd61f571eb4cecff4cdd9f4542d764604994619daee627bbf8cb,0,39,,8000,2607.499967029091,78,generated,63889408,0,0.004758742,0.0,0.0,0,0,,1,aebb8cc06a99edc8,0.8264633920043707,optimal,0.763565899,0.0,True
63768,493f6f942eca3576ac0253ad50581fbe0469e8e417d3f97011c676f7789871fd,0,"""instance""",0.001851409,"['taskset', '-c', '2', '<project>/build/release/pclp', 'solve', '--instance', '<project>/data/generated/gen_sparse_degree8_n8000_uniform_neg30_r2.json', '--config', '<project>/experiments/runs/scalability/927e65e00456788a/resolved_config.json', '--output', '<project>/experiments/runs/scalability/927e65e00456788a/result.json']",False,dinkelbach,0,0.0,8.164013639,sparse,1336004,2356,0,gen_sparse_degree8_n8000_uniform_neg30_r2,data/generated/gen_sparse_degree8_n8000_uniform_neg30_r2.json,c7f34e9c268e59818cc20ad06d6b86a2919afd65ae2c4b47fc60ff99850fe7d3,0,230,,8000,47467.65610402727,231,generated,63889408,0,0.004136491,0.0,0.0,0,0,,0,927e65e00456788a,8.181103884009644,optimal,8.120591413,0.0,True
63768,493f6f942eca3576ac0253ad50581fbe0469e8e417d3f97011c676f7789871fd,0,"""instance""",0.001830654,"['taskset', '-c', '2', '<project>/build/release/pclp', 'solve', '--instance', '<project>/data/generated/gen_sparse_degree8_n8000_uniform_neg30_r2.json', '--config', '<project>/experiments/runs/scalability/5489efe7f3ad25a6/resolved_config.json', '--output', '<project>/experiments/runs/scalability/5489efe7f3ad25a6/result.json']",False,dinkelbach,0,0.0,8.404829533,sparse,1336004,2356,0,gen_sparse_degree8_n8000_uniform_neg30_r2,data/generated/gen_sparse_degree8_n8000_uniform_neg30_r2.json,c7f34e9c268e59818cc20ad06d6b86a2919afd65ae2c4b47fc60ff99850fe7d3,0,230,,8000,47467.65610402727,231,generated,63889408,0,0.004063205,0.0,0.0,0,0,,1,5489efe7f3ad25a6,8.421039729000768,optimal,8.362414802,0.0,True
63768,493f6f942eca3576ac0253ad50581fbe0469e8e417d3f97011c676f7789871fd,28431696,"""instance""",0.0,"['taskset', '-c', '2', '<project>/build/release/pclp', 'solve', '--instance', '<project>/data/generated/gen_sparse_degree8_n8000_uniform_neg30_r2.json', '--config', '<project>/experiments/runs/scalability/8e80b963ff6ec5af/resolved_config.json', '--output', '<project>/experiments/runs/scalability/8e80b963ff6ec5af/result.json']",False,forest-tuned,68013,3.001275509,30.041956201,sparse,0,0,270,gen_sparse_degree8_n8000_uniform_neg30_r2,data/generated/gen_sparse_degree8_n8000_uniform_neg30_r2.json,c7f34e9c268e59818cc20ad06d6b86a2919afd65ae2c4b47fc60ff99850fe7d3,68690,0,residual oracle did not certify optimality,8000,0.0,1,generated,63889408,68959,0.004351146,0.332683041,1.938005473,396526249,0,,0,8e80b963ff6ec5af,30.0521764360019,time_limit,30.001055295,23.771570368,False
63768,493f6f942eca3576ac0253ad50581fbe0469e8e417d3f97011c676f7789871fd,,"""instance""",,,,forest-tuned,,,,sparse,,,,gen_sparse_degree8_n8000_uniform_neg30_r2,data/generated/gen_sparse_degree8_n8000_uniform_neg30_r2.json,c7f34e9c268e59818cc20ad06d6b86a2919afd65ae2c4b47fc60ff99850fe7d3,,,residual oracle did not certify optimality,8000,,,generated,,,,,,,,True,1,86a034ac06992d6c,30.0521764360019,time_limit,,,False
63768,493f6f942eca3576ac0253ad50581fbe0469e8e417d3f97011c676f7789871fd,0,"""instance""",0.002177458,"['taskset', '-c', '2', '<project>/build/release/pclp', 'solve', '--instance', '<project>/data/generated/gen_sparse_degree8_n8000_uniform_neg30_r2.json', '--config', '<project>/experiments/runs/scalability/98c72840624105f5/resolved_config.json', '--output', '<project>/experiments/runs/scalability/98c72840624105f5/result.json']",False,parametric,0,0.0,0.918491537,sparse,54061,461,0,gen_sparse_degree8_n8000_uniform_neg30_r2,data/generated/gen_sparse_degree8_n8000_uniform_neg30_r2.json,c7f34e9c268e59818cc20ad06d6b86a2919afd65ae2c4b47fc60ff99850fe7d3,0,230,,8000,47467.65610402727,460,generated,63889408,0,0.00400756,0.0,0.0,0,0,,0,98c72840624105f5,0.9358103810081957,optimal,0.875642862,0.0,True
63768,493f6f942eca3576ac0253ad50581fbe0469e8e417d3f97011c676f7789871fd,0,"""instance""",0.002177294,"['taskset', '-c', '2', '<project>/build/release/pclp', 'solve', '--instance', '<project>/data/generated/gen_sparse_degree8_n8000_uniform_neg30_r2.json', '--config', '<project>/experiments/runs/scalability/6d7b1925c117e2c1/resolved_config.json', '--output', '<project>/experiments/runs/scalability/6d7b1925c117e2c1/result.json']",False,parametric,0,0.0,0.930138858,sparse,54061,461,0,gen_sparse_degree8_n8000_uniform_neg30_r2,data/generated/gen_sparse_degree8_n8000_uniform_neg30_r2.json,c7f34e9c268e59818cc20ad06d6b86a2919afd65ae2c4b47fc60ff99850fe7d3,0,230,,8000,47467.65610402727,460,generated,63889408,0,0.004243282,0.0,0.0,0,0,,1,6d7b1925c117e2c1,0.9465912449959433,optimal,0.885982378,0.0,True
